2026-02-19 00:12:12,075 - ERROR - DATABASE_URL environment variable is required
2026-02-19 00:13:58,093 - INFO - Configuration:
2026-02-19 00:13:58,093 - INFO -   Batch size: 100
2026-02-19 00:13:58,093 - INFO -   Delay between calls: 1.5s
2026-02-19 00:13:58,093 - INFO -   Resume from ID: Start from beginning
2026-02-19 00:13:58,223 - INFO - Successfully connected to database
2026-02-19 00:13:58,224 - INFO - ============================================================
2026-02-19 00:13:58,224 - INFO - STARTING BULK REVERSE GEOCODING
2026-02-19 00:13:58,224 - INFO - ============================================================
2026-02-19 00:13:58,278 - INFO - Initial state: {'total_records': 21579, 'geocoded_records': 19380, 'pending_records': 2199, 'error_records': 0}
2026-02-19 00:13:58,314 - INFO - Found 100 records to geocode
2026-02-19 00:13:58,315 - INFO - Processing record 000a5e32-123f-4600-9ebd-2c0ee2761881: JALAN BERHALA,JALAN VIVEKANDA,MENARA PELANGI APARTMENT,METHODIST COLLEGE KUALA LUMPUR (MCKL),PALM COURT CONDOMINIUM (BLOK A,B,C,D),PPR SRI ALAM B (BLOK 6 - BLOK 9),RIVERIA CITY KL CITY,SENTRAL SUITES KL SENTRAL, JALAN ROZARIO,SUASANA LOFT,SUASANA SENTRAL CONDO,TAI KWONG MANSION, JLN BERHALA (BERSEBELAHAN TONG WENG MANSION),VILLA SCOTT CONDO (3.130767515662857, 101.68787087457714)
2026-02-19 00:13:59,299 - INFO - Processing record 0023174b-81cf-47f7-b99e-ea201fc19b35: TMN JP PERDANA_JLN JAYA PUTRA 2/26 - 2/40 (1.5696395817124205, 103.77704789533334)
2026-02-19 00:14:01,515 - INFO - Processing record 007a512a-2da1-48c2-9449-cecca85fa59d: TMN GRAND (5.920839133140003, 116.09159034748)
2026-02-19 00:14:03,694 - INFO - Processing record 0091bebd-6fd0-4b24-b13c-28a7d6eca16c: TAMAN SEMENYIH PARKLANDS (2.895339321935064, 101.87549829336363)
2026-02-19 00:14:05,841 - INFO - Processing record 00b630eb-8ad1-4fb5-91e9-101db2e223c8: CONDO SYMPHONY HEIGHT,SYHMPHONY HEIGHT CONDO (3.233363939217687, 101.67513070286394)
2026-02-19 00:14:08,298 - INFO - Processing record 010d7517-24db-43dd-9934-0efa424a1731: KG. PETAGAS (5.9141846809480505, 116.05473733262336)
2026-02-19 00:14:10,640 - INFO - Processing record 011433d2-77b6-4485-83fd-06991a4791dd: TAMAN PANCHOR JAYA FASA 4,TAMAN PANCHOR JAYA FASA 7 (2.7342247796917816, 102.00165210366438)
2026-02-19 00:14:12,440 - INFO - Processing record 0152afc6-3928-4c57-a871-6110c21c7a9c: FLAT DESA MUTIARA SUNGAI JELOK (3.0012174495751647, 101.8014422544183)
2026-02-19 00:14:14,266 - INFO - Processing record 017803d3-ee01-44f3-a441-6b7aa086342d: FLAT SRI PERAK  A (BLOK 29,31,33),FLAT SRI PERAK B (BLOK 35,37,39,41) (3.182575941286668, 101.69889884951333)
2026-02-19 00:14:16,523 - INFO - Processing record 01783d19-225c-496a-b1ee-6af944d60893: JALAN 6/5A-F SEKSYEN 6 BANDAR RINCHING (2.924384834527605, 101.86355371048468)
2026-02-19 00:14:18,343 - INFO - Progress: 10/100 in batch, Total: 19390/21579 overall
2026-02-19 00:14:18,343 - INFO - Processing record 01c082be-a4da-4e19-96f1-76e5e380721f: TAMAN TAMING IMPIAN (3.013997936999999, 101.801589155)
2026-02-19 00:14:20,660 - INFO - Processing record 020211bd-2762-437b-bada-163d3c3544b7: D' KRISTAL APARTMENT SEMENYIH,PANGSAPURI D'KAYANGAN SETIA ECOHILL SEMENYIH (2.9228321379754583, 101.85372668303069)
2026-02-19 00:14:22,451 - INFO - Processing record 0237332a-8828-4403-9924-5bea40dc1bff: TAMAN SRI SENTOSA (BLOK 55,57,59,61,63,65) (3.076290019302197, 101.6343456685912)
2026-02-19 00:14:24,686 - INFO - Processing record 0247783e-0e42-4387-a3eb-f68aad3d4bd7: TMN BERCHAM AMAN (4.641220095190473, 101.13752803641496)
2026-02-19 00:14:26,456 - INFO - Processing record 024f3c7f-e15c-4178-b300-2f91d62cf2f5: E17. TMN SRI SERDANG 2 (JLN 18/8-18/28) (3.006730979907408, 101.7114834624136)
2026-02-19 00:14:28,406 - INFO - Processing record 0267f65c-15ea-470f-aca5-e3d5b921677d: KG TERSUSUN PENGKALAN PEGOH (4.542564241852347, 101.0723916005772)
2026-02-19 00:14:30,569 - INFO - Processing record 02b91cd2-af44-464b-b852-0638e5afd5dd: TAMAN ARIF (5.925219854864866, 102.24101224)
2026-02-19 00:14:32,346 - INFO - Processing record 0318ef5d-de9e-4e26-a41f-bb82c15e8ec3: BSP 21 (BLOK A-E),BSP 21 (BLOK F-J),BSP SKYPARK,JALAN SP6, BSP,JALAN SP7 (TAMAN CORAL) (2.941184898157535, 101.58945851214726)
2026-02-19 00:14:34,157 - INFO - Processing record 0381115b-1e50-40de-a3bc-a6e296c7a061: FLAT TAMAN SEMARAK (BLOK 1-7),TAMAN SEMARAK FASA 2 (JALAN TS 2/5F - 2/5K) (2.8241252548875, 101.80994876995626)
2026-02-19 00:14:35,910 - INFO - Processing record 03b30fff-71cd-4b1f-9b3c-3d747fc20859: TAMAN SRI RUGADING (6.114893236866199, 116.2000509209648)
2026-02-19 00:14:37,707 - INFO - Progress: 20/100 in batch, Total: 19400/21579 overall
2026-02-19 00:14:37,707 - INFO - Processing record 03b6fcd3-6b03-4b31-90b8-9ad5dcd05f57: FLAT DANAU KOTA (BLOK A,B,C) (3.201022620999993, 101.71417868499998)
2026-02-19 00:14:39,798 - INFO - Processing record 03bef4fc-a7ec-456d-b016-3f3e0ddacfec: PPR PEKAN KEPONG (BLOK A, B DAN C) (3.217885159842468, 101.63784506511644)
2026-02-19 00:14:42,076 - INFO - Processing record 0403438c-61e9-48e4-8460-52e058693d95: JALAN PERMAISURI BANDAR MAHKOTA CHERAS (3.052699389760274, 101.79626152376028)
2026-02-19 00:14:44,224 - INFO - Processing record 041d5539-a944-4559-9495-7bcee9a7f808: FLAT KEM SENAWANG (2.6801551036359, 101.99732869809232)
2026-02-19 00:14:46,021 - INFO - Processing record 04a4eede-dfdb-4246-8ed4-b5f4bde2eb5d: TAMAN  DESA  PERMAI (5.440182668575343, 100.53670940718494)
2026-02-19 00:14:48,193 - INFO - Processing record 04aaa3a4-c7ef-4286-b02e-b720ff5abae6: TMN SRI DERMAWAN (4.627999981000016, 101.120704649)
2026-02-19 00:14:50,331 - INFO - Processing record 04d5f606-1f52-49ee-b752-c3e98cc22f73: E13. SS 15/5 (TERES) (3.0794463161941192, 101.59199109935297)
2026-02-19 00:14:52,136 - INFO - Processing record 04e029fd-5adb-4864-8ccc-cdd60b74c9c2: E17. SRI KEMBANGAN 3,E17. TMN BKT SERDANG 4 (SERI PAGI),E17. TMN SERDANG PERDANA (PERDANA SELATAN - SOUTH CITY CONDO),E17. TMN SERDANG PERDANA (PERDANA SELATAN - SOUTH CITY PLAZA),E17. TMN SERDANG PERDANA SP 2 (RUMAH KEDAI) (3.024417901761788, 101.70580390215882)
2026-02-19 00:14:54,504 - INFO - Processing record 04e4d192-af81-4b61-a1fe-5d279a777884: BANDAR MENJALARA (JALAN 13 HINGGA 15/62B),KONDOMINIUM TWY,KONDOMINIUM VISTA KIARA,LANAI KIARA CONDO,MONT KIARA (INSPIRASI MONT KIARA),MONT KIARA (MK 28),TAMAN SRI HARTAMAS (JALAN SRI HARTAMAS 2) (3.166515609330049, 101.650420865702)
2026-02-19 00:14:56,773 - INFO - Processing record 04f3b050-d256-43f8-a62c-684be6e134bf: TMN UKAY BISTARI ZON B,TMN UKAY BISTARI ZON D (3.2040252490890366, 101.7646032101644)
2026-02-19 00:14:58,564 - INFO - Progress: 30/100 in batch, Total: 19410/21579 overall
2026-02-19 00:14:58,565 - INFO - Processing record 051362cc-4f12-4c18-a46d-b77db2b68eef: APPT TAMAN DAMAI JAYA,TAMAN DAMAI JAYA (3.0625138067086106, 101.76638861022518)
2026-02-19 00:15:00,535 - INFO - Processing record 05297082-6baf-403d-abf5-3dd74cde40b2: TAMAN SERULING EMAS A,TAMAN SERULING EMAS B,TAMAN SERULING EMAS C (5.212881479887576, 100.50682304935503)
2026-02-19 00:15:02,720 - INFO - Processing record 05339c4a-1ba0-4cc3-812f-6448d36cabaa: TAMAN MELATI ( KENARI APPT ) (3.224269568000011, 101.727458673)
2026-02-19 00:15:04,914 - INFO - Processing record 05521763-7ec0-4074-b93f-4066d8e897ce: E16. TMN PUNCAK JALIL 1C (RUMAH KEDAI: JLN PUJ 1/17-1/18),E8. BU PJU 1 (4) - (JALAN PJU 1/11 - 1/24),E8. BU PJU 6 BU 12 [JLN 12/1 - 12/10] (3.1246942241785742, 101.60060315969643)
2026-02-19 00:15:06,893 - INFO - Processing record 057a55da-d284-4901-a518-417d7dd760c0: SUDOH (1.486714522809861, 110.1664968409507)
2026-02-19 00:15:09,054 - INFO - Processing record 05c7fae4-4c49-473b-bdf0-dbb733754cda: CONDO SYMPHONY HEIGHT,SYHMPHONY HEIGHT CONDO (3.233363939217687, 101.67513070286394)
2026-02-19 00:15:10,567 - INFO - Processing record 05dcba26-34fa-4685-bb3b-50340d6788c0: JALAN 3/38-3/42 SEKSYEN 3 BANDAR BARU BANGI,JALAN 3/57-3/62 SEKSYEN 3 BANDAR BARU BANGI (2.9372746224767434, 101.77921121083142)
2026-02-19 00:15:12,706 - INFO - Processing record 05eced5b-0d8b-40d3-8ac5-60f7ba2b00e7: PERSIARAN PANTAI JEREJAK (5.338800539546668, 100.29988392105334)
2026-02-19 00:15:14,544 - INFO - Processing record 06033ea5-8dd7-426b-87d4-106710215276: TAMAN KEPAYAN RIDGE (5.93506470396, 116.06875261354)
2026-02-19 00:15:16,332 - INFO - Processing record 061bd722-ba89-4783-88f6-d36ce5a2e821: TAMAN MUTIARA FASA II (5.438620084658822, 100.64414134754117)
2026-02-19 00:15:18,156 - INFO - Progress: 40/100 in batch, Total: 19420/21579 overall
2026-02-19 00:15:18,157 - INFO - Processing record 062f6327-7bf1-45c1-bcc5-01d20a4f830d: APARTMENT SRI BAYU BANDAR ARMADA PUTRA (2.981863101030486, 101.34123536881096)
2026-02-19 00:15:19,869 - INFO - Processing record 0633b9b6-f988-4ce1-991b-1231227d0858: E15. TMN PUCHONG PERMAI (APT PERMATA 1),E15. TMN PUCHONG PERMAI (FLAT BLOK F) (3.012512686102409, 101.5968625354699)
2026-02-19 00:15:21,843 - INFO - Processing record 0660e8cc-49d9-4e35-b26e-00fd1cb601e4: JU03 TAMAN RIA 1 & 2,JU05 TAMAN HILL TOP,JU12 TAMAN HUA TAI,JU19 TAMAN RIA 4 (4.281188875927632, 117.87854145566776)
2026-02-19 00:15:24,013 - INFO - Processing record 0670e004-bbf8-4fcb-b653-425652207dc0: FLAT TAMAN SERI BEREMBANG (2.9947982746644293, 101.3987972201745)
2026-02-19 00:15:25,824 - INFO - Processing record 0673cc3a-c91f-4ceb-8775-aa94049e2cc2: E11. SRI PJS 5 FLAT DESA MENTARI (BLOK 7 , 8),E11. SRI PJS 5 FLAT DESA RIA (G,J,K,L,M,N,O,P),E11. SRI PJS 5 HELIX (RESIDENSI HELIKS),E11. SRI PJS 5 TMN DESA RIA (PST KOMERSIAL) [JLN PJS 5/2, 5/4],E11. SRI PJS 5 TMN DESA RIA (PST KOMERSIAL) [JLN PJS 5/27-5/30],E11. SRI PJS 6 FLAT DESA MENTARI 2 (BLOK 4 , 5 , 6),E11. SRI PJS 6 RUMAH KEDAI,E12. TM PJS 1 APT DAMAI SENJA,E12. TM PJS 1 BOTANIQA RESIDENCE [JLN PJS 1/52],E12. TM PJS 2 APPT TAMAN MEDAN JAYA,E12. TM PJS 2B PUSAT KOMERSIAL,E12. TM PJS 2C APT MEDAN CAHAYA 1 (BLOK A , B , C),E12. TM PJS 2C APT MEDAN CAHAYA 2 (BLOK D , E , F),E12. TM PJS 2C APT MEDAN JAYA (BLOK I),E12. TM PJS 2C TMN MEDAN (TERES 1) [JLN PJS 2C/2,2C/7,2C/7A,2C/7B,2C/9,2C/12,14],E12. TM PJS 2C TMN MEDAN (TERES 2) [JLN PJS 2C/12,14,16,16A-C,18,19,20,21,22],E12. TM PJS 2C TMN MEDAN (TERES 3) [JLN PJS 2C/3,2C/11M,2C/11N,2C/13,2C/15],E12. TM PJS 2C TMN MEDAN (TERES 4) [JLN PJS 2C/11,2C/11A,B,C,D,F,G,H,J,K,L,28,2],E12. TM PJS 2C TMN MEDAN (TERES 5) [JLN PJS 2C/5,1,2,4,6,8,10,PJS 2/2,1],E12. TM PJS 2D FLAT DESA MENTARI (BLOK 11),E12. TM PJS 2D TMN MEDAN (TERES 1) [JLN PJS 2D/15 , PJS 2D/15A - PJS 2D/15E],E12. TM PJS 2D TMN MEDAN (TERES 2) [JLN PJS 2D/2,4,5,6,7,8,8C,8D,9,10,11,12,14],E12. TM PJS 3 APT SURIA,E12. TM PJS 3 FLAT DESA SEPAKAT (BLOK A , B) [JLN PJS 3/22],E12. TM PJS 3 FLAT TMN SRI MANJA (BLOK LC1C , LC2B , LC3A) [JLN PJS 3/44],E12. TM PJS 3 TMN BUANA PERDANA (JLN PJS 3/23 -3/29 ),E12. TM PJS 3 TMN MEDAN BARU (TERES 2) [JLN MEDAN 8 , 9 , 10],E12. TM PJS 3 TMN MEDAN BARU (TERES 3) [JLN MEDAN 11,12,13,14,15,22,23],E12. TM PJS 3 TMN MEDAN BARU (TERES 5) [JLN MEDAN 29,30,31,32],E12. TM PJS4 TMN INDAH JAYA(TERES 2)[JLN PJS 4/2,4,8,9,10,19,19A,21,21A],E12. TM TMN DATO HARUN (TERES 3) [JLN 11,13,2/8,2/15,2/17,PJS 2/2,2/4],E12. TM TMN DATO HARUN (TERES 4) [JLN 2/1,3,LRG 7A,7C, PJS 2C/1,2,3,4,5,6,8,10],E14. TMN KINRARA JLN TK 4 (PANGSAPURI KINRARA RIA),E14. TMN KINRARA JLN TK 4 (PANGSAPURI KOS RENDAH) (3.0762777242780306, 101.63459399312472)
2026-02-19 00:15:27,772 - INFO - Processing record 06aac635-646d-4a9e-b76d-bb8693bd1c87: KG SELAYANG INDAH ZON A,KG SELAYANG PANDANG (3.2437738571329087, 101.67005048563924)
2026-02-19 00:15:29,563 - INFO - Processing record 06b0337b-885e-472c-ad8d-59984db99b60: CONDO SYMPHONY HEIGHT,SYHMPHONY HEIGHT CONDO (3.233363939217687, 101.67513070286394)
2026-02-19 00:15:31,087 - INFO - Processing record 06b7c6de-5e85-412e-97c7-53632744aff8: E5. SEKSYEN U6 (KG MELAYU SUBANG A : JLN BUKIT BADAK),E5. SEKSYEN U6 (KG MELAYU SUBANG I : JLN PKNS),E5. SEKSYEN U6 (TMN. SETIA WARISAN),KG CEMPEDAK ZON B (3.158582283829631, 101.52769834426668)
2026-02-19 00:15:33,248 - INFO - Processing record 06edd577-9473-44be-b5a1-c3c3cbc866e1: E15. TMN DAMAI UTAMA 2 (3.033831263506668, 101.66901144478666)
2026-02-19 00:15:35,032 - INFO - Processing record 070a8aef-472b-4b8c-810f-383ee3b1e07a: TAMAN BATU MUDA (JLN 2-12) (3.226785441000004, 101.685379043)
2026-02-19 00:15:36,847 - INFO - Progress: 50/100 in batch, Total: 19430/21579 overall
2026-02-19 00:15:36,847 - INFO - Processing record 070ebf35-f89a-455a-ac39-6ad06aacb510: E15. BDR KINRARA 5 (JLN BK 5/1 - 5/8),E15. BDR KINRARA 5 (JLN BK 5/9-5/18) & IPD SERDANG (3.0421219736993823, 101.64526384563804)
2026-02-19 00:15:38,928 - INFO - Processing record 073a312f-9970-4996-9c6f-c8339fbfe84f: TAMAN PANCHOR JAYA FASA 4,TAMAN PANCHOR JAYA FASA 7 (2.7342247796917816, 102.00165210366438)
2026-02-19 00:15:40,474 - INFO - Processing record 076041a2-853b-41cb-a597-3df6b0d6a8a9: TAMAN PEREPAT INDAH 01,TAMAN PEREPAT INDAH 02 (3.0979734304216904, 101.35219767034938)
2026-02-19 00:15:42,628 - INFO - Processing record 07685e4b-3791-4346-bb71-0aa170d19f0c: E12. TM SEK 51A FLAT IMPIAN BAIDURI (3.095179882399999, 101.6227923925027)
2026-02-19 00:15:44,965 - INFO - Processing record 0768cffe-60b1-4a21-9af1-307c3487d7cb: TAMAN BUKIT PULUTAN,TAMAN SRI BARU,TAMAN SRI BARU FASA 2 (6.0225812181926655, 116.15764893127522)
2026-02-19 00:15:47,140 - INFO - Processing record 076f745e-a596-4d4d-bb9b-608f0aca7f59: KG.WARISAN PH 1 (6.0130902570875016, 116.13173523540624)
2026-02-19 00:15:49,281 - INFO - Processing record 0777bfb3-dd84-4dbd-8f56-77d31bd448d4: JLN TAR SUSUR 7 (KIPS GURU) (1.4940496497439038, 103.73251996893904)
2026-02-19 00:15:51,627 - INFO - Processing record 07ba79ad-0598-465e-aba5-5f07ff7991c8: TAMAN SRI SENTOSA (BLOK 55,57,59,61,63,65) (3.075738618475942, 101.63774373449417)
2026-02-19 00:15:53,399 - INFO - Processing record 07cf276e-5f13-4960-82d5-f6de0ec6c45c: E9. KT SS 8 APT KELANA IMPIAN,E9. KT SS 9A 1 (JLN 9A/3,5,6,7,8,9,10,11,12,17,20 ) (3.090641768301202, 101.61420786165662)
2026-02-19 00:15:55,540 - INFO - Processing record 07e49291-470e-40e3-8d44-deaaadcba1d4: PPR SRI ALAM A (BLOK 1 - BLOK 5),PPR SRI ALAM B (BLOK 6 - BLOK 9) (3.116220513753521, 101.68946131859155)
2026-02-19 00:15:57,835 - INFO - Progress: 60/100 in batch, Total: 19440/21579 overall
2026-02-19 00:15:57,836 - INFO - Processing record 080ff3d2-f829-400e-a244-cb63d3da1902: TAMAN  DESA  PERMAI (5.440182668575343, 100.53670940718494)
2026-02-19 00:15:59,304 - INFO - Processing record 0818f192-17a4-493d-a39b-78ade342495f: TAMAN SENTOSA 05,TAMAN SENTOSA PERDANA 05 (3.0073245346066653, 101.48349758354668)
2026-02-19 00:16:01,096 - INFO - Processing record 0845411e-3043-45d9-a010-719f67039da0: JALAN KESUMA 8/3 (FASA 10) BANDAR TASIK KESUMA (2.9178091278823524, 101.88348347143136)
2026-02-19 00:16:03,258 - INFO - Processing record 08494b99-2bcc-4c76-b8ff-d0b4eef6fd2c: BANDAR RAMAI-RAMAI (5.836131687347562, 118.10296845090856)
2026-02-19 00:16:05,007 - INFO - Processing record 08746b7a-8e96-4950-85fb-212b173a24f0: APPT TAMAN TAMING MAJU,JALAN CJ 2,CJ8,CJ10 DAN CJ11 TAMAN CHERAS JAYA,TAMAN TAMING MAJU (3.0211897055471675, 101.75840064557734)
2026-02-19 00:16:07,149 - INFO - Processing record 087705db-8c82-4652-a5f5-9df37c23f658: TAMAN BANDAR EKAR RANTAU FASA 1 (2.592900051972789, 101.95875269057144)
2026-02-19 00:16:09,302 - INFO - Processing record 089981d6-6381-4969-97c2-377a3dccbfa4: APARTMENT CEMPAKA,APARTMENT PELANGI COURT,BANDAR BARU KLANG 04,FLAT PELANGI INDAH,TAMAN ENG ANN 02,TAMAN ENG ANN 04,TAMAN ENG ANN 05 (3.063210322870179, 101.45922208924912)
2026-02-19 00:16:11,765 - INFO - Processing record 08a09f50-6063-454e-a341-53ce9e309a70: BANDAR SERI EHSAN ZON 2 (2.770995972982857, 101.62673158226858)
2026-02-19 00:16:13,621 - INFO - Processing record 08bbe518-393d-495d-8dca-bf957f74645b: TAMAN EKA MATAHARI ( SELASIH ),TAMAN EKA MATAHARI ( SERAI ) (2.691943153775754, 101.7981158611212)
2026-02-19 00:16:15,755 - INFO - Processing record 08e5edf5-6526-470a-ba3a-2b921b1f0d9d: SN39 TAMAN EASTERN,SN72 TMN. CHUAN ANN (4.275341719588957, 117.90843578263804)
2026-02-19 00:16:18,033 - INFO - Progress: 70/100 in batch, Total: 19450/21579 overall
2026-02-19 00:16:18,033 - INFO - Processing record 09300263-be75-4bb3-ae71-bcd933d8fbdb: E6. BL PJU 9 SD 13 APT SRI MERANTI (1) [A,B,C,D,E,F,G] (3.194502822999993, 101.602403911)
2026-02-19 00:16:20,314 - INFO - Processing record 093baeb5-a141-4d95-b962-cbe9cf5ac30f: PPR SRI ALAM B (BLOK 6 - BLOK 9) (3.1269513249308543, 101.70789710292554)
2026-02-19 00:16:22,224 - INFO - Processing record 0949c671-d2a3-4f33-83ea-13741f511d95: TAMAN BINTANG,TAMAN BPL,TAMAN MEI LOK,TAMAN RIDGE VIEW,TAMAN SRI KEPAYAN PH. 7,TAMAN TASIK (5.942610605616666, 116.0732142485)
2026-02-19 00:16:24,463 - INFO - Processing record 0a04987b-2d2a-49fc-aaa4-7463e21e642d: APPT BEREMBANG INDAH,KG BEREMBANG (3.1649247998013705, 101.73824703139726)
2026-02-19 00:16:26,931 - INFO - Processing record 0a1fdf29-0da7-4e91-86ee-e9bea3f8995a: TAMAN KINTAMAN,TAMAN SENTOSA 03,TAMAN SENTOSA 09,TAMAN SENTOSA 18,TAMAN SENTOSA 19,TAMAN SENTOSA 26 (3.003404045264151, 101.47115310074216)
2026-02-19 00:16:29,081 - INFO - Processing record 0a3417cb-c531-451c-82eb-7c786ada8ff4: KG TINUSA 2 LAUT (A) (5.888574930433496, 118.09240950408866)
2026-02-19 00:16:31,246 - INFO - Processing record 0a37156f-d76b-438b-ab81-e74a61dffa20: KING FISHER APARTMENT,TAMAN LEMBAH HIJAU (5.39247746875974, 100.29577830772078)
2026-02-19 00:16:33,032 - INFO - Processing record 0a3fcd50-783a-4954-9cf4-db39359e9081: TAMAN SEMENYIH PARKLANDS (2.895339321935064, 101.87549829336363)
2026-02-19 00:16:34,565 - INFO - Processing record 0a763c5a-72d5-4638-a9d3-96365022c912: APARTMENT MELAWA RIA,TAMAN KUALA MENGGATAL,TAMAN SEPANGGAR PH 3 (6.083681855426967, 116.15377590469102)
2026-02-19 00:16:36,726 - INFO - Processing record 0a7c30bd-265c-4874-976b-720fbfbf3260: FLAT JALAN TENGKU,MEDAN TENGKU JELUTONG (5.392503344756758, 100.31775340297972)
2026-02-19 00:16:38,557 - INFO - Progress: 80/100 in batch, Total: 19460/21579 overall
2026-02-19 00:16:38,558 - INFO - Processing record 0a9cb228-023a-4dd4-a731-41cbbbf835a7: E5. SEKSYEN U6 (KG MELAYU SUBANG A : JLN BUKIT BADAK),E5. SEKSYEN U6 (TMN. SETIA WARISAN) (3.1554484141595087, 101.52619008268714)
2026-02-19 00:16:40,658 - INFO - Processing record 0ab25eaf-2dcd-45e9-8350-bbe6ad95c986: JALAN 12-28 TAMAN PUTRA,JALAN 5/1-5/9 TAMAN SRI RAYA,JALAN BUNGA DAHLIA 1-7 TAMAN SERAYA (3.1206054843717475, 101.76592762078438)
2026-02-19 00:16:42,965 - INFO - Processing record 0ae8bf66-f09c-4612-80a8-5f6b594ca2d7: KG BARU SUNGAI ARA,TAMAN SRI ACRES (5.319611036313725, 100.2730335391242)
2026-02-19 00:16:44,753 - INFO - Processing record 0af03199-b351-4937-8a0c-59154b7f0d33: E13. SS 15/5 (TERES),E13. SS 15/6 (TERES) (3.0790604621818187, 101.59184064285796)
2026-02-19 00:16:46,926 - INFO - Processing record 0b071bd4-93ec-49d4-818b-d991ef6ba144: TAMAN MUTIARA FASA II (5.438620084658822, 100.64414134754117)
2026-02-19 00:16:48,452 - INFO - Processing record 0b492b94-f2bd-426b-9723-2f291ee7c01e: PRESINT 9 - JALAN P9B/7-B/12,PRESINT 9 - JALAN P9B1/4 - B1/5,PRESINT 9 - JALAN P9B1/7 - B1/13 (2.9443734344134027, 101.67365834052514)
2026-02-19 00:16:50,223 - INFO - Processing record 0ba14d69-d1f9-4553-901f-8bbe4b758fd4: E6. BL PJU 10 APT SAUJANA 1 (A,B,C,D,E,F,L,M) (3.190928587073331, 101.59449508034)
2026-02-19 00:16:52,004 - INFO - Processing record 0bb1933b-a9cb-451a-8f55-eea2330d5e1c: E3. SEKSYEN 26 (FLAT PPRT BLOK A,B,C),SEKSYEN 25 (TERES F : JLN 25/46-25/59, JLN 25/115-25/118B) (3.0342208529086974, 101.54198083134348)
2026-02-19 00:16:53,810 - INFO - Processing record 0c061568-2e77-48fc-992e-fd6ebdb13da2: E13. USJ 1 (ANGSANA APPT),E13. USJ 1 (PANGSAPURI MERANTI) BLOK K, J (3.0449758342666677, 101.60231976120556)
2026-02-19 00:16:55,953 - INFO - Processing record 0c2989af-f913-4ded-b578-c046314ba7d8: E1. SEKSYEN 18 (JLN 18/3 FLAT A : BLOK 2 -10) (3.044669646294478, 101.5203082421227)
2026-02-19 00:16:58,155 - INFO - Progress: 90/100 in batch, Total: 19470/21579 overall
2026-02-19 00:16:58,155 - INFO - Processing record 0c38c517-9445-4f4d-afb7-9eddb796fc71: E15. TMN PUCHONG PERDANA (JLN PERDANA 2),E15. TMN PUCHONG PERDANA (JLN PERDANA 4),E15. TMN PUCHONG PERDANA 5 (JLN ANGGERIK) (3.007245195906543, 101.60561893842522)
2026-02-19 00:16:59,893 - INFO - Processing record 0c5820dd-6cbe-4cba-9d64-783f1ee0c09c: GURNEY HEIGHT KONDOMINUM (BLOK C & D),KELUMPUK PINANG,KONDOMINIUM LANAI GURNEY,RESIDENSI SKYSIERRA THE VALLEY SETIAWANGSA,TAMAN SETIAWANGSA ( JLN SETIAWANGSA 3, JALAN SETIAWANGSA 1A-5A) (3.175662768196297, 101.73750698190184)
2026-02-19 00:17:01,713 - INFO - Processing record 0cc2789b-2304-4bf0-8786-23574954b40d: RESIDENSI VISTA DEDANAU,TAMAN DANAU KOTA (JALAN 2/23E-5/23E) (3.208121878552632, 101.72193134273029)
2026-02-19 00:17:03,678 - INFO - Processing record 0cfce741-3fd3-4337-8306-95cabaa4da17: E17. SRI KEMBANGAN 3,E17. TMN BKT SERDANG 4 (SERI PAGI),E17. TMN SERDANG PERDANA (PERDANA SELATAN - SOUTH CITY CONDO) (3.0208151356344537, 101.7028808165252)
2026-02-19 00:17:05,923 - INFO - Processing record 0d42ee6a-da95-4c6d-85e9-3a7352629c20: APT DESA SKUDAI (BLOK1-4) (1.5364801102027037, 103.63502481461488)
2026-02-19 00:17:08,091 - INFO - Processing record 0d4e66aa-9d5f-42ab-9541-97f1e00ae8a0: AP100 KAMPUNG KONGSI 8/2 (4.26682874387417, 117.94028246272848)
2026-02-19 00:17:09,861 - INFO - Processing record 0d993886-5e92-4f6a-9ff2-b3deedf0ff0f: FLAT JALAN TENGKU,MEDAN TENGKU JELUTONG (5.392503344756758, 100.31775340297972)
2026-02-19 00:17:11,387 - INFO - Processing record 0daadf46-90f9-44f1-9347-92997a9a1440: KG.WARISAN PH 1 (6.0130902570875016, 116.13173523540624)
2026-02-19 00:17:12,907 - INFO - Processing record 0daf7de4-0736-419c-9334-2930a5de9d9c: E13. USJ 1 (ANGSANA APPT),E13. USJ 1 (PANGSAPURI MERANTI) BLOK K, J (3.0450201798971466, 101.60219592597714)
2026-02-19 00:17:15,048 - INFO - Processing record 0ddc4446-ea03-4eec-97dc-2b52038c00ec: TAMAN MESRA (5.862350295533332, 118.07847389858)
2026-02-19 00:17:17,016 - INFO - Progress: 100/100 in batch, Total: 19480/21579 overall
2026-02-19 00:17:17,045 - INFO - Batch completed: 100 records in 198.7s
2026-02-19 00:17:17,045 - INFO - Overall progress: 19480/21579 (2099 remaining)
2026-02-19 00:17:17,045 - INFO - Estimated time remaining: 1.2 hours
2026-02-19 00:17:19,082 - INFO - Found 100 records to geocode
2026-02-19 00:17:19,082 - INFO - Processing record 0de2a978-2fc0-4c3c-848a-7e27cc13bebd: E8. BU PJU 6A PELANGI UTAMA KONDO (3.1407999977446805, 101.61535420395744)
2026-02-19 00:17:20,064 - INFO - Processing record 0e0b8f55-cfdc-4ede-91d6-874d243a0d79: TMN PULAI INDAH_JLN PULAI INDAH /9,TMN PULAI INDAH_JLN PULAI INDAH /9 (B) (1.54117695192, 103.58450877272)
2026-02-19 00:17:21,891 - INFO - Processing record 0e2ffeb8-4789-41d9-8bf3-91e87924fc69: TMN U_KEJAYAAN 41-56 (1.5232660330828425, 103.622286633071)
2026-02-19 00:17:24,032 - INFO - Processing record 0e374ed5-a711-43d2-8bcf-999f4b705c3d: TAMAN BUKIT BELIDA,TAMAN MAMBAU HEIGHT (2.6724760762675186, 101.91547062324204)
2026-02-19 00:17:26,172 - INFO - Processing record 0e4c3772-04b0-4f77-ba50-e9039462a5c0: E12. TM PJS 2D FLAT DESA MENTARI (BLOK 11) (3.076355078000006, 101.633338676)
2026-02-19 00:17:28,353 - INFO - Processing record 0e5cb7a6-be49-49c1-b705-f34309e58363: E5. SEKSYEN U19 (KBSB : JLN WELFARE) (3.08684424576761, 101.49568232757042)
2026-02-19 00:17:30,121 - INFO - Processing record 0e7a8633-1c73-4814-a5f3-048897b94be4: APPT BEREMBANG INDAH,KG BEREMBANG (3.1649247998013705, 101.73824703139726)
2026-02-19 00:17:31,643 - INFO - Processing record 0e806191-7bc5-4f9f-8057-a478d9fe5d57: PRESINT 5 - PPAM SERULING,PRESINT 5- PARCEL 5R6 (2.889096698597561, 101.67977632954268)
2026-02-19 00:17:33,812 - INFO - Processing record 0e900a5e-dd30-4baa-927b-df00d6ae20c5: E15. TMN PUCHONG PERMAI (APT PERMATA 1),E15. TMN PUCHONG PERMAI (FLAT BLOK F) (3.012512686102409, 101.5968625354699)
2026-02-19 00:17:35,312 - INFO - Processing record 0e9f890f-0545-4276-b3a8-c1333d4b387e: ASRAMA KOLEJ VOKASIONAL ERT SETAPAK,ASRAMA SEKOLAH MENENGAH PENDIDIKAN KHAS JALAN GENTING KLANG,FLAT DANAU KOTA ( BLOK D & E),FLAT DANAU KOTA (BLOK A,B,C),JALAN REJANG 15 (RESIDENSI RAMPAI 2),KONDOMINIUM SETAPAK RIA,PANGSAPURI TERATAI MEWAH,PLATINUM LAKE KONDOMINIUM PV20,PLATINUM LAKE KONDOMINIUM PV21,PPR WANGSA SARI SEKSYEN 1 WANGSA MAJU,RESIDENSI BENNINGTON SETAPAK,RESIDENSI SERI RIANA,RESIDENSI VISTA DEDANAU,SEK 1 WANGSA MAJU BLOK  D,SEK 1 WANGSA MAJU BLOK E,TAMAN DANAU KOTA (JALAN 2/23E-5/23E),TAMAN DANAU KOTA(KONDOMINIUM PLATINIUM VIC LAKE 10),TAMAN SRI RAMPAI (JALAN MEGAN SETAPAK),TAMAN SRI RAMPAI B (JLN 13/26 - 22/26)),TAMAN SRI RAMPAI F (JLN 47/26 - 66/26),TAMAN SRI RAMPAI G (JLN67/26 - 81/26),TERATAI RESIDENCY SETAPAK (3.199876670369135, 101.72409608015433)
2026-02-19 00:17:37,488 - INFO - Progress: 10/100 in batch, Total: 19490/21579 overall
2026-02-19 00:17:37,488 - INFO - Processing record 0eefd1bf-27ea-4808-a8d5-8bfdc2a1257a: BANDAR SERI EHSAN ZON 2 (2.7687000039999816, 101.629253388)
2026-02-19 00:17:39,208 - INFO - Processing record 0ef0a1c5-17c4-4829-8a9c-7d1da70d190e: SEKSYEN 32 (JALAN REZAB BUANG LOT 2915),SEKSYEN 32 (JALAN REZAB BUANG) (2.9952614404124267, 101.50027732622034)
2026-02-19 00:17:41,364 - INFO - Processing record 0ef4f47b-c8af-4d76-8cda-02d2dea37952: FLAT TAMAN SETIA JAYA (6.140733995908451, 100.39405879498592)
2026-02-19 00:17:43,510 - INFO - Processing record 0ef8bc5e-a372-42db-b566-af90b9ca9ece: PERSIARAN PANTAI JEREJAK (5.338800539546668, 100.29988392105334)
2026-02-19 00:17:45,036 - INFO - Processing record 0f22dfb4-cdc9-4514-8640-31cd81dd22b9: FLAT DANAU KOTA ( BLOK D & E),FLAT DANAU KOTA (BLOK A,B,C),KONDOMINIUM SETAPAK RIA,PANGSAPURI TERATAI MEWAH,RESIDENSI BENNINGTON SETAPAK,TAMAN DANAU KOTA(KONDOMINIUM PLATINIUM VIC LAKE 10),TERATAI RESIDENCY SETAPAK (3.1993114318212106, 101.71354413227272)
2026-02-19 00:17:47,387 - INFO - Processing record 0f933d0b-6753-4cea-aa6d-6812bb64d905: KAMPUNG BUKIT KAPAR JALAN ISKANDAR 02 (3.162674466725352, 101.43470057661268)
2026-02-19 00:17:49,539 - INFO - Processing record 0fa2cbc0-7af0-4145-8bd2-ee2674460b46: TAMAN SRI ANDALAS 07 (3.022174636816904, 101.45790156554224)
2026-02-19 00:17:51,323 - INFO - Processing record 0fae3341-6463-414d-9ed5-74f877faabf8: KG.BUKIT PERMAI,KG.LOBOU (6.049642981465834, 116.18180948225464)
2026-02-19 00:17:53,491 - INFO - Processing record 0fd275b2-a191-409c-bf2e-d023bec3f881: E6. BL PJU 8 APT FLORA DAMANSARA 1 [A,B],E6. BL PJU 8 APT FLORA DAMANSARA 2 [C,D,E,F],E6. BL PJU 8 APT FLORA DAMANSARA 3 [G,H],E6. BL PJU 9 SD 13 FORESTA KONDO,E6. BL PJU 9 SD 13 SERESTA  KONDO (3.178987633854545, 101.61449557010182)
2026-02-19 00:17:55,645 - INFO - Processing record 0fe6da7a-8f0f-44e7-952a-5fcec1a2112d: JALAN CEMPAKA 2, BS,JALAN CEMPAKA BS (3.4045206293972603, 101.56781513402056)
2026-02-19 00:17:57,532 - INFO - Progress: 20/100 in batch, Total: 19500/21579 overall
2026-02-19 00:17:57,532 - INFO - Processing record 0ff6c8cf-e271-421d-a595-af15980edc10: MEDAN ANGSANA (5.3904097850136985, 100.28512955043836)
2026-02-19 00:17:59,286 - INFO - Processing record 1008f9e6-dd4c-4c58-8494-f01a39b867a6: JALAN HILIR 2-7 TAMAN AMPANG HILIR (3.1500069918698648, 101.74853194400684)
2026-02-19 00:18:01,553 - INFO - Processing record 10156546-17ab-4c9f-8a5d-47c2427e340b: E1. SEKSYEN 16 (APT SURIA AVENUE),E1. SEKSYEN 16 (FLAT B : BLOK 5 - 8),E1. SEKSYEN 16 (FLAT C : BLOK 17 - 26),E1. SEKSYEN 16 (KAW PERINDUSTRIAN A : JLN 16/1 - 16/8 & PERSIARAN KEMAJUAN) (3.059451279252427, 101.50698435592231)
2026-02-19 00:18:03,714 - INFO - Processing record 1052c84b-2af5-477b-95f4-877a0d7a3680: LANDUNG AYANG DARAT (6.885402956873242, 116.84097346782391)
2026-02-19 00:18:05,989 - INFO - Processing record 10788e87-6315-4b14-9ee8-7b27e8ce21be: PANGSAPURI IMPIAN, BSP,PANGSAPURI IMPIAN, BSP (ZON 1-6),PANGSAPURI IMPIAN, BSP (ZON 7-12),PANGSAPURI SERI SAUJANA, BSP (BLOK A-F),TAMAN DIAMOND SP4 (2.9547327955970126, 101.5826834116567)
2026-02-19 00:18:07,783 - INFO - Processing record 10b221a9-f272-4d7a-a714-e714f31b6183: JALAN 12-28 TAMAN PUTRA,JALAN 5/1-5/9 TAMAN SRI RAYA,JALAN BUNGA DAHLIA 1-7 TAMAN SERAYA (3.1206054843717475, 101.76592762078438)
2026-02-19 00:18:09,307 - INFO - Processing record 10bc46d4-9931-4c22-95cf-d7c9d401a5c0: KAMPUNG BARU PANDAMARAN 03 (3.004674783112504, 101.4106556709125)
2026-02-19 00:18:11,558 - INFO - Processing record 10bc6512-ce60-466d-bbd9-cc454788ae70: E15. PST BDR PUCHONG (JLN WAWASAN 3) (3.033937473095892, 101.6218229964315)
2026-02-19 00:18:13,725 - INFO - Processing record 10bf127d-49b1-4bd9-9b4c-89c8d3039383: JALAN DAGANG 1/1-1/11 TAMAN DAGANG,JALAN MEWAH 2-5 TAMAN AMPANG MEWAH,PEKAN AMPANG (3.147366139427536, 101.760390682221)
2026-02-19 00:18:15,530 - INFO - Processing record 10c38860-631d-4eb2-a6b1-0b29c0258ebb: JLN TAR SUSUR 7 (KIPS GURU) (1.4940496497439038, 103.73251996893904)
2026-02-19 00:18:17,094 - INFO - Progress: 30/100 in batch, Total: 19510/21579 overall
2026-02-19 00:18:17,094 - INFO - Processing record 10c7102d-b54b-43ad-b281-59ee85123dc3: SIMPANG 3 PANGKAL KALONG (5.913574495852114, 102.24130305675352)
2026-02-19 00:18:19,208 - INFO - Processing record 10cbcd8e-8bf2-478a-9efc-7ad23032fa05: TMN SRI DERMAWAN (4.62739055494054, 101.12209290313513)
2026-02-19 00:18:21,011 - INFO - Processing record 10f2ceca-e692-4de4-8155-bd89aa044050: TMN SRI JANGGUS (BLOK C1-C2),TMN SRI JANGGUS (TERES) (5.335379490490323, 100.4925870443613)
2026-02-19 00:18:22,810 - INFO - Processing record 1102e74b-778a-42cb-b0ac-6619510efd91: KG GAMBARON 1 (5.621498894913332, 117.14197888864668)
2026-02-19 00:18:24,974 - INFO - Processing record 1108324b-9289-4975-a8c6-249020c25881: KG.BUKIT PERMAI,KG.LOBOU (6.049642981465834, 116.18180948225464)
2026-02-19 00:18:26,498 - INFO - Processing record 111949fd-15e1-4164-b0c2-d4c9f1786505: E13. TMN PINGGIRAN USJ 1 (3.051393087296053, 101.55729169403946)
2026-02-19 00:18:28,643 - INFO - Processing record 111a52dc-867d-475e-8e40-227efda7d276: TAMAN KOTA,TAMAN RAMBAI INDAH (2.886248014544044, 101.49319018645076)
2026-02-19 00:18:31,011 - INFO - Processing record 111ee2b7-ee71-43b4-8b77-48aec767b22b: TAMAN SRI ANDALAS 07 (3.022174636816904, 101.45790156554224)
2026-02-19 00:18:32,538 - INFO - Processing record 111fe349-a654-424e-ad4f-3d533f24c87a: TMN SRI AUSTIN_JLN SRI AUSTIN 6/1-6/22 EAST ZONE (1.5811903927133772, 103.7496827885032)
2026-02-19 00:18:34,689 - INFO - Processing record 1120b8de-9f71-4726-9218-d734a51f02b0: TAMAN SENAWANG INDAH,TAMAN WIDURI INDAH (2.694569508626316, 101.99736104704208)
2026-02-19 00:18:37,059 - INFO - Progress: 40/100 in batch, Total: 19520/21579 overall
2026-02-19 00:18:37,059 - INFO - Processing record 11307793-38ed-4e33-a393-ab373b8a7d93: APPT MERDEKA VILLA KAMPUNG BARU AMPANG (3.137336580049387, 101.7656496056605)
2026-02-19 00:18:38,833 - INFO - Processing record 113c8c33-647e-4b21-8b6d-9bc3b66daeac: FLAT SENTUL UTAMA,FLAT SENTUL UTARA (3.194874907445945, 101.6987492360608)
2026-02-19 00:18:41,001 - INFO - Processing record 11466955-f7c1-4075-9414-573b87a9a92b: APPT SRI RAYA UP (3.207627118503269, 101.77246926184314)
2026-02-19 00:18:42,794 - INFO - Processing record 1152fe87-13da-4929-ac1b-2cc557ddb0d4: PANGSAPURI LANGAT UTAMA (BLOK B-F) (2.7983361174178065, 101.66268975796577)
2026-02-19 00:18:44,956 - INFO - Processing record 1171112d-3b9c-4c24-bb8d-075e8828cd02: PERSIARAN HAMZAH ALANG 07 (3.135502845326528, 101.38659127004082)
2026-02-19 00:18:47,124 - INFO - Processing record 11ae8a35-4cb4-4f87-b535-e3b82a90e712: E13. TMN SUBANG HITECH (PAISLEY RSDNCE, SRI KDU INTERN SCH, TROPICANA METROPARK),E13. TMN SUBANG HITECH (PALOMA SERVICED RESIDENCES & COURTYARD VILLAS, TROPICANA (3.0709110884562505, 101.56389657821876)
2026-02-19 00:18:49,264 - INFO - Processing record 11b1a47f-c2f6-42b0-b0aa-88e6f8ee6d29: TAMAN BUKIT BELIDA,TAMAN MAMBAU HEIGHT (2.6724760762675186, 101.91547062324204)
2026-02-19 00:18:50,790 - INFO - Processing record 11b4124b-98af-486e-9883-e1abd66ad2af: APARTMENT MELAWA RIA (6.0830584304875, 116.15352194123123)
2026-02-19 00:18:52,925 - INFO - Processing record 11b46744-6dd6-405e-9a2d-2f9444268bcd: RESIDENSI SKYSIERRA THE VALLEY SETIAWANGSA (3.187374631697186, 101.74659785462676)
2026-02-19 00:18:55,074 - INFO - Processing record 11b94cbe-0319-4dae-b084-1dffee819073: E10. BG SEK 1A (TERES 1 : JLN CAREY DAN LORONG 1A/71,71ABCDEFGHIJKMN,1A/73,73AB),E10. BG SEK 5 FLAT GASING INDAH (BLOK A , B , C , D , E) (3.08515064168966, 101.6574839444368)
2026-02-19 00:18:57,272 - INFO - Progress: 50/100 in batch, Total: 19530/21579 overall
2026-02-19 00:18:57,272 - INFO - Processing record 11d08b48-cd25-4893-b4f9-086003e36521: JALAN CEMPAKA 1,23-31 TAMAN CEMPAKA (3.137895909793337, 101.74729476354668)
2026-02-19 00:18:59,047 - INFO - Processing record 11f769ef-d6f8-4b04-8bb1-69eb9339305d: APPT DESA TEMENGGONG,FLAT PINGGIRAN BT CAVES ZON C,KG MELAYU WIRA DAMAI,TMN PINGGIRAN BATU CAVES FASA 3 (3.2524979335675663, 101.69203189154956)
2026-02-19 00:19:00,845 - INFO - Processing record 121c399e-4a01-49c0-96fe-dc775bec0db3: RESIDENSI SKYSIERRA THE VALLEY SETIAWANGSA (3.187374631697186, 101.74659785462676)
2026-02-19 00:19:02,370 - INFO - Processing record 125eae19-3814-4753-a6ec-a691f4f2b218: JALAN ADENIUM 6, PRIMA BERUNTUNG (3.42330524142466, 101.55517951042468)
2026-02-19 00:19:04,523 - INFO - Processing record 12b063a5-220d-4316-97a8-90c32a56a92c: TAMAN  DESA  PERMAI (5.440182668575343, 100.53670940718494)
2026-02-19 00:19:06,037 - INFO - Processing record 1302fe4d-7ea1-4c7d-b84e-105b9d0c4889: E5. SEKSYEN U4 (APT DAMAI),E5. SEKSYEN U5 (SUBANG BESTARI : PUSAT KOMERSIL JLN U5/H, J, K, L, M, N, P & Q) (3.1770746264303824, 101.54701280970254)
2026-02-19 00:19:08,177 - INFO - Processing record 13108522-45b4-46c4-8ba0-798e150edaa9: TAMAN PEREPAT INDAH 01,TAMAN PEREPAT INDAH 02 (3.0979734304216904, 101.35219767034938)
2026-02-19 00:19:09,714 - INFO - Processing record 1320cf17-1643-4993-90d5-845f79a2fa04: APARTMENT BAYU VILLA,APARTMENT VISTA BAYU,APARTMENT VISTA INDAH PUTRA (3.01820246249162, 101.42942109366484)
2026-02-19 00:19:11,505 - INFO - Processing record 13213b9d-f0ab-4a36-9727-c8ea0c951c77: ASRAMA KOLEJ VOKASIONAL ERT SETAPAK,ASRAMA SEKOLAH MENENGAH PENDIDIKAN KHAS JALAN GENTING KLANG,FLAT DANAU KOTA ( BLOK D & E),FLAT DANAU KOTA (BLOK A,B,C),JALAN REJANG 15 (RESIDENSI RAMPAI 2),KONDOMINIUM SETAPAK RIA,PANGSAPURI TERATAI MEWAH,PLATINUM LAKE KONDOMINIUM PV20,PLATINUM LAKE KONDOMINIUM PV21,PPR WANGSA SARI SEKSYEN 1 WANGSA MAJU,RESIDENSI BENNINGTON SETAPAK,RESIDENSI SERI RIANA,SEK 1 WANGSA MAJU BLOK  D,SEK 1 WANGSA MAJU BLOK E,TAMAN DANAU KOTA(KONDOMINIUM PLATINIUM VIC LAKE 10),TAMAN SRI RAMPAI (JALAN MEGAN SETAPAK),TAMAN SRI RAMPAI B (JLN 13/26 - 22/26)),TAMAN SRI RAMPAI F (JLN 47/26 - 66/26),TAMAN SRI RAMPAI G (JLN67/26 - 81/26),TERATAI RESIDENCY SETAPAK (3.1990080646136367, 101.72448917799431)
2026-02-19 00:19:13,842 - INFO - Processing record 13753432-7aae-417f-8e53-17be0f9a101f: E12. TM PJS 2 APPT TAMAN MEDAN JAYA (3.082571699000028, 101.63179648800002)
2026-02-19 00:19:16,125 - INFO - Progress: 60/100 in batch, Total: 19540/21579 overall
2026-02-19 00:19:16,125 - INFO - Processing record 13882c35-99a6-4746-a9e2-3d2612b38215: TAMAN MESRA (5.862350295533332, 118.07847389858)
2026-02-19 00:19:17,595 - INFO - Processing record 13a0f1d5-e8b5-4e2e-bee1-4f207a0a9ee4: KG. CENDERAMATA,LORONG TABIB KG. LIKAS,TAMAN KEMAJUAN LIKAS (6.001333998302702, 116.11659071612436)
2026-02-19 00:19:19,861 - INFO - Processing record 13a941e8-8c69-45c9-95bf-025c4e5c6e3f: APARTMENT BAYU VILLA,APARTMENT VISTA BAYU,APARTMENT VISTA INDAH PUTRA (3.01820246249162, 101.42942109366484)
2026-02-19 00:19:21,377 - INFO - Processing record 13aa26a6-2468-44cf-8089-8b70e701617d: E13. TMN SUBANG MAS (RUMAH KEDAI),E4. SEKSYEN U7 (TUDM SUBANG D : BLOK F1 - F9 & BLOK E1 & E2) (3.1221559895696216, 101.53642965073418)
2026-02-19 00:19:23,180 - INFO - Processing record 13aa7968-7814-4b78-b0f0-dda9c8b1c3eb: JALAN 3/23-28,3/35-37 SEKSYEN 3 BANDAR BARU BANGI (2.9405764580000096, 101.782153048)
2026-02-19 00:19:25,341 - INFO - Processing record 13e0df8f-dcb4-4e3a-9a7a-c348670c57d4: E5. SEKSYEN U4 (APT DAMAI),E5. SEKSYEN U5 (SUBANG BESTARI : PUSAT KOMERSIL JLN U5/H, J, K, L, M, N, P & Q) (3.1770746264303824, 101.54701280970254)
2026-02-19 00:19:26,864 - INFO - Processing record 13e8babd-c01b-4307-9f39-0b12f01cd682: KAMPUNG JAWA JALAN BUKIT JATI 01,KAMPUNG JAWA LORONG KOTA RAJA 04 (3.0306173486964303, 101.46161677545238)
2026-02-19 00:19:28,646 - INFO - Processing record 141e119d-3052-4a8e-b36d-30d71af4153d: POLITEKNIK IBRAHIM SULTAN,TMN SCIENTEX_JLN PELANDUK (1.5065579904848467, 103.91651051009696)
2026-02-19 00:19:30,993 - INFO - Processing record 14263e25-2205-48dd-beeb-3bf5936fcf20: TAMAN SERULING EMAS A,TAMAN SERULING EMAS B,TAMAN SERULING EMAS C (5.212881479887576, 100.50682304935503)
2026-02-19 00:19:32,517 - INFO - Processing record 144b87a1-7a4f-497e-afca-206f0fe2e2d3: TMN BERCHAM BARU,TMN LAPANGAN MELODI (4.553657442169812, 101.10531863327044)
2026-02-19 00:19:34,942 - INFO - Progress: 70/100 in batch, Total: 19550/21579 overall
2026-02-19 00:19:34,942 - INFO - Processing record 145fddbc-dac9-4509-a167-797d079e5855: PPR SRI ALAM B (BLOK 6 - BLOK 9) (3.1269513249308543, 101.70789710292554)
2026-02-19 00:19:36,389 - INFO - Processing record 1463d41a-bbf2-4ae7-82a2-8f8d9ae427bc: GURNEY HEIGHT KONDOMINUM (BLOK C & D),KONDOMINIUM LANAI GURNEY,TAMAN SETIAWANGSA ( JLN SETIAWANGSA 3, JALAN SETIAWANGSA 1A-5A) (3.1751308165558263, 101.73411796353642)
2026-02-19 00:19:38,743 - INFO - Processing record 14738025-b7cc-4519-9a73-9e40018960bb: FLAT DESA MUTIARA SUNGAI JELOK (3.0012174495751647, 101.8014422544183)
2026-02-19 00:19:40,272 - INFO - Processing record 147df78f-3ef6-4389-91cf-7d26d5c14471: E7. KD PJU 5 SEK 4 D'SHIRE VILLA,E7. KD PJU 5 SEK 4 GUGUSAN MATAHARI,E7. KD PJU 5 SEK 4 GUGUSAN MAWAR,E7. KD PJU 5 SEK 4 GUGUSAN MELUR (3.151998621282143, 101.58119025013929)
2026-02-19 00:19:42,432 - INFO - Processing record 148a7538-7258-4f0f-9a43-f0a5dff613df: JALAN HILIR 2-7 TAMAN AMPANG HILIR (3.1500069918698648, 101.74853194400684)
2026-02-19 00:19:43,953 - INFO - Processing record 14ade261-1b2b-4fdf-bdd6-c30ae97ca8e4: BANDAR SERI EHSAN ZON 2 (2.770995972982857, 101.62673158226858)
2026-02-19 00:19:45,476 - INFO - Processing record 14c24062-c5d7-4f7e-a7f3-077be2f4c168: APT SERI TEROMPET BB (3.4197232716580634, 101.57504440024516)
2026-02-19 00:19:47,244 - INFO - Processing record 14c67efd-fc24-447f-a369-27daa2ec8315: PERSIARAN RB (5.328877901801372, 100.27603485641094)
2026-02-19 00:19:49,408 - INFO - Processing record 14cfe53d-4105-4bff-bb0e-51d46984296d: TMN BERCHAM AMAN (4.641220095190473, 101.13752803641496)
2026-02-19 00:19:50,932 - INFO - Processing record 14d656e0-e586-46e9-88d0-e38b58e0d55b: E12. TM PJS 2D FLAT DESA MENTARI (BLOK 11) (3.076355078000006, 101.633338676)
2026-02-19 00:19:52,495 - INFO - Progress: 80/100 in batch, Total: 19560/21579 overall
2026-02-19 00:19:52,495 - INFO - Processing record 14f2405a-7c92-4bf1-9d26-3b3e2948942e: APARTMENT SRI BAYU BANDAR ARMADA PUTRA,BANDAR ARMADA PUTRA 02,BANDAR ARMADA PUTRA 05,BANDAR ARMADA PUTRA 07 (2.979385961989798, 101.34496036035712)
2026-02-19 00:19:54,241 - INFO - Processing record 15109055-e2bb-4393-8a92-63caa2977acc: TAMAN KUALA MENGGATAL PH.2 (6.055646381254658, 116.15062267736648)
2026-02-19 00:19:56,494 - INFO - Processing record 1521da60-db42-4696-a30d-80c617a7a532: KG BUKIT CHANGGANG (2.829621708609271, 101.62624310450332)
2026-02-19 00:19:58,263 - INFO - Processing record 1532e59a-d0ce-4878-a124-b62c14505d8a: DESA ALPHA (TOWN HOUSE),FLAT PKNS JALAN KUCHING,KOMPLEKS MUTIARA,PPR PEKAN BATU,PROGRAM PERUMAHAN RAKYAT (PPR) INTAN BAIDURI ( BLOK A,B,C ),SRI INTAN 1 CONDOMINIUM ( 3 BLOK ),TAMAN BAMBOO (JALAN CHENDERUH, CHENDERUH 4, CHENDERUH 5),TAMAN BAMBOO (JALAN TEROLAK 2 ( AA1-AA7 ), JALAN TEROLAK 3 ( Z1-Z7 ) & ( Y1-Y4 ),TAMAN SEGAMBUT INDAH (JALAN SELINGSING, JALAN 1/46,2/46 & 3/46), JALAN MATANG (3.1966304551241977, 101.6755698194197)
2026-02-19 00:20:00,519 - INFO - Processing record 1549cc19-2033-42a4-ac2d-b80fe1ef69f7: KAMPUNG BATU BELAH LORONG AMAN 01 (3.076574603767603, 101.43890437357042)
2026-02-19 00:20:02,683 - INFO - Processing record 15690463-e6cb-4cb2-8bcc-e86345dba51e: APARTMENT MERU COURT (3.125325901026318, 101.44229761015131)
2026-02-19 00:20:04,818 - INFO - Processing record 156c24c3-7b2a-4110-84da-512b91dd7c8e: PRESINT 8 - JALAN TEMOLEH,PRESINT 8 - TAMARA RESIDENCE @ AYER 8 (2.926956439871163, 101.680738701773)
2026-02-19 00:20:06,612 - INFO - Processing record 15a5568e-3f15-4d89-95e9-cf3d322431e9: TMN SRI ORKID_FLAT SRI ORKID (1.5055941679671052, 103.63587306334868)
2026-02-19 00:20:08,763 - INFO - Processing record 15abe8be-c3c1-425b-830e-099ea9383333: E11. SRI PJS 10 APT SUBANG VILLE EHSAN,E13. SS 12 (PERSIARAN WANGSA BAIDURI 1-4),E13. SS 12 PERSIARAN WANGSA BAIDURI - (SPRING VILLA & SUMMER VILLA CONDOMINIUM) (3.078878681902298, 101.60102353099424)
2026-02-19 00:20:10,561 - INFO - Processing record 15c2ec1b-cf67-440d-b857-581cb786900e: PUDU IMPIAN 1 (3.118077989182431, 101.73129281226352)
2026-02-19 00:20:12,764 - INFO - Progress: 90/100 in batch, Total: 19570/21579 overall
2026-02-19 00:20:12,764 - INFO - Processing record 161acc10-0915-4cf6-988c-924b3d6195f0: APPT RADIUS SELAYANG HEIGHT,SELAYANG HEIGHT (3.268602946134613, 101.65216860195513)
2026-02-19 00:20:14,472 - INFO - Processing record 16436d96-c0bf-4379-9e3f-a5a0d1c7c72f: TAMAN MELATI (PANGSAPURI KENARI),TAMAN MELATI (PV5) (3.223980026548194, 101.72830688887348)
2026-02-19 00:20:16,491 - INFO - Processing record 16585faa-e0e9-42e8-ac24-647d8eb8ab28: TAMAN SRI ANDALAS 07 (3.0222019511486504, 101.4578250312365)
2026-02-19 00:20:18,635 - INFO - Processing record 16a06d07-a536-4560-96a0-d852575a08c2: APPT RADIUS SELAYANG HEIGHT,SELAYANG HEIGHT (3.268602946134613, 101.65216860195513)
2026-02-19 00:20:20,158 - INFO - Processing record 16a4d507-0319-422e-8a03-b4d3e796610c: APARTMENT CEMPAKA PURI 1 & 2,FLAT CEMPAKA PURI 4 (BLOK A-M) (2.803321913228395, 101.77250151698765)
2026-02-19 00:20:21,972 - INFO - Processing record 16bfa103-4088-41cd-a5ee-4ac9ad54f5b0: E1. SEKSYEN 7 (FLAT D : BLOK 52 - 58),E1. SEKSYEN 7 (TERES J : JLN 7/63-7/69A & AQUAVILLA TOWNHOUSE) (3.0748224604720544, 101.48754035778882)
2026-02-19 00:20:23,827 - INFO - Processing record 1713a5e6-ae87-42d3-91ba-42a8d73b011e: TMN BUKIT INDAH_JLN INDAH 1-1/13,TMN BUKIT INDAH_JLN INDAH 1-1/13 (A) (1.4865481140700627, 103.65842148735668)
2026-02-19 00:20:26,069 - INFO - Processing record 173b0732-7875-448e-b4ca-f0925ae98d61: KAMPUNG BARU PANDAMARAN 03 (3.004674783112504, 101.4106556709125)
2026-02-19 00:20:27,587 - INFO - Processing record 17c942f8-3347-4e71-ba63-8f748c6d6525: KG TENGAH GOMBAK,KG.KERDAS 2 (3.227842447987731, 101.71198561121471)
2026-02-19 00:20:29,438 - INFO - Processing record 17df1467-ebd3-40fc-9fe2-36b6ee294b63: FLAT SENTUL UTAMA,FLAT SENTUL UTARA,TAMAN DATO SENU (JALAN DATO SENU 31-35) (3.1948793099808914, 101.69847275605096)
2026-02-19 00:20:31,272 - INFO - Progress: 100/100 in batch, Total: 19580/21579 overall
2026-02-19 00:20:31,296 - INFO - Batch completed: 100 records in 192.2s
2026-02-19 00:20:31,297 - INFO - Overall progress: 19580/21579 (1999 remaining)
2026-02-19 00:20:31,297 - INFO - Estimated time remaining: 1.1 hours
2026-02-19 00:20:33,329 - INFO - Found 100 records to geocode
2026-02-19 00:20:33,330 - INFO - Processing record 17f5a911-3382-405c-9b39-1c741228de4d: E13. SS 17/1 (3.077062840999986, 101.579789452)
2026-02-19 00:20:34,213 - INFO - Processing record 17f5f7ef-01c2-4124-a57c-7636570e2a30: E6. BL PJU 8 EMPIRE CITY (CROWN TOWER) MARRIOT RESIDENCE-BLOCK E,E6. BL PJU 8 EMPIRE CITY (MOSSAZ SUITES) BLOK WEST COURT (3.167477665936305, 101.6170802831465)
2026-02-19 00:20:36,015 - INFO - Processing record 1801c3c5-4d91-420f-9f83-db601bc01bd5: TAMAN MAWAR FASA 4 (5.846311625102739, 118.03064012792466)
2026-02-19 00:20:38,157 - INFO - Processing record 184c2c95-383c-4283-9cf0-8f837baede66: VISTA MININTOD (5.930156881484277, 116.10768522367296)
2026-02-19 00:20:39,939 - INFO - Processing record 185ec263-e3c6-4566-8f5c-1f3e5847f0f7: E1. SEKSYEN 16 (APT SURIA AVENUE),E1. SEKSYEN 16 (FLAT B : BLOK 5 - 8),E1. SEKSYEN 16 (FLAT C : BLOK 17 - 26),E1. SEKSYEN 16 (JLN 16/2 : RESIDENSI ADVENA),E1. SEKSYEN 16 (KAW PERINDUSTRIAN A : JLN 16/1 - 16/8 & PERSIARAN KEMAJUAN) (3.059451279252427, 101.50698435592231)
2026-02-19 00:20:41,475 - INFO - Processing record 1890738a-d4f7-4e70-9222-74fa90c60f9f: E13. USJ 1 (PANGSAPURI MERANTI) BLOK K, J,E13. USJ 1 (REGINA RESIDENCE) (3.049364534985075, 101.60075391016044)
2026-02-19 00:20:43,293 - INFO - Processing record 18c850d3-0ea4-4946-8317-37125529b96d: E4. SEKSYEN U7 (TUDM SUBANG A : BLOK G1 - G9),E4. SEKSYEN U7 (TUDM SUBANG D : BLOK F1 - F9 & BLOK E1 & E2) (3.1141430936095915, 101.543705939)
2026-02-19 00:20:45,552 - INFO - Processing record 18d73e08-6e13-4211-b3b5-c67967dad738: AP100 KAMPUNG KONGSI 8/2 (4.26682874387417, 117.94028246272848)
2026-02-19 00:20:47,074 - INFO - Processing record 18d77b5c-1a05-4f43-8a0d-8a0bfd9e346d: TMN ISTIMEWA_ZON A,TMN ISTIMEWA_ZON E (1.5306530114000012, 103.76923678489698)
2026-02-19 00:20:48,858 - INFO - Processing record 192f2718-3331-4064-8978-15d2cd623b20: JALAN 6/5A-F SEKSYEN 6 BANDAR RINCHING (2.924384834527605, 101.86355371048468)
2026-02-19 00:20:50,421 - INFO - Progress: 10/100 in batch, Total: 19590/21579 overall
2026-02-19 00:20:50,421 - INFO - Processing record 1959cadd-a211-4004-99d7-10494225eabc: APT SEROJA,APT TERATAI (2.9334918741986766, 101.60053568539736)
2026-02-19 00:20:52,525 - INFO - Processing record 196ebd08-e0e2-481b-a0cc-1856c40683a0: JINJANG UTARA (JALAN JINJANG SETIA 1-7),RESIDENSI M LUNA (3.226260272887098, 101.65366424399596)
2026-02-19 00:20:54,708 - INFO - Processing record 1976010e-c55b-4a2d-8439-7eaadbfcdc7a: RPR BATU KAWA (2) (1.5242121756521734, 110.31756868840996)
2026-02-19 00:20:56,466 - INFO - Processing record 199b64ee-7039-4d19-b9bd-d8980d7df86a: TAMAN IJOK DAMAI (3.30986778509434, 101.41339518790566)
2026-02-19 00:20:58,605 - INFO - Processing record 19d89428-f1a9-4190-8214-a39ee948ed4a: JALAN CP 7 TAMAN CHERAS PERDANA (3.037484468000002, 101.7614327121987)
2026-02-19 00:21:00,416 - INFO - Processing record 1a140187-a09d-4ea6-961e-a3a9173e2a09: TMN BKT RAWANG JAYA (ZON B),TMN BKT RAWANG JAYA (ZON D) (3.333824812684933, 101.5864534690548)
2026-02-19 00:21:02,589 - INFO - Processing record 1a2333c6-820b-48be-abc1-b7c81a35a062: APARTMENT MERU COURT (3.125404380290323, 101.44297034535484)
2026-02-19 00:21:04,386 - INFO - Processing record 1a42cb6a-eda2-495e-a176-bad6feb62445: BDR UDA UTAMA_UDA UTAMA 6/ (1.4897999956823536, 103.67055683674708)
2026-02-19 00:21:06,510 - INFO - Processing record 1a465fcd-f807-4fd7-be60-13c30369aec7: JALAN CHEMOR (TITIWANGSA SENTRAL KONDOMINIUM),JALAN PEKELILING LAMA(TR RESIDENCE) (3.171883477640003, 101.69698797573714)
2026-02-19 00:21:08,666 - INFO - Processing record 1a732c9d-d671-48f1-a849-61e1710339b7: JALAN TAMING KIRI 1-6 TAMAN TAMING JAYA (3.025712372723682, 101.74458120963816)
2026-02-19 00:21:10,492 - INFO - Progress: 20/100 in batch, Total: 19600/21579 overall
2026-02-19 00:21:10,493 - INFO - Processing record 1a99de3d-f19c-4777-b389-8320547cd016: JALAN HILIR 2-7 TAMAN AMPANG HILIR (3.1500069918698648, 101.74853194400684)
2026-02-19 00:21:11,982 - INFO - Processing record 1ab26eb7-1561-4eff-8d88-0aeb7d1e8dd8: APT MAWAR PRIMA BERUNTUNG (3.4007004767635136, 101.54282524387835)
2026-02-19 00:21:14,215 - INFO - Processing record 1accf8f8-a53c-46c4-bb74-a4327634fd54: BRAYANG SUNGAI TIGA (1.9214805764647829, 111.41785487307747)
2026-02-19 00:21:16,372 - INFO - Processing record 1adf62e7-005f-4899-a75c-b13f41c85dbe: JALAN KESUMA 7,7/1,7/17 DAN 7/18 (TANAH LOT) BANDAR TASIK KESUMA,JALAN KESUMA 7/2 (TERES),7/8-7/16 BANDAR TASIK KESUMA (2.8988499880124987, 101.87537067500624)
2026-02-19 00:21:18,321 - INFO - Processing record 1ae455c0-aa3d-41aa-863b-23f0b2f9a846: E1. SEKSYEN 16 (APT SURIA AVENUE),E1. SEKSYEN 16 (FLAT C : BLOK 17 - 26) (3.059530691968087, 101.5076163698564)
2026-02-19 00:21:20,474 - INFO - Processing record 1b084b87-d97a-4bf2-88f0-40215771adbf: TMN DESA JAYA ZON 4,TMN DESA JAYA ZON 7 (3.2184296676473445, 101.62629379222705)
2026-02-19 00:21:22,520 - INFO - Processing record 1b09b12e-20f1-4e49-9be4-5bed0ed4a26e: FLAT DANAU KOTA (BLOK A,B,C) (3.201022620999993, 101.71417868499998)
2026-02-19 00:21:24,043 - INFO - Processing record 1b3923d3-25b3-47cc-977c-7e9e761f7c89: HALAMAN MERU PERMAI (4.676154414091546, 101.08499964962677)
2026-02-19 00:21:25,843 - INFO - Processing record 1b82371e-9918-4ca8-9a16-be4c05fdaba7: E1. SEKSYEN 7 (FLAT A : BLOK 1 - 12, BLOK 38 - 43),E1. SEKSYEN 7 (FLAT C : BLOK 44 - 51),E1. SEKSYEN 7 (FLAT D : BLOK 52 - 58),E1. SEKSYEN 7 (TERES J : JLN 7/63-7/69A & AQUAVILLA TOWNHOUSE) (3.0728668887175603, 101.48489466372902)
2026-02-19 00:21:28,384 - INFO - Processing record 1bb2407d-ae19-42ab-a849-c1838cdd5d66: TMN. SOGA ZON A (1.8370698178561675, 102.93861816874656)
2026-02-19 00:21:30,196 - INFO - Progress: 30/100 in batch, Total: 19610/21579 overall
2026-02-19 00:21:30,197 - INFO - Processing record 1bd46f90-73d3-4555-9743-3fc0f80e8069: TAMAN ARIF (5.925219854864866, 102.24101224)
2026-02-19 00:21:31,659 - INFO - Processing record 1bd80ed6-0314-4d7f-927e-51e1a9c300dd: TAMAN SERI JAROM,TAMAN SERI JAROM, ZON 2 (2.8744266745652194, 101.49368429893168)
2026-02-19 00:21:33,834 - INFO - Processing record 1bdd7025-c7c1-48bd-9d40-662e2e3ee3c1: TAMAN SRI ANDALAS 07 (3.022174636816904, 101.45790156554224)
2026-02-19 00:21:35,361 - INFO - Processing record 1bf1fdd7-6106-4df3-bf1f-94d454f5b541: TAMAN SRI RUGADING (6.114893236866199, 116.2000509209648)
2026-02-19 00:21:36,882 - INFO - Processing record 1c01d80a-f051-4c67-915f-66fc637b7e9f: APPT MAS AYU,BDR BARU SELAYANG FASA 1 (ZON A),KG SELAYANG INDAH ZON A,KG SELAYANG INDAH ZON C,KG SELAYANG PANDANG,SELAYANG BARU ZON 1,SELAYANG BARU ZON 11,SELAYANG BARU ZON 3 (3.251545989108459, 101.66424638844686)
2026-02-19 00:21:38,662 - INFO - Processing record 1c1d8dc1-0eb0-42fc-a3f8-09a42f48403f: E13. SS 17/1,E13. SS 17/2,E13. SS 18/3,E13. SS 18/4 (3.072004618139277, 101.58247816708914)
2026-02-19 00:21:40,570 - INFO - Processing record 1c2034c7-0048-43d8-b8be-5c4289a954d1: TMN BKT RAWANG JAYA (ZON B),TMN BKT RAWANG JAYA (ZON D) (3.333824812684933, 101.5864534690548)
2026-02-19 00:21:42,097 - INFO - Processing record 1c3cfc5c-9235-4718-a9ae-b32d38f8707e: PRESINT 8 - JALAN TEMOLEH,PRESINT 8 - TAMARA RESIDENCE @ AYER 8 (2.926956439871163, 101.680738701773)
2026-02-19 00:21:43,622 - INFO - Processing record 1c60522c-e1d2-4442-9842-cc38a7fa38af: APARTMENT PELANGI COURT,ASRAMA SMJK KWANG HUA,BANDAR BARU KLANG 04,TAMAN ENG ANN 02,TAMAN ENG ANN 04 (3.062987703815886, 101.45951940198916)
2026-02-19 00:21:45,405 - INFO - Processing record 1c6a9a10-ac3c-4e54-aae0-ba16007eb87e: TAMAN ANGSAMAS (FASA 1),TAMAN ANGSAMAS (FASA 2) (2.6483752281666693, 101.92580208620667)
2026-02-19 00:21:47,231 - INFO - Progress: 40/100 in batch, Total: 19620/21579 overall
2026-02-19 00:21:47,231 - INFO - Processing record 1c791052-f581-4ae4-8dac-1ed97f110189: E13. USJ 15(SBG PERDANA GOODYEAR COURT 10A)BLOK A(A,B,C,D,E,F,G,H,J,K,L,M,N,P,Q),E14. USJ 18 (3.0358663289378875, 101.5823506739938)
2026-02-19 00:21:48,967 - INFO - Processing record 1c7cf5c2-6fcb-4310-98b4-f3b19d3f31ae: JALAN 3/23-28,3/35-37 SEKSYEN 3 BANDAR BARU BANGI (2.9405764580000096, 101.782153048)
2026-02-19 00:21:50,505 - INFO - Processing record 1ca51434-b0a9-4723-b909-843f3c664832: PANGSAPURI MAKMUR SAUJANA IMPIAN (3.0195756357605608, 101.78638514753524)
2026-02-19 00:21:52,754 - INFO - Processing record 1cc0c70a-476a-4d46-8ef4-be3f029e8581: KONDOMINIUM THE TAMARIND,MENARA KLH KONDOMINIUM,VIVA RESIDENCY (3.179994713257462, 101.68831078776492)
2026-02-19 00:21:55,029 - INFO - Processing record 1cc28b7c-089f-4a47-8912-c5febbed6f75: PANGSAPURI MAKMUR SAUJANA IMPIAN (3.0199725088280265, 101.78635522714012)
2026-02-19 00:21:57,188 - INFO - Processing record 1cdcc22b-f084-43a4-9073-21d5b034f23f: DESA AMAN 1(PDRM),DESA AMAN 2 (PDRM),KONDO RAKYAT,LAUREL RESIDENCE BANGSAR SOUTH,THE GOODWOOD RESIDENCE (3.1065252318594383, 101.6652687286747)
2026-02-19 00:21:59,332 - INFO - Processing record 1d09a8ce-6087-4c5f-9f4e-0149911a0ce8: ENSING TIMUR (1.513896176763156, 110.31117102288157)
2026-02-19 00:22:01,679 - INFO - Processing record 1d4fdb1e-78e3-4291-89a6-02a9d72ffd66: JALAN RASAH,TAMAN LUCKY (2.704297500602093, 101.94189242990052)
2026-02-19 00:22:03,823 - INFO - Processing record 1d892070-9626-40a9-a06f-f132ba70453d: FLAT DANAU KOTA ( BLOK D & E),FLAT DANAU KOTA (BLOK A,B,C),KONDOMINIUM SETAPAK RIA,PANGSAPURI TERATAI MEWAH,RESIDENSI BENNINGTON SETAPAK,TAMAN DANAU KOTA(KONDOMINIUM PLATINIUM VIC LAKE 10),TERATAI RESIDENCY SETAPAK (3.1993114318212106, 101.71354413227272)
2026-02-19 00:22:05,343 - INFO - Processing record 1d8a1436-fc71-4b22-a7fa-1e2d5c9215e1: JLN TAR SUSUR 7 (KIPS GURU) (1.4940496497439038, 103.73251996893904)
2026-02-19 00:22:06,907 - INFO - Progress: 50/100 in batch, Total: 19630/21579 overall
2026-02-19 00:22:06,907 - INFO - Processing record 1d95e844-82e7-4dd5-a249-c8729eafaba8: PRESINT 5 - PPAM SERULING,PRESINT 5- PARCEL 5R6 (2.889096698597561, 101.67977632954268)
2026-02-19 00:22:08,375 - INFO - Processing record 1da13acf-a98e-4be0-9add-b052fff3a1e7: KG.WARISAN PH 1 (6.0130902570875016, 116.13173523540624)
2026-02-19 00:22:09,916 - INFO - Processing record 1dc1d933-e0be-4213-a48b-a6ae15659d20: ANGKASA IMPIAN CONDO 2 JLN SAHABAT,BERJAYA TIMES SQUARE HOTEL,BESTOW BOUTIQUE HOTEL,JALAN BEDARA,JALAN CHANGKAT,JALAN CHANGKAT THAMBI DOLLAH,JALAN GALLOWAY,JALAN MEDAN IMBI,JALAN MELATI,JALAN PUDU LAMA,JALAN SAHABAT,JALAN SARAWAK,JALAN TENGKAT TONG SHIN,JALAN WALTER GRENIER,KELUMPUK KENANGA,MUTIARA VILLA CONDOMINIUM,SKY SUITES @ KLCC JALAN P.RAMLEE,ST MARY RESIDENCE,SUN COMPLEX JALAN IMBI,WISMA COSWAY, JALAN RAJA CHULAN,YOONG YOONG MANSION (3.146039302970954, 101.70817814208712)
2026-02-19 00:22:12,085 - INFO - Processing record 1dcae891-0aaf-44b5-9915-634f8ff7cf1a: E13. USJ 5/1 (3.053488678188118, 101.57681430526732)
2026-02-19 00:22:14,220 - INFO - Processing record 1e890119-5332-48da-ab14-258ad9d77d93: PEKAN MENGGATAL,TAMAN BUKIT PULUTAN,TAMAN MANSIANG,TAMAN SRI BARU,TAMAN SRI BARU FASA 2,TAMAN SUNGAI EMAS (6.023038238489627, 116.15760582882572)
2026-02-19 00:22:16,013 - INFO - Processing record 1e8d2855-acce-4d60-b2e0-ef1b63a53c50: JALAN 78-86 TAMAN BUKIT MEWAH (2.97516699208904, 101.80214384826029)
2026-02-19 00:22:18,371 - INFO - Processing record 1eb727ee-750a-408d-ac8c-11b779b0952f: JAMBUL VIEW,PERSIARAN BUKIT JAMBUL,TAMAN DESA DAYA (5.334837709907516, 100.27986060028904)
2026-02-19 00:22:20,613 - INFO - Processing record 1ec89063-c428-419a-b73f-96e8dde2a87d: TMN BKT INDAH FASA 2 (ZON 2),TMN BKT INDAH FASA 3 ZON 2 (3.1520962115696984, 101.7785908281091)
2026-02-19 00:22:22,447 - INFO - Processing record 1f2681d4-f072-4cdf-a24c-c5982f9180e0: TAMAN SERI JAROM,TAMAN SERI JAROM, ZON 2 (2.8744266745652194, 101.49368429893168)
2026-02-19 00:22:23,974 - INFO - Processing record 1f8c28cb-d27d-4f3f-9f34-d16c93f7b53b: APT DAHLIA TBR BB,APT KENANGA TBR BB,APT MAWAR TBR BB,APT TERATAI TBR BB,PERSIARAN TAMAN BUNGA RAYA (3.441757876402173, 101.54998641122609)
2026-02-19 00:22:26,253 - INFO - Progress: 60/100 in batch, Total: 19640/21579 overall
2026-02-19 00:22:26,254 - INFO - Processing record 1fb7c9a2-e8c1-4dcd-8667-640ad0be1650: JALAN REJANG 15 (RESIDENSI RAMPAI 2),PPR WANGSA SARI SEKSYEN 1 WANGSA MAJU,RESIDENSI SERI RIANA,SEK 1 WANGSA MAJU BLOK  D,SEK 1 WANGSA MAJU BLOK E,SEK 2 WANGSA MAJU ( MENARA ALPHA KONDOMINIUM),TAMAN SRI RAMPAI (JALAN MEGAN SETAPAK),TAMAN SRI RAMPAI B (JLN 13/26 - 22/26)),TAMAN SRI RAMPAI F (JLN 47/26 - 66/26),TAMAN SRI RAMPAI G (JLN67/26 - 81/26) (3.200460204595396, 101.73282780781578)
2026-02-19 00:22:28,131 - INFO - Processing record 1fbdbdc5-7137-48ad-920d-1b4215046ee6: FLAT PKNS (JALAN TUN RAZAK),KAMPUNG BARU (ASRAMA PICOMS RAJA ABDULLAH),KAMPUNG BARU (KG. ATAS A),KAMPUNG BARU (KG. ATAS B),KAMPUNG BARU (KG. PAYA 1),KAMPUNG BARU (KG. PAYA 2),KAMPUNG BARU (PLAZA RAH),KAMPUNG BARU (WISMA ZABEDAH),KUARTERS HOSPITAL KUALA LUMPUR (3.16672066755586, 101.7087395552207)
2026-02-19 00:22:30,312 - INFO - Processing record 20098a3c-a9bd-4c32-937d-bb4f51036971: PUDU IMPIAN 1 (3.118077989182431, 101.73129281226352)
2026-02-19 00:22:31,836 - INFO - Processing record 203f4625-8851-4c9d-89e3-632a86f057a9: E1. SEKSYEN 7 (FLAT D : BLOK 52 - 58),E1. SEKSYEN 7 (KUARTERS KLINIK KESIHATAN),E1. SEKSYEN 7 (TERES E : JLN 7/29-7/35),E1. SEKSYEN 7 (TERES J : JLN 7/63-7/69A & AQUAVILLA TOWNHOUSE) (3.073864415427317, 101.48971191821146)
2026-02-19 00:22:33,792 - INFO - Processing record 2041f3bc-4b70-4453-b84d-aafbc536eb7b: APPT MAS AYU,BDR BARU SELAYANG FASA 1 (ZON A),KG SELAYANG INDAH ZON A,KG SELAYANG INDAH ZON C,KG SELAYANG PANDANG,SELAYANG BARU ZON 1,SELAYANG BARU ZON 11,SELAYANG BARU ZON 3 (3.2518824509269777, 101.66411151394118)
2026-02-19 00:22:35,592 - INFO - Processing record 2063bab9-8bf7-44b6-bcb3-0e839dd9fd46: APPT TAMAN TENAGA,TAMAN TENAGA DAN RUMAH KEDAI JALAN 1 TAMAN TENAGA (2.959494583660134, 101.78776261294772)
2026-02-19 00:22:37,749 - INFO - Processing record 207a6514-28ee-4a5c-b8ab-8346d59cac78: TAMAN MESRA (5.862350295533332, 118.07847389858)
2026-02-19 00:22:39,284 - INFO - Processing record 207bebc5-7d2d-4cc2-8120-1137ef1370a2: APARTMENT NILAI 3 CASSIA (BLOK A,B,C),KAWASAN PERNIAGAAN NILAI 3 (JLN. 3/1, 3/3, 3/5, 3/6, 3/7, 3/8, 3/10, JLN. MEKANI,KAWASAN PERNIAGAAN NILAI 3 (JLN. 3/2, 3/4, 3/9, 3/11, 3/13, 3/15, 3/17, 3/19) (2.8551954460032776, 101.80557088030164)
2026-02-19 00:22:41,055 - INFO - Processing record 20833525-4f09-4261-86a8-436043e54569: TAMAN SEREMBAN 3 (JLN. SEREMBAN TIGA 1-4),TAMAN SEREMBAN 3 (JLN. SEREMBAN TIGA 27-32) (2.6722243607666685, 101.93100086050669)
2026-02-19 00:22:42,896 - INFO - Processing record 20960f1a-1ff1-4e73-add4-76f3cfc2db1c: E13. USJ 5/1 (3.0533207226874994, 101.5765589095673)
2026-02-19 00:22:45,153 - INFO - Progress: 70/100 in batch, Total: 19650/21579 overall
2026-02-19 00:22:45,153 - INFO - Processing record 20da47d9-1120-4c1f-8560-6fb67edc73aa: E4. SEKSYEN U13 ( PANGSAPURI SEROJA ) (3.1104882209794527, 101.44725761492468)
2026-02-19 00:22:47,209 - INFO - Processing record 210f31fb-de4f-4b73-851a-f3e6816d057e: BUKIT OUG TOWNHOUSE,THE ROSEWOODZ RESIDENCE (3.061718438831247, 101.66515675964376)
2026-02-19 00:22:49,012 - INFO - Processing record 21170973-3154-4e2c-8823-6644024cbcc7: JALAN PANDAN 10 PANDAN JAYA (3.1397509560443018, 101.73696730314558)
2026-02-19 00:22:50,800 - INFO - Processing record 2128e23c-ca81-4782-b818-ddaf6fd3f8c4: TAMAN NILAM ZON C (6.375851088273333, 99.87410153832668)
2026-02-19 00:22:52,948 - INFO - Processing record 213e1aa4-3dfc-42db-8bbe-965b3f5efc4e: TAMAN DATO HORMAT (JALAN NIPAH) (2.9027650889872607, 101.46095347762422)
2026-02-19 00:22:55,197 - INFO - Processing record 215cfccb-ede8-4ab0-a98b-9439f23d0234: KAMPUNG BUKIT KAPAR JALAN ISKANDAR 02 (3.162674466725352, 101.43470057661268)
2026-02-19 00:22:56,722 - INFO - Processing record 21815418-4747-45ef-822e-18c6392d7add: E13. TMN PINGGIRAN USJ 1,E13. TMN PINGGIRAN USJ 2 (3.0516143207586195, 101.55912572240888)
2026-02-19 00:22:58,879 - INFO - Processing record 2196c6cd-66a2-404c-9ef2-5bcb19af3a45: KUARTERS PERTANIAN GOMBAK SETIA (3.2165700381111124, 101.714982803672)
2026-02-19 00:23:00,653 - INFO - Processing record 2197d378-54b0-4358-a982-2f8c234a804b: E4. SEKSYEN U7 (TUDM SUBANG A : BLOK G1 - G9),E4. SEKSYEN U7 (TUDM SUBANG D : BLOK F1 - F9 & BLOK E1 & E2) (3.1141430936095915, 101.543705939)
2026-02-19 00:23:02,169 - INFO - Processing record 21a8651a-fbc2-41b5-bf72-3ef9e7f9b0e8: TAMAN MUTIARA FASA II (5.438620084658822, 100.64414134754117)
2026-02-19 00:23:03,737 - INFO - Progress: 80/100 in batch, Total: 19660/21579 overall
2026-02-19 00:23:03,737 - INFO - Processing record 21c0360f-e02f-4063-830b-eedebcc74732: APPT TAMAN PRIMA CEMPAKA (2.97623770354487, 101.81853691991024)
2026-02-19 00:23:05,481 - INFO - Processing record 21ddc864-0a3e-42aa-91dd-1426a32382d3: APPT TAMAN PRIMA CEMPAKA (2.976361820894408, 101.81839089418634)
2026-02-19 00:23:07,760 - INFO - Processing record 22013503-97a1-4f91-98c8-7ab544d61b06: TAMAN ANGSAMAS (FASA 1),TAMAN ANGSAMAS (FASA 2) (2.6483752281666693, 101.92580208620667)
2026-02-19 00:23:09,291 - INFO - Processing record 222162ba-c261-4750-9a21-cd46b98e7ad2: CYBERSQUARE APEX TOWER,CYBERSQUARE VERTEX TOWER (2.919103130006713, 101.65675915226176)
2026-02-19 00:23:11,524 - INFO - Processing record 222a89c6-fb24-45c3-ac62-ce8cbde50527: TAMAN SERI JAROMAS (LOT KEDAI),TAMAN SERI JAROMAS (ROSSA) (2.8747000437361963, 101.50395532074234)
2026-02-19 00:23:13,307 - INFO - Processing record 22557358-a49d-4eb9-8f02-bbdacb3aa8e2: E15. TMN DAMAI UTAMA 5 (PALMERA KINRARA RESIDEN) (3.026557563719745, 101.66606458541402)
2026-02-19 00:23:15,131 - INFO - Processing record 22aba91f-26d2-4784-8d98-384bfecfd74d: KAMPUNG BARU (3.1658976477323963, 113.05567225661268)
2026-02-19 00:23:16,994 - INFO - Processing record 22b2949a-46c4-4ffe-a503-032caa131f1b: TAMAN SETIA JASA 1,TAMAN SETIA JASA 3 (3.47887386930058, 102.49791095691906)
2026-02-19 00:23:19,137 - INFO - Processing record 22c083f5-a55e-4d07-bd09-0b83ef96945b: E9. KT SS 8 APT KELANA IMPIAN,E9. KT SS 9A 1 (JLN 9A/3,5,6,7,8,9,10,11,12,17,20 ) (3.090641768301202, 101.61420786165662)
2026-02-19 00:23:20,661 - INFO - Processing record 22e017f5-0166-4e4d-baf6-c8a3a09a5c34: E12. TM PJS 2D FLAT DESA MENTARI (BLOK 11) (3.076355078000006, 101.633338676)
2026-02-19 00:23:22,224 - INFO - Progress: 90/100 in batch, Total: 19670/21579 overall
2026-02-19 00:23:22,224 - INFO - Processing record 22ef8315-6b4a-4801-b21a-4dd3ff17ab75: E6. BL PJU 10 APT INDAH,E6. BL PJU 10 APT SAUJANA 1 (A,B,C,D,E,F,L,M),E6. BL PJU 10 APT SELASIH,E6. BL PJU 10 SPHERE DAMANSARA KONDO,E6. BL PJU 10 THE ZIZZ CONDO,E6. BL PJU 9 SD 12 FLAT SRI CEMPAKA,E6. BL PJU 9 SD 12 RUMAH KEDAI,E6. BL PJU 9 SD 13 APT SRI MERANTI (1) [A,B,C,D,E,F,G],E6. BL PJU 9 SD 13 APT SRI MERANTI (2) [H,J,K,L,M,N,P,Q,R] (3.1939532385449736, 101.59899382032272)
2026-02-19 00:23:23,931 - INFO - Processing record 23050d7e-a8a1-4854-9a3c-41f8ae518bf7: BRAYANG SUNGAI TIGA (1.9214805764647829, 111.41785487307747)
2026-02-19 00:23:25,471 - INFO - Processing record 231f2db0-740a-4271-905d-f77d9f2889b2: TAMAN FAJAR FASA 1,TAMAN FAJAR FASA 2,TAMAN FAJAR FASA 3 (5.886337110603351, 118.05400300264246)
2026-02-19 00:23:27,250 - INFO - Processing record 232bd087-4ed0-40c0-b55f-b7be131709e2: PELABUHAN KLANG 02 (3.0096248088219184, 101.39974986732192)
2026-02-19 00:23:29,412 - INFO - Processing record 23502196-8f2b-4641-ac22-7d5bb87c8914: LAMBAIAN RESIDENCE 1,2 & 3 KAJANG (2.9338574808028164, 101.80577906749296)
2026-02-19 00:23:31,266 - INFO - Processing record 23532e60-652e-40fa-a889-f7a37ca02ddc: E13. USJ 1 (ANGSANA APPT),E13. USJ 1 (PANGSAPURI MERANTI) BLOK K, J (3.0450201798971466, 101.60219592597714)
2026-02-19 00:23:32,801 - INFO - Processing record 23913767-e88c-450d-867d-558d6d94f6ff: TAMAN KINTAMAN,TAMAN SENTOSA 03,TAMAN SENTOSA 08,TAMAN SENTOSA 09,TAMAN SENTOSA 18,TAMAN SENTOSA 26 (3.003450238006514, 101.47154095577852)
2026-02-19 00:23:35,155 - INFO - Processing record 23a47574-930a-441b-be7d-ce9f4a120eb0: BANDAR MENJALARA (JALAN 13 HINGGA 15/62B),KONDOMINIUM TWY,KONDOMINIUM VISTA KIARA,LANAI KIARA CONDO,MONT KIARA (INSPIRASI MONT KIARA),MONT KIARA (MK 28),TAMAN SRI HARTAMAS (JALAN SRI HARTAMAS 2) (3.166515609330049, 101.650420865702)
2026-02-19 00:23:36,697 - INFO - Processing record 23a65005-1b02-4d41-aa86-0d74a0434fed: PPR PINGGIRAN 1 (BLOK A,B,C,D,E,F),PPR PINGGIRAN 2(BLOK G,H,J,K,L,M) (3.048185527951923, 101.65396739275)
2026-02-19 00:23:38,473 - INFO - Processing record 23bfc0e5-df80-4b45-9f32-961095fe2aca: TAMAN WIDURI INDAH (2.6945028616462583, 101.99581033142856)
2026-02-19 00:23:40,280 - INFO - Progress: 100/100 in batch, Total: 19680/21579 overall
2026-02-19 00:23:40,300 - INFO - Batch completed: 100 records in 187.0s
2026-02-19 00:23:40,300 - INFO - Overall progress: 19680/21579 (1899 remaining)
2026-02-19 00:23:40,301 - INFO - Estimated time remaining: 1.0 hours
2026-02-19 00:23:42,337 - INFO - Found 100 records to geocode
2026-02-19 00:23:42,337 - INFO - Processing record 23d0dec3-6515-4aa5-b9f8-7a508cf023f3: PERSIARAN HAMZAH ALANG 07 (3.135502845326528, 101.38659127004082)
2026-02-19 00:23:42,392 - INFO - Processing record 23f0cdd3-a1a0-4049-a68c-fc80b0392da3: JINJANG UTARA (JALAN JINJANG SETIA 1-7) (3.223629365075344, 101.65551494865753)
2026-02-19 00:23:44,650 - INFO - Processing record 2404e54f-1d86-4214-83a6-f3e0d7dabefd: KG GAMBARON 1 (5.621498894913332, 117.14197888864668)
2026-02-19 00:23:46,171 - INFO - Processing record 2405efa3-c121-49fc-bf1a-7b2ff9725ec9: TAMAN BELIMBING HEIGHTS (2.716726220129871, 101.9364946822078)
2026-02-19 00:23:47,942 - INFO - Processing record 24250afd-0fca-4869-9eb4-a53b85e76a8c: APT RISTA VILLA (2.9470734612685705, 101.60619843716572)
2026-02-19 00:23:49,749 - INFO - Processing record 244c420c-7a3f-4ca2-a44e-8fba33dcec94: APARTMENT MELAWA RIA (6.083394327830986, 116.1530004449296)
2026-02-19 00:23:51,879 - INFO - Processing record 246f7377-4b0b-423c-a2d7-329ef83a8cfa: E5. SEKSYEN U20 (FASA 1D BBSB : JLN 1D/1 - 1D/3) (3.2181085399999985, 101.5662835947)
2026-02-19 00:23:54,118 - INFO - Processing record 247bcc15-ed18-42c3-ba56-199e0ef89896: TAMAN SRI PINANG (5.406478994691782, 100.32296066603423)
2026-02-19 00:23:56,032 - INFO - Processing record 249c3cb7-bda5-4803-82e0-ddd8cfa00808: E13. TMN PINGGIRAN USJ 2 (3.052925945000027, 101.56148147599998)
2026-02-19 00:23:57,930 - INFO - Processing record 24a9b797-bd1b-4e28-be97-adcb8c4e7c20: APARTMENT MERU COURT (3.125404380290323, 101.44297034535484)
2026-02-19 00:23:59,497 - INFO - Progress: 10/100 in batch, Total: 19690/21579 overall
2026-02-19 00:23:59,497 - INFO - Processing record 24ec0c30-7062-4634-8274-89f4553e2fdf: E13. SS 17/1 (3.077062840999986, 101.579789452)
2026-02-19 00:24:00,962 - INFO - Processing record 24fd7f7f-5edf-4f7d-8fc8-711576928cf6: APARTMENT BAYU VILLA,APARTMENT VISTA INDAH PUTRA (3.0186254508037984, 101.4288023340633)
2026-02-19 00:24:02,933 - INFO - Processing record 25059b1f-d594-43b1-af9a-8fe430791a75: E3. SEKSYEN 26 (FLAT PPRT BLOK A,B,C),E3. SEKSYEN 27 (FLAT H : BLOK 40 - 42) (3.028100538480265, 101.56835431904604)
2026-02-19 00:24:04,722 - INFO - Processing record 252b589a-6abd-4d3d-8799-4d953aa2338c: TMN MUTIARA RINI_JLN UTAMA 34-46 (1.520237797110391, 103.6370312628896)
2026-02-19 00:24:06,619 - INFO - Processing record 25507760-74cd-4851-a305-0c5dfc6054cf: TAMAN DATO HORMAT (JALAN NIPAH) (2.9027650889872607, 101.46095347762422)
2026-02-19 00:24:08,146 - INFO - Processing record 258c2e1e-38cf-4def-ad54-b4446a236d9c: TAMAN KLANG JAYA 07 (3.007131137347563, 101.45105181743902)
2026-02-19 00:24:10,035 - INFO - Processing record 258c7148-508b-4b98-9f75-27592e351d47: TAMAN MAWAR FASA 4 (5.846030394651316, 118.0305401420987)
2026-02-19 00:24:11,846 - INFO - Processing record 25a27e0c-bb04-4e52-914e-1c09dfbd249c: KEM MAJIDEE TANJUNG LABUH (1.7949899696986271, 102.95324447387672)
2026-02-19 00:24:14,084 - INFO - Processing record 25afa290-e534-4bc8-87e0-b39b3c51b23a: JU03 TAMAN RIA 1 & 2,JU05 TAMAN HILL TOP,JU12 TAMAN HUA TAI,JU19 TAMAN RIA 4,JU52 KG. PISANG (4.281224797034384, 117.87966914173066)
2026-02-19 00:24:15,852 - INFO - Processing record 26067fa8-a417-47e9-a4c3-eba5beb75a00: E6. BL PJU 10 APT INDAH,E6. BL PJU 10 INDAH KONDO,E6. BL PJU 10 SPHERE DAMANSARA KONDO,E6. BL PJU 9 SD 12 FLAT SRI CEMPAKA,E6. BL PJU 9 SD 13 APT SRI MERANTI (1) [A,B,C,D,E,F,G],E6. BL PJU 9 SD 13 APT SRI MERANTI (2) [H,J,K,L,M,N,P,Q,R] (3.19466931965108, 101.60167156811151)
2026-02-19 00:24:17,687 - INFO - Progress: 20/100 in batch, Total: 19700/21579 overall
2026-02-19 00:24:17,687 - INFO - Processing record 26167e90-c0f1-4491-b338-71e42ce21fe3: JALAN KESUMA 8/3 (FASA 10) BANDAR TASIK KESUMA (2.917807618859153, 101.88385829148592)
2026-02-19 00:24:19,379 - INFO - Processing record 261af1ca-236d-45c2-946c-9931e8363aca: KG. CENDERAMATA,TAMAN KEMAJUAN LIKAS (6.001121760094675, 116.11716801725444)
2026-02-19 00:24:21,529 - INFO - Processing record 262a0fa3-659f-4023-a2fa-9ae9da07bbf5: KAMPUNG NANAS(SETINGGAN),KARAMUNTING BARU (5.812406552771602, 118.07179984116664)
2026-02-19 00:24:23,302 - INFO - Processing record 262d899f-20b9-4608-8055-55733174918c: KAMPUNG MAMPIR (3.17882368715095, 101.8670399866541)
2026-02-19 00:24:25,069 - INFO - Processing record 2635cfbb-1a08-4ba8-a713-8179712d3b47: E12. TM SEK 51A FLAT IMPIAN BAIDURI (3.095179882399999, 101.6227923925027)
2026-02-19 00:24:26,587 - INFO - Processing record 26478dd0-cbc5-47ee-8848-b78d185e4b78: SUDOH (1.486714522809861, 110.1664968409507)
2026-02-19 00:24:28,115 - INFO - Processing record 269b74b2-2bad-4a72-805d-39a74b9af09f: TMN. SRI ALAM,TMN. SRI KENANGAN (2.564360482993193, 102.72421484528572)
2026-02-19 00:24:29,904 - INFO - Processing record 26aa451f-cbae-4347-818b-9c1f41d40009: KG BARU (PLAZA RAH) (3.1670259429999987, 101.703287612)
2026-02-19 00:24:31,734 - INFO - Processing record 26ff417a-5909-4a7e-b2e7-fdf03f7e3a98: FLAT SIM SIM (5.855143793680272, 118.1287560587959)
2026-02-19 00:24:33,978 - INFO - Processing record 2793818d-1909-4536-9b00-fe66cf008e50: TMN GRAND (5.920855700578233, 116.09165785038094)
2026-02-19 00:24:36,156 - INFO - Progress: 30/100 in batch, Total: 19710/21579 overall
2026-02-19 00:24:36,157 - INFO - Processing record 27a39131-8fe1-461b-869d-facc05486034: KAWASAN PERNIAGAAN NILAI 3 (JLN. 3/1, 3/3, 3/5, 3/6, 3/7, 3/8, 3/10, JLN. MEKANI,KAWASAN PERNIAGAAN NILAI 3 (JLN. 3/2, 3/4, 3/9, 3/11, 3/13, 3/15, 3/17, 3/19) (2.856206085911765, 101.80282325941668)
2026-02-19 00:24:38,346 - INFO - Processing record 27a8203a-4910-48d1-9eb7-ad1be31656c1: KG SIMPANG MORIB,TAMAN SERI JAROMAS (ROSSA) (2.7705445689718307, 101.45497950741547)
2026-02-19 00:24:40,156 - INFO - Processing record 27d39ea3-0f58-4707-9f6e-fc17bf345135: E17. SRI KEMBANGAN 3,E17. TMN BKT SERDANG 4 (SERI PAGI),E17. TMN SERDANG PERDANA (PERDANA SELATAN - SOUTH CITY CONDO),E17. TMN SERDANG PERDANA (PERDANA SELATAN - SOUTH CITY PLAZA),E17. TMN SERDANG PERDANA SP 2 (RUMAH KEDAI) (3.024417901761788, 101.70580390215882)
2026-02-19 00:24:41,694 - INFO - Processing record 28051d8c-fd67-4b26-8b99-5a871376cca7: TAMAN SENTOSA 05 (2.9935490659006634, 101.48135686809272)
2026-02-19 00:24:43,822 - INFO - Processing record 281f99b5-3bf1-46c3-a108-68771783c8f0: BDR UDA UTAMA_UDA UTAMA 6/ (1.4904751986666678, 103.67066249523718)
2026-02-19 00:24:45,585 - INFO - Processing record 283b9bcf-d771-4198-afa6-1c02bef4b309: TMN SUTERA _ 8SCAPE RESIDENSI (1.4868626814931478, 103.69280257117124)
2026-02-19 00:24:47,371 - INFO - Processing record 287c397f-6428-44ae-9cf9-cdc7befdeb00: TMN PASIR PUTIH_JLN ASLI (1.4761546689479792, 103.93231006964164)
2026-02-19 00:24:49,517 - INFO - Processing record 289993cd-b08b-4d3d-a8ea-10cc9ef16872: E17. TMN SERDANG PERDANA SP 5 (FLAT KOS RENDAH),E17. TMN SERDANG PERDANA SP 5 (SKY VILLA) (3.0406801009562523, 101.7065499576625)
2026-02-19 00:24:51,682 - INFO - Processing record 28a0caf6-c5f3-47da-8837-4babd06274d3: E6. BL PJU 9 SD 13 APT SRI MERANTI (2) [H,J,K,L,M,N,P,Q,R] (3.1926946940000107, 101.60213905400002)
2026-02-19 00:24:53,919 - INFO - Processing record 28a1cdac-0f58-45af-ba87-2c49fb17dfd6: TAMAN BELIMBING HEIGHTS (2.716726220129871, 101.9364946822078)
2026-02-19 00:24:55,479 - INFO - Progress: 40/100 in batch, Total: 19720/21579 overall
2026-02-19 00:24:55,479 - INFO - Processing record 28a5aac4-49b8-46a5-917d-007b2a2f3947: E10. BG SEK 16 KOLEJ KEDIAMAN KE-13 UNIVERSITY MALAYSIA,E9. KT SS 2 (1) [JLN SS 2/1-2/4, 2/4A,4B, 2/5-2/23, 2/25, 2/25A],E9. KT SS 2 (AMEERA KONDO),E9. KT SS 2 (KEN DAMANSARA KONDO 3) (3.12145915887234, 101.6252435660085)
2026-02-19 00:24:57,254 - INFO - Processing record 28c5ccbd-b308-42b3-a26a-9fccd1f18faa: TMN. SRI ALAM,TMN. SRI KENANGAN (2.564360482993193, 102.72421484528572)
2026-02-19 00:24:58,794 - INFO - Processing record 28c6eb7f-00a8-415b-a026-b042993fd79f: JALAN SEGAMBUT RENDAH,TAMAN SEGAMBUT (PERSIARAN SEGAMBUT DALAM) (3.181894787770699, 101.67727836222294)
2026-02-19 00:25:00,754 - INFO - Processing record 28cf6c4d-1293-4afb-bdb4-6e86cda2b919: LUCKY GARDEN (JALAN TEMPINIS 1-3),LUCKY GARDEN (JALAN TEMPINIS 4-5),TAMAN BUKIT PANTAI (LORONG BUKIT PANTAI) (3.126759003500001, 101.67162817202605)
2026-02-19 00:25:03,091 - INFO - Processing record 28e68a60-43ba-403e-bef4-5c7ebd499c83: DESA PANDAN (MUTIARA UPPER EAST CONDO) (3.152232261881579, 101.7381079925658)
2026-02-19 00:25:05,232 - INFO - Processing record 28eca984-70df-41bc-87d4-8ee3a9d5c44f: TAMAN SETIA JASA 1,TAMAN SETIA JASA 3 (3.4786478438202253, 102.4978165144382)
2026-02-19 00:25:07,476 - INFO - Processing record 29445949-8856-4a6d-9935-9b56857da6f9: JALAN KUNDUR / JALAN BAYAM,PPR COCHRANE PERKASA,PPR LAKSAMANA (A/B/C),WARISAN CITYVIEW FASA 1 (BLOK A, B, C, & CHJ) (3.132729682923332, 101.72284276032)
2026-02-19 00:25:10,241 - INFO - Processing record 29c1b83a-a3bc-4df6-ae29-a05e3a04e22e: TMN CEMPAKA BLOK 15-27 (1.515120071932098, 103.69940450624074)
2026-02-19 00:25:12,407 - INFO - Processing record 2a524d0b-5226-4724-a959-ea21a894dfbe: TMN SRI DERMAWAN (4.62739055494054, 101.12209290313513)
2026-02-19 00:25:13,923 - INFO - Processing record 2a5ccf8a-592d-4c5b-b68f-eb9aa0708a97: FLAT KEM SENAWANG (2.6801551036359, 101.99732869809232)
2026-02-19 00:25:15,486 - INFO - Progress: 50/100 in batch, Total: 19730/21579 overall
2026-02-19 00:25:15,488 - INFO - Processing record 2a5cdfde-30aa-4335-8210-68acef579b2a: FLAT SRI LANGKAWI 1 (3.2166748601761648, 101.71504445389118)
2026-02-19 00:25:17,570 - INFO - Processing record 2a675cdb-92d6-4ef7-9b22-3c1fad24b9e3: KG BARU (PLAZA RAH) (3.1670259429999987, 101.703287612)
2026-02-19 00:25:19,111 - INFO - Processing record 2aa06e1a-df3b-43ea-b173-dffeaa4cf0c6: APPT TAMAN DAMAI JAYA,TAMAN DAMAI JAYA (3.0625138067086106, 101.76638861022518)
2026-02-19 00:25:20,633 - INFO - Processing record 2aa3fde6-3b35-43bd-ad33-d6facf068b7b: JALAN LIKAS,PLAZA JUTA,TAMAN MOONEE LIKAS (5.993104991597825, 116.11324541884238)
2026-02-19 00:25:22,771 - INFO - Processing record 2aab314b-bd55-4554-b8db-a6f3640cbf8f: JALAN BERHALA (3.1284145679999824, 101.68799508)
2026-02-19 00:25:25,348 - INFO - Processing record 2aadd2b3-3960-4b0a-9ed5-c365e55b03a6: RESIDENSI VISTA DEDANAU,TAMAN DANAU KOTA (JALAN 2/23E-5/23E) (3.208121878552632, 101.72193134273029)
2026-02-19 00:25:26,857 - INFO - Processing record 2ad76e4e-e22c-4eaf-85c0-2ee6f9a748c1: PPR BATU MUDA (BLOK A, B, C DAN D) (3.207671472643313, 101.6827393046688)
2026-02-19 00:25:28,627 - INFO - Processing record 2ae40995-6bc0-4857-b522-1b3c835ce5d3: APPT TAMAN TAMING MAJU,JALAN CJ 2,CJ8,CJ10 DAN CJ11 TAMAN CHERAS JAYA,TAMAN TAMING MAJU (3.0211897055471675, 101.75840064557734)
2026-02-19 00:25:30,146 - INFO - Processing record 2b194f77-b3af-4100-aaed-4a64d2e57ee8: KG. PETAGAS (5.9141846809480505, 116.05473733262336)
2026-02-19 00:25:31,668 - INFO - Processing record 2b29c349-7e5f-4484-be99-f2c2740ac050: E6. BL PJU 9 SD 12 FLAT SRI CEMPAKA (3.195450176999998, 101.605165156)
2026-02-19 00:25:33,983 - INFO - Progress: 60/100 in batch, Total: 19740/21579 overall
2026-02-19 00:25:33,983 - INFO - Processing record 2b69761b-e078-4a59-ba4e-0e7d11117ee6: TTDI (JALAN RAHIM KAJAI (28-80), LORONG RAHIM KAJAI 3,4,5,6,7),TTDI (JALAN RAHIM KAJAI, LORONG RAHIM KAJAI 8-14) (3.155863017748425, 101.62016997189936)
2026-02-19 00:25:36,111 - INFO - Processing record 2bba8295-7332-457c-baa5-35f51308164e: KG BUKIT CHANGGANG (2.829621708609271, 101.62624310450332)
2026-02-19 00:25:37,651 - INFO - Processing record 2c14b931-491e-48ce-b3f0-c9878434622a: TMN. SEJAHTERA (1.856762648675496, 102.93430652419867)
2026-02-19 00:25:39,892 - INFO - Processing record 2c19fa17-e6af-4aaa-a6da-834caef02650: KG. PETAGAS (5.9141846809480505, 116.05473733262336)
2026-02-19 00:25:41,420 - INFO - Processing record 2c41bc23-4a76-4695-ac2c-5d7556d0614b: JK02 TMN. SEMARAK LOJI (4.297032863000027, 117.88968284199996)
2026-02-19 00:25:43,583 - INFO - Processing record 2c4929e9-119d-44b6-99c8-af33bb487e20: KG BARU SUNGAI ARA,TAMAN SRI ACRES (5.319611036313725, 100.2730335391242)
2026-02-19 00:25:45,106 - INFO - Processing record 2c7a60a0-fcb9-4146-86f5-30b9da183b2c: TAMAN KLANG JAYA 07 (3.0070742372937485, 101.45099823971876)
2026-02-19 00:25:46,936 - INFO - Processing record 2c7d2cc8-4c1d-454d-a5b9-141e20f774c0: E8. BU PJU 6A PELANGI UTAMA KONDO,E8. BU PJU 6A TMN KAYU ARA INDAH (3.1411133649497525, 101.61568878062816)
2026-02-19 00:25:49,072 - INFO - Processing record 2c8a6494-22ca-48a3-90bc-fd751d360c4b: MONT KIARA (163 RETAIL PARK),TAMAN SEGAMBUT SPPK (JALAN DUTAMAS SEROJA 2),TAMAN SEGAMBUT SPPK(JALAN DUTAMAS SEROJA 1 (2-98),TAMAN SRI BINTANG (34A, 34B, 34C & 34D & 34/38A),TAMAN SRI SINAR (PANGSAPURI ANGSA),UNITED POINT RESIDENCE (3.186866837765957, 101.65385779676596)
2026-02-19 00:25:51,312 - INFO - Processing record 2d350300-9062-4010-9d67-e2fa3aa76030: TMN BUKIT INDAH_JLN INDAH 1-1/13,TMN BUKIT INDAH_JLN INDAH 1-1/13 (A) (1.4865481140700627, 103.65842148735668)
2026-02-19 00:25:52,874 - INFO - Progress: 70/100 in batch, Total: 19750/21579 overall
2026-02-19 00:25:52,874 - INFO - Processing record 2d46d5df-ead4-4980-9c7d-b317b027567c: E6. BL PJU 10 APT SAUJANA 1 (A,B,C,D,E,F,L,M) (3.190928587073331, 101.59449508034)
2026-02-19 00:25:54,340 - INFO - Processing record 2dbce627-0b37-458e-be69-0c036215c264: TAMAN NURI (5.8915877135473, 118.04176342262164)
2026-02-19 00:25:56,144 - INFO - Processing record 2dd32138-72ff-4514-b734-daeff1537884: TMN SRI ORKID_FLAT SRI ORKID (1.5055941679671052, 103.63587306334868)
2026-02-19 00:25:57,667 - INFO - Processing record 2dd7bad2-f893-4ce0-8a00-fd18530f0a6a: KING FISHER APARTMENT,TAMAN LEMBAH HIJAU (5.39247746875974, 100.29577830772078)
2026-02-19 00:25:59,186 - INFO - Processing record 2dd954ec-205a-4f0e-82d4-cfa5b0df9ce1: TAMAN NILAM ZON C (6.375851088273333, 99.87410153832668)
2026-02-19 00:26:00,710 - INFO - Processing record 2de39802-fbc6-4849-9280-69968d5cd08a: TMN BERCHAM BARU,TMN LAPANGAN MELODI (4.553657442169812, 101.10531863327044)
2026-02-19 00:26:02,233 - INFO - Processing record 2deef5fa-72b8-429c-844f-f3a65662b1a3: PPR PINGGIRAN 1 (BLOK A,B,C,D,E,F),PPR PINGGIRAN 2(BLOK G,H,J,K,L,M) (3.048174179119048, 101.65399727101428)
2026-02-19 00:26:04,373 - INFO - Processing record 2df8835f-782e-4f19-861f-f43dab2f8283: E12. TM PJS 2 APPT TAMAN MEDAN JAYA (3.082571699000028, 101.63179648800002)
2026-02-19 00:26:05,896 - INFO - Processing record 2e0f1b42-e7d9-4f7e-a0a0-2d07623d97ed: PPR PINGGIRAN 1 (BLOK A,B,C,D,E,F),PPR PINGGIRAN 2(BLOK G,H,J,K,L,M) (3.048174179119048, 101.65399727101428)
2026-02-19 00:26:07,419 - INFO - Processing record 2e1bd86d-5070-42ae-ad99-7c657be63845: E6. BL PJU 8 EMPIRE CITY (CROWN TOWER) MARRIOT RESIDENCE-BLOCK E,E6. BL PJU 8 EMPIRE CITY (MOSSAZ SUITES) BLOK WEST COURT (3.167477665936305, 101.6170802831465)
2026-02-19 00:26:08,985 - INFO - Progress: 80/100 in batch, Total: 19760/21579 overall
2026-02-19 00:26:08,985 - INFO - Processing record 2e38a2ee-1ee1-4389-912d-48b9f8652e28: APPT SAUJANA PERMAI 1 MUTIARA HEIGHT,JALAN JENARIS 3 & 3B TMN DESA SERI JENARIS,JALAN PUNCAK 1 TAMAN PUNCAK SAUJANA,JALAN PUNCAK 3 TAMAN PUNCAK SAUJANA,JALAN PUNCAK SAUJANA 4 TAMAN PUNCAK SAUJANA,JALAN TKP 1-9 TAMAN KANTAN PERMAI,PANGSAPURI BLOK A & B TAMAN TAMING IMPIAN,PANGSAPURI PUNCAK SAUJANA TAMAN PUNCAK SAUJANA,TAMAN PINGGIRAN SAUJANA,TAMAN SAUJANA SURIA,TAMAN TAMING IMPIAN (3.016038536590256, 101.80793521052438)
2026-02-19 00:26:11,082 - INFO - Processing record 2e53ec3c-ee76-4dc3-accb-85568a413048: JALAN 78-86 TAMAN BUKIT MEWAH (2.97516699208904, 101.80214384826029)
2026-02-19 00:26:12,630 - INFO - Processing record 2e53f45a-1100-4353-8d30-5e70bdc6f9c0: AP100 KAMPUNG KONGSI 8/2 (4.26682874387417, 117.94028246272848)
2026-02-19 00:26:14,141 - INFO - Processing record 2e75295e-b92d-4fac-b74d-680bdcc3e714: JALAN SEMARAK 5-12 TAMAN SEMARAK,PANGSAPURI ANGGERIK TAMAN PUTRA KAJANG (2.9774542150126626, 101.77518301276582)
2026-02-19 00:26:16,285 - INFO - Processing record 2e8604ad-0f8f-4482-a07d-751e645e8df2: E13. SS 15/5 (TERES),E13. SS 15/6 (TERES) (3.0790604621818187, 101.59184064285796)
2026-02-19 00:26:17,811 - INFO - Processing record 2e94b083-d607-43d0-bf78-76d7348e5abc: TAMAN PEREPAT INDAH 01,TAMAN PEREPAT INDAH 02 (3.09842062060335, 101.35224676686032)
2026-02-19 00:26:19,595 - INFO - Processing record 2e95eb15-0e8a-4814-a6ae-3150a90129ed: FLAT UDA (BLOK E-K) (5.461767022, 100.30794930714472)
2026-02-19 00:26:21,367 - INFO - Processing record 2ee0a0ba-6e76-4dc3-b110-4cd12f1c7d11: E10. BG SEK 1A (TERES 1 : JLN CAREY DAN LORONG 1A/71,71ABCDEFGHIJKMN,1A/73,73AB) (3.0844444023223687, 101.6570439397171)
2026-02-19 00:26:23,148 - INFO - Processing record 2efc8696-0309-4289-9fc8-2349b2759a12: E12. TM PJS 2 APPT TAMAN MEDAN JAYA (3.082571699000028, 101.63179648800002)
2026-02-19 00:26:24,674 - INFO - Processing record 2f065201-59fb-47ab-ad4e-f8c911a514b0: PANGSAPURI PANDANMAS (3.1397509560443018, 101.73696730314558)
2026-02-19 00:26:26,238 - INFO - Progress: 90/100 in batch, Total: 19770/21579 overall
2026-02-19 00:26:26,238 - INFO - Processing record 2f165ba6-c70d-4405-a132-8b4055bd3f4e: KONDOMINIUM SRI SUAJAYA (BLOK 200, 202, 204) (3.199986302000013, 101.69082805099998)
2026-02-19 00:26:28,520 - INFO - Processing record 2f5434c1-d09b-4503-8551-0c77e4bf0bbe: APARTMENT SRI BAYU BANDAR ARMADA PUTRA,BANDAR ARMADA PUTRA 02,BANDAR ARMADA PUTRA 05,BANDAR ARMADA PUTRA 07 (2.979385961989798, 101.34496036035712)
2026-02-19 00:26:30,061 - INFO - Processing record 2f7a8fbe-ace2-421d-8243-ad2a9b1a54a7: E13. USJ 5/1 (3.052818173999981, 101.57813419399996)
2026-02-19 00:26:31,852 - INFO - Processing record 2f8212f7-bce0-4189-9d0d-7210deadfb66: PANGSAPURI PANDANMAS (3.1397509560443018, 101.73696730314558)
2026-02-19 00:26:33,374 - INFO - Processing record 2fa04082-375d-472f-8abb-dea824b7f583: APARTMENT CAMELIA COURT NILAI IMPIAN,APARTMENT KIARA COURT NILAI IMPIAN (2.8427960559032264, 101.80731408639356)
2026-02-19 00:26:35,248 - INFO - Processing record 2fa21836-698f-4336-a2ce-45bd07448b62: TMN. RONA (1.8630685015704236, 103.11537989705634)
2026-02-19 00:26:37,412 - INFO - Processing record 2fafb477-9e36-4bfd-9359-ce0d1463fbc6: JALAN 3/23-28,3/35-37 SEKSYEN 3 BANDAR BARU BANGI (2.9405764580000096, 101.782153048)
2026-02-19 00:26:38,937 - INFO - Processing record 2fdc5c6e-91ee-4196-821f-35fe90956597: TMN DESA MAS FASA 5 (3.339375266279222, 101.52625101849353)
2026-02-19 00:26:41,089 - INFO - Processing record 2fe4e88d-197f-461b-a06b-7f51d0e1d411: E11. SRI PJS 10 APT SUBANG VILLE EHSAN,E13. SS 12 (PERSIARAN WANGSA BAIDURI 1-4),E13. SS 12 PERSIARAN WANGSA BAIDURI - (SPRING VILLA & SUMMER VILLA CONDOMINIUM) (3.078878681902298, 101.60102353099424)
2026-02-19 00:26:42,611 - INFO - Processing record 2fe6b9e9-be4f-498c-81d2-dcb515ecf670: JALAN 6/5A-F SEKSYEN 6 BANDAR RINCHING (2.924384834527605, 101.86355371048468)
2026-02-19 00:26:44,199 - INFO - Progress: 100/100 in batch, Total: 19780/21579 overall
2026-02-19 00:26:44,220 - INFO - Batch completed: 100 records in 181.9s
2026-02-19 00:26:44,220 - INFO - Overall progress: 19780/21579 (1799 remaining)
2026-02-19 00:26:44,221 - INFO - Estimated time remaining: 1.0 hours
2026-02-19 00:26:46,255 - INFO - Found 100 records to geocode
2026-02-19 00:26:46,255 - INFO - Processing record 2feddda9-21e1-4702-a25c-6ed2f7ee7832: TAMAN SERANGKAI 2 (JLN SENANG RIA, JLN ENAK, JLN ENAK 1&2, JLN RAMAH),TAMAN SERANGKAI 4(LRG RAMAH,JLN 6/127A,JLN 1/128A-6/128A,LRG NIKMAT) (3.0781269711578965, 101.68571563265132)
2026-02-19 00:26:47,158 - INFO - Processing record 2ffb8356-c525-4544-a6cb-36d5f515901f: PELABUHAN KLANG 02 (3.0096248088219184, 101.39974986732192)
2026-02-19 00:26:48,695 - INFO - Processing record 3022c61d-8c44-4a17-8dae-5814c53ffb57: E13. SS 17/1 (3.077062840999986, 101.579789452)
2026-02-19 00:26:50,218 - INFO - Processing record 307ca84b-4c48-4ae2-9fe4-4037fbcb8627: TAMAN MELATI (PANGSAPURI KENARI),TAMAN MELATI (PV5) (3.2240815268802416, 101.7284007356527)
2026-02-19 00:26:52,365 - INFO - Processing record 30908942-30fb-40f9-8cf9-243c7be9ebc3: SN15 TAMAN EMAS (4.262566375999995, 117.898921299)
2026-02-19 00:26:54,341 - INFO - Processing record 3094d6db-795c-4e05-962f-e83aed5bbcf6: KAWASAN PERINDUSTRIAN BANDAR SULTAN SULEIMAN 07 (3.0169166703537407, 101.3700620069932)
2026-02-19 00:26:56,110 - INFO - Processing record 30b8710a-24dd-4d35-8925-7ade2a12e3be: BEETHOVEN, SYMPHONY HILLS,CRESCENT 1,CYBERJAYA,CRESCENT 2,CYBERJAYA,CYBERIA CONDOMINIUM,CYBERIA SMARTHOME,VERDI ECO-DOMINIUMS (2.921704704126864, 101.64020328848132)
2026-02-19 00:26:57,917 - INFO - Processing record 30e89bc6-6ec2-4010-b5ca-61a441a351e6: E1. SEKSYEN 7 (FLAT D : BLOK 52 - 58),E1. SEKSYEN 7 (TERES J : JLN 7/63-7/69A & AQUAVILLA TOWNHOUSE) (3.0748224604720544, 101.48754035778882)
2026-02-19 00:26:59,432 - INFO - Processing record 3112a59c-bd73-4984-877c-53b2fe35bd7e: FLAT TAMAN SERI BEREMBANG (2.9947982746644293, 101.3987972201745)
2026-02-19 00:27:00,968 - INFO - Processing record 31156c78-13dd-4aea-9a33-98aa89ce84c2: TMN CEMPAKA BLOK 15-27 (1.515120071932098, 103.69940450624074)
2026-02-19 00:27:02,519 - INFO - Progress: 10/100 in batch, Total: 19790/21579 overall
2026-02-19 00:27:02,520 - INFO - Processing record 311dd3e0-460b-4a3c-8e58-b9be3af1ab8d: PANDAMARAN JAYA 04,TROPIKA APARTMENTS (3.005408391403726, 101.42881080387578)
2026-02-19 00:27:04,443 - INFO - Processing record 312d5f76-d179-476d-ba4d-729b0f771aba: JALAN SEMARAK 5-12 TAMAN SEMARAK,PANGSAPURI ANGGERIK TAMAN PUTRA KAJANG (2.9774542150126626, 101.77518301276582)
2026-02-19 00:27:05,984 - INFO - Processing record 3140fa32-303c-459e-93d3-c71be4fbdc2e: E15. TMN DAMAI UTAMA 5 (PALMERA KINRARA RESIDEN) (3.026557563719745, 101.66606458541402)
2026-02-19 00:27:07,502 - INFO - Processing record 31427711-d04e-49f5-9a16-b2792b93c4d6: TAMAN TANJUNG CHAT (6.13675989609589, 102.25372692702057)
2026-02-19 00:27:09,664 - INFO - Processing record 31683158-4099-4050-a8d9-b3ca8f06d711: TAMAN MELATI (PANGSAPURI KENARI),TAMAN MELATI (PV5) (3.2240736096845253, 101.7284009729762)
2026-02-19 00:27:11,470 - INFO - Processing record 316db268-3ea3-49f1-8947-0eafd61f60ff: TAMAN KUALA MENGGATAL PH.2 (6.055843810999988, 116.14977264699996)
2026-02-19 00:27:13,730 - INFO - Processing record 3181614b-a3e5-4820-9bfb-a37488f5e5e0: E9. KT SS 8 APT KELANA IMPIAN,E9. KT SS 9A 1 (JLN 9A/3,5,6,7,8,9,10,11,12,17,20 ) (3.090641768301202, 101.61420786165662)
2026-02-19 00:27:15,255 - INFO - Processing record 31ccdf56-a88f-4993-9d0c-9b407d2663d0: KONDOMINIUM SRI SUAJAYA (BLOK 200, 202, 204) (3.199986302000013, 101.69082805099998)
2026-02-19 00:27:16,780 - INFO - Processing record 31e43be0-268a-42f8-a8a2-4ff6fd541961: TAMAN SERI MEDAN (2.9366095103600007, 101.47520811592)
2026-02-19 00:27:18,926 - INFO - Processing record 31f8131c-79ad-46aa-b216-9412e4eea01f: TAMAN KOTA,TAMAN RAMBAI INDAH (2.886313977764104, 101.49310724786154)
2026-02-19 00:27:21,205 - INFO - Progress: 20/100 in batch, Total: 19800/21579 overall
2026-02-19 00:27:21,206 - INFO - Processing record 32074be0-f0e7-4d17-8a57-89198466827f: KPG PAK DARUS (4.822176734147884, 100.72139033674648)
2026-02-19 00:27:22,993 - INFO - Processing record 320fdab7-cfa6-48ec-8f8b-1351dca22321: APARTMENT CAMELIA COURT NILAI IMPIAN,APARTMENT KIARA COURT NILAI IMPIAN (2.8425313257619047, 101.80765747845238)
2026-02-19 00:27:25,141 - INFO - Processing record 322d110c-62be-49f3-9668-754d15de559d: TAMAN DESA BAIDURI,TMN KULAI UTAMA,TMN SG MAS,TMN SRI MUHIBAH (JLN BUNGA KERTAS A) (1.661663593589947, 103.58999857589684)
2026-02-19 00:27:27,284 - INFO - Processing record 324c06fc-cc5f-4d50-9a44-7315f7053ee1: TAMAN MAWAR FASA 4 (5.846030394651316, 118.0305401420987)
2026-02-19 00:27:28,805 - INFO - Processing record 327a06de-6cee-4420-806d-45fe380df47f: TAMAN SRI SENTOSA (BLOK 55,57,59,61,63,65) (3.0756015995160864, 101.63762254844146)
2026-02-19 00:27:30,710 - INFO - Processing record 3283c62c-67f0-4155-b8f9-b84f0fffc6d1: APPT BEREMBANG INDAH (3.1649748451486484, 101.73830004479056)
2026-02-19 00:27:32,483 - INFO - Processing record 3290eb91-f959-41af-89cb-bab4490fda8a: TAMAN SERI JAROM,TAMAN SERI JAROM, ZON 2,TAMAN YAYASAN (PERMATA) (2.871039805410909, 101.49425118304364)
2026-02-19 00:27:34,290 - INFO - Processing record 32bfe114-a9e6-42e5-9601-41542ab27898: JALAN KESUMA 8/3 (FASA 10) BANDAR TASIK KESUMA (2.917809127895425, 101.88348347143136)
2026-02-19 00:27:36,438 - INFO - Processing record 32e5d8bc-8304-457e-8900-db79d8bbf228: APPT RESIDENSI BISTARIA,FLAT AL-RIDHUAN (3.196399188514285, 101.76543574809716)
2026-02-19 00:27:38,229 - INFO - Processing record 32ea6ebc-7f80-469b-a069-bdd399cf1cc7: E13. SS 17/1 (3.077062840999986, 101.579789452)
2026-02-19 00:27:39,791 - INFO - Progress: 30/100 in batch, Total: 19810/21579 overall
2026-02-19 00:27:39,792 - INFO - Processing record 32ebec00-3ca7-4028-9ed7-99354dae6abd: SEKSYEN 25 (TERES A : JLN 25/2 - 25/11) (3.0302975884277483, 101.53224076752022)
2026-02-19 00:27:41,886 - INFO - Processing record 3345a29e-d4f9-4f0a-9921-36c5b3330259: JALAN 3/38-3/42 SEKSYEN 3 BANDAR BARU BANGI,JALAN 3/57-3/62 SEKSYEN 3 BANDAR BARU BANGI (2.9374438695939373, 101.7791469744303)
2026-02-19 00:27:45,052 - INFO - Processing record 3355fcaf-b366-40ad-a045-5cd3af0c18e0: KAMPUNG BATU BELAH LORONG AMAN 01 (3.076574603767603, 101.43890437357042)
2026-02-19 00:27:46,581 - INFO - Processing record 3390700e-b1cd-4340-9517-f6b89eab9fd3: APPT MESRA VILLA KAMPUNG AMPANG CAMPURAN,FLAT MESRA RIA AMPANG CAMPURAN,LORONG IKAN EMAS 7-9 KAMPUNG AMPANG CAMPURAN (3.132397145266668, 101.77279058677576)
2026-02-19 00:27:48,834 - INFO - Processing record 33b3c55d-b42e-4464-914c-e80ebeeee97d: KPG PAK DARUS (4.822176734147884, 100.72139033674648)
2026-02-19 00:27:50,357 - INFO - Processing record 33b5a3ec-aaca-4a23-b475-7d46b14912a7: TMN. SEJAHTERA (1.856762648675496, 102.93430652419867)
2026-02-19 00:27:51,874 - INFO - Processing record 33c2a3e7-529a-46d8-a621-d7010650f114: SIMPANG 3 PANGKAL KALONG (5.913574495852114, 102.24130305675352)
2026-02-19 00:27:53,401 - INFO - Processing record 33ec6537-4de7-46e0-8352-77c1860e7b44: TMN SRI DERMAWAN (4.627999981000016, 101.120704649)
2026-02-19 00:27:54,924 - INFO - Processing record 3418bd84-7a1d-4ea9-b2bf-78d661bf5b6c: TMN BUKIT INDAH_JLN INDAH 1-1/13,TMN BUKIT INDAH_JLN INDAH 1-1/13 (A) (1.4865481140700627, 103.65842148735668)
2026-02-19 00:27:56,444 - INFO - Processing record 34273e3e-aaaf-4fc8-9554-1127f8075098: E6. BL PJU 10 APT INDAH,E6. BL PJU 10 SPHERE DAMANSARA KONDO,E6. BL PJU 9 SD 12 FLAT SRI CEMPAKA,E6. BL PJU 9 SD 12 RUMAH KEDAI,E6. BL PJU 9 SD 13 APT SRI MERANTI (1) [A,B,C,D,E,F,G],E6. BL PJU 9 SD 13 APT SRI MERANTI (2) [H,J,K,L,M,N,P,Q,R] (3.194581090522389, 101.6019246419291)
2026-02-19 00:27:58,250 - INFO - Progress: 40/100 in batch, Total: 19820/21579 overall
2026-02-19 00:27:58,250 - INFO - Processing record 34317122-c06d-4631-a0bd-e888ed111c18: LUCKY GARDEN (JALAN TEMPINIS 1-3),LUCKY GARDEN (JALAN TEMPINIS 4-5),LUCKY GARDEN (LRG TEMPINIS KANAN 1,LRG TEMPINIS KANAN 2,LRG TEMPINIS KANAN 3,LRG,TAMAN BUKIT PANTAI (LORONG BUKIT PANTAI) (3.126628578774361, 101.67156489361024)
2026-02-19 00:28:00,486 - INFO - Processing record 343abce9-ddc0-464f-9681-bc804ca0caea: BUKIT TOK BENG,TELAGA DAING (5.361407328409395, 103.12138173008724)
2026-02-19 00:28:02,311 - INFO - Processing record 344075a2-acc0-48ab-a5a7-01c3a6a4a391: E6. BL PJU 8 APT FLORA DAMANSARA 1 [A,B],E6. BL PJU 8 APT FLORA DAMANSARA 2 [C,D,E,F],E6. BL PJU 8 APT FLORA DAMANSARA 3 [G,H],E6. BL PJU 9 SD 13 FORESTA KONDO,E6. BL PJU 9 SD 13 SERESTA  KONDO (3.17875291139726, 101.61502354278426)
2026-02-19 00:28:04,418 - INFO - Processing record 345b4394-335b-442c-b8a1-3533fffe301c: TAMAN MERPATI BARU,TAMAN NURI (5.891537943503226, 118.04197222954193)
2026-02-19 00:28:06,237 - INFO - Processing record 3474f70e-bbd3-43f4-8d43-10d2355b66ee: E15. TMN PUCHONG PRIMA (AURORA RESIDENCY),E15. TMN PUCHONG PRIMA (DESA IDAMAN RESIDENCE) BLOK A, B, C, D, E, F, G, H,J,K,L (2.996302174409939, 101.5989317448882)
2026-02-19 00:28:08,601 - INFO - Processing record 348ea689-a774-4b01-b5aa-75023ced8f2a: BLOK AE-AM FLAT PANDAN INDAH,BLOK RP 1 - RP 4 TAMAN LEMBAH MAJU,JALAN PANDAN PERDANA 10 TAMAN PANDAN PERDANA (3.123491861649546, 101.75000365586102)
2026-02-19 00:28:10,740 - INFO - Processing record 34a0464e-61fb-4272-ade4-f7a29979e7a4: APPT TAMAN DAMAI JAYA,TAMAN DAMAI JAYA,TAMAN MURNI CHERAS,TAMAN SHAH JAYA (3.0607677408953986, 101.76884597095815)
2026-02-19 00:28:12,547 - INFO - Processing record 34a981f4-5243-4a29-b4de-3d0582358c53: TMN PASIR PUTIH_JLN ASLI (1.4761546689479792, 103.93231006964164)
2026-02-19 00:28:14,067 - INFO - Processing record 34b52557-f8bf-40c3-8cce-24ade2a59094: TMN. SOGA ZON A (1.8370698178561675, 102.93861816874656)
2026-02-19 00:28:15,601 - INFO - Processing record 34ba9a18-d9f3-4357-ac5e-9f23b7033429: TAMAN MESRA (5.862350295533332, 118.07847389858)
2026-02-19 00:28:17,169 - INFO - Progress: 50/100 in batch, Total: 19830/21579 overall
2026-02-19 00:28:17,169 - INFO - Processing record 34e8cd9b-6b4a-47b0-b2c8-c473476311d8: SN15 TAMAN EMAS (4.262165824232391, 117.89849910030983)
2026-02-19 00:28:19,847 - INFO - Processing record 350dbcba-ce7b-4cb3-b749-7829f17c5fb8: E1. SEKSYEN 16 (FLAT C : BLOK 17 - 26),E2. SEKSYEN 19 (FLAT A JLN 19/15 : BLOK 1 - 5),E2. SEKSYEN 19 (TERES B : JLN 19/4 - 19/7B),E2. SEKSYEN 19 (TERES G : JLN 19/39 - 19/44C),E2. SEKSYEN 20 (APT SURI PUTERI),E2. SEKSYEN 20 (FLAT B : BLOK 13 - 19),E2. SEKSYEN 20 (PANGSAPURI CALADENIA MBSA),E2. SEKSYEN 20 (RUMAH KEDAI B : JLN G20/G - H20/H) (3.054491892931441, 101.53479176020566)
2026-02-19 00:28:21,644 - INFO - Processing record 35131c40-f36a-4878-8085-ad55b9d5a0c9: JINJANG UTARA (JALAN JINJANG SETIA 1-7) (3.223629365075344, 101.65551494865753)
2026-02-19 00:28:23,170 - INFO - Processing record 35140625-cf50-4f2b-89b8-2a67bf6319ea: TMN SRI DERMAWAN (4.62739055494054, 101.12209290313513)
2026-02-19 00:28:24,691 - INFO - Processing record 35778821-55be-4347-a92b-9916985fc379: KG BARU SUNGAI ARA,TAMAN SRI ACRES (5.319611036313725, 100.2730335391242)
2026-02-19 00:28:26,215 - INFO - Processing record 357fd60e-012f-45c6-bcc4-8fc2cec0c75b: KAMPUNG DELEK BARU 04,KAMPUNG DELEK KIRI 08,KAMPUNG SUNGAI UDANG 04,KAMPUNG SUNGAI UDANG 06,KAMPUNG SUNGAI UDANG 17,KAMPUNG SUNGAI UDANG 21,KAMPUNG SUNGAI UDANG 26,KAMPUNG TELUK KECIL 03,KAMPUNG TELUK KECIL 05 (3.0385253638152867, 101.41180265099044)
2026-02-19 00:28:28,362 - INFO - Processing record 3593eb42-ffb0-4b18-b3ce-2762d4d95601: TMN JP PERDANA_JLN JAYA PUTRA 2/26 - 2/40 (1.5696395817124205, 103.77704789533334)
2026-02-19 00:28:29,882 - INFO - Processing record 35a13e5e-c498-4420-bfaa-632c0158e3f5: E6. BL PJU 10 APT INDAH,E6. BL PJU 10 APT LESTARI FASA 2 (BLOK E, F, G, H, J),E6. BL PJU 10 APT SAUJANA 1 (A,B,C,D,E,F,L,M),E6. BL PJU 10 APT SELASIH,E6. BL PJU 10 SPHERE DAMANSARA KONDO,E6. BL PJU 10 THE ZIZZ CONDO,E6. BL PJU 9 SD 12 FLAT SRI CEMPAKA,E6. BL PJU 9 SD 12 RUMAH KEDAI,E6. BL PJU 9 SD 13 APT SRI MERANTI (1) [A,B,C,D,E,F,G],E6. BL PJU 9 SD 13 APT SRI MERANTI (2) [H,J,K,L,M,N,P,Q,R] (3.1939689022175064, 101.599080213)
2026-02-19 00:28:31,731 - INFO - Processing record 35d55445-ff41-4646-87c7-c315b72a1724: KG.WARISAN PH 1 (6.011735879000014, 116.13194350599996)
2026-02-19 00:28:33,891 - INFO - Processing record 35d92191-76c5-4a0c-a695-3ffc8a91b388: KG. KOPUNGIT BLOK A,KG.MUHIBBAH (5.952706853118746, 116.065841872725)
2026-02-19 00:28:35,791 - INFO - Progress: 60/100 in batch, Total: 19840/21579 overall
2026-02-19 00:28:35,791 - INFO - Processing record 35ea0b0e-06e4-4b19-957e-b6dff9f41089: TAMAN BANDAR EKAR RANTAU FASA 1 (2.592900051972789, 101.95875269057144)
2026-02-19 00:28:37,251 - INFO - Processing record 35f3f31a-1bc9-4db0-b834-e1b1e0699189: CYBERSQUARE APEX TOWER,CYBERSQUARE VERTEX TOWER (2.919103130006713, 101.65675915226176)
2026-02-19 00:28:38,797 - INFO - Processing record 35fa36d4-09eb-48d0-9e07-144bd1e7e61f: E5. SEKSYEN U19 (KBSB : JLN INDUSTRI 12),E5. SEKSYEN U19 (KBSB : JLN PERKHIDMATAN),E5. SEKSYEN U19 (KBSB : JLN WELFARE) (3.196889345010101, 101.56948324050506)
2026-02-19 00:28:40,557 - INFO - Processing record 35fbff0a-2582-4c11-becc-83aad91f7636: ASRAMA KOLEJ VOKASIONAL ERT SETAPAK,ASRAMA SEKOLAH MENENGAH PENDIDIKAN KHAS JALAN GENTING KLANG,FLAT DANAU KOTA ( BLOK D & E),FLAT DANAU KOTA (BLOK A,B,C),JALAN REJANG 15 (RESIDENSI RAMPAI 2),PANGSAPURI TERATAI MEWAH,PLATINUM LAKE KONDOMINIUM PV20,PLATINUM LAKE KONDOMINIUM PV21,PPR WANGSA SARI SEKSYEN 1 WANGSA MAJU,RESIDENSI SERI RIANA,SEK 1 WANGSA MAJU BLOK  D,SEK 1 WANGSA MAJU BLOK E,TAMAN DANAU KOTA(KONDOMINIUM PLATINIUM VIC LAKE 10),TAMAN SRI RAMPAI (JALAN MEGAN SETAPAK),TAMAN SRI RAMPAI B (JLN 13/26 - 22/26)),TAMAN SRI RAMPAI F (JLN 47/26 - 66/26),TAMAN SRI RAMPAI G (JLN67/26 - 81/26),TERATAI RESIDENCY SETAPAK (3.199810478190356, 101.72569270200762)
2026-02-19 00:28:42,702 - INFO - Processing record 36070488-6edb-4416-9670-a254df509cf4: TAMAN MAZNAH 01,TAMAN MAZNAH 02,TAMAN MAZNAH 03,TAMAN MESRA INDAH 01 (3.0245106886140345, 101.47759870925)
2026-02-19 00:28:44,841 - INFO - Processing record 36109c0f-e7d1-4403-88d7-89793ed77217: TAMAN SERULING EMAS A,TAMAN SERULING EMAS B,TAMAN SERULING EMAS C (5.212881479887576, 100.50682304935503)
2026-02-19 00:28:46,359 - INFO - Processing record 3621e7d8-f549-4450-aabf-a17efe9844f3: E6. BL PJU 8 EMPIRE CITY (CROWN TOWER) MARRIOT RESIDENCE-BLOCK E,E6. BL PJU 8 EMPIRE CITY (MOSSAZ SUITES) BLOK WEST COURT (3.167477665936305, 101.6170802831465)
2026-02-19 00:28:47,891 - INFO - Processing record 3631ced6-1ce4-4f9e-a025-13a7ea0e4f30: TMN DAMAI JAYA_MAKMUR 1-18,25-38,TMN DAMAI JAYA_MAKMUR 19-24,39-54 (1.5018635286375843, 103.6452260282886)
2026-02-19 00:28:49,667 - INFO - Processing record 363828ef-389d-48d8-9ca2-a1b96910209b: BEETHOVEN, SYMPHONY HILLS,CRESCENT 1,CYBERJAYA,CRESCENT 2,CYBERJAYA,CYBERIA CONDOMINIUM,CYBERIA SMARTHOME,VERDI ECO-DOMINIUMS (2.921704704126864, 101.64020328848132)
2026-02-19 00:28:51,190 - INFO - Processing record 364daa36-703b-470c-be9c-7f1eb4701974: PUTRA POINT NILAI (JALAN BBN 1/1),PUTRA POINT NILAI (JALAN BBN 1/2) (2.8136750712905423, 101.7938496392162)
2026-02-19 00:28:53,038 - INFO - Progress: 70/100 in batch, Total: 19850/21579 overall
2026-02-19 00:28:53,039 - INFO - Processing record 3674fcc7-7a44-4b4f-9eeb-09b4d74df612: TAMAN CHI LIUNG 03,TAMAN PETALING INDAH 04 (3.024721024686748, 101.43656272427108)
2026-02-19 00:28:55,216 - INFO - Processing record 367c709c-9848-40d1-bed3-0c4b99e2fd53: E5. SEKSYEN U6 (KG MELAYU SUBANG I : JLN PKNS),KG CEMPEDAK ZON B (3.1617017692760747, 101.52908845035584)
2026-02-19 00:28:57,474 - INFO - Processing record 368e0ea4-e566-4e79-bc41-a4925fc844c0: TMN MUTIARA RINI_JLN UTAMA 34-46 (1.5202498792857155, 103.637047491487)
2026-02-19 00:28:59,736 - INFO - Processing record 36a95862-b82f-438b-9819-fcb725d9205e: FLAT DESA MUTIARA SUNGAI JELOK (3.0012174495751647, 101.8014422544183)
2026-02-19 00:29:01,273 - INFO - Processing record 36b13926-2c70-4b6e-8584-dba31d44224d: FLAT PKNS (JALAN TUN RAZAK),JALAN CHEMOR (TITIWANGSA SENTRAL KONDOMINIUM),JALAN PEKELILING LAMA(TR RESIDENCE),KAMPUNG BARU (ASRAMA PICOMS RAJA ABDULLAH),KAMPUNG BARU (KG MASJID 2),KAMPUNG BARU (KG. ATAS A),KAMPUNG BARU (KG. ATAS B),KAMPUNG BARU (KG. PAYA 2),KAMPUNG BARU (PLAZA RAH),KAMPUNG BARU (WISMA YAYASAN TERENGGANU),KAMPUNG BARU (WISMA ZABEDAH),KUARTERS HOSPITAL KUALA LUMPUR (3.168077101441067, 101.70500534572244)
2026-02-19 00:29:03,541 - INFO - Processing record 36ea8b02-ba73-4747-8851-9c3d6986e168: KONDOMINIUM 1 SENTUL (JALAN SENTUL),KONDOMINIUM SRI SUAJAYA (BLOK 200, 202, 204) (3.20040397545, 101.69046063708753)
2026-02-19 00:29:05,869 - INFO - Processing record 36fe769b-9f65-4c7e-886f-d7a09e4c2504: TAMAN TANJUNG CHAT (6.13675989609589, 102.25372692702057)
2026-02-19 00:29:07,395 - INFO - Processing record 36ff7aae-8749-49e2-81c8-1c051bed4c1a: KG SEGA TAT,KG SIMPANG BADANG (3.982091725588957, 101.9085630706994)
2026-02-19 00:29:09,185 - INFO - Processing record 3718ca4f-b1c0-4d3a-8159-e876205ed033: KG SG TUA BHARU,TMN JASA UTAMA (3.2554111188666672, 101.67658812349696)
2026-02-19 00:29:11,330 - INFO - Processing record 3733e0f9-0c98-4963-9c31-c85afd54b1e3: LUCKY GARDEN (JALAN TEMPINIS 1-3),LUCKY GARDEN (JALAN TEMPINIS 4-5),LUCKY GARDEN (LRG TEMPINIS KANAN 1,LRG TEMPINIS KANAN 2,LRG TEMPINIS KANAN 3,LRG,TAMAN BUKIT PANTAI (LORONG BUKIT PANTAI) (3.126628578774361, 101.67156489361024)
2026-02-19 00:29:12,896 - INFO - Progress: 80/100 in batch, Total: 19860/21579 overall
2026-02-19 00:29:12,896 - INFO - Processing record 3736358b-2ef9-463f-b549-03eb037144df: APPT SRI RAYA UP (3.207627118503269, 101.77246926184314)
2026-02-19 00:29:14,358 - INFO - Processing record 373a023c-dae3-437a-9c7d-30703de122f6: JALAN 6/5A-F SEKSYEN 6 BANDAR RINCHING (2.924384834527605, 101.86355371048468)
2026-02-19 00:29:15,903 - INFO - Processing record 374ac8c5-ff03-44d3-bf2a-35ab6b410aac: APPT JALAN 6C/11 SEKSYEN 16 BANDAR BARU BANGI,APPT JALAN 6C/2 SEKSYEN 16 BANDAR BARU BANGI (2.945791212993978, 101.76283710588554)
2026-02-19 00:29:18,072 - INFO - Processing record 374d7627-d7ac-4218-b783-23a4eec416cf: APPT MERDEKA VILLA KAMPUNG BARU AMPANG,APPT MESRA VILLA KAMPUNG AMPANG CAMPURAN,FLAT MESRA RIA AMPANG CAMPURAN,LORONG IKAN EMAS 10-22 KAMPUNG AMPANG CAMPURAN,LORONG IKAN EMAS 7-9 KAMPUNG AMPANG CAMPURAN (3.1350670497449, 101.76938014115986)
2026-02-19 00:29:21,634 - INFO - Processing record 377464da-d3c9-438b-87ba-ae5d95edb66e: E6. BL PJU 10 APT HARMONI 2 (D,E,F,G,H,J,K,R,S,T),E6. BL PJU 10 APT PERMAI (3.1956044170764355, 101.58365444752866)
2026-02-19 00:29:23,420 - INFO - Processing record 377a986e-c960-4c67-9177-8f92c53b3c77: TAMAN JAYA UTAMA ZON 1,TAMAN JAYA UTAMA ZON 2 (2.9097345740769223, 101.4739253564359)
2026-02-19 00:29:25,207 - INFO - Processing record 37e21c2f-2c5e-4a87-9664-bfc1e55cb5a5: FLAT UDA (BLOK E-K) (5.461901335192307, 100.30790861601282)
2026-02-19 00:29:27,005 - INFO - Processing record 380767ef-a5d5-489f-a37b-a7f242e02324: PPR SRI ALAM B (BLOK 6 - BLOK 9) (3.126886507748694, 101.7078882434398)
2026-02-19 00:29:28,795 - INFO - Processing record 3845190c-2675-4642-89d1-3fb33eb4746c: APPT TAMAN DAMAI JAYA,TAMAN DAMAI JAYA (3.0625138067086106, 101.76638861022518)
2026-02-19 00:29:30,351 - INFO - Processing record 384d5326-8084-4ecf-9239-b3436f268404: APPT TAMAN PRIMA CEMPAKA (2.97623770354487, 101.81853691991024)
2026-02-19 00:29:31,882 - INFO - Progress: 90/100 in batch, Total: 19870/21579 overall
2026-02-19 00:29:31,883 - INFO - Processing record 3853419b-0fe7-46fb-992e-8f9383044c29: BDR TASIK PUTERI FASA 6 (ZON A) (3.2776248279520552, 101.48095355617124)
2026-02-19 00:29:33,598 - INFO - Processing record 3862df1c-e0a5-42e2-b357-e9e536a271b2: PRESINT 8 - JALAN TEMOLEH,PRESINT 8 - TAMARA RESIDENCE @ AYER 8 (2.926956439871163, 101.680738701773)
2026-02-19 00:29:35,138 - INFO - Processing record 38755908-d9c2-4383-881f-47fed8dc3630: PUDU IMPIAN 1 (3.118077989182431, 101.73129281226352)
2026-02-19 00:29:36,668 - INFO - Processing record 3875e74e-591c-4234-8fb6-6e88435d96c2: FLAT SRI JOHOR A(BLOK1-23),PPR SRI ALAM B (BLOK 6 - BLOK 9),PPR SRI ALAM C (BLOK 10 - BLOK 12),TAMAN IKAN EMAS (LRG IKAN EMAS 1-5) (3.115161190086707, 101.71851196501154)
2026-02-19 00:29:38,829 - INFO - Processing record 389cf29e-9a01-49c6-833c-cb9b185d8c73: CONDO SYMPHONY HEIGHT,SYHMPHONY HEIGHT CONDO (3.233363939217687, 101.67513070286394)
2026-02-19 00:29:40,352 - INFO - Processing record 38e1d57b-7cab-4500-a1d2-4aecb44423dc: FLAT TAMAN BUKIT EMAS,TAMAN BUKIT EMAS (3.003681364920531, 101.754077601)
2026-02-19 00:29:42,512 - INFO - Processing record 38e6756e-befd-4ae2-ab13-e1e9acb0e8e4: BANDAR RAMAI-RAMAI (5.836131687347562, 118.10296845090856)
2026-02-19 00:29:44,034 - INFO - Processing record 394ed487-cf40-4f5b-8b2d-9c1e76a103bd: APARTMENT SRI BAYU BANDAR ARMADA PUTRA,BANDAR ARMADA PUTRA 02,BANDAR ARMADA PUTRA 05,BANDAR ARMADA PUTRA 07 (2.979385961989798, 101.34496036035712)
2026-02-19 00:29:45,558 - INFO - Processing record 397b6c58-b1e3-4e2a-8e56-eea1ad7d716e: KG. CENDERAMATA,LORONG TABIB KG. LIKAS,TAMAN KEMAJUAN LIKAS (6.001333998302702, 116.11659071612436)
2026-02-19 00:29:47,084 - INFO - Processing record 39a6b227-9b33-4f87-8f4c-50e943f770ab: SEKSYEN 32 (JALAN REZAB BUANG LOT 2915),SEKSYEN 32 (JALAN REZAB BUANG) (2.9952614404124267, 101.50027732622034)
2026-02-19 00:29:48,644 - INFO - Progress: 100/100 in batch, Total: 19880/21579 overall
2026-02-19 00:29:48,665 - INFO - Batch completed: 100 records in 182.4s
2026-02-19 00:29:48,667 - INFO - Overall progress: 19880/21579 (1699 remaining)
2026-02-19 00:29:48,667 - INFO - Estimated time remaining: 0.9 hours
2026-02-19 00:29:50,707 - INFO - Found 100 records to geocode
2026-02-19 00:29:50,708 - INFO - Processing record 39bfc58d-3441-4561-965d-8db16e690e04: E4. SEKSYEN U13 ( PANGSAPURI SEROJA ) (3.1104882209794527, 101.44725761492468)
2026-02-19 00:29:50,771 - INFO - Processing record 3a01eea6-3e13-4492-8589-6df5e50d8bf6: JALAN HILIR 2-7 TAMAN AMPANG HILIR (3.1500069918698648, 101.74853194400684)
2026-02-19 00:29:52,308 - INFO - Processing record 3a51a39c-172b-45ea-a046-64a907eaa4e2: CONDO SYMPHONY HEIGHT,SYHMPHONY HEIGHT CONDO (3.233363939217687, 101.67513070286394)
2026-02-19 00:29:53,839 - INFO - Processing record 3a74ef45-0a4f-4d6e-8ee7-c3d7774a9229: CONDO KG WARISAN,SRI MAYA CONDO (3.1751308165558263, 101.73411796353642)
2026-02-19 00:29:55,352 - INFO - Processing record 3a8b7b98-16ca-4d96-9afc-42548afbc129: E6. BL PJU 8 MULBERRY EMPIRE RESIDENCE (3.1716706252721054, 101.60395922209524)
2026-02-19 00:29:57,174 - INFO - Processing record 3ab747d8-e38d-46ba-947d-cd444d3c0194: JALAN CARPENTER (1.5583144827605608, 110.3470083149648)
2026-02-19 00:29:58,985 - INFO - Processing record 3b1c8986-03b7-4f8b-ad02-5c18a340603f: E15. TMN DAMAI UTAMA 2,E15. TMN DAMAI UTAMA 5 (PALMERA KINRARA RESIDEN) (3.0301312784713814, 101.66750987942424)
2026-02-19 00:30:00,771 - INFO - Processing record 3b3dcd1e-2ddb-4c66-b063-354bad67527d: E13. USJ 2/2,E13. USJ 6 (QTS GURU),E13. USJ 6/1 (SUBANG PERDANA GOODYEAR COURT 1) BLOK A,B,C,D,E,F,G,H,I,J,K,L,E13. USJ 6/1 (SUBANG PERDANA GOODYEAR COURT 2) BLOK M,N,O,P,Q,R,S,T,U,V,W,X (3.0561592897428564, 101.58922577628095)
2026-02-19 00:30:03,124 - INFO - Processing record 3b441e0a-cae3-477a-9e60-2364fd841d22: GURNEY HEIGHT KONDOMINUM (BLOK C & D),KELUMPUK PINANG,KONDOMINIUM LANAI GURNEY,RESIDENSI SKYSIERRA THE VALLEY SETIAWANGSA,TAMAN SETIAWANGSA ( JLN SETIAWANGSA 3, JALAN SETIAWANGSA 1A-5A) (3.175662768196297, 101.73750698190184)
2026-02-19 00:30:04,649 - INFO - Processing record 3b717cac-54d5-47bb-8d69-9bffb4153131: JALAN ADENIUM 6, PRIMA BERUNTUNG (3.42330524142466, 101.55517951042468)
2026-02-19 00:30:06,210 - INFO - Progress: 10/100 in batch, Total: 19890/21579 overall
2026-02-19 00:30:06,210 - INFO - Processing record 3bd868a1-8cc0-430f-abfc-96765407ed62: TAMAN ALAM PERDANA (AP 1C/13 -  AP 1C/15),TAMAN ALAM PERDANA (AP 1C/16 -  AP 1C/27 (3.2558665424189224, 101.4555440125608)
2026-02-19 00:30:08,413 - INFO - Processing record 3be396b2-e652-43bd-92bc-618053722062: SEKSYEN 25 (TERES A : JLN 25/2 - 25/11) (3.0302975884277483, 101.53224076752022)
2026-02-19 00:30:09,954 - INFO - Processing record 3c23a7ff-77b2-44d4-a7a4-59a71ec5096f: PPR PINGGIRAN 1 (BLOK A,B,C,D,E,F) (3.0467103761739134, 101.65347706774534)
2026-02-19 00:30:12,318 - INFO - Processing record 3c329f51-9a26-4bc8-beb0-9169c58d48fc: KAWASAN PERINDUSTRIAN BANDAR SULTAN SULEIMAN 07 (3.0169166703537407, 101.3700620069932)
2026-02-19 00:30:13,836 - INFO - Processing record 3c341116-2a16-4e99-9caa-20f244d6a3f6: JALAN HILIR 2-7 TAMAN AMPANG HILIR (3.1500069918698648, 101.74853194400684)
2026-02-19 00:30:15,360 - INFO - Processing record 3c70bfc4-80dd-405e-9d77-47ab9fc5eeac: BANDAR SEREMBAN SELATAN FASA 2 (2.6645240931533323, 101.98310142526664)
2026-02-19 00:30:17,525 - INFO - Processing record 3c96bfda-be39-4a39-b92e-de62c93a41fd: E10. BG SEK 1A (TERES 1 : JLN CAREY DAN LORONG 1A/71,71ABCDEFGHIJKMN,1A/73,73AB),E10. BG SEK 5 FLAT GASING INDAH (BLOK A , B , C , D , E) (3.08515064168966, 101.6574839444368)
2026-02-19 00:30:19,051 - INFO - Processing record 3ca0415e-15f0-4665-be90-7628e2c0703d: E11. SRI PJS 5 FLAT DESA RIA (G,J,K,L,M,N,O,P) (3.075278583, 101.62580598699998)
2026-02-19 00:30:21,496 - INFO - Processing record 3ca0c1b9-93d0-4b6c-89c2-ec38d7c39caf: BANDAR SEREMBAN SELATAN FASA 2 (2.6645240931533323, 101.98310142526664)
2026-02-19 00:30:23,019 - INFO - Processing record 3ca9d045-15cf-4103-8326-4912a6403155: TAMAN INDAH,TAMAN SRI ANDALAS 03,TAMAN SRI ANDALAS 19 (3.0271354952561564, 101.4496425643596)
2026-02-19 00:30:25,335 - INFO - Progress: 20/100 in batch, Total: 19900/21579 overall
2026-02-19 00:30:25,336 - INFO - Processing record 3cc4e9e3-6be6-471b-b2b4-72a594b17cf0: APPT RESIDENSI BISTARIA,FLAT AL-RIDHUAN (3.1964255576954024, 101.765449738523)
2026-02-19 00:30:27,431 - INFO - Processing record 3ce11b63-c476-4543-83c6-3b5fc15e4b1d: TAMAN MELATI (PANGSAPURI KENARI),TAMAN MELATI (PV5) (3.224125133735298, 101.72835543021176)
2026-02-19 00:30:29,622 - INFO - Processing record 3cff2580-22a5-4d91-98a5-2a47e786915e: TAMAN ARIF (5.925219854864866, 102.24101224)
2026-02-19 00:30:31,150 - INFO - Processing record 3d038834-bba6-4ba8-a206-044b74d6b887: TMN SRI DERMAWAN (4.627999981000016, 101.120704649)
2026-02-19 00:30:32,682 - INFO - Processing record 3d05182c-4a90-43c0-b7c5-fe6d7fea10da: FLAT DANAU KOTA (BLOK A,B,C) (3.201022620999993, 101.71417868499998)
2026-02-19 00:30:34,197 - INFO - Processing record 3d1e833c-b5b0-430e-9bf2-94e65accbc6e: JALAN SEGAMBUT RENDAH,TAMAN SEGAMBUT (PERSIARAN SEGAMBUT DALAM) (3.181894787770699, 101.67727836222294)
2026-02-19 00:30:35,727 - INFO - Processing record 3d2f49e0-1e83-483c-8ed6-8b8f12693cb0: RESIDENSI RAZAKMAS,TAMAN JAYA A (JLN JAYA,JLN 1,2,3,4,9&LRG 1,3,4,12,13,14) (3.0925332448374987, 101.720070540075)
2026-02-19 00:30:37,994 - INFO - Processing record 3d5affdd-2e1a-460f-a7c9-4172ce8e4c0c: APPT BEREMBANG INDAH,KG BEREMBANG (3.164974490746477, 101.73829707361266)
2026-02-19 00:30:40,240 - INFO - Processing record 3d6d37f9-56a5-4b39-aaeb-ab0f65b5356e: BANDAR MENJALARA (JALAN 13 HINGGA 15/62B),KONDOMINIUM TWY,KONDOMINIUM VISTA KIARA,LANAI KIARA CONDO,MONT KIARA (INSPIRASI MONT KIARA),MONT KIARA (MK 28),TAMAN SRI HARTAMAS (JALAN SRI HARTAMAS 2) (3.166515609330049, 101.650420865702)
2026-02-19 00:30:41,761 - INFO - Processing record 3d6fc1cd-1adc-43d6-b2e5-6a190b6fd536: HALAMAN MERU PERMAI (4.676154414091546, 101.08499964962677)
2026-02-19 00:30:43,320 - INFO - Progress: 30/100 in batch, Total: 19910/21579 overall
2026-02-19 00:30:43,322 - INFO - Processing record 3d8eea45-2657-41d9-a874-726883ff2f14: JU03 TAMAN RIA 1 & 2,JU05 TAMAN HILL TOP,JU12 TAMAN HUA TAI,JU52 KG. PISANG (4.281005628207603, 117.87976890936255)
2026-02-19 00:30:45,707 - INFO - Processing record 3dabd9a5-7191-4525-a699-3dfff757da7e: E1. SEKSYEN 16 (APT SURIA AVENUE),E1. SEKSYEN 16 (FLAT C : BLOK 17 - 26),E1. SEKSYEN 16 (KAW PERINDUSTRIAN A : JLN 16/1 - 16/8 & PERSIARAN KEMAJUAN) (3.059451279252427, 101.50698435592231)
2026-02-19 00:30:47,241 - INFO - Processing record 3db5ea8e-8468-4006-91a9-aaada942b830: BDR TASIK PUTERI FASA 6 (ZON A) (3.2776248279520552, 101.48095355617124)
2026-02-19 00:30:48,766 - INFO - Processing record 3dbc052c-7664-4985-bbc5-b84c18966945: KAMPUNG BUKIT KAPAR JALAN ISKANDAR 02 (3.1628392071610767, 101.43467271862414)
2026-02-19 00:30:50,767 - INFO - Processing record 3dcfcf41-23c0-4f64-924b-0332ebd69c31: JALAN PUNCAK 3 TAMAN PUNCAK SAUJANA (3.01501992499999, 101.807504553)
2026-02-19 00:30:52,594 - INFO - Processing record 3dea9a90-9d22-4574-8df1-e1b9b106aaf6: TAMAN BINTANG,TAMAN BPL,TAMAN MEI LOK,TAMAN TASIK (5.94386341480586, 116.07433872409158)
2026-02-19 00:30:54,425 - INFO - Processing record 3e1822ab-513f-417a-b1c4-526497d10d6e: MONT KIARA (163 RETAIL PARK),TAMAN SEGAMBUT SPPK (JALAN DUTAMAS SEROJA 2),TAMAN SEGAMBUT SPPK(JALAN DUTAMAS SEROJA 1 (2-98),TAMAN SRI BINTANG (34A, 34B, 34C & 34D & 34/38A),TAMAN SRI SINAR (PANGSAPURI ANGSA),UNITED POINT RESIDENCE (3.186866837765957, 101.65385779676596)
2026-02-19 00:30:55,948 - INFO - Processing record 3e72d8c5-b290-47f0-97ca-41c18a63f9ad: TAMAN KINTAMAN,TAMAN SENTOSA 03,TAMAN SENTOSA 08,TAMAN SENTOSA 09,TAMAN SENTOSA 18,TAMAN SENTOSA 26 (3.003450238006514, 101.47154095577852)
2026-02-19 00:30:57,473 - INFO - Processing record 3e7be4d3-d0ac-480d-906b-073f27db85db: APPT DESA 1,TMN DESA JAYA ZON 5,TMN USAHA JAYA ZON C (3.212190417842325, 101.61812822964316)
2026-02-19 00:30:59,657 - INFO - Processing record 3e8ddf1b-2fc5-406a-862b-e839a829f409: JK02 TMN. SEMARAK LOJI,JK04 TMN. SEMARAK PH.1,JK38 KOLEJ VOKASIONAL TAWAU,JK47 KG. MUHIBBAH BAL,JK82 TAMAN MUHIBBAH JAYA 1,JK97 TAMAN SEMARAK LOJI ATAP BIRU (4.293777594132023, 117.8906552474972)
2026-02-19 00:31:01,447 - INFO - Progress: 40/100 in batch, Total: 19920/21579 overall
2026-02-19 00:31:01,447 - INFO - Processing record 3e93d3b8-0401-4cf1-aa91-702de90c4da3: KAMPUNG MAMPIR (3.17882368715095, 101.8670399866541)
2026-02-19 00:31:02,918 - INFO - Processing record 3ea7b2fd-8652-4df7-a551-5b2d48cf4fa5: E7. KD PJU 5 SEK 7 APT LILY,E7. KD PJU 5 SEK 7 GUGUSAN KEKWA (3.171084463336786, 101.57358279949744)
2026-02-19 00:31:05,476 - INFO - Processing record 3ec7d111-10a8-4899-a858-fa6e7f8279a0: TAMAN KUALA MENGGATAL PH.2 (6.055646381254658, 116.15062267736648)
2026-02-19 00:31:07,005 - INFO - Processing record 3ed8c53a-0353-4108-be68-13b8b85a4026: TAMAN TASIK JAYA (JALAN 15 - 22 & 35) (2.718374993033782, 101.99795289672971)
2026-02-19 00:31:09,142 - INFO - Processing record 3ed8ffe5-e74f-423a-a16e-7d157dddde33: D'VANTAGE APARTMENT,KG. DARAU LAUT,KG.WARISAN PH 1,KG.WARISAN PH 2,TAMAN PURI WARISAN (6.015387736054053, 116.1335486159054)
2026-02-19 00:31:11,513 - INFO - Processing record 3ee6e015-8811-468d-a6de-e27757b99e1e: FLAT INDUSTRI LEMBAH JAYA SELATAN,PANGSAPURI SRI INTAN LEMBAH JAYA SELATAN (3.1385698016424213, 101.78162410420606)
2026-02-19 00:31:14,282 - INFO - Processing record 3f05692c-345f-43bc-8195-88cf4cbf6e06: JALAN 3/23-28,3/35-37 SEKSYEN 3 BANDAR BARU BANGI (2.9405764580000096, 101.782153048)
2026-02-19 00:31:15,801 - INFO - Processing record 3f09a308-67f0-4860-998a-f20a131c5ce2: FLAT SENTUL UTAMA,FLAT SENTUL UTARA,TAMAN DATO SENU (JALAN DATO SENU 31-35),TAMAN DATO SENU (JALAN DATO SENU 36-40) (3.194676574804471, 101.6981165622067)
2026-02-19 00:31:17,585 - INFO - Processing record 3f196309-6b03-4389-b777-7955accada87: TAMAN NURI (5.8915877135473, 118.04176342262164)
2026-02-19 00:31:19,104 - INFO - Processing record 3f1a00cd-5b6e-49eb-bb20-7ea87c148cd1: KG MAJU JAYA_KAWASAN INDUSTRI JLN KARAS (MBJB),TAPAK BINA KEMPAS TECH PARK (1.5602597208980893, 103.71661644449682)
2026-02-19 00:31:20,942 - INFO - Progress: 50/100 in batch, Total: 19930/21579 overall
2026-02-19 00:31:20,943 - INFO - Processing record 3f3a1cd5-af73-436a-92bf-5e7c6dc2ea20: TAMAN FAJAR FASA 1,TAMAN FAJAR FASA 2,TAMAN FAJAR FASA 3 (5.885959397513227, 118.05400572497884)
2026-02-19 00:31:22,675 - INFO - Processing record 3f505b17-4aed-4b10-8649-0a09a876484d: SN15 TAMAN EMAS (4.262566375999995, 117.898921299)
2026-02-19 00:31:24,224 - INFO - Processing record 3f6de977-a7ca-4670-9b9e-7ea8ffed5245: E3. SEKSYEN 26 (FLAT PPRT BLOK A,B,C),SEKSYEN 25 (TERES F : JLN 25/46-25/59, JLN 25/115-25/118B) (3.0342208529086974, 101.54198083134348)
2026-02-19 00:31:25,788 - INFO - Processing record 3f8b5ec1-f904-4fd3-a809-486b87dd34c0: KG TINUSA 2 LAUT (A) (5.888574930433496, 118.09240950408866)
2026-02-19 00:31:27,278 - INFO - Processing record 3f8dd7e5-e8f4-458b-923f-bdbb6999c8a3: E15. TMN PUCHONG PERMAI (APT PERMATA 1),E15. TMN PUCHONG PERMAI (FLAT BLOK F) (3.012512686102409, 101.5968625354699)
2026-02-19 00:31:28,792 - INFO - Processing record 3fb6626a-351a-45d9-9c5e-778e4a92cac1: KAMPUNG RANTAU PANJANG 39,TAMAN MEWAH 01 (3.0676152171004785, 101.41428480222012)
2026-02-19 00:31:31,133 - INFO - Processing record 3fba0fc6-7c7c-42bc-bff2-37983b8742e9: JALAN PUNCAK 3 TAMAN PUNCAK SAUJANA (3.01501992499999, 101.807504553)
2026-02-19 00:31:32,678 - INFO - Processing record 4026a6d3-6b33-4b43-bd56-f002ec252fc1: JALAN BERHALA,JALAN VIVEKANDA,MENARA PELANGI APARTMENT,METHODIST COLLEGE KUALA LUMPUR (MCKL),PALM COURT CONDOMINIUM (BLOK A,B,C,D),PPR SRI ALAM B (BLOK 6 - BLOK 9),RIVERIA CITY KL CITY,SENTRAL SUITES KL SENTRAL, JALAN ROZARIO,SUASANA LOFT,SUASANA SENTRAL CONDO,TAI KWONG MANSION, JLN BERHALA (BERSEBELAHAN TONG WENG MANSION),VILLA SCOTT CONDO (3.130767515662857, 101.68787087457714)
2026-02-19 00:31:34,210 - INFO - Processing record 4033ceec-16d0-402b-9e98-137bfce43b86: E5. SEKSYEN U19 (KBSB : JLN WELFARE) (3.08684424576761, 101.49568232757042)
2026-02-19 00:31:35,717 - INFO - Processing record 4045a6fc-fcce-4588-bb0b-2a59d5da3c2a: TAMAN SERI MEDAN (2.9366095103600007, 101.47520811592)
2026-02-19 00:31:37,280 - INFO - Progress: 60/100 in batch, Total: 19940/21579 overall
2026-02-19 00:31:37,281 - INFO - Processing record 40655395-54b6-4a35-84a0-723ec61f253a: MONT KIARA (163 RETAIL PARK),TAMAN SEGAMBUT SPPK (JALAN DUTAMAS SEROJA 2),TAMAN SEGAMBUT SPPK(JALAN DUTAMAS SEROJA 1 (2-98),TAMAN SRI BINTANG (34A, 34B, 34C & 34D & 34/38A),TAMAN SRI SINAR (PANGSAPURI ANGSA),UNITED POINT RESIDENCE (3.186866837765957, 101.65385779676596)
2026-02-19 00:31:38,760 - INFO - Processing record 406cd334-d83d-4dec-833a-e5b0a6dfb90d: FLAT SRI PERAK  A (BLOK 29,31,33),FLAT SRI PERAK B (BLOK 35,37,39,41) (3.182575941286668, 101.69889884951333)
2026-02-19 00:31:40,301 - INFO - Processing record 4078c126-d96d-4de3-bb34-5f3edea91f16: APPT SRI RAYA UP (3.207627118503269, 101.77246926184314)
2026-02-19 00:31:41,820 - INFO - Processing record 408427ab-359d-4059-8244-56d7ecafe376: TAMAN PEREPAT INDAH 01,TAMAN PEREPAT INDAH 02 (3.09842062060335, 101.35224676686032)
2026-02-19 00:31:43,347 - INFO - Processing record 408df95c-c9c0-4318-a1d4-a0dfa9989cd9: TMN SRI BAHAGIA (1.5122794129215678, 103.72559902447712)
2026-02-19 00:31:45,487 - INFO - Processing record 40ad133a-aa4d-4a23-9341-248544d8ce7c: LANDUNG AYANG DARAT (6.885402956873242, 116.84097346782391)
2026-02-19 00:31:47,007 - INFO - Processing record 40bc51e7-81ea-49fb-bdc4-d80ea41c0c35: E16. TMN PUNCAK JALIL 1C (RUMAH KEDAI: JLN PUJ 1/17-1/18),E8. BU PJU 1 (4) - (JALAN PJU 1/11 - 1/24),E8. BU PJU 6 BU 12 [JLN 12/1 - 12/10] (3.1246942241785742, 101.60060315969643)
2026-02-19 00:31:48,543 - INFO - Processing record 40bd39ca-260e-4dbd-93f6-cdc6fcc14c35: TAMAN KOTA,TAMAN RAMBAI INDAH (2.886313977764104, 101.49310724786154)
2026-02-19 00:31:50,053 - INFO - Processing record 40ef97aa-3536-4f7c-a1ad-4a4e73f5fc25: APARTMENT CAMELIA COURT NILAI IMPIAN,APARTMENT KIARA COURT NILAI IMPIAN (2.8425313257619047, 101.80765747845238)
2026-02-19 00:31:51,576 - INFO - Processing record 40f8bb8e-afd8-457b-8f93-d3dc5a763ae2: E8. BU PJU 6 APT PELANGI DAMANSARA (D,E,F) (3.1538252567328744, 101.60230257610274)
2026-02-19 00:31:53,768 - INFO - Progress: 70/100 in batch, Total: 19950/21579 overall
2026-02-19 00:31:53,768 - INFO - Processing record 40f90c73-e6e5-483b-9714-0086eb7dacf7: DESA SRI PUTERI (BLOK A,B,C),DESA SRI PUTERI (BLOK D, E, F),PPR DESA PETALING,TASIK HEIGHT APPT BLOK D, E, F, G & H,WIDURI IMPIAN CONDOMINIUM (3.0804401616805968, 101.71481362419404)
2026-02-19 00:31:55,501 - INFO - Processing record 412086d6-779f-4010-89f4-b925a18b7036: FLAT TAMAN BUKIT EMAS,TAMAN BUKIT EMAS (3.003681364920531, 101.754077601)
2026-02-19 00:31:57,041 - INFO - Processing record 413036b0-b227-4b8e-b5dc-a84822f7137e: TMN DAMAI JAYA_MAKMUR 1-18,25-38,TMN DAMAI JAYA_MAKMUR 19-24,39-54 (1.5018635286375843, 103.6452260282886)
2026-02-19 00:31:58,562 - INFO - Processing record 413d434b-1542-4ff0-95b8-7cf250e46c09: LAMBAIAN RESIDENCE 1,2 & 3 KAJANG (2.9338574808028164, 101.80577906749296)
2026-02-19 00:32:00,086 - INFO - Processing record 41410c37-06dd-4c43-ae1b-25edd07a5550: E5. SEKSYEN U19 (KBSB : JLN WELFARE) (3.08684424576761, 101.49568232757042)
2026-02-19 00:32:01,611 - INFO - Processing record 4194e23d-e7a7-4886-85f9-2d28e339b222: FLAT SRI JOHOR A(BLOK1-23),TAMAN IKAN EMAS (LRG IKAN EMAS 1-5) (3.1151033058736863, 101.71925660377369)
2026-02-19 00:32:03,490 - INFO - Processing record 41cf5fbf-69cb-4273-b009-48ab7b526864: TAMAN NURI (5.8915877135473, 118.04176342262164)
2026-02-19 00:32:05,013 - INFO - Processing record 41f43f60-dcbd-46b1-8dd6-19a89d0d7d8c: TAMAN KLANG JAYA 07 (3.0070742372937485, 101.45099823971876)
2026-02-19 00:32:06,540 - INFO - Processing record 41f55e5b-520b-4c2c-970c-31f9da3223e0: E13. TMN PINGGIRAN USJ 1,E13. TMN PINGGIRAN USJ 2 (3.0516143207586195, 101.55912572240888)
2026-02-19 00:32:08,093 - INFO - Processing record 42323ad5-467b-4dec-aa8b-0cd2212f0e31: FLAT UDA (BLOK E-K) (5.461901335192307, 100.30790861601282)
2026-02-19 00:32:09,613 - INFO - Progress: 80/100 in batch, Total: 19960/21579 overall
2026-02-19 00:32:09,613 - INFO - Processing record 424cc1e2-5a2b-4d78-b973-cdd25ce83dc1: TAMAN DESA BAIDURI,TMN KULAI UTAMA,TMN SG MAS,TMN SRI MUHIBAH (JLN BUNGA KERTAS A) (1.661663593589947, 103.58999857589684)
2026-02-19 00:32:11,082 - INFO - Processing record 42945f9c-f240-42a4-bb60-15a5285de7f2: TAMAN MAWAR FASA 4 (5.846311625102739, 118.03064012792466)
2026-02-19 00:32:12,624 - INFO - Processing record 42afbea2-89d1-419a-a5cf-eaa0ed1b6dca: KG.BUKIT PERMAI,KG.LOBOU (6.049642981465834, 116.18180948225464)
2026-02-19 00:32:14,152 - INFO - Processing record 42bb4ec5-4ecf-44ed-8e97-03723fa7a912: PEKAN MENGGATAL,TAMAN BUKIT PULUTAN,TAMAN MANSIANG,TAMAN SRI BARU,TAMAN SRI BARU FASA 2,TAMAN SUNGAI EMAS (6.023038238489627, 116.15760582882572)
2026-02-19 00:32:15,685 - INFO - Processing record 432b8fce-8588-440a-8088-886585c59a50: BEETHOVEN, SYMPHONY HILLS,CRESCENT 1,CYBERJAYA,CRESCENT 2,CYBERJAYA,CYBERIA CONDOMINIUM,CYBERIA SMARTHOME,VERDI ECO-DOMINIUMS (2.921704704126864, 101.64020328848132)
2026-02-19 00:32:17,200 - INFO - Processing record 43312373-0dc0-428a-835c-cbf9f39dda46: TAMAN MAZNAH 01,TAMAN MAZNAH 02,TAMAN MAZNAH 03,TAMAN MESRA INDAH 01 (3.0244664929911487, 101.4776303564867)
2026-02-19 00:32:18,983 - INFO - Processing record 434df9f1-06a4-4ba3-a48a-1c0893c4410b: TMN MAS (1.6676643346333335, 103.606205043)
2026-02-19 00:32:20,754 - INFO - Processing record 435a970b-5327-48ce-87ba-2908a423f089: E11. SRI PJU 1A PUNCAK SRI KELANA KONDO (3.111311945931504, 101.5814252264452)
2026-02-19 00:32:22,543 - INFO - Processing record 43abd777-e3a2-47c3-b8b6-f98546ac4125: KG SEGA TAT,KG SIMPANG BADANG (3.982091725588957, 101.9085630706994)
2026-02-19 00:32:24,060 - INFO - Processing record 43b1f4f0-b21d-4951-976a-d331fd5ea1a0: E5. SEKSYEN U19 (KBSB : JLN WELFARE) (3.08684424576761, 101.49568232757042)
2026-02-19 00:32:25,619 - INFO - Progress: 90/100 in batch, Total: 19970/21579 overall
2026-02-19 00:32:25,619 - INFO - Processing record 43bf1b0a-e8c7-45a6-9537-1791d5a4dd1b: E6. BL PJU 8 EMPIRE CITY (CROWN TOWER) MARRIOT RESIDENCE-BLOCK E,E6. BL PJU 8 EMPIRE CITY (MOSSAZ SUITES) BLOK WEST COURT (3.167477665936305, 101.6170802831465)
2026-02-19 00:32:27,092 - INFO - Processing record 43cf400f-655d-450b-a4d5-81f48ce7c56d: E13. TMN PINGGIRAN USJ 1,E13. TMN PINGGIRAN USJ 2 (3.0516143207586195, 101.55912572240888)
2026-02-19 00:32:28,648 - INFO - Processing record 440a0522-26a1-46e2-bb6e-b484b42ca3a0: JALAN KESUMA 7,7/1,7/17 DAN 7/18 (TANAH LOT) BANDAR TASIK KESUMA,TAMAN SEMENYIH PARKLANDS (2.8973269944497613, 101.87592784814834)
2026-02-19 00:32:30,795 - INFO - Processing record 441f5f59-b48e-4633-b60e-e4b105eedee4: E6. BL PJU 8 MULBERRY EMPIRE RESIDENCE (3.1716706252721054, 101.60395922209524)
2026-02-19 00:32:32,309 - INFO - Processing record 44213215-56a5-454b-a3a4-a197bbea1321: FLAT PKNS (JALAN TUN RAZAK),JALAN CHEMOR (TITIWANGSA SENTRAL KONDOMINIUM),JALAN PEKELILING LAMA(TR RESIDENCE),KAMPUNG BARU (ASRAMA PICOMS RAJA ABDULLAH),KAMPUNG BARU (KG. ATAS A),KAMPUNG BARU (KG. ATAS B),KAMPUNG BARU (KG. PAYA 1),KAMPUNG BARU (KG. PAYA 2),KAMPUNG BARU (PLAZA RAH),KAMPUNG BARU (WISMA ZABEDAH),KUARTERS HOSPITAL KUALA LUMPUR (3.168280412172149, 101.7052010495764)
2026-02-19 00:32:35,266 - INFO - Processing record 442199b2-3542-4175-9d73-49b5bf904b8f: TMN BUKIT INDAH_JLN INDAH 1-1/13,TMN BUKIT INDAH_JLN INDAH 1-1/13 (A) (1.4865481140700627, 103.65842148735668)
2026-02-19 00:32:36,796 - INFO - Processing record 4424c11b-385b-4100-95d7-a7dee42a5fc2: KUARTERS PERTANIAN GOMBAK SETIA (3.2166748601761648, 101.71504445389118)
2026-02-19 00:32:38,313 - INFO - Processing record 44395008-45a8-4b33-8ad0-ddbd6f805c40: AP100 KAMPUNG KONGSI 8/2 (4.26682874387417, 117.94028246272848)
2026-02-19 00:32:39,831 - INFO - Processing record 4492b1db-1e1f-4cbe-b973-0846a70c83fb: RESIDENSI RAZAKMAS,TAMAN JAYA A (JLN JAYA,JLN 1,2,3,4,9&LRG 1,3,4,12,13,14) (3.0925332448374987, 101.720070540075)
2026-02-19 00:32:41,360 - INFO - Processing record 44981c5c-0711-4d94-acfc-598558725674: RESIDENSI VISTA DEDANAU,TAMAN DANAU KOTA (JALAN 2/23E-5/23E) (3.208121878552632, 101.72193134273029)
2026-02-19 00:32:42,918 - INFO - Progress: 100/100 in batch, Total: 19980/21579 overall
2026-02-19 00:32:42,942 - INFO - Batch completed: 100 records in 172.3s
2026-02-19 00:32:42,942 - INFO - Overall progress: 19980/21579 (1599 remaining)
2026-02-19 00:32:42,942 - INFO - Estimated time remaining: 0.8 hours
2026-02-19 00:32:44,979 - INFO - Found 100 records to geocode
2026-02-19 00:32:44,979 - INFO - Processing record 449f658a-6c4f-48b4-bde6-bf18ee2fbbe7: E17. TMN SERDANG PERDANA SP 5 (FLAT KOS RENDAH),E17. TMN SERDANG PERDANA SP 5 (SKY VILLA) (3.0406801009562523, 101.7065499576625)
2026-02-19 00:32:45,041 - INFO - Processing record 44c4afee-6e04-4d5b-a2d5-bcffe05ba866: JALAN KESUMA 7,7/1,7/17 DAN 7/18 (TANAH LOT) BANDAR TASIK KESUMA,JALAN KESUMA 7/2 (TERES),7/8-7/16 BANDAR TASIK KESUMA,TAMAN SEMENYIH PARKLANDS (2.8971556042878044, 101.87549258340002)
2026-02-19 00:32:46,842 - INFO - Processing record 44d95dae-0450-4494-986c-f46e594ac18a: E6. BL PJU 9 SD 13 APT SRI MERANTI (1) [A,B,C,D,E,F,G] (3.194502822999993, 101.602403911)
2026-02-19 00:32:48,341 - INFO - Processing record 44f1f6c8-d39a-454d-b2b8-65e69ef198f2: KG SIMPANG MORIB,TAMAN SERI JAROMAS (ROSSA) (2.7705445689718307, 101.45497950741547)
2026-02-19 00:32:49,870 - INFO - Processing record 450dc827-7b48-4d45-9a7b-da8b1bc16d0a: E15. TMN PUCHONG PERDANA (JLN PERDANA 2),E15. TMN PUCHONG PERDANA (JLN PERDANA 4),E15. TMN PUCHONG PERDANA 5 (JLN ANGGERIK) (3.007245195906543, 101.60561893842522)
2026-02-19 00:32:51,391 - INFO - Processing record 451d06ea-8eda-4124-981b-4f9f77e10f38: TMN SRI SKUDAI_JLN PERAK,TMN SRI SKUDAI_JLN TEMBAGA MERAH (1.5403050903962274, 103.64780284341508)
2026-02-19 00:32:53,639 - INFO - Processing record 4544f676-2b67-47e8-bfac-fd6fcaa614bf: E5. SEKSYEN U6 (KG MELAYU SUBANG I : JLN PKNS),KG CEMPEDAK ZON B (3.1617017692760747, 101.52908845035584)
2026-02-19 00:32:55,153 - INFO - Processing record 45b2251c-b27d-4fdc-a987-2298725a3196: KAMPUNG RANTAU PANJANG 39,KAMPUNG RANTAU PANJANG JALAN RANTAU PANJANG,TAMAN MEWAH,TAMAN MEWAH 01 (3.066574039099546, 101.41403387967874)
2026-02-19 00:32:57,326 - INFO - Processing record 45baaebe-2aec-41db-8c72-4eb9acc7468f: APPT JALAN 6C/11 SEKSYEN 16 BANDAR BARU BANGI,JALAN 1/2 SEKSYEN 1 BANDAR BARU BANGI (2.9446940694918715, 101.7650624001504)
2026-02-19 00:32:59,682 - INFO - Processing record 45c171c5-e758-4c84-8061-a9f8d83b4e4d: TAMAN KINTAMAN,TAMAN SENTOSA 03,TAMAN SENTOSA 08,TAMAN SENTOSA 09,TAMAN SENTOSA 18,TAMAN SENTOSA 26 (3.003450238006514, 101.47154095577852)
2026-02-19 00:33:01,240 - INFO - Progress: 10/100 in batch, Total: 19990/21579 overall
2026-02-19 00:33:01,240 - INFO - Processing record 45ccf9d4-490f-42b9-b513-ec18e79b44d1: APARTMENT BAYU VILLA,APARTMENT VISTA BAYU,APARTMENT VISTA INDAH PUTRA (3.01820246249162, 101.42942109366484)
2026-02-19 00:33:02,709 - INFO - Processing record 45dd9d5f-02d5-4fc4-93ab-cfe29aa01981: TMN SRI JANGGUS (BLOK C1-C2),TMN SRI JANGGUS (TERES) (5.335379490490323, 100.4925870443613)
2026-02-19 00:33:04,350 - INFO - Processing record 4632c8ca-593f-4300-b396-4021b20baf32: DANGA BAY_AMBERSIDE BLOK 1A-1E, 9A, 9B, 8A, 8B,DANGA BAY_ROYAL STRAND (1.465858048848102, 103.72687719263922)
2026-02-19 00:33:06,874 - INFO - Processing record 4648125a-5670-4dac-8688-2c10798bfcc7: TAMAN EKA MATAHARI ( SELASIH ),TAMAN EKA MATAHARI ( SERAI ) (2.691943153775754, 101.7981158611212)
2026-02-19 00:33:08,394 - INFO - Processing record 464dd7d0-49db-43ad-9255-3848fc4a5c48: KAMPUNG RANTAU PANJANG 39,TAMAN MEWAH 01 (3.0676152171004785, 101.41428480222012)
2026-02-19 00:33:09,895 - INFO - Processing record 4665b93b-84f0-4ac5-a203-a0db559ec0cb: BANDAR RAMAI-RAMAI (5.836131687347562, 118.10296845090856)
2026-02-19 00:33:11,414 - INFO - Processing record 4691f1de-87da-4637-bd79-c296b8a77470: TMN SRI ORKID_FLAT SRI ORKID (1.5055941679671052, 103.63587306334868)
2026-02-19 00:33:12,938 - INFO - Processing record 46c9343f-cbe7-4d0d-9c40-b36b744658a0: E6. BL PJU 8 APT FLORA DAMANSARA 2 [C,D,E,F],E6. BL PJU 8 APT FLORA DAMANSARA 3 [G,H],E6. BL PJU 9 SD 13 FORESTA KONDO,E6. BL PJU 9 SD 13 SERESTA  KONDO (3.179165974286184, 101.61475476495066)
2026-02-19 00:33:15,309 - INFO - Processing record 46dc41f5-5422-4e94-933e-788635c7109d: E13. USJ 6 (QTS GURU),E13. USJ 6/1 (SUBANG PERDANA GOODYEAR COURT 1) BLOK A,B,C,D,E,F,G,H,I,J,K,L,E13. USJ 6/1 (SUBANG PERDANA GOODYEAR COURT 2) BLOK M,N,O,P,Q,R,S,T,U,V,W,X (3.054999846580483, 101.5890289655561)
2026-02-19 00:33:17,279 - INFO - Processing record 46f17b7c-2893-4879-8148-145c5da5aa30: KAMPUNG JAWA JALAN BUKIT JATI 01,KAMPUNG JAWA LORONG KOTA RAJA 04 (3.0306173486964303, 101.46161677545238)
2026-02-19 00:33:18,840 - INFO - Progress: 20/100 in batch, Total: 20000/21579 overall
2026-02-19 00:33:18,840 - INFO - Processing record 4727b360-c1c3-454a-a871-6e50da766779: TAMAN BUKIT CHEDANG (JALAN BELIDA) (2.693974535014086, 101.92220362838027)
2026-02-19 00:33:20,928 - INFO - Processing record 4734e108-9c35-4190-a423-43bf8bd5d8e9: E15. TMN PUCHONG PERMAI (APT PERMATA 1),E15. TMN PUCHONG PERMAI (FLAT BLOK F) (3.012512686102409, 101.5968625354699)
2026-02-19 00:33:22,467 - INFO - Processing record 47516bdb-103e-4f4e-9352-caf98275f465: TAMAN SERI JAROMAS (LOT KEDAI),TAMAN SERI JAROMAS (ROSSA) (2.8747000437361963, 101.50395532074234)
2026-02-19 00:33:23,996 - INFO - Processing record 475dd060-a5c1-41d4-8489-f213f9f7e391: TAMAN MALURI (JALAN JEJAKA),TAMAN MALURI(JALAN JEJAKA) (3.126414783139074, 101.73025870185432)
2026-02-19 00:33:25,802 - INFO - Processing record 475fe7fc-525e-48d0-bb29-e424e314a263: TAMAN MEWAH (3.066388814999982, 101.414300637)
2026-02-19 00:33:27,580 - INFO - Processing record 47774be2-5fc8-4278-a225-c871382f0d94: TAMAN CHI LIUNG 03,TAMAN PETALING INDAH 04 (3.024721024686748, 101.43656272427108)
2026-02-19 00:33:29,098 - INFO - Processing record 479bb0d4-eb6f-486a-ac78-7df43d579c3e: E6. BL PJU 8 APT FLORA DAMANSARA 1 [A,B],E6. BL PJU 8 APT FLORA DAMANSARA 2 [C,D,E,F],E6. BL PJU 8 APT FLORA DAMANSARA 3 [G,H],E6. BL PJU 9 SD 13 FORESTA KONDO,E6. BL PJU 9 SD 13 SERESTA  KONDO (3.178987633854545, 101.61449557010182)
2026-02-19 00:33:30,625 - INFO - Processing record 47f019ba-84f1-4503-bccb-c65c3ad0cd4b: E5. SEKSYEN U19 (KBSB : JLN INDUSTRI 12),E5. SEKSYEN U19 (KBSB : JLN PERKHIDMATAN),E5. SEKSYEN U19 (KBSB : JLN WELFARE) (3.196889345010101, 101.56948324050506)
2026-02-19 00:33:32,150 - INFO - Processing record 48118140-695a-452a-885f-ad2392d43a69: PRESINT 5 - PPAM SERULING,PRESINT 5- PARCEL 5R6 (2.889096698597561, 101.67977632954268)
2026-02-19 00:33:33,673 - INFO - Processing record 48141b81-a347-49d0-967d-a77ca4e1ac77: SIMPANG 3 PANGKAL KALONG (5.913574495852114, 102.24130305675352)
2026-02-19 00:33:35,243 - INFO - Progress: 30/100 in batch, Total: 20010/21579 overall
2026-02-19 00:33:35,243 - INFO - Processing record 481c8877-8983-4240-8914-6adfff642fac: APPT DAHLIA COURT PANDAN INDAH,JALAN PANDAN INDAH 9-20 PANDAN INDAH (3.1356161067469137, 101.7515522282716)
2026-02-19 00:33:37,001 - INFO - Processing record 4840861b-66db-47a2-b411-6e6b978461ee: E11. SRI SS 7 KELANA PUTERA KONDO,E11. SRI SS 7 KELANA PUTERI KONDO (3.108087835803799, 101.59357077797468)
2026-02-19 00:33:38,798 - INFO - Processing record 487e2024-94e7-4bfd-84fc-9fd6892047a0: E12. TM SEK 51A FLAT IMPIAN BAIDURI (3.095179882399999, 101.6227923925027)
2026-02-19 00:33:40,318 - INFO - Processing record 487eb2a1-6019-4c09-855a-0b988e8b0067: MONT KIARA (163 RETAIL PARK),TAMAN SRI BINTANG (34A, 34B, 34C & 34D & 34/38A),TAMAN SRI SINAR (PANGSAPURI ANGSA) (3.186824538936804, 101.65027877066916)
2026-02-19 00:33:42,890 - INFO - Processing record 487f0bdd-a0a3-412a-b20c-0300a64e8c82: TAMAN BANDAR EKAR RANTAU FASA 1 (2.592900051972789, 101.95875269057144)
2026-02-19 00:33:44,415 - INFO - Processing record 48cf0070-e21b-4262-b9b4-44ee1187191e: TMN SRI SKUDAI_JLN PERAK,TMN SRI SKUDAI_JLN TEMBAGA MERAH (1.5403050903679254, 103.64780284341508)
2026-02-19 00:33:47,360 - INFO - Processing record 48d5a78b-4836-4e60-9dbf-0d4d7a43e117: KG. MERDEKA 2,TMN. TANAH MERAH (1.8503595534090915, 102.94245775695076)
2026-02-19 00:33:49,520 - INFO - Processing record 49022a14-6647-4eec-bbef-5ea847bb3703: E13. USJ 5/1 (3.052818173999981, 101.57813419399996)
2026-02-19 00:33:51,039 - INFO - Processing record 49205670-148f-435d-97bb-1a4334e1d1de: KG BARU SUNGAI ARA,TAMAN SRI ACRES (5.319611036313725, 100.2730335391242)
2026-02-19 00:33:52,563 - INFO - Processing record 492888bc-ac5a-4972-89df-be9a5e91b3ae: MONT KIARA (163 RETAIL PARK),TAMAN SEGAMBUT SPPK (JALAN DUTAMAS SEROJA 2),TAMAN SEGAMBUT SPPK(JALAN DUTAMAS SEROJA 1 (2-98),TAMAN SRI BINTANG (34A, 34B, 34C & 34D & 34/38A),TAMAN SRI SINAR (PANGSAPURI ANGSA),UNITED POINT RESIDENCE (3.186866837765957, 101.65385779676596)
2026-02-19 00:33:54,124 - INFO - Progress: 40/100 in batch, Total: 20020/21579 overall
2026-02-19 00:33:54,124 - INFO - Processing record 4939de7f-a07a-4fdb-89e7-b1c06169c063: E1. SEKSYEN 16 (FLAT C : BLOK 17 - 26) (3.059763853999982, 101.50726584300004)
2026-02-19 00:33:56,217 - INFO - Processing record 497acd16-2f4c-481c-9ee0-48d3e40c3687: DESA SRI PUTERI (BLOK A,B,C),DESA SRI PUTERI (BLOK D, E, F),PPR DESA PETALING,TASIK HEIGHT APPT BLOK D, E, F, G & H (3.0804766648988093, 101.71480648247916)
2026-02-19 00:33:58,373 - INFO - Processing record 497cfea0-1139-495f-98e3-409dd86adc86: PERSIARAN PANTAI JEREJAK (5.338800539546668, 100.29988392105334)
2026-02-19 00:33:59,895 - INFO - Processing record 4984ad8d-f19b-4739-bb26-eb36f5297fda: APT DESA SKUDAI (BLOK1-4) (1.5364801102027037, 103.63502481461488)
2026-02-19 00:34:01,418 - INFO - Processing record 4a1de69a-6b6f-4bd1-af6f-e02dc75f2bb7: TMN PULAI INDAH_JLN PULAI INDAH /9,TMN PULAI INDAH_JLN PULAI INDAH /9 (B) (1.54117695192, 103.58450877272)
2026-02-19 00:34:02,941 - INFO - Processing record 4a6bfefe-7e82-4b1c-aada-e38b491a03dd: APT DAHLIA TBR BB,APT KENANGA TBR BB,PERSIARAN TAMAN BUNGA RAYA (3.437714499443927, 101.54650947228504)
2026-02-19 00:34:05,182 - INFO - Processing record 4ac294d9-6992-41a7-b551-687d44c7fcd2: TAMAN CHI LIUNG 03,TAMAN PETALING INDAH 04 (3.024721024686748, 101.43656272427108)
2026-02-19 00:34:06,706 - INFO - Processing record 4ac4add8-d47e-4c4f-8544-71e5abb667dd: TMN JP PERDANA_JLN JAYA PUTRA 2/26 - 2/40 (1.5696395817124205, 103.77704789533334)
2026-02-19 00:34:08,226 - INFO - Processing record 4afa5559-74ee-46f8-bcb4-4684914e5072: TAMAN SRI SENTOSA (BLOK 55,57,59,61,63,65) (3.0762947093841726, 101.63461807618006)
2026-02-19 00:34:10,364 - INFO - Processing record 4b38612e-b39a-44ee-9e58-3f70c8d4d8f2: TAMAN SERULING EMAS A,TAMAN SERULING EMAS B,TAMAN SERULING EMAS C (5.212881479887576, 100.50682304935503)
2026-02-19 00:34:11,927 - INFO - Progress: 50/100 in batch, Total: 20030/21579 overall
2026-02-19 00:34:11,927 - INFO - Processing record 4b3c5759-9170-4178-b432-1140032e24e0: KAMPUNG MAMPIR (3.17882368715095, 101.8670399866541)
2026-02-19 00:34:13,396 - INFO - Processing record 4b6e9d54-491e-4521-bd54-c1d56d21cc6d: VISTA MININTOD (5.930156881484277, 116.10768522367296)
2026-02-19 00:34:14,932 - INFO - Processing record 4b77ab10-6f00-44f3-a511-33224099261b: KG TERSUSUN PENGKALAN PEGOH (4.542564241852347, 101.0723916005772)
2026-02-19 00:34:16,454 - INFO - Processing record 4b909693-bd72-4992-bee6-d366df506482: FLAT SRI LANGKAWI 1 (3.2166748601761648, 101.71504445389118)
2026-02-19 00:34:17,980 - INFO - Processing record 4b988127-4d26-4898-86b7-a034d9495557: FLAT TAMAN SERI BEREMBANG (2.9947982746644293, 101.3987972201745)
2026-02-19 00:34:19,502 - INFO - Processing record 4bbd381e-c905-47f6-8e2d-2f13ec17d4ff: E5. SEKSYEN U20 (FASA 1D BBSB : JLN 1D/1 - 1D/3) (3.2181085399999985, 101.5662835947)
2026-02-19 00:34:21,029 - INFO - Processing record 4bd4fa44-68f2-4550-9611-944f7d29889d: TTDI (JALAN DATUK SULAIMAN 177-217, JALAN DATUK SULAIMAN 3 74-114 & 97-149) (3.153475239573335, 101.62900337920668)
2026-02-19 00:34:22,862 - INFO - Processing record 4befee66-3d4a-4d32-a49c-fd7b67436868: DESA AMAN 1(PDRM),DESA AMAN 2 (PDRM),KONDO RAKYAT,LAUREL RESIDENCE BANGSAR SOUTH,THE GOODWOOD RESIDENCE (3.106500950799999, 101.665312492896)
2026-02-19 00:34:25,100 - INFO - Processing record 4bf63b70-9fc2-48e2-95cd-49a454ab0305: TAMAN KLANG JAYA 07 (3.0070742372937485, 101.45099823971876)
2026-02-19 00:34:26,627 - INFO - Processing record 4bfa42a5-72d3-46fe-9d8c-d5a9729d7cd0: E17. TMN SERDANG PERDANA SP 5 (FLAT KOS RENDAH),E17. TMN SERDANG PERDANA SP 5 (SKY VILLA) (3.040644055500002, 101.70658744091976)
2026-02-19 00:34:28,438 - INFO - Progress: 60/100 in batch, Total: 20040/21579 overall
2026-02-19 00:34:28,438 - INFO - Processing record 4c0e6006-d56c-46e6-b341-a9f0406cf5d9: JALAN LIKAS,PLAZA JUTA,TAMAN MOONEE LIKAS (5.993104991597825, 116.11324541884238)
2026-02-19 00:34:29,905 - INFO - Processing record 4c178da4-fe96-4962-a9a6-537e139d9f05: TAMAN MALURI (JALAN JEJAKA),TAMAN MALURI(JALAN JEJAKA) (3.126414783139074, 101.73025870185432)
2026-02-19 00:34:31,446 - INFO - Processing record 4c483f05-0c76-46b1-b039-d4e45af777ab: TMN SUTERA _ 8SCAPE RESIDENSI,TMN SUTERA_SUTERA KUNING (1.4866023268447155, 103.69231597015528)
2026-02-19 00:34:33,588 - INFO - Processing record 4c636d61-a16d-46aa-a80b-811e3797f261: SEKSYEN 32 (JALAN REZAB BUANG LOT 2915),SEKSYEN 32 (JALAN REZAB BUANG) (2.9952614404124267, 101.50027732622034)
2026-02-19 00:34:35,113 - INFO - Processing record 4c87b2bf-7cc4-4a3d-bbbd-a204821e373b: APT TERATAI TBR BB (3.444276940787129, 101.55469361771289)
2026-02-19 00:34:37,278 - INFO - Processing record 4c910aad-9d06-4208-974e-6664b93a2ded: FLAT TAMAN SEMARAK (BLOK 1-7),TAMAN SEMARAK FASA 2 (JALAN TS 2/5F - 2/5K) (2.8241252548875, 101.80994876995626)
2026-02-19 00:34:38,799 - INFO - Processing record 4c97fd27-50c8-4169-8abd-33f291892819: ENSING TIMUR (1.5142396396804734, 110.31169010881656)
2026-02-19 00:34:41,143 - INFO - Processing record 4cabaa61-7ee9-4d9b-b899-f8f0f8a98449: TAMAN SERANGKAI 2 (JLN SENANG RIA, JLN ENAK, JLN ENAK 1&2, JLN RAMAH),TAMAN SERANGKAI 4(LRG RAMAH,JLN 6/127A,JLN 1/128A-6/128A,LRG NIKMAT) (3.0781269711578965, 101.68571563265132)
2026-02-19 00:34:42,662 - INFO - Processing record 4cc82df5-c3c9-4526-90e0-67b63529c005: APARTMENT PELANGI COURT,ASRAMA SMJK KWANG HUA,BANDAR BARU KLANG 04,TAMAN ENG ANN 02,TAMAN ENG ANN 04 (3.062987703815886, 101.45951940198916)
2026-02-19 00:34:44,178 - INFO - Processing record 4cdb9ff4-69c5-4e04-a1da-8b0266d71fcb: JALAN LOKE YEW (TEPIAN LOKE YEW),JALAN LOKE YEW(JALAN JUBILEE),PPR SRI ALAM A (BLOK 1 - BLOK 5),PPR SRI ALAM B (BLOK 6 - BLOK 9),PPR SRI ALAM C (BLOK 10 - BLOK 12) (3.1272987420120986, 101.7082182312137)
2026-02-19 00:34:46,470 - INFO - Progress: 70/100 in batch, Total: 20050/21579 overall
2026-02-19 00:34:46,470 - INFO - Processing record 4cee8f1c-45c1-446d-bfc2-27befe15e569: PANGSAPURI IMPIAN, BSP,PANGSAPURI IMPIAN, BSP (ZON 1-6),PANGSAPURI IMPIAN, BSP (ZON 7-12),PANGSAPURI SERI SAUJANA, BSP (BLOK A-F),TAMAN DIAMOND SP4 (2.9547327955970126, 101.5826834116567)
2026-02-19 00:34:47,940 - INFO - Processing record 4d053a9e-78f5-4400-9ea3-856b787f1d71: TAMAN ANGSAMAS (FASA 1),TAMAN ANGSAMAS (FASA 2) (2.6483752281666693, 101.92580208620667)
2026-02-19 00:34:49,474 - INFO - Processing record 4d074738-8313-4972-9df8-7ca4114b5853: E5. SEKSYEN U19 (KBSB : JLN INDUSTRI 12),E5. SEKSYEN U19 (KBSB : JLN PERKHIDMATAN),E5. SEKSYEN U19 (KBSB : JLN WELFARE) (3.196889345010101, 101.56948324050506)
2026-02-19 00:34:50,995 - INFO - Processing record 4d10f52f-5be2-46b5-907e-443b7eb5ddad: JALAN CARPENTER (1.5583144827605608, 110.3470083149648)
2026-02-19 00:34:52,518 - INFO - Processing record 4d2cab87-bf4d-44fc-bdf4-e257a6bb1ff0: TAMAN KLANG JAYA 07 (3.0070742372937485, 101.45099823971876)
2026-02-19 00:34:54,041 - INFO - Processing record 4d39532d-be85-45d7-8edf-4590465628b6: JALAN PERMAISURI BANDAR MAHKOTA CHERAS (3.052699389760274, 101.79626152376028)
2026-02-19 00:34:55,567 - INFO - Processing record 4d3a9bb2-b3a2-46e9-8194-0b5209bf7749: FLAT SRI PERAK  A (BLOK 29,31,33),FLAT SRI PERAK B (BLOK 35,37,39,41) (3.182575941286668, 101.69889884951333)
2026-02-19 00:34:57,086 - INFO - Processing record 4d4ddd8f-7069-4f06-a259-fca101d40b20: APT RISTA VILLA (2.947554506051611, 101.60594277420644)
2026-02-19 00:34:58,857 - INFO - Processing record 4d500e35-a113-4af5-be38-84a041f801f8: DESA ALPHA (TOWN HOUSE),FLAT PKNS JALAN KUCHING,KOMPLEKS MUTIARA,PPR PEKAN BATU,PROGRAM PERUMAHAN RAKYAT (PPR) INTAN BAIDURI ( BLOK A,B,C ),SRI INTAN 1 CONDOMINIUM ( 3 BLOK ),TAMAN BAMBOO (JALAN CHENDERUH, CHENDERUH 4, CHENDERUH 5),TAMAN BAMBOO (JALAN TEROLAK 2 ( AA1-AA7 ), JALAN TEROLAK 3 ( Z1-Z7 ) & ( Y1-Y4 ),TAMAN BAMBOO (JLN TEROLAK 7(EE1-EE11)(FF1-FF14)&(14-18),JLN TEROLAK 6(HH1-HH14),TAMAN LAWA (JALAN 17 (122-168) & 13/42 (66-109),TAMAN SEGAMBUT INDAH (JALAN SELINGSING, JALAN 1/46,2/46 & 3/46), JALAN MATANG,TAMAN SEJAHTERA (JALAN 9/42 (2-60) & (1-25), JALAN 2/42A (2-24,TAMAN SRI DELIMA (JLN JAMBU GOLOK (2-22), LRG JAMBU AIR 3, LRG JAMBU AIR 2 (1-27 (3.196438388946591, 101.6741927990534)
2026-02-19 00:35:00,669 - INFO - Processing record 4d6315f4-d0f4-45d2-a16f-22dbf63cbfc6: E6. BL PJU 8 MULBERRY EMPIRE RESIDENCE (3.1716706252721054, 101.60395922209524)
2026-02-19 00:35:02,230 - INFO - Progress: 80/100 in batch, Total: 20060/21579 overall
2026-02-19 00:35:02,230 - INFO - Processing record 4d7e1661-7ffd-44c4-b529-bf5ea97a08f1: PANGSAPURI PANDANMAS (3.1397509560443018, 101.73696730314558)
2026-02-19 00:35:03,696 - INFO - Processing record 4da86207-b0d9-47c7-a798-4a1ab37b6827: E13. USJ 15(SBG PERDANA GOODYEAR COURT 10A)BLOK A(A,B,C,D,E,F,G,H,J,K,L,M,N,P,Q),E14. USJ 18 (3.0358663289378875, 101.5823506739938)
2026-02-19 00:35:05,239 - INFO - Processing record 4dad333d-c8f6-4e1b-a375-4a7260592509: TMN SRI SKUDAI_JLN PERAK,TMN SRI SKUDAI_JLN TEMBAGA MERAH (1.54032962834762, 103.6477570599857)
2026-02-19 00:35:07,419 - INFO - Processing record 4dc1323d-5c39-409e-aff0-37f685b39d36: E11. SRI PJS 5 FLAT DESA MENTARI (BLOK 7 , 8),E11. SRI PJS 5 FLAT DESA RIA (G,J,K,L,M,N,O,P),E11. SRI PJS 5 TMN DESA RIA (PST KOMERSIAL) [JLN PJS 5/2, 5/4],E11. SRI PJS 5 TMN DESA RIA (PST KOMERSIAL) [JLN PJS 5/27-5/30],E11. SRI PJS 6 FLAT DESA MENTARI 2 (BLOK 4 , 5 , 6),E11. SRI PJS 6 RUMAH KEDAI,E12. TM PJS 1 APT DAMAI SENJA,E12. TM PJS 1 BOTANIQA RESIDENCE [JLN PJS 1/52],E12. TM PJS 2 APPT TAMAN MEDAN JAYA,E12. TM PJS 2B PUSAT KOMERSIAL,E12. TM PJS 2C APT MEDAN CAHAYA 1 (BLOK A , B , C),E12. TM PJS 2C APT MEDAN CAHAYA 2 (BLOK D , E , F),E12. TM PJS 2C APT MEDAN JAYA (BLOK I),E12. TM PJS 2C TMN MEDAN (TERES 2) [JLN PJS 2C/12,14,16,16A-C,18,19,20,21,22],E12. TM PJS 2C TMN MEDAN (TERES 3) [JLN PJS 2C/3,2C/11M,2C/11N,2C/13,2C/15],E12. TM PJS 2C TMN MEDAN (TERES 4) [JLN PJS 2C/11,2C/11A,B,C,D,F,G,H,J,K,L,28,2],E12. TM PJS 2C TMN MEDAN (TERES 5) [JLN PJS 2C/5,1,2,4,6,8,10,PJS 2/2,1],E12. TM PJS 2D FLAT DESA MENTARI (BLOK 11),E12. TM PJS 2D TMN MEDAN (TERES 1) [JLN PJS 2D/15 , PJS 2D/15A - PJS 2D/15E],E12. TM PJS 2D TMN MEDAN (TERES 2) [JLN PJS 2D/2,4,5,6,7,8,8C,8D,9,10,11,12,14],E12. TM PJS 3 FLAT DESA SEPAKAT (BLOK A , B) [JLN PJS 3/22],E12. TM PJS 3 FLAT TMN SRI MANJA (BLOK LC1C , LC2B , LC3A) [JLN PJS 3/44],E12. TM PJS 3 TMN BUANA PERDANA (JLN PJS 3/23 -3/29 ),E12. TM PJS 3 TMN MEDAN BARU (TERES 2) [JLN MEDAN 8 , 9 , 10],E12. TM PJS 3 TMN MEDAN BARU (TERES 3) [JLN MEDAN 11,12,13,14,15,22,23],E12. TM PJS 3 TMN MEDAN BARU (TERES 5) [JLN MEDAN 29,30,31,32],E12. TM PJS4 TMN INDAH JAYA(TERES 2)[JLN PJS 4/2,4,8,9,10,19,19A,21,21A],E12. TM TMN DATO HARUN (TERES 2) [JLN PJS 2/12 , 2/16 , 2/21A , 2/21B , 2/27B],E12. TM TMN DATO HARUN (TERES 3) [JLN 11,13,2/8,2/15,2/17,PJS 2/2,2/4],E12. TM TMN DATO HARUN (TERES 4) [JLN 2/1,3,LRG 7A,7C, PJS 2C/1,2,3,4,5,6,8,10],E14. TMN KINRARA JLN TK 4 (PANGSAPURI KINRARA RIA),E14. TMN KINRARA JLN TK 4 (PANGSAPURI KOS RENDAH) (3.076290019302197, 101.6343456685912)
2026-02-19 00:35:08,943 - INFO - Processing record 4dcdb860-f7b9-4218-a60e-f08dee00d71e: TAMAN KINTAMAN,TAMAN SENTOSA 03,TAMAN SENTOSA 08,TAMAN SENTOSA 09,TAMAN SENTOSA 18,TAMAN SENTOSA 26 (3.003450238006514, 101.47154095577852)
2026-02-19 00:35:10,469 - INFO - Processing record 4dd52b87-bbce-4081-bf38-d9ecfa18a513: TAMAN KLANG JAYA 07 (3.007131137347563, 101.45105181743902)
2026-02-19 00:35:11,998 - INFO - Processing record 4dd9504c-7ff0-49aa-badb-2b2dcc2ce57f: KG.BUKIT PERMAI,KG.LOBOU (6.049642981465834, 116.18180948225464)
2026-02-19 00:35:13,520 - INFO - Processing record 4dda1026-bad6-43be-9c3f-5ac2f3547e2f: KG. KOPUNGIT BLOK A,KG.MUHIBBAH (5.952706853118746, 116.065841872725)
2026-02-19 00:35:15,045 - INFO - Processing record 4e1a1999-7017-4a35-94ac-9fb81c56fee4: PERDANA COLLEGE HEIGHTS (2.8491745389014085, 101.84169825745072)
2026-02-19 00:35:17,205 - INFO - Processing record 4e25ebb6-1dbb-4f47-87fc-d27b5d56505b: TMN SETIA INDAH_JLN SETIA INDAH 4/ (1.571785779666667, 103.74779853427891)
2026-02-19 00:35:19,394 - INFO - Progress: 90/100 in batch, Total: 20070/21579 overall
2026-02-19 00:35:19,394 - INFO - Processing record 4e309a6b-2296-4014-a884-0a32a7cad29f: TAMAN SERANGKAI 2 (JLN SENANG RIA, JLN ENAK, JLN ENAK 1&2, JLN RAMAH),TAMAN SERANGKAI 4(LRG RAMAH,JLN 6/127A,JLN 1/128A-6/128A,LRG NIKMAT) (3.0781269711578965, 101.68571563265132)
2026-02-19 00:35:20,857 - INFO - Processing record 4e42e90c-1aef-42a1-926d-1557a7fe6906: E17. SRI KEMBANGAN 3,E17. TMN BKT SERDANG 4,E17. TMN BKT SERDANG 4 (SERI PAGI),E17. TMN JINMA SRI KEMBANGAN,E17. TMN SERDANG PERDANA (PERDANA SELATAN - SOUTH CITY CONDO) (3.02037545724904, 101.70218152125288)
2026-02-19 00:35:22,712 - INFO - Processing record 4e6c899c-35ca-4406-8aae-e85ceee0606a: LANDUNG AYANG DARAT (6.885402956873242, 116.84097346782391)
2026-02-19 00:35:24,260 - INFO - Processing record 4e868edc-eca4-4619-8f31-21a01d48e5cf: RESIDENSI SKYSIERRA THE VALLEY SETIAWANGSA (3.187374631697186, 101.74659785462676)
2026-02-19 00:35:25,769 - INFO - Processing record 4e9350cd-2bb3-4c90-b79f-9d5711a7c66b: TMN UKAY BISTARI ZON B,TMN UKAY BISTARI ZON D (3.2040252490890366, 101.7646032101644)
2026-02-19 00:35:27,293 - INFO - Processing record 4ea5be14-f7a5-41c0-aa06-d500fcd44ffd: E6. BL PJU 9 SD 13 APT SRI MERANTI (1) [A,B,C,D,E,F,G] (3.194502822999993, 101.602403911)
2026-02-19 00:35:28,819 - INFO - Processing record 4eb59cff-9561-46dd-9984-7a2b2a0ad234: CYBERSQUARE APEX TOWER,CYBERSQUARE VERTEX TOWER (2.919103130006713, 101.65675915226176)
2026-02-19 00:35:30,339 - INFO - Processing record 4ebe2e50-5e84-4237-9403-58682219ef2b: E12. TM PJS 2D FLAT DESA MENTARI (BLOK 11) (3.076355078000006, 101.633338676)
2026-02-19 00:35:31,860 - INFO - Processing record 4ec961fa-0154-4af7-84b8-85a402bd1593: E11. SRI PJS 5 TMN DESA RIA (PST KOMERSIAL) [JLN PJS 5/2, 5/4],E11. SRI PJS 5 TMN DESA RIA (PST KOMERSIAL) [JLN PJS 5/27-5/30],E12. TM PJS 1 APT DAMAI SENJA,E12. TM PJS 1 BOTANIQA RESIDENCE [JLN PJS 1/52],E12. TM PJS 2 APPT TAMAN MEDAN JAYA,E12. TM PJS 2B PUSAT KOMERSIAL,E12. TM PJS 2C APT MEDAN CAHAYA 1 (BLOK A , B , C),E12. TM PJS 2C APT MEDAN CAHAYA 2 (BLOK D , E , F),E12. TM PJS 2C APT MEDAN JAYA (BLOK I),E12. TM PJS 2C TMN MEDAN (TERES 2) [JLN PJS 2C/12,14,16,16A-C,18,19,20,21,22],E12. TM PJS 2C TMN MEDAN (TERES 4) [JLN PJS 2C/11,2C/11A,B,C,D,F,G,H,J,K,L,28,2],E12. TM PJS 2C TMN MEDAN (TERES 5) [JLN PJS 2C/5,1,2,4,6,8,10,PJS 2/2,1],E12. TM PJS 2D FLAT DESA MENTARI (BLOK 11),E12. TM PJS 2D TMN MEDAN (TERES 1) [JLN PJS 2D/15 , PJS 2D/15A - PJS 2D/15E],E12. TM PJS 2D TMN MEDAN (TERES 2) [JLN PJS 2D/2,4,5,6,7,8,8C,8D,9,10,11,12,14],E12. TM PJS 3 FLAT DESA SEPAKAT (BLOK A , B) [JLN PJS 3/22],E12. TM PJS 3 FLAT TMN SRI MANJA (BLOK LC1C , LC2B , LC3A) [JLN PJS 3/44],E12. TM PJS 3 TMN BUANA PERDANA (JLN PJS 3/23 -3/29 ),E12. TM PJS 3 TMN MEDAN BARU (TERES 2) [JLN MEDAN 8 , 9 , 10],E12. TM PJS 3 TMN MEDAN BARU (TERES 3) [JLN MEDAN 11,12,13,14,15,22,23],E12. TM PJS 3 TMN MEDAN BARU (TERES 5) [JLN MEDAN 29,30,31,32],E12. TM PJS4 TMN INDAH JAYA(TERES 2)[JLN PJS 4/2,4,8,9,10,19,19A,21,21A],E12. TM TMN DATO HARUN (TERES 2) [JLN PJS 2/12 , 2/16 , 2/21A , 2/21B , 2/27B],E12. TM TMN DATO HARUN (TERES 3) [JLN 11,13,2/8,2/15,2/17,PJS 2/2,2/4],E12. TM TMN DATO HARUN (TERES 4) [JLN 2/1,3,LRG 7A,7C, PJS 2C/1,2,3,4,5,6,8,10],E14. TMN KINRARA JLN TK 4 (PANGSAPURI KINRARA RIA),E14. TMN KINRARA JLN TK 4 (PANGSAPURI KOS RENDAH) (3.0754753193686364, 101.6384708792517)
2026-02-19 00:35:33,628 - INFO - Processing record 4f296821-fc33-4a37-a8ff-ecb8acd9a07c: TMN RAPAT INDAH (4.569729989634831, 101.13020490388766)
2026-02-19 00:35:35,530 - INFO - Progress: 100/100 in batch, Total: 20080/21579 overall
2026-02-19 00:35:35,554 - INFO - Batch completed: 100 records in 170.6s
2026-02-19 00:35:35,554 - INFO - Overall progress: 20080/21579 (1499 remaining)
2026-02-19 00:35:35,554 - INFO - Estimated time remaining: 0.8 hours
2026-02-19 00:35:37,657 - INFO - Found 100 records to geocode
2026-02-19 00:35:37,657 - INFO - Processing record 4f2db9f5-a66b-46f7-96db-cea76ebc97e6: JALAN TAMING KIRI 1-6 TAMAN TAMING JAYA (3.025712372723682, 101.74458120963816)
2026-02-19 00:35:37,715 - INFO - Processing record 4f66973d-cc80-43dd-bf1c-b7fa6852a614: E11. SRI PJS 5 FLAT DESA RIA (G,J,K,L,M,N,O,P),E11. SRI PJS 6 FLAT DESA MENTARI 2 (BLOK 4 , 5 , 6) (3.0805098298846145, 101.61637847011536)
2026-02-19 00:35:39,871 - INFO - Processing record 4f6a71ca-1aec-431e-b0d7-bb12a92156af: TAMAN SULTAN ABDUL HALIM (6.106524897377483, 100.3757822573576)
2026-02-19 00:35:41,647 - INFO - Processing record 4f6ab311-d7d1-411a-995e-6bde8430004a: TAMAN KUALA MENGGATAL PH.2 (6.055646381254658, 116.15062267736648)
2026-02-19 00:35:43,171 - INFO - Processing record 4f6fb083-4afe-4ee3-a528-16564e598007: E5. SEKSYEN U4 (APT DAMAI),E5. SEKSYEN U5 (SUBANG BESTARI : PUSAT KOMERSIL JLN U5/H, J, K, L, M, N, P & Q) (3.1770746264303824, 101.54701280970254)
2026-02-19 00:35:44,685 - INFO - Processing record 4f9dc1b9-c790-43ca-b799-c79075677087: E8. BU PJU 6 APT PELANGI DAMANSARA (D,E,F) (3.1538252567328744, 101.60230257610274)
2026-02-19 00:35:46,207 - INFO - Processing record 4fa32b7e-fad0-484f-887a-e6c915472416: E12. TM PJS 2 APPT TAMAN MEDAN JAYA (3.082571699000028, 101.63179648800002)
2026-02-19 00:35:47,742 - INFO - Processing record 4fbb4a92-d8d0-44ba-99dd-8f4713d20ce9: E6. BL PJU 8 EMPIRE CITY (CROWN TOWER) MARRIOT RESIDENCE-BLOCK E,E6. BL PJU 8 EMPIRE CITY (MOSSAZ SUITES) BLOK WEST COURT (3.167477665936305, 101.6170802831465)
2026-02-19 00:35:49,271 - INFO - Processing record 4fd84be8-4af8-4865-ae8e-bafc13d25f7c: TAMAN MEWAH (3.066388814999982, 101.414300637)
2026-02-19 00:35:50,790 - INFO - Processing record 4fd9caa4-d794-4694-a813-d79460fc982a: DESA SRI PUTERI (BLOK A,B,C),DESA SRI PUTERI (BLOK D, E, F) (3.0855001797256065, 101.71303866838416)
2026-02-19 00:35:52,628 - INFO - Progress: 10/100 in batch, Total: 20090/21579 overall
2026-02-19 00:35:52,628 - INFO - Processing record 50000538-08a6-44fc-975d-b4faf00db52f: TMN HOOVER (4.584305601999972, 101.084001527)
2026-02-19 00:35:55,020 - INFO - Processing record 50264ded-bacb-416b-9839-374777ea2792: TMN U_KEJAYAAN 41-56 (1.5232660330828425, 103.622286633071)
2026-02-19 00:35:56,559 - INFO - Processing record 5053b776-5aba-4edc-a8a8-0b5405ef84ae: BSP 21,BSP 21 (BLOK A-E),BSP 21 (BLOK F-J),JALAN SP6, BSP,JALAN SP7 (TAMAN CORAL) (2.941589097341725, 101.58887310096765)
2026-02-19 00:35:58,819 - INFO - Processing record 508131e2-6c1a-4355-a628-97c41e3e9013: TMN GRAND (5.920839133140003, 116.09159034748)
2026-02-19 00:36:00,341 - INFO - Processing record 5098e7c7-b770-4a74-a68d-1e669b2b46d3: TMN SRI SKUDAI_JLN PERAK,TMN SRI SKUDAI_JLN TEMBAGA MERAH (1.54032962834762, 103.6477570599857)
2026-02-19 00:36:01,869 - INFO - Processing record 50ebed36-e07e-438f-95d2-a8586abb0e6f: TAMAN JAYA UTAMA ZON 1,TAMAN JAYA UTAMA ZON 2,TAMAN JAYA UTAMA ZON 3 (2.9107372007595624, 101.47433692955735)
2026-02-19 00:36:03,674 - INFO - Processing record 50fc0928-3500-4954-b846-80df4f9dec89: CONDO KG WARISAN,SRI MAYA CONDO (3.1751308165558263, 101.73411796353642)
2026-02-19 00:36:05,195 - INFO - Processing record 510b0473-d1e3-4f5d-b426-19b13cec21a9: JALAN SENTUL RIA 1 - LORONG SENTUL JAYA 1,KONDOMINIUM SRI SUAJAYA (BLOK 200, 202, 204),SENTUL PASAR (LORONG SENTUL BAHAGIA 4) (3.1970637101368427, 101.69039378404912)
2026-02-19 00:36:07,048 - INFO - Processing record 5119f2e5-9bda-4ed2-a4d9-6b3af51069dc: TAMAN MUTIARA FASA II (5.438620084658822, 100.64414134754117)
2026-02-19 00:36:08,574 - INFO - Processing record 512b9c25-31f0-4c44-aa9f-7ec08635f0c9: SN15 TAMAN EMAS,SN16 TAMAN LEEKA,SN26 TAMAN PASADENA,SN48 TAMAN DA HUA 5,SN58 TAMAN WIRA (4.260036591013841, 117.90283835559168)
2026-02-19 00:36:10,544 - INFO - Progress: 20/100 in batch, Total: 20100/21579 overall
2026-02-19 00:36:10,544 - INFO - Processing record 51363846-b8c9-4605-b1f1-83d926f0c916: TMN MUTIARA RINI_JLN UTAMA 34-46 (1.520237797110391, 103.6370312628896)
2026-02-19 00:36:12,014 - INFO - Processing record 517a75ce-3f10-4171-829a-bcec1e7c7017: E13. SS 17/1 (3.077062840999986, 101.579789452)
2026-02-19 00:36:13,552 - INFO - Processing record 51f227b7-ec97-4da5-abae-4d219339ba60: TMN. SEJAHTERA (1.856762648675496, 102.93430652419867)
2026-02-19 00:36:15,069 - INFO - Processing record 51ffa86b-2924-4c20-9b35-c0dfc1fc8597: E16. TMN PUNCAK JALIL 1C (RUMAH KEDAI: JLN PUJ 1/17-1/18),E8. BU PJU 1 (4) - (JALAN PJU 1/11 - 1/24),E8. BU PJU 6 BU 11 (TERES 1) [JLN 11/8 - 11/17],E8. BU PJU 6 BU 12 [JLN 12/1 - 12/10] (3.1273087943252613, 101.60283370949828)
2026-02-19 00:36:17,238 - INFO - Processing record 520e2679-827d-47bc-bd70-551ebcfd3cf7: FLAT TAMAN SEMARAK (BLOK 1-7),TAMAN SEMARAK FASA 2 (JALAN TS 2/5F - 2/5K) (2.8241252548875, 101.80994876995626)
2026-02-19 00:36:18,759 - INFO - Processing record 527b147c-2642-428d-8cf8-046e1a88bfa0: APPT SRI RAYA UP (3.207627118503269, 101.77246926184314)
2026-02-19 00:36:20,289 - INFO - Processing record 5296bacf-5cbf-474d-bfeb-5bbb1f51579e: E11. SRI SS 7 KELANA PUTERA KONDO,E11. SRI SS 7 KELANA PUTERI KONDO (3.108087835803799, 101.59357077797468)
2026-02-19 00:36:21,804 - INFO - Processing record 5298dd15-0d08-475f-824d-2c59ff649c90: TAMAN DESA BAIDURI,TMN KULAI UTAMA,TMN SG MAS,TMN SRI MUHIBAH (JLN BUNGA KERTAS A) (1.661663593589947, 103.58999857589684)
2026-02-19 00:36:23,328 - INFO - Processing record 52ad55d1-09fc-45a8-a35d-bb1850cf3e38: E15. TMN DAMAI UTAMA 5 (PALMERA KINRARA RESIDEN) (3.026557563719745, 101.66606458541402)
2026-02-19 00:36:24,853 - INFO - Processing record 52aec381-bbc6-4664-8e80-c9605b6be25c: TAMAN SENTOSA 05,TAMAN SENTOSA PERDANA 05 (3.0073245346066653, 101.48349758354668)
2026-02-19 00:36:26,421 - INFO - Progress: 30/100 in batch, Total: 20110/21579 overall
2026-02-19 00:36:26,421 - INFO - Processing record 52b54fcb-b850-45f2-847f-260f39ed81ca: KG.WARISAN PH 1 (6.011735879000014, 116.13194350599996)
2026-02-19 00:36:27,888 - INFO - Processing record 52cd1763-8cf3-4757-bab1-85e8fdb3b827: APT SEROJA,APT TERATAI (2.9334918741986766, 101.60053568539736)
2026-02-19 00:36:29,414 - INFO - Processing record 52e70b5a-e385-4940-bc84-c9ab39eea978: E10. BG SEK 1A (TERES 1 : JLN CAREY DAN LORONG 1A/71,71ABCDEFGHIJKMN,1A/73,73AB) (3.084389589510068, 101.65706230887248)
2026-02-19 00:36:31,569 - INFO - Processing record 52eb0e4d-3e50-4c2e-a39f-fd03534b09a3: TAMAN DATO HORMAT (JALAN NIPAH) (2.9027650889872607, 101.46095347762422)
2026-02-19 00:36:33,094 - INFO - Processing record 531b4069-63c7-41ca-8728-55a5cc397042: PERSIARAN HAMZAH ALANG 07 (3.135502845326528, 101.38659127004082)
2026-02-19 00:36:34,618 - INFO - Processing record 532c51bf-8e05-4a84-8010-859e1229a491: KG SEGA TAT,KG SIMPANG BADANG (3.982091725588957, 101.9085630706994)
2026-02-19 00:36:36,144 - INFO - Processing record 5331b6be-cfd9-4080-af8f-6ccd6c319038: E7. KD PJU 5 SEK 7 APT LILY,E7. KD PJU 5 SEK 7 GUGUSAN KEKWA (3.171084463336786, 101.57358279949744)
2026-02-19 00:36:37,663 - INFO - Processing record 53362782-66b8-4a45-b338-a044ed440850: LAMBAIAN RESIDENCE 1,2 & 3 KAJANG (2.9338574808028164, 101.80577906749296)
2026-02-19 00:36:39,188 - INFO - Processing record 533ebb7a-a823-4747-84a8-929bb6be5038: KG MELAYU WIRA DAMAI (3.250147012300652, 101.69123899113072)
2026-02-19 00:36:41,332 - INFO - Processing record 5379528b-00b9-4077-87cb-aaaef46790eb: E6. BL PJU 8 EMPIRE CITY (CROWN TOWER) MARRIOT RESIDENCE-BLOCK E,E6. BL PJU 8 EMPIRE CITY (MOSSAZ SUITES) BLOK WEST COURT (3.167477665936305, 101.6170802831465)
2026-02-19 00:36:42,888 - INFO - Progress: 40/100 in batch, Total: 20120/21579 overall
2026-02-19 00:36:42,888 - INFO - Processing record 539e4cc5-e923-4dff-97da-5d8a0359e9af: BDR UDA UTAMA_UDA UTAMA 6/ (1.489827010273257, 103.67051890333722)
2026-02-19 00:36:44,650 - INFO - Processing record 53a7e17e-e585-488c-87ea-2344de874f21: PRESINT 9 - JALAN P9B/7-B/12,PRESINT 9 - JALAN P9B1/4 - B1/5,PRESINT 9 - JALAN P9B1/7 - B1/13 (2.9443734344134027, 101.67365834052514)
2026-02-19 00:36:46,188 - INFO - Processing record 53d82578-c7f6-4c13-9bb8-0bd4080b05b2: TMN SRI AUSTIN_JLN SRI AUSTIN 6/1-6/22 EAST ZONE (1.5816096783103455, 103.74922184605748)
2026-02-19 00:36:48,326 - INFO - Processing record 53e9e327-b1a9-4658-bf73-7947a4ac1e2e: KAMPUNG NANAS(SETINGGAN),KARAMUNTING BARU (5.812406552771602, 118.07179984116664)
2026-02-19 00:36:49,844 - INFO - Processing record 5403b20c-c3a2-4c12-8f89-815df5781509: APARTMENT MERU COURT (3.125404380290323, 101.44297034535484)
2026-02-19 00:36:51,370 - INFO - Processing record 5478e6bf-2bd5-4dd0-9425-87cbc415815a: TAMAN ALAM JAYA (SAUJANA MAWAR),TAMAN ALAM JAYA (SAUJANA TERATAI) (3.255058328243244, 101.44676906468918)
2026-02-19 00:36:53,509 - INFO - Processing record 547c12da-5de4-41e0-baa6-d7691c46f89b: KELUMPUK PINANG,RESIDENSI SKYSIERRA THE VALLEY SETIAWANGSA,TAMAN SETIAWANGSA ( JLN SETIAWANGSA 3, JALAN SETIAWANGSA 1A-5A) (3.1789089111785747, 101.74399780411788)
2026-02-19 00:36:55,523 - INFO - Processing record 54bb0e6a-22b2-4bc5-8885-24f56ef258c8: TMN DAYA SAGU_RESIDENSI ARC (1.5521317187687058, 103.76340137809524)
2026-02-19 00:36:57,668 - INFO - Processing record 55134334-306c-47a3-a716-e8f761686b7b: KAMPUNG NANAS(SETINGGAN),KARAMUNTING BARU (5.812406552771602, 118.07179984116664)
2026-02-19 00:36:59,196 - INFO - Processing record 55342847-fdba-4613-88d2-fe532d1e54d6: JALAN 78-86 TAMAN BUKIT MEWAH (2.97516699208904, 101.80214384826029)
2026-02-19 00:37:00,749 - INFO - Progress: 50/100 in batch, Total: 20130/21579 overall
2026-02-19 00:37:00,749 - INFO - Processing record 556cbe5b-160e-43f9-bd9f-ff11d973125f: AP100 KAMPUNG KONGSI 8/2 (4.26682874387417, 117.94028246272848)
2026-02-19 00:37:02,219 - INFO - Processing record 556f5bba-b572-4581-9c4a-ce7cbb08f8d0: APPT MERDEKA VILLA KAMPUNG BARU AMPANG (3.137336580049387, 101.7656496056605)
2026-02-19 00:37:03,756 - INFO - Processing record 557ef3af-83c2-4d5a-8b76-6acbbb124b38: TMN. SRI ALAM,TMN. SRI KENANGAN (2.564360482993193, 102.72421484528572)
2026-02-19 00:37:05,279 - INFO - Processing record 5582410e-f550-4a72-8592-1aaa072db424: INANAM LAUT (BAJAU),SURIA INANAM COMMERCIAL CENTRE (6.000443285412906, 116.13008916089032)
2026-02-19 00:37:07,423 - INFO - Processing record 55855855-224b-4663-a1cd-1894ccf1917f: TMN JP PERDANA_JLN JAYA PUTRA 2/26 - 2/40 (1.5696395817124205, 103.77704789533334)
2026-02-19 00:37:08,951 - INFO - Processing record 55c2e937-a5ec-4537-9aa6-95b3d52fd6bd: E13. USJ 11/4,E13. USJ 5/1 (3.052507651079166, 101.577026315725)
2026-02-19 00:37:11,109 - INFO - Processing record 562d16b9-ff1a-4db8-8f01-c464781b6a1c: SUDOH (1.486714522809861, 110.1664968409507)
2026-02-19 00:37:12,632 - INFO - Processing record 5631ad41-1292-405f-824e-68bf02a0349f: KAMPUNG NANAS(SETINGGAN),KARAMUNTING BARU (5.812406552771602, 118.07179984116664)
2026-02-19 00:37:14,155 - INFO - Processing record 56410e22-bc9c-4f79-a118-9bd14d96057c: FLAT PKNS (JALAN TUN RAZAK),JALAN CHEMOR (TITIWANGSA SENTRAL KONDOMINIUM),JALAN PEKELILING LAMA(TR RESIDENCE),KAMPUNG BARU (ASRAMA PICOMS RAJA ABDULLAH),KAMPUNG BARU (KG. ATAS A),KAMPUNG BARU (KG. ATAS B),KAMPUNG BARU (KG. PAYA 2),KAMPUNG BARU (PLAZA RAH),KAMPUNG BARU (WISMA ZABEDAH),KUARTERS HOSPITAL KUALA LUMPUR (3.16860229101575, 101.70512325109648)
2026-02-19 00:37:15,939 - INFO - Processing record 5678c7fe-28bc-48a1-b321-c4956e4d21a2: TAMAN TAMING IMPIAN (3.013997936999999, 101.801589155)
2026-02-19 00:37:17,502 - INFO - Progress: 60/100 in batch, Total: 20140/21579 overall
2026-02-19 00:37:17,502 - INFO - Processing record 567ee5d6-2677-4c81-a747-f6ef9696f006: E13. USJ 2/2,E13. USJ 6/1 (SUBANG PERDANA GOODYEAR COURT 1) BLOK A,B,C,D,E,F,G,H,I,J,K,L,E13. USJ 6/1 (SUBANG PERDANA GOODYEAR COURT 2) BLOK M,N,O,P,Q,R,S,T,U,V,W,X (3.056414709319768, 101.59063744487209)
2026-02-19 00:37:19,236 - INFO - Processing record 5694256e-5517-413e-8fbb-a0311c841058: MEDAN ANGSANA (5.390411653992956, 100.28510341024648)
2026-02-19 00:37:21,694 - INFO - Processing record 56e5e21e-6333-4104-9c01-5e603608b6c8: E17. TMN SRI SERDANG 2 (JLN 18/8-18/28) (3.006730979907408, 101.7114834624136)
2026-02-19 00:37:23,217 - INFO - Processing record 56fe6e9f-1539-4208-bfb5-1d4f4ddff151: JALAN 3/38-3/42 SEKSYEN 3 BANDAR BARU BANGI,JALAN 3/57-3/62 SEKSYEN 3 BANDAR BARU BANGI (2.9374438695939373, 101.7791469744303)
2026-02-19 00:37:24,740 - INFO - Processing record 570d832f-5486-456c-a226-567732586497: MIDFIELDS CONDOMINIUM (3.096360430231292, 101.70075597158502)
2026-02-19 00:37:26,569 - INFO - Processing record 571b2fcd-c0a5-4c75-b678-8f2d1b238697: RESIDENSI RAZAKMAS,TAMAN JAYA A (JLN JAYA,JLN 1,2,3,4,9&LRG 1,3,4,12,13,14) (3.0925332448374987, 101.720070540075)
2026-02-19 00:37:28,091 - INFO - Processing record 572253b5-0e3a-44cf-99ed-99a32d95fc5d: BSP 21 (BLOK A-E),BSP 21 (BLOK F-J),JALAN SP6, BSP,JALAN SP7 (TAMAN CORAL) (2.9411882661322037, 101.58942170059662)
2026-02-19 00:37:30,259 - INFO - Processing record 574c7359-fa5c-4e62-8723-59bc07366e52: BANDAR RAMAI-RAMAI (5.836131687347562, 118.10296845090856)
2026-02-19 00:37:31,780 - INFO - Processing record 576881ec-aa4b-4134-8e2e-b7e153657270: CONDO KG WARISAN,SRI MAYA CONDO (3.175662768196297, 101.73750698190184)
2026-02-19 00:37:33,308 - INFO - Processing record 57c9dfb1-add4-451a-8ce7-f78315318615: PRESINT 8 - JALAN TEMOLEH,PRESINT 8 - TAMARA RESIDENCE @ AYER 8 (2.926956439871163, 101.680738701773)
2026-02-19 00:37:34,866 - INFO - Progress: 70/100 in batch, Total: 20150/21579 overall
2026-02-19 00:37:34,867 - INFO - Processing record 57e3e076-ece6-49d1-b3b7-fd15b6ef105e: TAMAN PANCHOR JAYA FASA 4,TAMAN PANCHOR JAYA FASA 7 (2.7342247796917816, 102.00165210366438)
2026-02-19 00:37:36,331 - INFO - Processing record 584d2255-2abf-4e30-bc1e-d88db627ed95: TAMAN TANJUNG CHAT (6.13675989609589, 102.25372692702057)
2026-02-19 00:37:37,870 - INFO - Processing record 5876077d-394c-44d8-9d79-0f1301adec03: TTDI (JALAN DATUK SULAIMAN 177-217, JALAN DATUK SULAIMAN 3 74-114 & 97-149) (3.153475239573335, 101.62900337920668)
2026-02-19 00:37:39,396 - INFO - Processing record 58962cba-b81b-4aba-8832-a2777adf4976: JAMBUL VIEW,PERSIARAN BUKIT JAMBUL,PERSIARAN RB,TAMAN DESA DAYA (5.332311167461256, 100.27816607781918)
2026-02-19 00:37:41,190 - INFO - Processing record 58a07405-e36a-40c0-b931-9f4e402db597: PER. LPPB BT. 3  1/2 (5.859420751476822, 118.08355042506624)
2026-02-19 00:37:43,321 - INFO - Processing record 58bf472b-1c3e-4073-b12f-d9154f362eea: KAMPUNG NANAS(SETINGGAN),KARAMUNTING BARU (5.812406552771602, 118.07179984116664)
2026-02-19 00:37:44,844 - INFO - Processing record 58eb1399-fb36-4273-9e2c-aae8cae70915: E1. SEKSYEN 18 (JLN 18/3 FLAT A : BLOK 2 -10) (3.04577899100002, 101.519828796)
2026-02-19 00:37:47,086 - INFO - Processing record 5912f912-9a37-4ed9-8027-7842be440434: JAMBUL VIEW,PERSIARAN BUKIT JAMBUL,TAMAN DESA DAYA (5.334837709907516, 100.27986060028904)
2026-02-19 00:37:48,607 - INFO - Processing record 59190413-bf43-46b6-8cc9-6c26644d2d38: E4. SEKSYEN U13 ( PANGSAPURI SEROJA ) (3.1104882209794527, 101.44725761492468)
2026-02-19 00:37:50,129 - INFO - Processing record 5921e6e8-9620-45c2-adab-8538bb68030b: FLAT DANAU KOTA (BLOK A,B,C) (3.201022620999993, 101.71417868499998)
2026-02-19 00:37:51,692 - INFO - Progress: 80/100 in batch, Total: 20160/21579 overall
2026-02-19 00:37:51,693 - INFO - Processing record 59286d37-f774-4092-8a8f-7822b2cdb8a1: KG BARU SUNGAI ARA,TAMAN SRI ACRES (5.319611036313725, 100.2730335391242)
2026-02-19 00:37:53,170 - INFO - Processing record 5936d43d-7fde-4795-90ef-cf0e0001ae04: TAMAN DATO HORMAT (JALAN NIPAH) (2.9027650889872607, 101.46095347762422)
2026-02-19 00:37:54,711 - INFO - Processing record 5952c893-ea45-4bbe-a763-32e945e79eac: RESIDENSI RAZAKMAS,TAMAN JAYA A (JLN JAYA,JLN 1,2,3,4,9&LRG 1,3,4,12,13,14) (3.0925332448374987, 101.720070540075)
2026-02-19 00:37:56,239 - INFO - Processing record 5954eb57-881c-4e94-89ae-8fad1a2e8fd1: JALAN 12-28 TAMAN PUTRA,JALAN 5/1-5/9 TAMAN SRI RAYA,JALAN BUNGA DAHLIA 1-7 TAMAN SERAYA (3.1206054843717475, 101.76592762078438)
2026-02-19 00:37:57,757 - INFO - Processing record 59e2d1f2-0096-4ee8-bb34-82a761cd5342: MEDAN ANGSANA (5.3904097850136985, 100.28512955043836)
2026-02-19 00:37:59,280 - INFO - Processing record 5a0b1548-336d-41d5-bbed-16137949462f: APARTMENT M VERTICA RESIDENSI (BLOK A,B),APARTMENT M-VERTICA RESIDENSI (BLOK C,D,E),PUDU IMPIAN 1,TAMAN KOBENA CHERAS (3.118592225570754, 101.7290553596934)
2026-02-19 00:38:01,085 - INFO - Processing record 5a192a0a-2c0a-4c30-8eb2-af31f679f888: FLAT KEM SENAWANG (2.6801551036359, 101.99732869809232)
2026-02-19 00:38:02,610 - INFO - Processing record 5a462a14-61fa-40b3-8647-3f24799872fe: APARTMENT SRI BAYU BANDAR ARMADA PUTRA,BANDAR ARMADA PUTRA 02,BANDAR ARMADA PUTRA 05,BANDAR ARMADA PUTRA 07 (2.979385961989798, 101.34496036035712)
2026-02-19 00:38:04,133 - INFO - Processing record 5a741c39-ef4d-43b6-ac82-99b65ea663da: PANGSAPURI LANGAT UTAMA (BLOK B-F) (2.7978922741874963, 101.66249380968124)
2026-02-19 00:38:06,268 - INFO - Processing record 5a858c56-6918-4c38-97b1-b36e00705505: KAWASAN PERNIAGAAN NILAI 3 (JLN. 3/2, 3/4, 3/9, 3/11, 3/13, 3/15, 3/17, 3/19) (2.8557799036352924, 101.80161792622354)
2026-02-19 00:38:08,138 - INFO - Progress: 90/100 in batch, Total: 20170/21579 overall
2026-02-19 00:38:08,139 - INFO - Processing record 5aa8c2ec-5e9c-4025-aa07-c2b24cab10ed: ENSING TIMUR (1.5141929578479545, 110.31168769824562)
2026-02-19 00:38:09,873 - INFO - Processing record 5ad71dc2-0277-4447-a644-1ff0bf217a9d: DESA AMAN 1(PDRM),DESA AMAN 2 (PDRM),KONDO RAKYAT,LAUREL RESIDENCE BANGSAR SOUTH,THE GOODWOOD RESIDENCE (3.106446618063492, 101.66530888884525)
2026-02-19 00:38:12,150 - INFO - Processing record 5ad73de7-6c12-4cf3-bb98-bc4167628b87: TMN. SEJAHTERA (1.856762648675496, 102.93430652419867)
2026-02-19 00:38:13,672 - INFO - Processing record 5ae7dd79-326f-48fb-ac22-8bd6a3c78e28: KG GAMBARON 1 (5.621498894913332, 117.14197888864668)
2026-02-19 00:38:15,195 - INFO - Processing record 5b1ae0cd-9559-4231-91a0-d01857d5ca18: FLAT SIM SIM (5.855143793680272, 118.1287560587959)
2026-02-19 00:38:16,717 - INFO - Processing record 5b27e37f-9dd6-4fff-8357-5540e219e4b8: TAMAN FAJAR FASA 2 (5.886198477328766, 118.05299716553424)
2026-02-19 00:38:19,059 - INFO - Processing record 5b4fb1b5-88d3-4ad6-874d-12a98ed71a45: JALAN BERHALA,JALAN VIVEKANDA,MENARA PELANGI APARTMENT,METHODIST COLLEGE KUALA LUMPUR (MCKL),PALM COURT CONDOMINIUM (BLOK A,B,C,D),PPR SRI ALAM B (BLOK 6 - BLOK 9),RIVERIA CITY KL CITY,SENTRAL SUITES KL SENTRAL, JALAN ROZARIO,SUASANA LOFT,SUASANA SENTRAL CONDO,TAI KWONG MANSION, JLN BERHALA (BERSEBELAHAN TONG WENG MANSION) (3.129770539802677, 101.68650987405684)
2026-02-19 00:38:21,222 - INFO - Processing record 5b7f0eb8-bdbc-4cc5-88ce-3e4a73798a8c: KONDOMINIUM THE TAMARIND (3.181617672366277, 101.6907630818372)
2026-02-19 00:38:23,014 - INFO - Processing record 5b91025c-7af0-42f2-8cc5-b0f68430fe2b: D'SANDS RESIDENCE (3.0851614981016278, 101.66000729487804)
2026-02-19 00:38:25,158 - INFO - Processing record 5bfab81f-5e7d-40ed-8f3a-505c8c003e1f: E1. SEKSYEN 16 (FLAT C : BLOK 17 - 26),E2. SEKSYEN 19 (TERES G : JLN 19/39 - 19/44C),E2. SEKSYEN 20 (FLAT B : BLOK 13 - 19),E2. SEKSYEN 20 (PANGSAPURI CALADENIA MBSA),E2. SEKSYEN 20 (RUMAH KEDAI B : JLN G20/G - H20/H) (3.0550353697634054, 101.5373182671514)
2026-02-19 00:38:27,359 - INFO - Progress: 100/100 in batch, Total: 20180/21579 overall
2026-02-19 00:38:27,394 - INFO - Batch completed: 100 records in 169.8s
2026-02-19 00:38:27,395 - INFO - Overall progress: 20180/21579 (1399 remaining)
2026-02-19 00:38:27,395 - INFO - Estimated time remaining: 0.7 hours
2026-02-19 00:38:29,430 - INFO - Found 100 records to geocode
2026-02-19 00:38:29,431 - INFO - Processing record 5c2e2538-8c0c-4ea6-899b-309675d30227: FLAT TAMAN SETIA JAYA (6.140733995908451, 100.39405879498592)
2026-02-19 00:38:29,485 - INFO - Processing record 5c4c2ceb-5d1d-4613-a4bc-8526933eb2fb: PANGSAPURI IMPIAN, BSP,PANGSAPURI IMPIAN, BSP (ZON 1-6),PANGSAPURI IMPIAN, BSP (ZON 7-12),TAMAN DIAMOND SP4 (2.9551471035445, 101.58273448522512)
2026-02-19 00:38:31,746 - INFO - Processing record 5c6cb8a9-6a4d-43ef-aa03-039affa36b61: TMN PELANGI_ZON E (1.479183736013069, 103.7776053948366)
2026-02-19 00:38:33,534 - INFO - Processing record 5c831485-e589-498b-a9a5-1875bb85dbd3: JK02 TMN. SEMARAK LOJI (4.297032863000027, 117.88968284199996)
2026-02-19 00:38:35,092 - INFO - Processing record 5c9126e7-9343-40f2-9aa0-8d93620db604: JALAN CJ 2,CJ8,CJ10 DAN CJ11 TAMAN CHERAS JAYA,JALAN CJ 4 TAMAN CHERAS JAYA,TAMAN TAMING MAJU (3.02084294908602, 101.75900419373475)
2026-02-19 00:38:37,208 - INFO - Processing record 5c99f164-e0f6-4d39-8797-a3218a006042: E10. BG SEK 16 KOLEJ KEDIAMAN KE-13 UNIVERSITY MALAYSIA,E9. KT SS 2 (1) [JLN SS 2/1-2/4, 2/4A,4B, 2/5-2/23, 2/25, 2/25A],E9. KT SS 2 (AMEERA KONDO),E9. KT SS 2 (KEN DAMANSARA KONDO 3) (3.12145915887234, 101.6252435660085)
2026-02-19 00:38:38,727 - INFO - Processing record 5cd5278c-856f-4f18-9044-5a079ede8155: JALAN TAMING KIRI 1-6 TAMAN TAMING JAYA (3.025712372723682, 101.74458120963816)
2026-02-19 00:38:40,253 - INFO - Processing record 5ce7fd6b-0639-4233-9007-cc3f11598bbb: PANGSAPURI LANGAT UTAMA (BLOK B-F) (2.7978922741874963, 101.66249380968124)
2026-02-19 00:38:41,770 - INFO - Processing record 5cf22571-443a-4821-bead-2a9c6f35cab1: TMN SRI DERMAWAN (4.627999981000016, 101.120704649)
2026-02-19 00:38:43,296 - INFO - Processing record 5d2cd624-5d03-46cb-b25d-d1f091d4965d: JALAN BANDAR BARU BATU 2,TAMAN MAWAR PUTIH,TAMAN RHU PERMAI (3.317896052639175, 101.27492300336598)
2026-02-19 00:38:45,096 - INFO - Progress: 10/100 in batch, Total: 20190/21579 overall
2026-02-19 00:38:45,096 - INFO - Processing record 5d4e91b6-9022-4b9d-8c73-860bbc6badf3: APPT TAMAN TENAGA,TAMAN TENAGA DAN RUMAH KEDAI JALAN 1 TAMAN TENAGA (2.959494583660134, 101.78776261294772)
2026-02-19 00:38:46,572 - INFO - Processing record 5d56e82e-ac00-4bde-8815-9f79a6caad45: TAMAN MUTIARA FASA II (5.438620084658822, 100.64414134754117)
2026-02-19 00:38:48,108 - INFO - Processing record 5d5f31b0-1495-4e04-873d-df27dc849350: E7. KD PJU 5 SEK 7 APT LILY,E7. KD PJU 5 SEK 7 GUGUSAN KEKWA (3.171084463336786, 101.57358279949744)
2026-02-19 00:38:49,631 - INFO - Processing record 5d729fce-8232-4d18-971c-d5ba87551d62: E9. KT SS 3(TERES 5)[JLN SS 3/29,33,35,37,64,64A,66,68,70,72,74,76,78] (3.0988514333137283, 101.6130992456536)
2026-02-19 00:38:51,619 - INFO - Processing record 5d944f83-3123-483f-a91a-71bae2dbc89a: TAMAN SERI JAROMAS (LOT KEDAI),TAMAN SERI JAROMAS (ROSSA) (2.8747000437361963, 101.50395532074234)
2026-02-19 00:38:53,125 - INFO - Processing record 5da26941-5caa-45e4-aef9-6620afbe44bf: JALAN CEMPAKA 1,23-31 TAMAN CEMPAKA (3.137895909793337, 101.74729476354668)
2026-02-19 00:38:54,648 - INFO - Processing record 5db2e57d-0ac5-48a1-82f3-bd9295b54270: TAMAN SETIA JASA 3 (3.4786335743290357, 102.49849415349676)
2026-02-19 00:38:56,397 - INFO - Processing record 5dd030bf-e888-4e35-aa48-f5f26c4f36db: FLAT DESA MUTIARA SUNGAI JELOK (3.0015676417535238, 101.80141505452816)
2026-02-19 00:38:58,547 - INFO - Processing record 5dd77632-30b3-4daf-9a65-2613801b79d0: JALAN KESUMA 8/3 (FASA 10) BANDAR TASIK KESUMA (2.917807618859153, 101.88385829148592)
2026-02-19 00:39:00,070 - INFO - Processing record 5e02fade-3dcd-4b71-9015-1fffdd1abdfb: TMN PULAI INDAH_JLN PULAI INDAH /9,TMN PULAI INDAH_JLN PULAI INDAH /9 (B) (1.54117695192, 103.58450877272)
2026-02-19 00:39:01,633 - INFO - Progress: 20/100 in batch, Total: 20200/21579 overall
2026-02-19 00:39:01,633 - INFO - Processing record 5e159744-5250-4ac0-afe4-7012091754b1: JALAN RASAH,TAMAN LUCKY (2.704297500602093, 101.94189242990052)
2026-02-19 00:39:03,101 - INFO - Processing record 5e50ac77-bbeb-4b84-a246-59e2327161da: MIDFIELDS CONDOMINIUM (3.096360430231292, 101.70075597158502)
2026-02-19 00:39:04,638 - INFO - Processing record 5e5dbdf4-48ed-46b7-9f13-2eb4e5865d4a: TMN BERCHAM AMAN (4.641220095190473, 101.13752803641496)
2026-02-19 00:39:06,161 - INFO - Processing record 5ea16d08-0fc5-443b-9a9b-26803edf368c: FLAT SRI JOHOR A(BLOK1-23),PPR SRI ALAM B (BLOK 6 - BLOK 9),PPR SRI ALAM C (BLOK 10 - BLOK 12),TAMAN IKAN EMAS (LRG IKAN EMAS 1-5) (3.115161190086707, 101.71851196501154)
2026-02-19 00:39:07,684 - INFO - Processing record 5efb50dc-333c-4aec-9f33-80b914e82774: E13. USJ 11/4,E13. USJ 5/1 (3.051874383758141, 101.5778851634186)
2026-02-19 00:39:09,472 - INFO - Processing record 5f0c8358-2d91-45b2-8c4f-afbf7869d71f: E1. SEKSYEN 7 (FLAT D : BLOK 52 - 58),E1. SEKSYEN 7 (TERES J : JLN 7/63-7/69A & AQUAVILLA TOWNHOUSE) (3.0748224604720544, 101.48754035778882)
2026-02-19 00:39:10,989 - INFO - Processing record 5f0ed62c-d67a-443e-bd7c-e313111cf1f8: E5. SEKSYEN U6 (KG MELAYU SUBANG A : JLN BUKIT BADAK),E5. SEKSYEN U6 (KG MELAYU SUBANG I : JLN PKNS),E5. SEKSYEN U6 (TMN. SETIA WARISAN),KG CEMPEDAK ZON B (3.158582283829631, 101.52769834426668)
2026-02-19 00:39:12,516 - INFO - Processing record 5f19b504-8ca5-4480-8fe2-c6b2d8ba8212: TAMAN BATU MUDA (JLN 2-12) (3.226785441000004, 101.685379043)
2026-02-19 00:39:14,033 - INFO - Processing record 5f1bb390-59ce-424f-8a89-a064443966f3: KAMPUNG DELEK BARU 04,KAMPUNG DELEK KIRI 08,KAMPUNG SUNGAI UDANG 04,KAMPUNG SUNGAI UDANG 06,KAMPUNG SUNGAI UDANG 21,KAMPUNG TELUK KECIL 03,KAMPUNG TELUK KECIL 05,TAMAN UDANG PUTIH 01 (3.03860473525532, 101.4118094346626)
2026-02-19 00:39:15,807 - INFO - Processing record 5f4d5152-ddff-4fe1-bf3c-9e46805d50b7: TAMAN WIDURI INDAH (2.6945028616462583, 101.99581033142856)
2026-02-19 00:39:17,366 - INFO - Progress: 30/100 in batch, Total: 20210/21579 overall
2026-02-19 00:39:17,366 - INFO - Processing record 5f56350c-895c-4076-9d07-5e12f2d4320a: TAMAN JAYA UTAMA ZON 1,TAMAN JAYA UTAMA ZON 2 (2.9097345740769223, 101.4739253564359)
2026-02-19 00:39:18,836 - INFO - Processing record 5f6b8549-6a12-42b7-89bf-7d33cceab668: BDR TASIK PUTERI FASA 6 (ZON A) (3.2776248279520552, 101.48095355617124)
2026-02-19 00:39:20,374 - INFO - Processing record 5f8387a7-fa02-48c4-aaf2-bb8fdebaf431: E5. SEKSYEN U20 (FASA 1D BBSB : JLN 1D/1 - 1D/3) (3.2181085399999985, 101.5662835947)
2026-02-19 00:39:21,892 - INFO - Processing record 5fb1502f-497a-44fd-a360-5b79d9e13a72: E1. SEKSYEN 7 (FLAT D : BLOK 52 - 58),E1. SEKSYEN 7 (KUARTERS KLINIK KESIHATAN),E1. SEKSYEN 7 (TERES E : JLN 7/29-7/35),E1. SEKSYEN 7 (TERES J : JLN 7/63-7/69A & AQUAVILLA TOWNHOUSE) (3.073864415427317, 101.48971191821146)
2026-02-19 00:39:23,410 - INFO - Processing record 5fc02a7c-c1d8-4ba0-9362-29f03a5e2950: APT SERI TEROMPET BB (3.4197232716580634, 101.57504440024516)
2026-02-19 00:39:24,937 - INFO - Processing record 5fc75739-295d-42e0-991c-3f29da45a398: TMN HOOVER (4.583027136263159, 101.08368548937896)
2026-02-19 00:39:27,201 - INFO - Processing record 5ffe6b28-fe91-4445-a635-d167966ae3f2: TAMAN TAMING IMPIAN (3.013997936999999, 101.801589155)
2026-02-19 00:39:28,720 - INFO - Processing record 6056a1ec-80ff-4d9d-b1b5-dd2edb5b6f2d: INANAM LAUT (BAJAU),SURIA INANAM COMMERCIAL CENTRE (6.000443285412906, 116.13008916089032)
2026-02-19 00:39:30,247 - INFO - Processing record 60b5a113-c137-46a7-badb-d8dd00636774: MONT KIARA (163 RETAIL PARK),TAMAN SEGAMBUT SPPK (JALAN DUTAMAS SEROJA 2),TAMAN SEGAMBUT SPPK(JALAN DUTAMAS SEROJA 1 (2-98),TAMAN SRI BINTANG (34A, 34B, 34C & 34D & 34/38A),TAMAN SRI SINAR (PANGSAPURI ANGSA),UNITED POINT RESIDENCE (3.186866837765957, 101.65385779676596)
2026-02-19 00:39:31,766 - INFO - Processing record 60bec63e-82b4-4c61-884d-8839cab089d2: D' KRISTAL APARTMENT SEMENYIH,PANGSAPURI D'KAYANGAN SETIA ECOHILL SEMENYIH (2.9228956246181794, 101.85364367180608)
2026-02-19 00:39:34,049 - INFO - Progress: 40/100 in batch, Total: 20220/21579 overall
2026-02-19 00:39:34,049 - INFO - Processing record 60d2147d-69df-4492-b775-e99b256ae8a8: ANGKASA IMPIAN CONDO 2 JLN SAHABAT,BERJAYA TIMES SQUARE HOTEL,BESTOW BOUTIQUE HOTEL,FAHRENHEIT SUITES KUALA LUMPUR,HOTEL TRANSIT KUALA LUMPUR,JALAN ABRAHAM,JALAN BEDARA,JALAN BEREMI,JALAN CHANGKAT,JALAN CHANGKAT THAMBI DOLLAH,JALAN HANG KASTURI,JALAN HORLEY,JALAN MEDAN IMBI,JALAN MELATI,JALAN PUDU LAMA,JALAN SAHABAT,JALAN SARAWAK,JALAN TENGKAT TONG SHIN,JALAN TUN H.S. LEE,JALAN WALTER GRENIER,KELUMPUK KENANGA,MUTIARA VILLA CONDOMINIUM,SKY SUITES @ KLCC JALAN P.RAMLEE,SUN COMPLEX JALAN IMBI,WISMA COSWAY, JALAN RAJA CHULAN,YOONG YOONG MANSION (3.145916936333334, 101.70671842236544)
2026-02-19 00:39:36,222 - INFO - Processing record 60e3f6f7-700c-4433-9f4a-9287dfc0c6d4: TAMAN MAZNAH 01,TAMAN MAZNAH 02,TAMAN MAZNAH 03,TAMAN MESRA INDAH 01 (3.0245106886140345, 101.47759870925)
2026-02-19 00:39:37,762 - INFO - Processing record 6106aacc-8309-46ba-b847-5bffd20a3462: SUDOH (1.486714522809861, 110.1664968409507)
2026-02-19 00:39:39,284 - INFO - Processing record 617f1ea7-5beb-4cc5-be93-4fdd3e769a46: E7. KD PJU 5 SEK 7 APT LILY,E7. KD PJU 5 SEK 7 GUGUSAN KEKWA (3.171084463336786, 101.57358279949744)
2026-02-19 00:39:40,816 - INFO - Processing record 617fd2e4-7d06-4f1e-9bca-caccdc431593: E1. SEKSYEN 16 (FLAT C : BLOK 17 - 26),E2. SEKSYEN 19 (FLAT A JLN 19/15 : BLOK 1 - 5),E2. SEKSYEN 19 (TERES B : JLN 19/4 - 19/7B),E2. SEKSYEN 19 (TERES G : JLN 19/39 - 19/44C),E2. SEKSYEN 20 (APT SURI PUTERI),E2. SEKSYEN 20 (FLAT B : BLOK 13 - 19),E2. SEKSYEN 20 (PANGSAPURI CALADENIA MBSA),E2. SEKSYEN 20 (RUMAH KEDAI B : JLN G20/G - H20/H) (3.054491892931441, 101.53479176020566)
2026-02-19 00:39:42,344 - INFO - Processing record 61a9ddb3-11d7-4e1d-87cf-68089872d380: PANGSAPURI LANGAT UTAMA (BLOK B-F) (2.797919878177212, 101.66243580358862)
2026-02-19 00:39:44,103 - INFO - Processing record 61ae2ff5-f688-4850-b888-9b19fd29e14c: JALAN DAGANG 1/1-1/11 TAMAN DAGANG,JALAN MEWAH 2-5 TAMAN AMPANG MEWAH,PEKAN AMPANG (3.147366139427536, 101.760390682221)
2026-02-19 00:39:45,627 - INFO - Processing record 61c0385e-f3c5-4ca9-93b8-3b293c78d439: KAMPUNG JAWA JALAN BUKIT JATI 01,KAMPUNG JAWA LORONG KOTA RAJA 04 (3.0306173486964303, 101.46161677545238)
2026-02-19 00:39:47,145 - INFO - Processing record 61d4e950-47f7-4940-a50f-5d3e20f4b4b7: SEKSYEN 32 (JALAN REZAB BUANG LOT 2915),SEKSYEN 32 (JALAN REZAB BUANG) (2.9952614404124267, 101.50027732622034)
2026-02-19 00:39:48,670 - INFO - Processing record 61eb4d33-d01a-4e14-a20d-8bbaae175b34: FLAT KEM SENAWANG (2.6801551036359, 101.99732869809232)
2026-02-19 00:39:50,228 - INFO - Progress: 50/100 in batch, Total: 20230/21579 overall
2026-02-19 00:39:50,229 - INFO - Processing record 620a96f7-befc-415e-a89c-57b9e818491f: E10. BG SEK 16 KOLEJ KEDIAMAN KE-13 UNIVERSITY MALAYSIA,E9. KT SS 2 (1) [JLN SS 2/1-2/4, 2/4A,4B, 2/5-2/23, 2/25, 2/25A],E9. KT SS 2 (AMEERA KONDO),E9. KT SS 2 (KEN DAMANSARA KONDO 3) (3.12145915887234, 101.6252435660085)
2026-02-19 00:39:51,699 - INFO - Processing record 627cad90-ca65-4f8c-b4c9-642585c225ba: TMN MAS (1.6676643346333335, 103.606205043)
2026-02-19 00:39:53,238 - INFO - Processing record 62963e5f-5a78-4eed-8374-40e805416fa0: TAMAN DATO HORMAT (JALAN NIPAH) (2.9027650889872607, 101.46095347762422)
2026-02-19 00:39:54,761 - INFO - Processing record 62a61863-50f7-4bd0-8d05-e99fed79c9aa: TAMAN SENTOSA 05 (2.9935490659006634, 101.48135686809272)
2026-02-19 00:39:56,283 - INFO - Processing record 62abbdbb-4b6d-4994-b4f4-de7e2c26fdfe: TAMAN ARIF (5.925171524051284, 102.24126661116028)
2026-02-19 00:39:58,526 - INFO - Processing record 62b9650d-80b9-4e0a-8783-15e969a8db5a: TMN GRAND (5.920839133140003, 116.09159034748)
2026-02-19 00:40:00,045 - INFO - Processing record 62ddc716-12ac-4a8c-903f-e32a77f1067c: E4. SEKSYEN U13 ( PANGSAPURI SEROJA ) (3.1104882209794527, 101.44725761492468)
2026-02-19 00:40:01,571 - INFO - Processing record 62ed45fb-3244-419c-a996-cabb7c59612c: IB08 ICE BOX BLOK 7 (4.240172875965986, 117.90713457121772)
2026-02-19 00:40:03,342 - INFO - Processing record 6316c75e-2394-4179-8035-9cd5689b668c: TAMAN SENTOSA 05 (2.9935490659006634, 101.48135686809272)
2026-02-19 00:40:04,870 - INFO - Processing record 6324f17b-6437-4fae-b459-fe98b538e0bf: JALAN KESUMA 7,7/1,7/17 DAN 7/18 (TANAH LOT) BANDAR TASIK KESUMA,JALAN KESUMA 7/2 (TERES),7/8-7/16 BANDAR TASIK KESUMA,TAMAN SEMENYIH PARKLANDS (2.8971556042878044, 101.87549258340002)
2026-02-19 00:40:06,427 - INFO - Progress: 60/100 in batch, Total: 20240/21579 overall
2026-02-19 00:40:06,427 - INFO - Processing record 6334ad4b-43b5-470b-902c-c30168616121: TAMAN SOUTHERN,TMN LUYANG PH.11 (5.949315774128836, 116.08942674495708)
2026-02-19 00:40:08,718 - INFO - Processing record 6342f7b9-12a1-4e6b-a947-90109181fe24: JALAN TAMING KIRI 1-6 TAMAN TAMING JAYA (3.0256620364933355, 101.74457688351332)
2026-02-19 00:40:10,876 - INFO - Processing record 63501541-4b51-4bf1-97b0-98752477e719: PANGSAPURI SRI RINCHING SEMENYIH (2.9326756398169, 101.86469325249296)
2026-02-19 00:40:13,139 - INFO - Processing record 63699c3f-bd78-4ef5-87ad-5fee49e376f8: TAMAN SRI HARTAMAS (JALAN SRI HARTAMAS 2) (3.1589247269452057, 101.64974224604796)
2026-02-19 00:40:15,017 - INFO - Processing record 6379e1fd-d96d-4926-945b-e8e361c7a4dc: JALAN SEGAMBUT RENDAH,TAMAN SEGAMBUT (PERSIARAN SEGAMBUT DALAM) (3.181894787770699, 101.67727836222294)
2026-02-19 00:40:16,538 - INFO - Processing record 637d45e7-f21b-4645-9504-7d507ad9169d: JALAN 3/23-28,3/35-37 SEKSYEN 3 BANDAR BARU BANGI,JALAN 3/29-3/34 SEKSYEN 3 BANDAR BARU BANGI,JALAN 3/38-3/42 SEKSYEN 3 BANDAR BARU BANGI,JALAN 3/57-3/62 SEKSYEN 3 BANDAR BARU BANGI (2.93893991925541, 101.7804083464762)
2026-02-19 00:40:18,318 - INFO - Processing record 63acf991-af9a-4daf-9edf-edbed7ac77b2: PANGSAPURI PALMA,PANGSAPURI PENDAMAR INDAH 2 (2.9863719509409727, 101.4245463967882)
2026-02-19 00:40:20,467 - INFO - Processing record 63b4c500-fa39-4a9c-8455-2fc66a6c2269: APPT JALAN 6C/11 SEKSYEN 16 BANDAR BARU BANGI,APPT JALAN 6C/2 SEKSYEN 16 BANDAR BARU BANGI,JALAN 6C SEKSYEN 16 BANDAR BARU BANGI (2.9465392935615773, 101.76174045802954)
2026-02-19 00:40:22,338 - INFO - Processing record 63cd82a4-0b5f-44e2-861a-47b0fa47c0b3: TAMAN BUKIT PULUTAN,TAMAN MANSIANG,TAMAN SRI BARU,TAMAN SRI BARU FASA 2,TAMAN SUNGAI EMAS (6.022693607311927, 116.1583991904954)
2026-02-19 00:40:24,574 - INFO - Processing record 63d1dec3-57fb-472b-99c2-26217abdc2c6: BUKIT LANJAN (JALAN BUKIT LANJAN 6) (3.167477665936305, 101.6170802831465)
2026-02-19 00:40:26,138 - INFO - Progress: 70/100 in batch, Total: 20250/21579 overall
2026-02-19 00:40:26,138 - INFO - Processing record 64111612-666c-447d-88b8-7407c313c4fb: KAMPUNG RANTAU PANJANG 39,TAMAN MEWAH 01 (3.0676152171004785, 101.41428480222012)
2026-02-19 00:40:27,611 - INFO - Processing record 6460fe4a-46c0-49d9-a70a-d88454c66076: FLAT SRI LANGKAWI 1 (3.2165700381111124, 101.714982803672)
2026-02-19 00:40:29,149 - INFO - Processing record 6497b935-fdf0-4b17-8daa-a76f859cbd9d: TMN GRAND (5.920839133140003, 116.09159034748)
2026-02-19 00:40:30,673 - INFO - Processing record 651cccdf-810f-4abe-99b1-4d57f0861d0f: CASSIA GARDEN RESIDENCE,KOMPLEKS KEDIAMAN KAKITANGAN AWAM CYBERJAYA (2.9037975353333327, 101.64272409348428)
2026-02-19 00:40:32,504 - INFO - Processing record 651d5573-9b2c-4688-ae45-08946975b3cf: E6. BL PJU 9 SD 13 APT SRI MERANTI (2) [H,J,K,L,M,N,P,Q,R] (3.1926946940000107, 101.60213905400002)
2026-02-19 00:40:34,029 - INFO - Processing record 65344393-cfcd-4dc8-8bdc-c104b7bd1740: FLAT TAMAN SEMARAK (BLOK 1-7),TAMAN SEMARAK FASA 2 (JALAN TS 2/5F - 2/5K) (2.8241252548875, 101.80994876995626)
2026-02-19 00:40:35,548 - INFO - Processing record 655ecd21-c816-42c2-ad66-19328112d880: E9. KT SS 8 APT KELANA IMPIAN,E9. KT SS 9A 1 (JLN 9A/3,5,6,7,8,9,10,11,12,17,20 ) (3.090641768301202, 101.61420786165662)
2026-02-19 00:40:37,065 - INFO - Processing record 656c4d9b-b15f-41d7-9341-3305c760f757: KG BARU (PLAZA RAH) (3.1670259429999987, 101.703287612)
2026-02-19 00:40:38,592 - INFO - Processing record 656fd9f0-38a7-4cf0-a6eb-22339ab8d06d: TAMAN SEREMBAN 3 (JLN. SEREMBAN TIGA 1-4),TAMAN SEREMBAN 3 (JLN. SEREMBAN TIGA 27-32) (2.6722243607666685, 101.93100086050669)
2026-02-19 00:40:40,109 - INFO - Processing record 6588b087-8053-4d01-8a55-5356914c8810: FLAT SENTUL UTAMA,FLAT SENTUL UTARA,TAMAN DATO SENU (JALAN DATO SENU 31-35),TAMAN DATO SENU (JALAN DATO SENU 36-40) (3.1951415438392883, 101.6981484710893)
2026-02-19 00:40:41,915 - INFO - Progress: 80/100 in batch, Total: 20260/21579 overall
2026-02-19 00:40:41,915 - INFO - Processing record 65a9c5ca-fda3-4627-9e48-ab3e267add97: PANGSAPURI SRI RINCHING SEMENYIH (2.9326756398169, 101.86469325249296)
2026-02-19 00:40:43,384 - INFO - Processing record 65c3427b-921d-4e10-acd6-80b40fff080f: KG. CENDERAMATA,LORONG TABIB KG. LIKAS,TAMAN KEMAJUAN LIKAS (6.001333998302702, 116.11659071612436)
2026-02-19 00:40:44,924 - INFO - Processing record 65d0282a-6bd0-4846-9dd7-1dc35b471559: TAMAN ALAM JAYA (SAUJANA MAWAR),TAMAN ALAM JAYA (SAUJANA SEROJA) (3.2547731016967765, 101.44716069614196)
2026-02-19 00:40:47,085 - INFO - Processing record 65d6d2ef-8139-4d16-875c-2756f8922508: TMN HOOVER (4.583037078973546, 101.08371188151852)
2026-02-19 00:40:48,922 - INFO - Processing record 65e0ab50-f85f-479c-ae00-691c667bf11b: APT MAWAR PRIMA BERUNTUNG,JALAN MAWAR 2B PRIMA BERUNTUNG (3.400575508522014, 101.54242199216353)
2026-02-19 00:40:50,803 - INFO - Processing record 65e53fa4-a272-434a-83ac-500cc6c1b4a4: TAMAN ANGSAMAS (FASA 1),TAMAN ANGSAMAS (FASA 2) (2.6483752281666693, 101.92580208620667)
2026-02-19 00:40:52,329 - INFO - Processing record 65f22812-c3df-44d1-a4c4-ce28ce729e5e: KAMPUNG JAWA JALAN BUKIT JATI 01,KAMPUNG JAWA LORONG KOTA RAJA 04 (3.0306173486964303, 101.46161677545238)
2026-02-19 00:40:53,851 - INFO - Processing record 65ff5d9b-d6fe-4758-9561-f849aff2ee47: KAMPUNG BAHAGIA (5.792354196012984, 118.02893674088962)
2026-02-19 00:40:56,016 - INFO - Processing record 66162100-f262-4dca-966f-894524b94a35: E11. SRI PJS 5 FLAT DESA RIA (G,J,K,L,M,N,O,P) (3.075278583, 101.62580598699998)
2026-02-19 00:40:57,537 - INFO - Processing record 661e68a2-7410-4aba-b8c6-feb09e5a9c42: TAMAN BUKIT BELIDA,TAMAN MAMBAU HEIGHT (2.6724760762675186, 101.91547062324204)
2026-02-19 00:40:59,100 - INFO - Progress: 90/100 in batch, Total: 20270/21579 overall
2026-02-19 00:40:59,100 - INFO - Processing record 66549cbe-3ee8-4d21-9f0f-d315aca81482: E13. TMN PINGGIRAN USJ 1,E13. TMN PINGGIRAN USJ 2 (3.0516143207586195, 101.55912572240888)
2026-02-19 00:41:00,562 - INFO - Processing record 666af987-3305-4916-92cf-1bcacc84d1d6: TAMAN DESA VISTA 1,TAMAN DESA VISTA 2 (2.839140855449369, 101.7509326134304)
2026-02-19 00:41:02,727 - INFO - Processing record 66c88043-ee52-4ad0-9b53-f545105b0045: 633 RESIDENCY,FLAT JALAN ANG SENG 4,JALAN BERHALA,JALAN THAMBY ABDULLAH,JALAN TUN SAMBANTHAN 4,JALAN VIVEKANDA,LUCKY GARDEN (JALAN TEMPINIS 1-3),LUCKY GARDEN (JALAN TEMPINIS 4-5),LUCKY GARDEN (LRG TEMPINIS KANAN 1,LRG TEMPINIS KANAN 2,LRG TEMPINIS KANAN 3,LRG,MENARA PELANGI APARTMENT,MENARA PUTERI KONDO,METHODIST COLLEGE KUALA LUMPUR (MCKL),PALM COURT CONDOMINIUM (BLOK A,B,C,D),RIVERIA CITY KL CITY,SENTRAL SUITES KL SENTRAL, JALAN ROZARIO,SUASANA LOFT,SUASANA SENTRAL CONDO,TAI KWONG MANSION, JLN BERHALA (BERSEBELAHAN TONG WENG MANSION),TAMAN BUKIT PANTAI (LORONG BUKIT PANTAI),VILLA SCOTT CONDO (3.129137127899816, 101.68186237428571)
2026-02-19 00:41:04,874 - INFO - Processing record 671ef0eb-b73d-44c2-857d-37a1a40f348a: TAMAN KUALA MENGGATAL PH.2 (6.055646381254658, 116.15062267736648)
2026-02-19 00:41:06,397 - INFO - Processing record 67245813-805d-4da5-ba99-51ad5275a173: JLN TAR SUSUR 7 (KIPS GURU) (1.4940496497439038, 103.73251996893904)
2026-02-19 00:41:07,920 - INFO - Processing record 67485f58-63cc-467c-bd1e-9424cd6ec9f7: TAMAN SERULING EMAS A,TAMAN SERULING EMAS B,TAMAN SERULING EMAS C (5.212881479887576, 100.50682304935503)
2026-02-19 00:41:09,442 - INFO - Processing record 6748ff14-9c90-4995-bf95-72f93dc6120f: JK04 TMN. SEMARAK PH.1 (4.2962999209121655, 117.8869183847635)
2026-02-19 00:41:11,603 - INFO - Processing record 675ad36b-f5ac-4b38-81be-e5f69748c91c: APT DAHLIA TBR BB,APT KENANGA TBR BB (3.437714499443927, 101.54650947228504)
2026-02-19 00:41:13,127 - INFO - Processing record 67c5897f-1ee6-44ca-a799-844b71160e44: 38 BIDARA CONDOMINIUM,ANGKASA IMPIAN CONDO 2 JLN SAHABAT,ASRAMA DAN KUATERS SMK VICTORIA,BERJAYA TIMES SQUARE HOTEL,JALAN ALOR,JALAN BEDARA,JALAN CHANGKAT,JALAN GALLOWAY,JALAN MEDAN IMBI,JALAN MELATI,JALAN PADANG (WALTER GRENIER),JALAN PUDU LAMA,JALAN SAHABAT,JALAN TENGKAT TONG SHIN,JALAN WALTER GRENIER,KELUMPUK KENANGA,MUTIARA VILLA CONDOMINIUM,ST MARY RESIDENCE,SUN COMPLEX JALAN IMBI,WISMA COSWAY, JALAN RAJA CHULAN,YOONG YOONG MANSION (3.146629237378721, 101.7078842452766)
2026-02-19 00:41:15,385 - INFO - Processing record 67f25b6d-b304-4a3c-9dd1-b61b681c6e10: PANGSAPURI IMPIAN, BSP,PANGSAPURI IMPIAN, BSP (ZON 1-6),PANGSAPURI IMPIAN, BSP (ZON 7-12),PANGSAPURI SERI SAUJANA, BSP (BLOK A-F),TAMAN DIAMOND SP4 (2.9547327955970126, 101.5826834116567)
2026-02-19 00:41:16,944 - INFO - Progress: 100/100 in batch, Total: 20280/21579 overall
2026-02-19 00:41:16,969 - INFO - Batch completed: 100 records in 167.5s
2026-02-19 00:41:16,969 - INFO - Overall progress: 20280/21579 (1299 remaining)
2026-02-19 00:41:16,969 - INFO - Estimated time remaining: 0.7 hours
2026-02-19 00:41:19,005 - INFO - Found 100 records to geocode
2026-02-19 00:41:19,005 - INFO - Processing record 6800924c-374c-4a99-961c-8cf95705ef92: TMN. SOGA ZON A (1.8370698178561675, 102.93861816874656)
2026-02-19 00:41:19,063 - INFO - Processing record 6806957b-bf7d-41dd-aad5-a13a0ff4cadb: APT MAWAR PRIMA BERUNTUNG (3.4007004767635136, 101.54282524387835)
2026-02-19 00:41:20,605 - INFO - Processing record 68302e67-6463-4f0a-9f03-f298847227d3: E13. USJ 5/1 (3.052818173999981, 101.57813419399996)
2026-02-19 00:41:22,125 - INFO - Processing record 68326179-ec65-4575-977e-f828cd97aa7c: E16. TMN PUNCAK JALIL 1C (RUMAH KEDAI: JLN PUJ 1/17-1/18),E8. BU PJU 1 (4) - (JALAN PJU 1/11 - 1/24),E8. BU PJU 6 BU 12 [JLN 12/1 - 12/10] (3.1246942241785742, 101.60060315969643)
2026-02-19 00:41:23,647 - INFO - Processing record 68803e6e-11db-41b4-a048-6d3c451bbe09: SUDOH (1.486714522809861, 110.1664968409507)
2026-02-19 00:41:25,170 - INFO - Processing record 689272bb-7778-4608-803a-e47af3fbe41b: FLAT JALAN TENGKU,MEDAN TENGKU JELUTONG (5.392503344756758, 100.31775340297972)
2026-02-19 00:41:26,694 - INFO - Processing record 68aedfac-1adf-4ff6-8c32-1bbf7a0dd604: D' KRISTAL APARTMENT SEMENYIH,PANGSAPURI D'KAYANGAN SETIA ECOHILL SEMENYIH (2.9228956246181794, 101.85364367180608)
2026-02-19 00:41:28,214 - INFO - Processing record 68b542fa-ac05-4790-9bab-7fe67bcbf554: FLAT JALAN TENGKU,MEDAN TENGKU JELUTONG (5.392503344756758, 100.31775340297972)
2026-02-19 00:41:29,734 - INFO - Processing record 68eab663-865b-43c1-8c41-e1ff417c1abe: BLOK AE-AM FLAT PANDAN INDAH,BLOK RP 1 - RP 4 TAMAN LEMBAH MAJU,JALAN PANDAN PERDANA 10 TAMAN PANDAN PERDANA (3.123474462888887, 101.74992245732064)
2026-02-19 00:41:32,168 - INFO - Processing record 68f86cc3-e810-41f3-b587-9f922b3b37e3: E15. TMN PUCHONG PERMAI (APT PERMATA 1),E15. TMN PUCHONG PERMAI (FLAT BLOK F) (3.012512686102409, 101.5968625354699)
2026-02-19 00:41:33,732 - INFO - Progress: 10/100 in batch, Total: 20290/21579 overall
2026-02-19 00:41:33,732 - INFO - Processing record 691becc6-91d9-45d7-afd9-586db93572aa: BANDAR SEREMBAN SELATAN FASA 2 (2.6645240931533323, 101.98310142526664)
2026-02-19 00:41:35,199 - INFO - Processing record 6929fad9-dc7d-4a79-a96c-1c60908f865d: JALAN SEGAMBUT RENDAH,TAMAN SEGAMBUT (PERSIARAN SEGAMBUT DALAM) (3.181894787770699, 101.67727836222294)
2026-02-19 00:41:36,737 - INFO - Processing record 6930ce8b-eccc-4e78-9f65-a4d6f3e9fd97: E10. BG SEK 16 KOLEJ KEDIAMAN KE-13 UNIVERSITY MALAYSIA,E9. KT SS 2 (1) [JLN SS 2/1-2/4, 2/4A,4B, 2/5-2/23, 2/25, 2/25A],E9. KT SS 2 (AMEERA KONDO),E9. KT SS 2 (KEN DAMANSARA KONDO 3) (3.12145915887234, 101.6252435660085)
2026-02-19 00:41:38,259 - INFO - Processing record 697571bf-67ef-48bb-b337-08938524b0d3: TAMAN SERI JAROMAS (LOT KEDAI),TAMAN SERI JAROMAS (ROSSA) (2.8747000437361963, 101.50395532074234)
2026-02-19 00:41:39,777 - INFO - Processing record 6981284d-17bb-45c9-91fa-9752ed7dc91d: E11. SRI PJU 1A PUNCAK SRI KELANA KONDO (3.111311945931504, 101.5814252264452)
2026-02-19 00:41:41,301 - INFO - Processing record 6a0b8d46-639e-49b8-b3a5-0eb354db1fd1: TMN MAS (1.6676643346333335, 103.606205043)
2026-02-19 00:41:42,823 - INFO - Processing record 6a68f722-622e-495e-bad6-725bf2cbf293: KAMPUNG JAWA JALAN BUKIT JATI 01,KAMPUNG JAWA LORONG KOTA RAJA 04 (3.0306173486964303, 101.46161677545238)
2026-02-19 00:41:44,351 - INFO - Processing record 6a7a1b8f-5085-4f21-a99e-456f30732843: KG TENGAH GOMBAK,KG.KERDAS 2 (3.227842447987731, 101.71198561121471)
2026-02-19 00:41:45,882 - INFO - Processing record 6a902af7-a507-4602-9be1-ce3d12bcf56e: DANGA BAY_AMBERSIDE BLOK 1A-1E, 9A, 9B, 8A, 8B,DANGA BAY_ROYAL STRAND (1.465858048848102, 103.72687719263922)
2026-02-19 00:41:47,402 - INFO - Processing record 6a95ce67-5692-47b2-ab16-8dd8dcad3897: APARTMENT SRI BAYU BANDAR ARMADA PUTRA,BANDAR ARMADA PUTRA 02,BANDAR ARMADA PUTRA 05,FLAT SRI BAHTERA BANDAR ARMADA PUTRA (2.979605412137382, 101.34507038378597)
2026-02-19 00:41:49,216 - INFO - Progress: 20/100 in batch, Total: 20300/21579 overall
2026-02-19 00:41:49,216 - INFO - Processing record 6abedffb-a5e8-452b-9633-c043d18a94b2: TMN MAS (1.6676643346333335, 103.606205043)
2026-02-19 00:41:50,685 - INFO - Processing record 6adb7eeb-59ab-4d9d-bf67-9470bbd0711f: E1. SEKSYEN 16 (FLAT C : BLOK 17 - 26),E2. SEKSYEN 19 (FLAT A JLN 19/15 : BLOK 1 - 5),E2. SEKSYEN 19 (TERES B : JLN 19/4 - 19/7B),E2. SEKSYEN 19 (TERES G : JLN 19/39 - 19/44C),E2. SEKSYEN 20 (FLAT B : BLOK 13 - 19),E2. SEKSYEN 20 (PANGSAPURI CALADENIA MBSA),E2. SEKSYEN 20 (RUMAH KEDAI B : JLN G20/G - H20/H) (3.054481054341231, 101.5347711038128)
2026-02-19 00:41:52,471 - INFO - Processing record 6af548c4-cfaf-4eb6-a1a9-4187bfcfc3d0: TMN. SOGA ZON A (1.8370698178561675, 102.93861816874656)
2026-02-19 00:41:54,000 - INFO - Processing record 6b01921e-0da5-4edf-a486-bef9a3f9f7d3: JALAN DAGANG 1/1-1/11 TAMAN DAGANG,JALAN MEWAH 2-5 TAMAN AMPANG MEWAH,PEKAN AMPANG (3.1473592404927007, 101.76042837476275)
2026-02-19 00:41:56,134 - INFO - Processing record 6b5278c8-b2cb-4438-9a7d-8ef0bc83ec16: KAMPUNG BAHAGIA (5.792354196012984, 118.02893674088962)
2026-02-19 00:41:57,656 - INFO - Processing record 6b690b83-beea-44c3-90ad-a568d463fe73: APT KEKWA (2.946526199404908, 101.61534963263804)
2026-02-19 00:41:59,790 - INFO - Processing record 6b9b3717-1cb7-47fa-a38b-ffa66598f5f1: TAMAN SRI RAMPAI (JALAN MEGAN SETAPAK) (3.194394880999994, 101.73005375499996)
2026-02-19 00:42:01,576 - INFO - Processing record 6bbff218-9cde-422f-960d-013a58df147f: KG BUKIT CHANGGANG (2.829621708609271, 101.62624310450332)
2026-02-19 00:42:03,095 - INFO - Processing record 6bdc6057-21e2-43c8-bde0-e7253f6cacb5: TAMAN INDAH 01 (3.139476142900002, 101.37099509620626)
2026-02-19 00:42:04,887 - INFO - Processing record 6bfb1afc-2f96-449d-8bfb-fbc808050bff: APARTMENT CAMELIA COURT NILAI IMPIAN,APARTMENT KIARA COURT NILAI IMPIAN,APARTMENT NILAM COURT NILAI IMPIAN (2.8426553546344087, 101.80832777452152)
2026-02-19 00:42:07,080 - INFO - Progress: 30/100 in batch, Total: 20310/21579 overall
2026-02-19 00:42:07,081 - INFO - Processing record 6c0517ef-0687-4db3-ac33-1437468f47d8: E11. SRI PJU 1A PUNCAK SRI KELANA KONDO (3.111311945931504, 101.5814252264452)
2026-02-19 00:42:08,560 - INFO - Processing record 6c243050-b66d-4ef7-a1d8-66eeafa8b976: TMN SUTERA _ 8SCAPE RESIDENSI,TMN SUTERA_SUTERA KUNING (1.4866023268447155, 103.69231597015528)
2026-02-19 00:42:10,086 - INFO - Processing record 6c37d076-56ba-4701-b9cb-198c34624aa4: APPT DESA 1,TMN DESA JAYA ZON 5,TMN USAHA JAYA ZON C (3.212190417842325, 101.61812822964316)
2026-02-19 00:42:11,615 - INFO - Processing record 6c418ff7-1cca-40b4-a568-9ffebb54f78a: TMN DESA JAYA ZON 4,TMN DESA JAYA ZON 7 (3.2184296676473445, 101.62629379222705)
2026-02-19 00:42:13,134 - INFO - Processing record 6c4a98f0-8681-432d-93e0-9423c898dd9f: TAMAN KUALA MENGGATAL PH.2 (6.05573783563291, 116.15079050284812)
2026-02-19 00:42:15,401 - INFO - Processing record 6c6e3252-5f01-4059-b17e-98977b509286: E11. SRI PJU 1A PUNCAK SRI KELANA KONDO (3.111311945931504, 101.5814252264452)
2026-02-19 00:42:16,925 - INFO - Processing record 6ca7bf8b-747c-477f-bcca-819a06da7642: TAMAN TASIK JAYA (JALAN 15 - 22 & 35) (2.718374993033782, 101.99795289672971)
2026-02-19 00:42:18,449 - INFO - Processing record 6ca8f9e3-75b4-4d79-8da8-c31625a0eb38: TAMAN PANCHOR JAYA FASA 4,TAMAN PANCHOR JAYA FASA 7 (2.7342247796917816, 102.00165210366438)
2026-02-19 00:42:19,976 - INFO - Processing record 6cd097af-8a07-4891-a319-bfe34cfb4445: TAMAN BATU MUDA (JLN 2-12),TAMAN KOPERASI POLIS FASA 2 (JALAN 36/10 - 45/10) (3.224978356090091, 101.68888164372972)
2026-02-19 00:42:22,120 - INFO - Processing record 6ce49095-122a-4472-886f-aa2d287d66c7: KG SELAYANG INDAH ZON A,KG SELAYANG INDAH ZON C,KG SELAYANG PANDANG,SELAYANG BARU ZON 1,SELAYANG BARU ZON 11,SELAYANG BARU ZON 3 (3.2485062327859224, 101.6665868035044)
2026-02-19 00:42:24,324 - INFO - Progress: 40/100 in batch, Total: 20320/21579 overall
2026-02-19 00:42:24,324 - INFO - Processing record 6cf8c8b2-28a1-4a4d-8369-9547086ff189: TTDI (JALAN DATUK SULAIMAN 177-217, JALAN DATUK SULAIMAN 3 74-114 & 97-149) (3.153475239573335, 101.62900337920668)
2026-02-19 00:42:25,793 - INFO - Processing record 6cf91557-38a6-43c2-b8ea-f79faabc0db5: TAMAN TAMING IMPIAN (3.013997936999999, 101.801589155)
2026-02-19 00:42:27,335 - INFO - Processing record 6d00469b-2e84-44c3-8ab8-fafd1f9175b1: TAMAN TANGLING INDAH,TAMAN TANGLING JAYA (5.265392065705127, 100.47758046818588)
2026-02-19 00:42:29,691 - INFO - Processing record 6d07896c-303e-413a-8d50-28cd6693f99a: JALAN 6/5A-F SEKSYEN 6 BANDAR RINCHING (2.924384834527605, 101.86355371048468)
2026-02-19 00:42:31,215 - INFO - Processing record 6d1d2ec1-6bc1-4a11-9605-d53a81c68f04: PPR LAKSAMANA (A/B/C),RUMAH KEDAI (JALAN PEEL) (3.13155077768394, 101.72083495736788)
2026-02-19 00:42:33,372 - INFO - Processing record 6d27bd1e-cae6-453b-a347-56a57d38b504: TMN PULAI INDAH_JLN PULAI INDAH /9,TMN PULAI INDAH_JLN PULAI INDAH /9 (B) (1.54117695192, 103.58450877272)
2026-02-19 00:42:34,902 - INFO - Processing record 6d390749-8aaa-4c4e-be9e-a255a005efa4: TMN DAYA SAGU_RESIDENSI ARC (1.5521317187687058, 103.76340137809524)
2026-02-19 00:42:36,421 - INFO - Processing record 6d4288c9-b93c-48a2-b2c2-0590976a4282: BUKIT OUG TOWNHOUSE,THE ROSEWOODZ RESIDENCE (3.061718438831247, 101.66515675964376)
2026-02-19 00:42:37,940 - INFO - Processing record 6d45051e-0177-41e8-afa7-bae59d894563: TMN SRI DERMAWAN (4.627999981000016, 101.120704649)
2026-02-19 00:42:39,467 - INFO - Processing record 6d67c450-b2d1-43a9-a872-a9159ca69100: TMN PELANGI_ZON E (1.479183736013069, 103.7776053948366)
2026-02-19 00:42:41,044 - INFO - Progress: 50/100 in batch, Total: 20330/21579 overall
2026-02-19 00:42:41,045 - INFO - Processing record 6d960bcf-f8e9-4736-83c6-57840e005752: KAWASAN PERINDUSTRIAN BANDAR SULTAN SULEIMAN 07 (3.0169166703537407, 101.3700620069932)
2026-02-19 00:42:42,496 - INFO - Processing record 6dccdc0e-9b78-49a0-b482-9e4fed62785c: TMN U_KEJAYAAN 41-56 (1.5231098510517251, 103.62235073100004)
2026-02-19 00:42:44,669 - INFO - Processing record 6dcfad04-9123-40e7-a1eb-89f922045edc: FLAT SRI JOHOR A(BLOK1-23),PPR SRI ALAM B (BLOK 6 - BLOK 9),PPR SRI ALAM C (BLOK 10 - BLOK 12),TAMAN IKAN EMAS (LRG IKAN EMAS 1-5) (3.115161190086707, 101.71851196501154)
2026-02-19 00:42:46,192 - INFO - Processing record 6e415f5b-fe22-4561-a5ab-b2459e61e4ea: E1. SEKSYEN 11 (KUARTERS POLIS) (3.076403503960526, 101.5253903965658)
2026-02-19 00:42:48,541 - INFO - Processing record 6e4cf530-eb93-4d10-a7be-d96427a9bb37: PANGSAPURI PALMA,PANGSAPURI PENDAMAR INDAH 2 (2.986373276982639, 101.4245492858264)
2026-02-19 00:42:50,794 - INFO - Processing record 6e5665ce-2f82-4189-8cb4-693544de7e7a: KONDOMINIUM SRI SUAJAYA (BLOK 200, 202, 204) (3.199986302000013, 101.69082805099998)
2026-02-19 00:42:52,317 - INFO - Processing record 6e86c536-e9e2-4c88-be25-aa5ae0751687: FLAT TAMAN SEMARAK (BLOK 1-7),TAMAN SEMARAK FASA 2 (JALAN TS 2/5F - 2/5K) (2.8241252548875, 101.80994876995626)
2026-02-19 00:42:53,843 - INFO - Processing record 6ea7c9dd-9eef-4da8-8265-8be4e5e1dc48: BUKIT LANJAN (JALAN BUKIT LANJAN 6) (3.167477665936305, 101.6170802831465)
2026-02-19 00:42:55,365 - INFO - Processing record 6eafb92c-cab8-4937-88b0-d86bd20cbbc8: TMN ISTIMEWA_ZON A,TMN ISTIMEWA_ZON E (1.5306530114000012, 103.76923678489698)
2026-02-19 00:42:57,124 - INFO - Processing record 6eb3de89-25c3-4853-a0f2-def86e317d80: E7. KD PJU 5 SEK 4 D'SHIRE VILLA,E7. KD PJU 5 SEK 4 GUGUSAN MATAHARI,E7. KD PJU 5 SEK 4 GUGUSAN MAWAR,E7. KD PJU 5 SEK 4 GUGUSAN MELUR (3.15173326217134, 101.579724495405)
2026-02-19 00:42:59,067 - INFO - Progress: 60/100 in batch, Total: 20340/21579 overall
2026-02-19 00:42:59,068 - INFO - Processing record 6ebac144-2141-4b2e-ba26-efb5ec48ee55: TMN DESA JAYA ZON 4,TMN DESA JAYA ZON 7 (3.2184296676473445, 101.62629379222705)
2026-02-19 00:43:00,526 - INFO - Processing record 6ebee302-6f2f-473a-94d0-c254fabee1e0: E7. KD PJU 5 SEK 4 (TERES 1) (JLN 4/7,7A,7B,8,8A),E7. KD PJU 5 SEK 4 D'SHIRE VILLA,E7. KD PJU 5 SEK 4 GUGUSAN MATAHARI,E7. KD PJU 5 SEK 4 GUGUSAN MAWAR,E7. KD PJU 5 SEK 4 GUGUSAN MELATI,E7. KD PJU 5 SEK 4 GUGUSAN MELUR (3.151885552263159, 101.5797768403096)
2026-02-19 00:43:02,818 - INFO - Processing record 6ec41347-b6ed-4150-91da-bc6dd32f7b0e: FLAT TAMAN SERI BEREMBANG (2.9947982746644293, 101.3987972201745)
2026-02-19 00:43:04,336 - INFO - Processing record 6ec5018f-a4c8-4806-962d-07da243f4bde: TMN SRI JANGGUS (BLOK C1-C2),TMN SRI JANGGUS (TERES) (5.335379490490323, 100.4925870443613)
2026-02-19 00:43:05,866 - INFO - Processing record 6efa041c-eeef-404a-83f3-cdb3c0d5a5aa: TMN SRI AUSTIN_JLN SRI AUSTIN 6/1-6/22 EAST ZONE (1.5816096783103455, 103.74922184605748)
2026-02-19 00:43:07,390 - INFO - Processing record 6f0cfc5f-74b3-4e34-8b80-5a7b62aa90c6: JALAN ADENIUM 6, PRIMA BERUNTUNG (3.42330524142466, 101.55517951042468)
2026-02-19 00:43:09,006 - INFO - Processing record 6f0d9bab-c796-4664-8619-b12f2371d21e: MEDAN ANGSANA (5.390411653992956, 100.28510341024648)
2026-02-19 00:43:10,502 - INFO - Processing record 6f338462-a012-4a8a-8a84-64baf9b88d07: KG MELAYU WIRA DAMAI (3.250147012300652, 101.69123899113072)
2026-02-19 00:43:12,014 - INFO - Processing record 6f446ae9-6a2b-47c8-8788-9afa2d9137f3: KG BARU SENGKANG (1.689205818963634, 103.57218340296365)
2026-02-19 00:43:14,155 - INFO - Processing record 6f60349a-2549-4517-af29-a6c874c87f3c: E1. SEKSYEN 11 (KUARTERS POLIS) (3.076403503960526, 101.5253903965658)
2026-02-19 00:43:15,713 - INFO - Progress: 70/100 in batch, Total: 20350/21579 overall
2026-02-19 00:43:15,713 - INFO - Processing record 6f7014b1-2684-4017-987e-1713babfa73d: KUARTERS PERTANIAN GOMBAK SETIA (3.2166748601761648, 101.71504445389118)
2026-02-19 00:43:17,192 - INFO - Processing record 6f86d42e-d25d-49c0-acca-c6501f3db487: KG. MERDEKA 2,TMN. TANAH MERAH (1.8503595534090915, 102.94245775695076)
2026-02-19 00:43:18,738 - INFO - Processing record 6fc9f23f-2eba-48ab-9beb-5b8151b22f9d: SEKSYEN 25 (TERES A : JLN 25/2 - 25/11) (3.0306360351842128, 101.5315087610592)
2026-02-19 00:43:20,882 - INFO - Processing record 6ffda9ce-318d-4af1-b037-133a5c2cbd32: E15. PST BDR PUCHONG (JLN WAWASAN 3) (3.033937473095892, 101.6218229964315)
2026-02-19 00:43:22,407 - INFO - Processing record 6fffac1b-4c00-44a9-9db5-e2f6abe27e8f: KG. PETAGAS (5.9141846809480505, 116.05473733262336)
2026-02-19 00:43:23,925 - INFO - Processing record 700ade39-5df3-44d8-b9e1-9a3b8fffe56a: E6. BL PJU 8 APT FLORA DAMANSARA 2 [C,D,E,F],E6. BL PJU 8 APT FLORA DAMANSARA 3 [G,H],E6. BL PJU 9 SD 13 FORESTA KONDO,E6. BL PJU 9 SD 13 SERESTA  KONDO (3.179165974286184, 101.61475476495066)
2026-02-19 00:43:25,452 - INFO - Processing record 7018eca1-6e61-431a-815e-ed3760ecca35: E17. TMN SERDANG PERDANA SP 5 (FLAT KOS RENDAH),E17. TMN SERDANG PERDANA SP 5 (SKY VILLA) (3.040644055500002, 101.70658744091976)
2026-02-19 00:43:26,990 - INFO - Processing record 70252037-a2b4-43aa-9f45-98c06a370e58: DESA AMAN 1(PDRM),DESA AMAN 2 (PDRM),KONDO RAKYAT,LAUREL RESIDENCE BANGSAR SOUTH,THE GOODWOOD RESIDENCE (3.1065252318594383, 101.6652687286747)
2026-02-19 00:43:28,509 - INFO - Processing record 704d90ea-6369-4696-8108-394a81d6f02d: JK02 TMN. SEMARAK LOJI,JK04 TMN. SEMARAK PH.1,JK38 KOLEJ VOKASIONAL TAWAU,JK47 KG. MUHIBBAH BAL,JK82 TAMAN MUHIBBAH JAYA 1,JK97 TAMAN SEMARAK LOJI ATAP BIRU (4.293144182553572, 117.89057195833036)
2026-02-19 00:43:30,690 - INFO - Processing record 70ab780c-a5ab-4106-88a6-3601acd2e511: JALAN PANDAN 10 PANDAN JAYA (3.1397509560443018, 101.73696730314558)
2026-02-19 00:43:32,258 - INFO - Progress: 80/100 in batch, Total: 20360/21579 overall
2026-02-19 00:43:32,258 - INFO - Processing record 70b38145-6cfb-4ad9-a77e-4bbf4513a3d1: TAMAN TELIPOK RIA,TAMAN TELIPOK RIA FASA 1&2 (6.108650192171232, 116.20603564013012)
2026-02-19 00:43:34,465 - INFO - Processing record 70da7c56-0d31-4c47-a434-f330a2a55772: TMN SRI DERMAWAN (4.62739055494054, 101.12209290313513)
2026-02-19 00:43:36,002 - INFO - Processing record 7130a676-4a20-44ec-aad9-847563f681a0: BUKIT LANJAN (JALAN BUKIT LANJAN 6) (3.167477665936305, 101.6170802831465)
2026-02-19 00:43:37,524 - INFO - Processing record 714102e5-e917-4869-83b5-f404c189e4dc: TAMAN EKA MATAHARI ( SELASIH ),TAMAN EKA MATAHARI ( SERAI ) (2.691943153775754, 101.7981158611212)
2026-02-19 00:43:39,045 - INFO - Processing record 716d7047-e073-48f6-82dd-5039a1854872: E11. SRI SS 7 KELANA PUTERA KONDO,E11. SRI SS 7 KELANA PUTERI KONDO (3.108087835803799, 101.59357077797468)
2026-02-19 00:43:40,573 - INFO - Processing record 718fb27f-407d-4493-a87e-0e83106a5401: LANDUNG AYANG DARAT (6.885402956873242, 116.84097346782391)
2026-02-19 00:43:42,097 - INFO - Processing record 71d14c1d-9267-4efc-b08a-c3a9639a45b0: TAMAN TAMING IMPIAN (3.013997936999999, 101.801589155)
2026-02-19 00:43:43,632 - INFO - Processing record 71e813b4-0bdc-4ebc-897e-2855f3fa7f54: PERDANA COLLEGE HEIGHTS (2.8491745389014085, 101.84169825745072)
2026-02-19 00:43:45,149 - INFO - Processing record 7233bcec-99d7-44ef-ab50-3ea2479222b2: FLAT INDUSTRI LEMBAH JAYA SELATAN,PANGSAPURI SRI INTAN LEMBAH JAYA SELATAN (3.1385698016424213, 101.78162410420606)
2026-02-19 00:43:46,674 - INFO - Processing record 723c94bc-f912-44a9-9f1a-5d7a092b4a58: E7. KD PJU 5 SEK 7 APT LILY,E7. KD PJU 5 SEK 7 GUGUSAN KEKWA (3.171084463336786, 101.57358279949744)
2026-02-19 00:43:48,233 - INFO - Progress: 90/100 in batch, Total: 20370/21579 overall
2026-02-19 00:43:48,233 - INFO - Processing record 72470a9e-2f28-4555-8ac7-076999348559: LAMBAIAN RESIDENCE 1,2 & 3 KAJANG (2.9338574808028164, 101.80577906749296)
2026-02-19 00:43:49,707 - INFO - Processing record 725b77d9-c1d4-4aaa-98db-b3ea5c99d1ab: JK02 TMN. SEMARAK LOJI,JK04 TMN. SEMARAK PH.1,JK38 KOLEJ VOKASIONAL TAWAU,JK47 KG. MUHIBBAH BAL,JK82 TAMAN MUHIBBAH JAYA 1,JK97 TAMAN SEMARAK LOJI ATAP BIRU (4.293051505454278, 117.89055487597936)
2026-02-19 00:43:51,970 - INFO - Processing record 72661adf-f996-4e38-93c2-14cb6641116c: E3. SEKSYEN 26 (FLAT PPRT BLOK A,B,C),E3. SEKSYEN 27 (FLAT H : BLOK 40 - 42) (3.028100538480265, 101.56835431904604)
2026-02-19 00:43:53,490 - INFO - Processing record 7268e1b8-6259-4a9c-99bd-c4bbfa6c0ba9: TMN RAPAT INDAH (4.569973862240964, 101.1297857316024)
2026-02-19 00:43:55,751 - INFO - Processing record 72907c75-855f-42f4-ac5c-4051094b60bd: TMN ISTIMEWA_ZON A,TMN ISTIMEWA_ZON E (1.5306530114000012, 103.76923678489698)
2026-02-19 00:43:57,274 - INFO - Processing record 72b8554f-1d2f-49cd-8f8c-1034ddc0c664: JK02 TMN. SEMARAK LOJI (4.297032863000027, 117.88968284199996)
2026-02-19 00:43:58,802 - INFO - Processing record 72c66930-f216-4d06-a9a8-9323b78b3780: JAMBUL VIEW,PERSIARAN BUKIT JAMBUL,PERSIARAN RB,TAMAN DESA DAYA (5.332311167461256, 100.27816607781918)
2026-02-19 00:44:00,326 - INFO - Processing record 72e6f50c-4fbe-4b0f-8ee8-5abdaa97c78c: D' KRISTAL APARTMENT SEMENYIH,PANGSAPURI D'KAYANGAN SETIA ECOHILL SEMENYIH (2.9228956246181794, 101.85364367180608)
2026-02-19 00:44:01,849 - INFO - Processing record 72eb2313-e27d-4062-82f2-dc7933f030b7: PRESINT 9 - JALAN P9B/7-B/12,PRESINT 9 - JALAN P9B1/4 - B1/5,PRESINT 9 - JALAN P9B1/7 - B1/13 (2.9443734344134027, 101.67365834052514)
2026-02-19 00:44:03,373 - INFO - Processing record 72f38d6c-8e3a-444e-b54f-e07654788c58: TAMAN SENTOSA 05 (2.9935490659006634, 101.48135686809272)
2026-02-19 00:44:04,938 - INFO - Progress: 100/100 in batch, Total: 20380/21579 overall
2026-02-19 00:44:04,960 - INFO - Batch completed: 100 records in 166.0s
2026-02-19 00:44:04,961 - INFO - Overall progress: 20380/21579 (1199 remaining)
2026-02-19 00:44:04,961 - INFO - Estimated time remaining: 0.6 hours
2026-02-19 00:44:07,008 - INFO - Found 100 records to geocode
2026-02-19 00:44:07,009 - INFO - Processing record 731c2a62-a0bf-4c53-93f2-a36a7d132688: MIDFIELDS CONDOMINIUM (3.096360430231292, 101.70075597158502)
2026-02-19 00:44:07,067 - INFO - Processing record 731e6c10-6426-4303-8d1a-e2351573982b: TAMAN  DESA  PERMAI (5.440182668575343, 100.53670940718494)
2026-02-19 00:44:08,611 - INFO - Processing record 732e25b5-7407-409a-817e-24cb7ddf9883: TMN SRI JANGGUS (BLOK C1-C2),TMN SRI JANGGUS (TERES) (5.335379490490323, 100.4925870443613)
2026-02-19 00:44:10,126 - INFO - Processing record 736f459c-25d3-4699-86ba-8b643651d705: TMN BKT INDAH FASA 2 (ZON 2),TMN BKT INDAH FASA 3 ZON 2 (3.1520962115696984, 101.7785908281091)
2026-02-19 00:44:11,649 - INFO - Processing record 73aaabf7-54ef-416e-8cca-9b1c60a0a5c8: TAMAN KINTAMAN,TAMAN SENTOSA 03,TAMAN SENTOSA 08,TAMAN SENTOSA 09,TAMAN SENTOSA 18,TAMAN SENTOSA 26 (3.003410595731391, 101.4715512064628)
2026-02-19 00:44:13,812 - INFO - Processing record 73c228c7-d84f-4e19-a1c0-71602ad95c2b: E10. BG SEK 1A (TERES 1 : JLN CAREY DAN LORONG 1A/71,71ABCDEFGHIJKMN,1A/73,73AB),E10. BG SEK 5 FLAT GASING INDAH (BLOK A , B , C , D , E) (3.085150641695406, 101.6574839444368)
2026-02-19 00:44:15,584 - INFO - Processing record 73ca5879-3b22-4629-805f-56f966f803d8: TMN SRI AUSTIN_JLN SRI AUSTIN 6/1-6/22 EAST ZONE (1.5816096783103455, 103.74922184605748)
2026-02-19 00:44:17,110 - INFO - Processing record 73d260cf-5551-49fd-b9cf-608dc51c2042: APPT MAS AYU,BDR BARU SELAYANG FASA 1 (ZON A),KG SELAYANG INDAH ZON A,KG SELAYANG INDAH ZON C,KG SELAYANG PANDANG,SELAYANG BARU ZON 1,SELAYANG BARU ZON 11,SELAYANG BARU ZON 3 (3.251545989108459, 101.66424638844686)
2026-02-19 00:44:18,632 - INFO - Processing record 73da6f6f-367d-47be-a60f-13da97c5963c: E4. SEKSYEN U13 ( PANGSAPURI SEROJA ) (3.1104882209794527, 101.44725761492468)
2026-02-19 00:44:20,157 - INFO - Processing record 74136c8b-1afc-4cbc-b60c-32684076d692: FLAT SIM SIM (5.855003643666666, 118.12885504256208)
2026-02-19 00:44:21,984 - INFO - Progress: 10/100 in batch, Total: 20390/21579 overall
2026-02-19 00:44:21,985 - INFO - Processing record 74165e37-ea27-40f1-9067-deabf077c0a4: FLAT SRI LANGKAWI 1 (3.216577877367346, 101.7164244009592)
2026-02-19 00:44:24,169 - INFO - Processing record 74c79710-3bc3-4a84-8324-94618f0c5de6: TAMAN BUKIT CHEDANG (JALAN BELIDA) (2.693974535014086, 101.92220362838027)
2026-02-19 00:44:25,717 - INFO - Processing record 74f61edc-b337-4484-abca-4e22f37ebf2c: TMN BERCHAM BARU,TMN LAPANGAN MELODI (4.553657442169812, 101.10531863327044)
2026-02-19 00:44:27,244 - INFO - Processing record 754b4b40-a8fd-41d8-a50a-2aef097fdf89: KONDOMINIUM SRI SUAJAYA (BLOK 200, 202, 204) (3.199986302000013, 101.69082805099998)
2026-02-19 00:44:28,766 - INFO - Processing record 755d8b45-5819-4070-b250-6b6a7d52262a: TAMAN DESA PERMAI 2 (2.5776834890633813, 102.59681758132392)
2026-02-19 00:44:31,906 - INFO - Processing record 7579bb78-2ae3-4e57-926d-5f6b7042d0b6: TMN SRI SKUDAI_JLN PERAK,TMN SRI SKUDAI_JLN TEMBAGA MERAH (1.5403050903679254, 103.64780284341508)
2026-02-19 00:44:33,427 - INFO - Processing record 759cdfc6-b3eb-4bb5-95b9-5eed1024cec1: TAMAN SERI MEDAN (2.9366095103600007, 101.47520811592)
2026-02-19 00:44:34,951 - INFO - Processing record 75a45e2d-5dce-48e8-bfd2-5ee0932b2537: PANGSAPURI PALMA,PANGSAPURI PENDAMAR INDAH 2 (2.9863255848586574, 101.42439777620848)
2026-02-19 00:44:37,102 - INFO - Processing record 75ac4dc5-1f06-4e1f-a13d-61a7d64b3368: E13. USJ 5/1 (3.053488678188118, 101.57681430526732)
2026-02-19 00:44:38,640 - INFO - Processing record 762a22f7-6079-406f-9146-3a968fc346d1: JALAN HILIR 2-7 TAMAN AMPANG HILIR (3.1500069918698648, 101.74853194400684)
2026-02-19 00:44:40,191 - INFO - Progress: 20/100 in batch, Total: 20400/21579 overall
2026-02-19 00:44:40,191 - INFO - Processing record 7630eb25-2b89-407f-bab4-e74df51087fa: JLN WAN ALWI (1.5267675325849075, 110.36149352884276)
2026-02-19 00:44:42,509 - INFO - Processing record 7648036b-1964-4df9-b9ee-a4941d4f4f0c: TAMAN SENAWANG INDAH,TAMAN WIDURI INDAH (2.694569508626316, 101.99736104704208)
2026-02-19 00:44:44,048 - INFO - Processing record 76593292-f70e-46f2-ae0e-b279f835e001: BDR TASIK PUTERI FASA 6 (ZON A) (3.2776248279520552, 101.48095355617124)
2026-02-19 00:44:45,571 - INFO - Processing record 767c2b7d-7742-439e-b050-0ab76dd9e252: E4. SEKSYEN U13 ( PANGSAPURI SEROJA ) (3.1104882209794527, 101.44725761492468)
2026-02-19 00:44:47,096 - INFO - Processing record 768ab0b3-ece7-48eb-bc9a-9a12a7ae399f: HALAMAN MERU PERMAI (4.676154414091546, 101.08499964962677)
2026-02-19 00:44:48,614 - INFO - Processing record 76b0855c-80a9-4595-8713-338baec51e2e: MIDFIELDS CONDOMINIUM (3.096360430231292, 101.70075597158502)
2026-02-19 00:44:50,140 - INFO - Processing record 76e27359-31fe-437a-ac17-971255f1ef17: JU03 TAMAN RIA 1 & 2,JU05 TAMAN HILL TOP,JU12 TAMAN HUA TAI,JU19 TAMAN RIA 4,JU52 KG. PISANG (4.281402979743733, 117.87973679422842)
2026-02-19 00:44:52,303 - INFO - Processing record 76e3b56f-edd1-4e3e-b501-e82139f2eeda: TMN PASIR PUTIH_JLN ASLI (1.47614005165563, 103.93151234355628)
2026-02-19 00:44:54,196 - INFO - Processing record 773cc0e9-72d2-41ea-8925-5c1c3a772074: JAMBUL VIEW,PERSIARAN BUKIT JAMBUL,PERSIARAN RB,TAMAN DESA DAYA (5.332311167461256, 100.27816607781918)
2026-02-19 00:44:55,756 - INFO - Processing record 7759e83a-c0d2-4caa-9954-fd2c657416cd: FLAT PKNS (JALAN TUN RAZAK),JALAN CHEMOR (TITIWANGSA SENTRAL KONDOMINIUM),JALAN PEKELILING LAMA(TR RESIDENCE),KAMPUNG BARU (ASRAMA PICOMS RAJA ABDULLAH),KAMPUNG BARU (KG. ATAS A),KAMPUNG BARU (KG. ATAS B),KAMPUNG BARU (KG. PAYA 1),KAMPUNG BARU (KG. PAYA 2),KAMPUNG BARU (PLAZA RAH),KAMPUNG BARU (WISMA ZABEDAH),KUARTERS HOSPITAL KUALA LUMPUR (3.1683559204607867, 101.70495944566863)
2026-02-19 00:44:58,043 - INFO - Progress: 30/100 in batch, Total: 20410/21579 overall
2026-02-19 00:44:58,043 - INFO - Processing record 77ac2872-5903-41c3-95b8-24aa0339fbac: E5. SEKSYEN U4 (APT DAMAI),E5. SEKSYEN U5 (SUBANG BESTARI : PUSAT KOMERSIL JLN U5/H, J, K, L, M, N, P & Q) (3.1770746264303824, 101.54701280970254)
2026-02-19 00:44:59,507 - INFO - Processing record 77c82aa7-ad80-4f70-a3c7-669c17c58f6c: JALAN LIKAS,PLAZA JUTA,TAMAN MOONEE LIKAS (5.993104991597825, 116.11324541884238)
2026-02-19 00:45:01,048 - INFO - Processing record 77e6f999-02bb-4789-8179-e22371067d57: E15. PST BDR PUCHONG (JLN WAWASAN 3) (3.033937473095892, 101.6218229964315)
2026-02-19 00:45:02,572 - INFO - Processing record 78143ac1-6cb5-4d16-940c-5171d0387b2a: TAMAN DESA BAIDURI,TMN KULAI UTAMA,TMN SG MAS,TMN SRI MUHIBAH (JLN BUNGA KERTAS A) (1.661663593589947, 103.58999857589684)
2026-02-19 00:45:04,096 - INFO - Processing record 78c5ed9d-a984-4317-97bc-ea135e650d54: FLAT SRI LANGKAWI 1 (3.2165700381111124, 101.714982803672)
2026-02-19 00:45:05,620 - INFO - Processing record 78f47e62-8892-411d-b7df-16a1b107ee85: KAMPUNG BARU (3.1658976477323963, 113.05567225661268)
2026-02-19 00:45:07,154 - INFO - Processing record 791979b3-24ea-45b6-a3b4-64a885ba0621: TAMAN BINTANG,TAMAN BPL,TAMAN KEPAYAN RIDGE,TAMAN MEI LOK,TAMAN RIDGE VIEW,TAMAN SRI KEPAYAN PH. 7,TAMAN TASIK (5.940849858777471, 116.07217756721975)
2026-02-19 00:45:10,090 - INFO - Processing record 795a936f-e1c6-4db6-b080-e2c11a0c4519: TAMAN KEPAYAN RIDGE (5.934933278506847, 116.06877191324658)
2026-02-19 00:45:11,860 - INFO - Processing record 79604949-759b-4b6a-89cd-a5cbc6cb6783: KONDOMINIUM SRI SUAJAYA (BLOK 200, 202, 204) (3.199986302000013, 101.69082805099998)
2026-02-19 00:45:13,378 - INFO - Processing record 79664f82-510c-47d2-ae04-8b92a5642674: FLAT UDA (BLOK E-K) (5.461767022, 100.30794930714472)
2026-02-19 00:45:14,944 - INFO - Progress: 40/100 in batch, Total: 20420/21579 overall
2026-02-19 00:45:14,944 - INFO - Processing record 7968c156-8b9f-4d03-b9a6-52799ca04c30: TAMAN  DESA  PERMAI (5.440182668575343, 100.53670940718494)
2026-02-19 00:45:16,414 - INFO - Processing record 79b8c236-e41e-4ca8-8e03-676566b03377: JLN TAR SUSUR 7 (KIPS GURU) (1.49401202938889, 103.73254680827162)
2026-02-19 00:45:18,593 - INFO - Processing record 79f83a20-e541-4a1d-b65b-f4da099ce1d3: FLAT SRI JOHOR A(BLOK1-23),PPR SRI ALAM B (BLOK 6 - BLOK 9),TAMAN IKAN EMAS (LRG IKAN EMAS 1-5) (3.115161190086707, 101.71851196501154)
2026-02-19 00:45:20,119 - INFO - Processing record 7a628ca1-8a7e-47f5-90df-1f77b04eeb09: APPT MERDEKA VILLA KAMPUNG BARU AMPANG (3.137336580049387, 101.7656496056605)
2026-02-19 00:45:21,642 - INFO - Processing record 7a7523ff-ebab-4e82-b145-3d96afca474d: E5. SEKSYEN U20 (FASA 1D BBSB : JLN 1D/1 - 1D/3) (3.2181085399999985, 101.5662835947)
2026-02-19 00:45:23,166 - INFO - Processing record 7a75290e-9c96-4a74-b2b8-0af35083ed7e: E6. BL PJU 9 SD 13 APT SRI MERANTI (2) [H,J,K,L,M,N,P,Q,R] (3.1926946940000107, 101.60213905400002)
2026-02-19 00:45:24,687 - INFO - Processing record 7abda924-ca0e-488d-8624-f23a607c16c5: 38 BIDARA CONDOMINIUM,ANGKASA IMPIAN CONDO 2 JLN SAHABAT,ASRAMA DAN KUATERS SMK VICTORIA,BERJAYA TIMES SQUARE HOTEL,JALAN ALOR,JALAN BEDARA,JALAN CHANGKAT,JALAN GALLOWAY,JALAN MEDAN IMBI,JALAN MELATI,JALAN PUDU LAMA,JALAN SAHABAT,JALAN SARAWAK,JALAN TENGKAT TONG SHIN,JALAN WALTER GRENIER,KELUMPUK KENANGA,MUTIARA VILLA CONDOMINIUM,ST MARY RESIDENCE,SUN COMPLEX JALAN IMBI,WISMA COSWAY, JALAN RAJA CHULAN,YOONG YOONG MANSION (3.1458890465769223, 101.70809272535426)
2026-02-19 00:45:26,938 - INFO - Processing record 7af9c509-1ee9-408b-bc64-f3371d7dbac5: TMN. BAYVIEW TELUK VILLA (5.895294466894364, 116.03900966073238)
2026-02-19 00:45:29,085 - INFO - Processing record 7b365ccc-f10e-4b6c-a023-768fa1a3d317: E5. SEKSYEN U19 (KBSB : JLN INDUSTRI 12),E5. SEKSYEN U19 (KBSB : JLN PERKHIDMATAN),E5. SEKSYEN U19 (KBSB : JLN WELFARE) (3.196889345010101, 101.56948324050506)
2026-02-19 00:45:30,605 - INFO - Processing record 7b751e34-9b9c-4bc1-8a45-28f20da1baee: APPT RADIUS SELAYANG HEIGHT,SELAYANG HEIGHT (3.268602946134613, 101.65216860195513)
2026-02-19 00:45:32,165 - INFO - Progress: 50/100 in batch, Total: 20430/21579 overall
2026-02-19 00:45:32,166 - INFO - Processing record 7b7de11b-d84e-43aa-97aa-705852c46ebf: TMN SRI DERMAWAN (4.627999981000016, 101.120704649)
2026-02-19 00:45:33,640 - INFO - Processing record 7b9e89f2-de36-48dc-8a0f-8c9f48ebf4ad: JAMBUL VIEW,PERSIARAN BUKIT JAMBUL,TAMAN DESA DAYA (5.334837709907516, 100.27986060028904)
2026-02-19 00:45:35,179 - INFO - Processing record 7ba3c42b-809f-4f5f-b884-cef8bc1f0318: D'VANTAGE APARTMENT,KG. DARAU LAUT,KG.WARISAN PH 1,KG.WARISAN PH 2,TAMAN PURI WARISAN (6.015387736054053, 116.1335486159054)
2026-02-19 00:45:36,701 - INFO - Processing record 7babe7c3-a961-4dc1-98fc-948dd0e6f42f: APARTMENT BAYU VILLA,APARTMENT VISTA INDAH PUTRA (3.0186254508037984, 101.4288023340633)
2026-02-19 00:45:38,226 - INFO - Processing record 7bbbe9e9-ddbe-48fe-8d06-53ae870f9e53: E11. SRI PJS 5 FLAT DESA RIA (G,J,K,L,M,N,O,P),E11. SRI PJS 6 FLAT DESA MENTARI 2 (BLOK 4 , 5 , 6) (3.0805098298846145, 101.61637847011536)
2026-02-19 00:45:39,763 - INFO - Processing record 7bbcd6ac-938a-474c-8350-2bf98bd81170: E15. TMN PUCHONG PERDANA (JLN PERDANA 2),E15. TMN PUCHONG PERDANA (JLN PERDANA 4),E15. TMN PUCHONG PERDANA 5 (JLN ANGGERIK) (3.007245195906543, 101.60561893842522)
2026-02-19 00:45:41,286 - INFO - Processing record 7bce021c-e7c0-411c-b9d1-8444b4c6379b: APPT MAS AYU,BDR BARU SELAYANG FASA 1 (ZON A),KG SELAYANG INDAH ZON A,KG SELAYANG INDAH ZON C,KG SELAYANG PANDANG,SELAYANG BARU ZON 1,SELAYANG BARU ZON 11,SELAYANG BARU ZON 3 (3.2518824509310345, 101.66411151394118)
2026-02-19 00:45:44,047 - INFO - Processing record 7bf0ef4e-da96-4acf-a27e-0d5fa02a0ad4: APPT RADIUS SELAYANG HEIGHT,SELAYANG HEIGHT (3.268602946134613, 101.65216860195513)
2026-02-19 00:45:45,571 - INFO - Processing record 7bff1852-5c1b-4035-89ae-7761d9b1f500: TAMAN TELIPOK RIA,TAMAN TELIPOK RIA FASA 1&2 (6.108650192171232, 116.20603564013012)
2026-02-19 00:45:47,108 - INFO - Processing record 7c03ba03-17ba-4d4f-9c6f-f4fa11f297bd: JINJANG UTARA (JALAN JINJANG SETIA 1-7),RESIDENSI M LUNA (3.226260272887098, 101.65366424399596)
2026-02-19 00:45:48,658 - INFO - Progress: 60/100 in batch, Total: 20440/21579 overall
2026-02-19 00:45:48,658 - INFO - Processing record 7c143169-7442-49d0-8471-55c47e778182: BUKIT TOK BENG,TELAGA DAING (5.361407328409395, 103.12138173008724)
2026-02-19 00:45:50,127 - INFO - Processing record 7c247810-0919-4f83-8df2-dc7b90b9925c: TMN MAS (1.6676643346333335, 103.606205043)
2026-02-19 00:45:51,666 - INFO - Processing record 7c676a25-61db-490d-8ff1-293e2ae46579: KAWASAN PERINDUSTRIAN BANDAR SULTAN SULEIMAN 07 (3.0169166703537407, 101.3700620069932)
2026-02-19 00:45:53,189 - INFO - Processing record 7c685c01-47e9-479d-888b-2a1ccf9cfc9c: FLAT SRI PERAK  A (BLOK 29,31,33),FLAT SRI PERAK B (BLOK 35,37,39,41) (3.182575941286668, 101.69889884951333)
2026-02-19 00:45:54,714 - INFO - Processing record 7c8b931a-30ad-4bde-9a50-c99b9a19560d: DESA AMAN 2 (PDRM),KONDO RAKYAT,LAUREL RESIDENCE BANGSAR SOUTH,THE GOODWOOD RESIDENCE (3.106523137336, 101.665249117728)
2026-02-19 00:45:56,856 - INFO - Processing record 7c92214d-aa06-481e-a3c7-e11182e901d4: E11. SRI PJS 5 (AERA RESIDENCE),E11. SRI PJS 5 TMN DESA RIA (PST KOMERSIAL) [JLN PJS 5/2, 5/4],E11. SRI PJS 5 TMN DESA RIA (PST KOMERSIAL) [JLN PJS 5/27-5/30],E12. TM PJS 1 APT PETALING PERDANA 2 (BLOK I - P],E12. TM PJS 2 APPT TAMAN MEDAN JAYA,E12. TM PJS 2B PUSAT KOMERSIAL,E12. TM PJS 2C APT MEDAN CAHAYA 1 (BLOK A , B , C),E12. TM PJS 2C APT MEDAN CAHAYA 2 (BLOK D , E , F),E12. TM PJS 2C APT MEDAN JAYA (BLOK I),E12. TM PJS 2C TMN MEDAN (TERES 2) [JLN PJS 2C/12,14,16,16A-C,18,19,20,21,22],E12. TM PJS 2C TMN MEDAN (TERES 4) [JLN PJS 2C/11,2C/11A,B,C,D,F,G,H,J,K,L,28,2],E12. TM PJS 2C TMN MEDAN (TERES 5) [JLN PJS 2C/5,1,2,4,6,8,10,PJS 2/2,1],E12. TM PJS 2D FLAT DESA MENTARI (BLOK 11),E12. TM PJS 2D TMN MEDAN (TERES 1) [JLN PJS 2D/15 , PJS 2D/15A - PJS 2D/15E],E12. TM PJS 2D TMN MEDAN (TERES 2) [JLN PJS 2D/2,4,5,6,7,8,8C,8D,9,10,11,12,14],E12. TM PJS 3 FLAT DESA SEPAKAT (BLOK A , B) [JLN PJS 3/22],E12. TM PJS 3 FLAT TMN SRI MANJA (BLOK LC1C , LC2B , LC3A) [JLN PJS 3/44],E12. TM PJS 3 TMN BUANA PERDANA (JLN PJS 3/23 -3/29 ),E12. TM PJS 3 TMN MEDAN BARU (TERES 3) [JLN MEDAN 11,12,13,14,15,22,23],E12. TM PJS 3 TMN MEDAN BARU (TERES 5) [JLN MEDAN 29,30,31,32],E12. TM PJS4 TMN INDAH JAYA(TERES 1)[JLN PJS 4/8,10,12,16,18,20,22A,25,27,27A,B],E12. TM PJS4 TMN INDAH JAYA(TERES 2)[JLN PJS 4/2,4,8,9,10,19,19A,21,21A],E12. TM TMN DATO HARUN (TERES 2) [JLN PJS 2/12 , 2/16 , 2/21A , 2/21B , 2/27B],E12. TM TMN DATO HARUN (TERES 3) [JLN 11,13,2/8,2/15,2/17,PJS 2/2,2/4],E14. TMN KINRARA JLN TK 4 (PANGSAPURI CERIA),E14. TMN KINRARA JLN TK 4 (PANGSAPURI KINRARA RIA),E14. TMN KINRARA JLN TK 4 (PANGSAPURI KOS RENDAH) (3.0756015995160864, 101.63762254844146)
2026-02-19 00:45:58,379 - INFO - Processing record 7ca51e98-caf2-4ba2-93fa-2d8bb7d69e12: KG.BUKIT PERMAI,KG.LOBOU (6.049642981465834, 116.18180948225464)
2026-02-19 00:45:59,904 - INFO - Processing record 7cb1a0bb-7c70-4f96-b07f-431411bc90e7: FLAT SENTUL UTAMA,FLAT SENTUL UTARA (3.194874907445945, 101.6987492360608)
2026-02-19 00:46:01,424 - INFO - Processing record 7cc2d924-b764-4e4c-b857-384f7e22feb0: E6. BL PJU 10 APT SAUJANA 1 (A,B,C,D,E,F,L,M) (3.190928587073331, 101.59449508034)
2026-02-19 00:46:02,947 - INFO - Processing record 7cd3cbfa-b53d-421b-9182-a318519350a6: KONDOMINIUM THE TAMARIND,MENARA KLH KONDOMINIUM,VIVA RESIDENCY (3.179993934250936, 101.68830982797378)
2026-02-19 00:46:04,778 - INFO - Progress: 70/100 in batch, Total: 20450/21579 overall
2026-02-19 00:46:04,778 - INFO - Processing record 7cd9a82a-f409-4674-90c9-ef9416c57fd4: INANAM LAUT (BAJAU),SURIA INANAM COMMERCIAL CENTRE (6.000443285412906, 116.13008916089032)
2026-02-19 00:46:06,249 - INFO - Processing record 7d1034c0-6e16-45a6-bee3-c7bf7e173a39: JALAN MEWAH 2-5 TAMAN AMPANG MEWAH,PEKAN AMPANG (3.1447716831081074, 101.76179141237836)
2026-02-19 00:46:08,084 - INFO - Processing record 7d4678e1-0c4b-47de-9e7f-5af5a0167558: JALAN KESUMA 8/3 (FASA 10) BANDAR TASIK KESUMA (2.917809127895425, 101.88348347143136)
2026-02-19 00:46:09,605 - INFO - Processing record 7d4c9f72-9b54-4166-9c7a-ac5f4e059d06: IB08 ICE BOX BLOK 7 (4.240172875965986, 117.90713457121772)
2026-02-19 00:46:11,126 - INFO - Processing record 7d54c8de-a6d4-4490-81d0-ffddc2706c4e: E13. SS 15/5 (TERES),E13. SS 15/6 (TERES) (3.0790604621818187, 101.59184064285796)
2026-02-19 00:46:12,651 - INFO - Processing record 7d59997a-a0ed-439d-8ae0-c0cc26772932: JALAN RASAH,TAMAN LUCKY (2.704297500602093, 101.94189242990052)
2026-02-19 00:46:14,177 - INFO - Processing record 7d62e3d3-4235-4527-b06f-546622ffd00e: TMN HOOVER (4.584305601999972, 101.084001527)
2026-02-19 00:46:15,695 - INFO - Processing record 7d7a6256-d480-4c37-9799-a3afac0ad25f: BUKIT TOK BENG,TELAGA DAING (5.361407328409395, 103.12138173008724)
2026-02-19 00:46:17,220 - INFO - Processing record 7d7fdfaa-75b3-4130-aa69-827e225ffc13: PERDANA COLLEGE HEIGHTS (2.8491745389014085, 101.84169825745072)
2026-02-19 00:46:18,749 - INFO - Processing record 7db407ce-3889-4cd8-a2d4-d47ae45c7868: KAMPUNG BAHAGIA (5.792354196012984, 118.02893674088962)
2026-02-19 00:46:20,306 - INFO - Progress: 80/100 in batch, Total: 20460/21579 overall
2026-02-19 00:46:20,306 - INFO - Processing record 7dd77ed9-3845-4356-8f98-d633eb44e007: APARTMENT NILAI 3 CASSIA (BLOK A,B,C),KAWASAN PERNIAGAAN NILAI 3 (JLN. 3/1, 3/3, 3/5, 3/6, 3/7, 3/8, 3/10, JLN. MEKANI,KAWASAN PERNIAGAAN NILAI 3 (JLN. 3/2, 3/4, 3/9, 3/11, 3/13, 3/15, 3/17, 3/19) (2.8551954460032776, 101.80557088030164)
2026-02-19 00:46:21,775 - INFO - Processing record 7de36a11-940b-4584-93fd-45139e5cb29b: APPT BEREMBANG INDAH,KG BEREMBANG (3.164925317054797, 101.73829705814384)
2026-02-19 00:46:24,253 - INFO - Processing record 7e782ca2-de3b-4587-ac40-0cee595d1fb9: KAMPUNG DELEK BARU 04,KAMPUNG DELEK KIRI 08,KAMPUNG SUNGAI UDANG 04,KAMPUNG SUNGAI UDANG 06,KAMPUNG SUNGAI UDANG 07,KAMPUNG SUNGAI UDANG 17,KAMPUNG SUNGAI UDANG 21,KAMPUNG TELUK KECIL 03,KAMPUNG TELUK KECIL 05,TAMAN UDANG CENDANA 01,TAMAN UDANG PUTIH 01 (3.038436603583072, 101.41193546982758)
2026-02-19 00:46:26,496 - INFO - Processing record 7e7bc945-9cc6-4103-b844-d8fe40fcf4bd: FLAT MESRA RIA AMPANG CAMPURAN,LORONG IKAN EMAS 10-22 KAMPUNG AMPANG CAMPURAN,LORONG IKAN EMAS 7-9 KAMPUNG AMPANG CAMPURAN (3.1340773538726414, 101.77198817356133)
2026-02-19 00:46:28,962 - INFO - Processing record 7e976bd1-d961-48fc-aa1a-86fb20aa2470: TMN UKAY BISTARI ZON B,TMN UKAY BISTARI ZON D (3.2040252490890366, 101.7646032101644)
2026-02-19 00:46:30,488 - INFO - Processing record 7ead6fb0-704f-4a6f-869a-ae2277512aa3: E8. BU PJU 6A PELANGI UTAMA KONDO,E8. BU PJU 6A TMN KAYU ARA INDAH (3.1411133649497525, 101.61568878062816)
2026-02-19 00:46:32,007 - INFO - Processing record 7ecd63e1-ee5d-4682-95ce-bf845f8067fd: D' KRISTAL APARTMENT SEMENYIH,PANGSAPURI D'KAYANGAN SETIA ECOHILL SEMENYIH (2.9228956246181794, 101.85364367180608)
2026-02-19 00:46:33,532 - INFO - Processing record 7f1d9bc1-7d8b-4ef8-b574-b4dd116f28b4: E17. TMN SERDANG PERDANA (PERDANA SELATAN - SOUTH CITY CONDO),E17. TMN SERDANG PERDANA (PERDANA SELATAN - SOUTH CITY PLAZA),E17. TMN SERDANG PERDANA SP 2 (RUMAH KEDAI) (3.0294760596158565, 101.70914636813414)
2026-02-19 00:46:35,674 - INFO - Processing record 7f2d91e4-1308-40dc-a6d8-b2fcf56d793f: JU03 TAMAN RIA 1 & 2,JU05 TAMAN HILL TOP,JU12 TAMAN HUA TAI,JU19 TAMAN RIA 4,JU52 KG. PISANG (4.281402979743733, 117.87973679422842)
2026-02-19 00:46:37,200 - INFO - Processing record 7f3d3052-5461-4dde-8242-89069a17f327: KEM MAJIDEE TANJUNG LABUH (1.7949899696986271, 102.95324447387672)
2026-02-19 00:46:38,766 - INFO - Progress: 90/100 in batch, Total: 20470/21579 overall
2026-02-19 00:46:38,767 - INFO - Processing record 7f6005e6-e374-4888-934b-646dccb788e4: APARTMENT CAMELIA COURT NILAI IMPIAN,APARTMENT KIARA COURT NILAI IMPIAN (2.8425313257619047, 101.80765747845238)
2026-02-19 00:46:40,231 - INFO - Processing record 7f65969d-cbab-46ef-8708-27677e6c8cda: APPT SAUJANA PERMAI 1 MUTIARA HEIGHT,JALAN JENARIS 3 & 3B TMN DESA SERI JENARIS,JALAN PUNCAK 1 TAMAN PUNCAK SAUJANA,JALAN PUNCAK 3 TAMAN PUNCAK SAUJANA,JALAN TKP 1-9 TAMAN KANTAN PERMAI,PANGSAPURI BLOK A & B TAMAN TAMING IMPIAN,TAMAN PINGGIRAN SAUJANA,TAMAN SAUJANA SURIA,TAMAN TAMING IMPIAN (3.0150490639897263, 101.80632937134588)
2026-02-19 00:46:42,057 - INFO - Processing record 7f69c2d2-4f2a-44b5-a99d-445a37683f48: TAMAN JAYA DIRI (6.072545579923528, 116.15268244121177)
2026-02-19 00:46:44,305 - INFO - Processing record 7f79a509-e412-4c34-906f-3b462d9d65cd: TMN RAPAT INDAH (4.569729989634831, 101.13020490388766)
2026-02-19 00:46:45,827 - INFO - Processing record 7f919f4e-781d-4d7e-88bd-915f16695d67: E11. SRI PJS 10 APT SRI SUBANG,E11. SRI PJS 10 RIDZUAN KONDO,E11. SRI PJS 8  FLAT PKNS,E13. SS 12 (PERSIARAN WANGSA BAIDURI 1-4),E13. SS 12 PERSIARAN WANGSA BAIDURI - (SPRING VILLA & SUMMER VILLA CONDOMINIUM) (3.0774277316077163, 101.60473034296784)
2026-02-19 00:46:47,997 - INFO - Processing record 7fa52241-bb05-4785-9c7b-fe4c8dfc9448: TMN GEMBIRA_FLAT HAJAH FATIMAH (1.5215277874238402, 103.74285141428476)
2026-02-19 00:46:49,957 - INFO - Processing record 7faf4e7d-7c24-476f-9338-4b9bbe92cc44: TAMAN TANJUNG CHAT (6.13675989609589, 102.25372692702057)
2026-02-19 00:46:51,484 - INFO - Processing record 7ff870dc-7f66-4e49-a87c-3d996f5716ef: JALAN 3/38-3/42 SEKSYEN 3 BANDAR BARU BANGI,JALAN 3/57-3/62 SEKSYEN 3 BANDAR BARU BANGI (2.9374438695939373, 101.7791469744303)
2026-02-19 00:46:53,006 - INFO - Processing record 7ff882cd-4835-47f9-831b-61dfa29d6047: KG SIMPANG MORIB,TAMAN SERI JAROMAS (ROSSA) (2.7705445689718307, 101.45497950741547)
2026-02-19 00:46:54,537 - INFO - Processing record 80052cb6-1106-4217-b18c-e267c6bf8d34: SEKSYEN 25 (TERES A : JLN 25/2 - 25/11) (3.0306360351842128, 101.5315087610592)
2026-02-19 00:46:56,095 - INFO - Progress: 100/100 in batch, Total: 20480/21579 overall
2026-02-19 00:46:56,115 - INFO - Batch completed: 100 records in 169.1s
2026-02-19 00:46:56,115 - INFO - Overall progress: 20480/21579 (1099 remaining)
2026-02-19 00:46:56,115 - INFO - Estimated time remaining: 0.5 hours
2026-02-19 00:46:58,165 - INFO - Found 100 records to geocode
2026-02-19 00:46:58,165 - INFO - Processing record 80073db5-225b-4ef3-8e88-404c50ba257a: FLAT TAMAN SETAPAK JAYA 1A (1-5),JALAN REJANG 15 (RESIDENSI RAMPAI 2),PPR WANGSA SARI SEKSYEN 1 WANGSA MAJU,RESIDENSI SERI RIANA,SEK 1 WANGSA MAJU BLOK  D,SEK 1 WANGSA MAJU BLOK E,SEK 2 WANGSA MAJU ( MENARA ALPHA KONDOMINIUM),TAMAN SRI RAMPAI (JALAN MEGAN SETAPAK),TAMAN SRI RAMPAI B (JLN 13/26 - 22/26)),TAMAN SRI RAMPAI F (JLN 47/26 - 66/26),TAMAN SRI RAMPAI G (JLN67/26 - 81/26) (3.20065413922832, 101.733104434823)
2026-02-19 00:46:58,838 - INFO - Processing record 80534a24-20db-4ab7-976b-47b5a588863a: TAMAN DESA VISTA 1,TAMAN DESA VISTA 2 (2.839140855449369, 101.7509326134304)
2026-02-19 00:47:00,381 - INFO - Processing record 806664bf-e7d8-4509-a0f7-265a27e65fd6: E10. BG SEK 16 KOLEJ KEDIAMAN KE-13 UNIVERSITY MALAYSIA,E9. KT SS 2 (1) [JLN SS 2/1-2/4, 2/4A,4B, 2/5-2/23, 2/25, 2/25A],E9. KT SS 2 (AMEERA KONDO),E9. KT SS 2 (KEN DAMANSARA KONDO 3) (3.12145915887234, 101.6252435660085)
2026-02-19 00:47:01,906 - INFO - Processing record 8072e088-637e-4a64-8924-33283bb4238e: TMN BKT RAWANG JAYA (ZON B),TMN BKT RAWANG JAYA (ZON D) (3.333824812684933, 101.5864534690548)
2026-02-19 00:47:03,426 - INFO - Processing record 80963fc3-3e37-4a5a-b291-1b5e26df29d2: D' KRISTAL APARTMENT SEMENYIH,PANGSAPURI D'KAYANGAN SETIA ECOHILL SEMENYIH (2.9228956246181794, 101.85364367180608)
2026-02-19 00:47:04,951 - INFO - Processing record 809b54bd-ad39-44dd-b3e7-d2a263ff654b: JALAN DAGANG 1/1-1/11 TAMAN DAGANG,JALAN MEWAH 2-5 TAMAN AMPANG MEWAH,PEKAN AMPANG (3.1473592404927007, 101.76042837476275)
2026-02-19 00:47:06,475 - INFO - Processing record 80c2bd05-e4f6-4847-8081-c3e7efd4be9c: APPT RADIUS SELAYANG HEIGHT,SELAYANG HEIGHT (3.268602946134613, 101.65216860195513)
2026-02-19 00:47:07,999 - INFO - Processing record 80e2f2b1-6113-462c-8d7f-e6cbfd9153c1: JK02 TMN. SEMARAK LOJI (4.297032863000027, 117.88968284199996)
2026-02-19 00:47:09,524 - INFO - Processing record 80e80c06-7bbc-497d-b12f-d0bc6b4e0e28: TMN DAMAI JAYA_MAKMUR 1-18,25-38,TMN DAMAI JAYA_MAKMUR 19-24,39-54 (1.5018635286375843, 103.6452260282886)
2026-02-19 00:47:11,046 - INFO - Processing record 810f6d96-55eb-406b-a03c-09817b147da7: PELABUHAN KLANG 02 (3.0096248088219184, 101.39974986732192)
2026-02-19 00:47:12,607 - INFO - Progress: 10/100 in batch, Total: 20490/21579 overall
2026-02-19 00:47:12,608 - INFO - Processing record 8124b1bd-c2c5-4cf2-ab62-5b764bcf8c04: BUKIT TOK BENG,TELAGA DAING (5.361407328409395, 103.12138173008724)
2026-02-19 00:47:14,086 - INFO - Processing record 81362ed7-4559-4048-9630-c8344b248d41: SN39 TAMAN EASTERN,SN72 TMN. CHUAN ANN (4.2751916573866655, 117.90802278810666)
2026-02-19 00:47:16,236 - INFO - Processing record 819a33c0-9b95-4b14-bf61-b8c7dfbd85af: JALAN RASAH,TAMAN LUCKY (2.704297500602093, 101.94189242990052)
2026-02-19 00:47:17,764 - INFO - Processing record 81a914f7-1f1f-4870-a47d-0de1b825a417: JALAN DAGANG 1/1-1/11 TAMAN DAGANG,JALAN MEWAH 2-5 TAMAN AMPANG MEWAH,PEKAN AMPANG (3.1473592404927007, 101.76042837476275)
2026-02-19 00:47:19,293 - INFO - Processing record 81c927c4-e268-40a1-a4ad-dcf34c07507e: PANGSAPURI MAKMUR SAUJANA IMPIAN (3.0199725088280265, 101.78635522714012)
2026-02-19 00:47:20,814 - INFO - Processing record 81c9b06d-cc8c-493d-b1df-82e6caaac7e3: JALAN LIKAS,PLAZA JUTA,TAMAN MOONEE LIKAS (5.993104991597825, 116.11324541884238)
2026-02-19 00:47:22,339 - INFO - Processing record 81d18ddb-9957-4188-bbe7-b3bd73f6b407: CYBERSQUARE APEX TOWER,CYBERSQUARE VERTEX TOWER (2.919103130006713, 101.65675915226176)
2026-02-19 00:47:23,861 - INFO - Processing record 81e34880-ac11-4324-bc7f-0d00930e75e9: E8. BU PJU 6A PELANGI UTAMA KONDO (3.1407999977446805, 101.61535420395744)
2026-02-19 00:47:25,384 - INFO - Processing record 81e7af5f-3daa-4c26-863c-f29074775e2d: TAMAN NURI (5.8915877135473, 118.04176342262164)
2026-02-19 00:47:26,911 - INFO - Processing record 81ed2926-4e7b-4332-a5cd-81c660aeba9e: KONDOMINIUM THE TAMARIND,MENARA KLH KONDOMINIUM,VIVA RESIDENCY (3.179994027629213, 101.68830977085392)
2026-02-19 00:47:28,746 - INFO - Progress: 20/100 in batch, Total: 20500/21579 overall
2026-02-19 00:47:28,746 - INFO - Processing record 81ef6a61-8f78-4ff0-a024-fb7c96414ad6: PUDU IMPIAN 1 (3.118077989182431, 101.73129281226352)
2026-02-19 00:47:30,216 - INFO - Processing record 81f979b4-91a2-407b-9cb0-c349baddda9b: E17. TMN SRI SERDANG 2 (JLN 18/8-18/28) (3.006730979907408, 101.7114834624136)
2026-02-19 00:47:31,756 - INFO - Processing record 8214ca77-a6c6-4a5d-bb35-058cb1ba97fb: SEKSYEN 25 (TERES A : JLN 25/2 - 25/11) (3.0303945029333352, 101.53246666240608)
2026-02-19 00:47:33,894 - INFO - Processing record 82218f8d-5b92-4a6e-93d4-851f185cdc44: E13. USJ 5/1 (3.052818173999981, 101.57813419399996)
2026-02-19 00:47:35,418 - INFO - Processing record 8225b043-121d-4869-a7a7-8079db68a3b1: PANGSAPURI IMPIAN, BSP,PANGSAPURI IMPIAN, BSP (ZON 1-6),PANGSAPURI IMPIAN, BSP (ZON 7-12),PANGSAPURI SERI SAUJANA, BSP (BLOK A-F),TAMAN DIAMOND SP4 (2.9547327955970126, 101.5826834116567)
2026-02-19 00:47:36,948 - INFO - Processing record 823744e7-c7c0-4714-aec0-a63e95acda6c: E13. USJ 15(SBG PERDANA GOODYEAR COURT 10A)BLOK A(A,B,C,D,E,F,G,H,J,K,L,M,N,P,Q),E14. USJ 18 (3.0358663289378875, 101.5823506739938)
2026-02-19 00:47:38,468 - INFO - Processing record 823f10b2-90ca-47e2-a6c3-5b80217bc8ab: KONDOMINIUM 1 SENTUL (JALAN SENTUL),KONDOMINIUM SRI SUAJAYA (BLOK 200, 202, 204) (3.20040397545, 101.69046063708753)
2026-02-19 00:47:39,992 - INFO - Processing record 824a1f0e-c4b5-431b-b97b-fbf690ba0348: E5. SEKSYEN U3 SUBANG PERDANA : JALAN DINAR (RUMAH KEDAI/KEDAI) (3.14906336653125, 101.54534729821876)
2026-02-19 00:47:41,776 - INFO - Processing record 825bd4d0-0838-4de3-8012-60f7cc7de60c: APARTMENT NILAI 3 CASSIA (BLOK A,B,C),KAWASAN PERNIAGAAN NILAI 3 (JLN. 3/1, 3/3, 3/5, 3/6, 3/7, 3/8, 3/10, JLN. MEKANI,KAWASAN PERNIAGAAN NILAI 3 (JLN. 3/2, 3/4, 3/9, 3/11, 3/13, 3/15, 3/17, 3/19) (2.8551954460032776, 101.80557088030164)
2026-02-19 00:47:43,301 - INFO - Processing record 8271c92c-d639-4332-bfea-bb3ffff85c13: TMN SRI SKUDAI_JLN PERAK,TMN SRI SKUDAI_JLN TEMBAGA MERAH (1.5403050903679254, 103.64780284341508)
2026-02-19 00:47:44,857 - INFO - Progress: 30/100 in batch, Total: 20510/21579 overall
2026-02-19 00:47:44,857 - INFO - Processing record 82813a91-636f-4314-8b44-f762edddcc11: E13. USJ 11/4,E13. USJ 5/1 (3.05249124195238, 101.5766696597749)
2026-02-19 00:47:46,580 - INFO - Processing record 82ca6cbd-a37d-46c3-98de-d07f34673ab2: E13. USJ 15(SBG PERDANA GOODYEAR COURT 10A)BLOK A(A,B,C,D,E,F,G,H,J,K,L,M,N,P,Q),E14. USJ 18 (3.0358663289378875, 101.5823506739938)
2026-02-19 00:47:48,118 - INFO - Processing record 82d42b0a-2b1b-40b7-b241-cd261aabb439: APARTMENT MELAWA RIA (6.0830584304875, 116.15352194123123)
2026-02-19 00:47:49,645 - INFO - Processing record 82dcd1cf-d31d-444a-9b79-b59beb2d7192: TMN MUTIARA RINI_JLN UTAMA 34-46 (1.520237797110391, 103.6370312628896)
2026-02-19 00:47:51,166 - INFO - Processing record 82fd2548-837b-4a8e-869d-5741179e50e5: FLAT DANAU KOTA ( BLOK D & E),FLAT DANAU KOTA (BLOK A,B,C),KONDOMINIUM SETAPAK RIA,PANGSAPURI TERATAI MEWAH,RESIDENSI BENNINGTON SETAPAK,TAMAN DANAU KOTA(KONDOMINIUM PLATINIUM VIC LAKE 10),TERATAI RESIDENCY SETAPAK (3.1993018226261123, 101.71352317223445)
2026-02-19 00:47:52,947 - INFO - Processing record 830aa34f-4777-4a32-98cb-bb451c9d006d: APT DAHLIA TBR BB,APT KENANGA TBR BB,PERSIARAN TAMAN BUNGA RAYA (3.437714499443927, 101.54650947228504)
2026-02-19 00:47:54,473 - INFO - Processing record 83437575-2611-4e0b-af9f-b9d88689f8e9: TMN BERCHAM BARU,TMN LAPANGAN MELODI (4.553657442169812, 101.10531863327044)
2026-02-19 00:47:55,996 - INFO - Processing record 83475efe-0b60-407d-af21-799469b275ba: BUKIT OUG TOWNHOUSE,THE ROSEWOODZ RESIDENCE (3.061718438831247, 101.66515675964376)
2026-02-19 00:47:57,518 - INFO - Processing record 83518f79-1013-4d95-9605-7fda10614781: TAMAN SRI PINANG (5.406478994691782, 100.32296066603423)
2026-02-19 00:47:59,050 - INFO - Processing record 8352a644-f89c-4e07-b9db-66b07ad8bf97: JINJANG UTARA (JALAN JINJANG SETIA 1-7) (3.223629365075344, 101.65551494865753)
2026-02-19 00:48:00,607 - INFO - Progress: 40/100 in batch, Total: 20520/21579 overall
2026-02-19 00:48:00,607 - INFO - Processing record 835400b7-cb56-4863-b4af-9cf30ea27cf2: TMN MAS (1.6676643346333335, 103.606205043)
2026-02-19 00:48:02,072 - INFO - Processing record 83a4dede-2e97-44eb-9312-e1ef1ac887f0: TMN U_KEJAYAAN 41-56 (1.5232660330828425, 103.622286633071)
2026-02-19 00:48:03,615 - INFO - Processing record 83ab9759-032c-4217-a32f-a1e2de07296f: KAMPUNG MAMPIR (3.17882368715095, 101.8670399866541)
2026-02-19 00:48:05,138 - INFO - Processing record 841352b7-5e86-4ff2-be0e-826ee847cb9c: APT KEKWA (2.946526199404908, 101.61534963263804)
2026-02-19 00:48:06,658 - INFO - Processing record 84280d41-bc87-4f20-a7c6-cc07b180a1b7: E17. TMN SRI SERDANG 2 (JLN 18/8-18/28) (3.006730979907408, 101.7114834624136)
2026-02-19 00:48:08,184 - INFO - Processing record 84593ffd-161e-4723-87b4-bd555998a7b6: E15. TMN PUCHONG PRIMA (AURORA RESIDENCY),E15. TMN PUCHONG PRIMA (DESA IDAMAN RESIDENCE) BLOK A, B, C, D, E, F, G, H,J,K,L (2.996302174409939, 101.5989317448882)
2026-02-19 00:48:09,705 - INFO - Processing record 84707ac0-7a95-404b-8582-e1c438df8bc1: E12. TM SEK 51A FLAT IMPIAN BAIDURI (3.095179882399999, 101.6227923925027)
2026-02-19 00:48:11,231 - INFO - Processing record 8494ff26-40ed-473d-b6b3-02a45d2653f6: PERDANA COLLEGE HEIGHTS (2.8491745389014085, 101.84169825745072)
2026-02-19 00:48:12,759 - INFO - Processing record 8496554b-c3a9-4728-8995-a564cdf040a0: KING FISHER APARTMENT,TAMAN LEMBAH HIJAU (5.39247746875974, 100.29577830772078)
2026-02-19 00:48:14,288 - INFO - Processing record 84bdab7f-fbf5-4467-9c2a-f2752a18f643: PPR LAKSAMANA (A/B/C),RUMAH KEDAI (JALAN PEEL) (3.13155077768394, 101.72083495736788)
2026-02-19 00:48:15,852 - INFO - Progress: 50/100 in batch, Total: 20530/21579 overall
2026-02-19 00:48:15,852 - INFO - Processing record 84da61b4-1fea-49d9-a574-fd0ff3b02ee5: JLN WAN ALWI (1.5267675325849075, 110.36149352884276)
2026-02-19 00:48:17,322 - INFO - Processing record 84dedc6c-a396-4eef-a5c9-fa86b12b4e2c: TAMAN TASIK JAYA (JALAN 15 - 22 & 35) (2.718374993033782, 101.99795289672971)
2026-02-19 00:48:18,862 - INFO - Processing record 84e0d18f-0df0-4367-8bb6-b68b7f5ec957: KG BARU (PLAZA RAH) (3.1670259429999987, 101.703287612)
2026-02-19 00:48:20,387 - INFO - Processing record 85101e62-962d-4c1a-b27d-e82eb81e5662: TMN. RONA (1.8630685015704236, 103.11537989705634)
2026-02-19 00:48:21,911 - INFO - Processing record 85bf3833-8c89-405b-9669-4cc1d001841a: PPR LAKSAMANA (A/B/C),RUMAH KEDAI (JALAN PEEL) (3.1315721541755317, 101.72099234465958)
2026-02-19 00:48:24,159 - INFO - Processing record 85cd8964-c99e-4040-a13e-f77c74f427b7: TMN SRI DERMAWAN (4.62739055494054, 101.12209290313513)
2026-02-19 00:48:25,681 - INFO - Processing record 86a96265-7086-4fd6-860d-c8a5f98e4a56: E5. SEKSYEN U4 (APT DAMAI),E5. SEKSYEN U5 (SUBANG BESTARI : PUSAT KOMERSIL JLN U5/H, J, K, L, M, N, P & Q) (3.1770746264303824, 101.54701280970254)
2026-02-19 00:48:27,204 - INFO - Processing record 86d4b3d0-cfb6-4f13-97f2-de8de27ec630: CONDO KG WARISAN,SRI MAYA CONDO (3.175662768196297, 101.73750698190184)
2026-02-19 00:48:28,727 - INFO - Processing record 86d6e8e7-de5a-4ddd-9c45-2a1d1f4219c8: TMN SRI JANGGUS (BLOK C1-C2),TMN SRI JANGGUS (TERES) (5.335379490490323, 100.4925870443613)
2026-02-19 00:48:30,252 - INFO - Processing record 87175ee6-a559-4ef2-9c0d-40a88311001a: TAMAN SERI JAROMAS (LOT KEDAI),TAMAN SERI JAROMAS (ROSSA) (2.8747000436871164, 101.50395532074234)
2026-02-19 00:48:32,447 - INFO - Progress: 60/100 in batch, Total: 20540/21579 overall
2026-02-19 00:48:32,448 - INFO - Processing record 872a8ee7-6bf2-4c99-8cae-267fa5e1c413: JALAN SENTUL RIA 1 - LORONG SENTUL JAYA 1,KONDOMINIUM SRI SUAJAYA (BLOK 200, 202, 204),SENTUL PASAR (LORONG SENTUL BAHAGIA 4) (3.1970637101368427, 101.69039378404912)
2026-02-19 00:48:33,923 - INFO - Processing record 87518057-2a35-4713-ae05-d151dde9a812: TAMAN BATU MUDA (JLN 2-12) (3.2269244138086424, 101.68816609054323)
2026-02-19 00:48:35,712 - INFO - Processing record 877c9a19-0352-4078-90f2-b26d9058eb61: TAMAN JAYA DIRI (6.072545579923528, 116.15268244121177)
2026-02-19 00:48:37,233 - INFO - Processing record 877e5718-7b28-47b4-8431-653f70a4c756: ENSING TIMUR (1.5141929578479545, 110.31168769824562)
2026-02-19 00:48:38,758 - INFO - Processing record 879d0e81-017d-4a3c-bb7a-ddd924f86283: TMN DAMAI JAYA_MAKMUR 1-18,25-38,TMN DAMAI JAYA_MAKMUR 19-24,39-54 (1.5018635286375843, 103.6452260282886)
2026-02-19 00:48:40,281 - INFO - Processing record 87b06a31-cb40-4308-9623-65e1e04b803a: PPR SRI ALAM A (BLOK 1 - BLOK 5),PPR SRI ALAM B (BLOK 6 - BLOK 9),PPR SRI ALAM C (BLOK 10 - BLOK 12) (3.126559452539908, 101.70712745903757)
2026-02-19 00:48:42,075 - INFO - Processing record 87bce843-402d-421a-a996-6f1bd10fae37: TMN BERCHAM AMAN (4.641220095190473, 101.13752803641496)
2026-02-19 00:48:43,597 - INFO - Processing record 87c7c674-fd96-4bfa-9e59-1b471d97a7fc: E4. SEKSYEN U13 ( PANGSAPURI SEROJA ) (3.1104882209794527, 101.44725761492468)
2026-02-19 00:48:45,123 - INFO - Processing record 87fc0187-dcbe-4743-bebe-33f31d85ec56: SN39 TAMAN EASTERN (4.275412740703226, 117.90863680747096)
2026-02-19 00:48:46,900 - INFO - Processing record 881f66a9-c953-44e0-9d20-f6c4306b3c22: TMN PULAI INDAH_JLN PULAI INDAH /9,TMN PULAI INDAH_JLN PULAI INDAH /9 (B) (1.54117695192, 103.58450877272)
2026-02-19 00:48:48,461 - INFO - Progress: 70/100 in batch, Total: 20550/21579 overall
2026-02-19 00:48:48,461 - INFO - Processing record 88213966-44d6-4179-8800-0e7f23f62205: E10. BG SEK 1A (TERES 1 : JLN CAREY DAN LORONG 1A/71,71ABCDEFGHIJKMN,1A/73,73AB),E10. BG SEK 5 FLAT GASING INDAH (BLOK A , B , C , D , E) (3.0851614981016278, 101.66000729487804)
2026-02-19 00:48:49,932 - INFO - Processing record 8824815f-2068-4771-88d3-2cc4c55aa543: APT SERI TEROMPET BB (3.4197232716580634, 101.57504440024516)
2026-02-19 00:48:51,471 - INFO - Processing record 8836d5ef-986c-4b58-bb75-fa7922ae93c4: DESA AMAN 1(PDRM),DESA AMAN 2 (PDRM),KONDO RAKYAT,LAUREL RESIDENCE BANGSAR SOUTH,THE GOODWOOD RESIDENCE (3.1065252318594383, 101.6652687286747)
2026-02-19 00:48:52,995 - INFO - Processing record 8837a552-8745-4b7b-9a78-ebe7bdd05f72: E13. USJ 15(SBG PERDANA GOODYEAR COURT 10A)BLOK A(A,B,C,D,E,F,G,H,J,K,L,M,N,P,Q),E14. USJ 18 (3.0358663289378875, 101.5823506739938)
2026-02-19 00:48:54,522 - INFO - Processing record 883a51c6-1b7c-450c-905d-30d16e79c039: RESIDENSI RAZAKMAS,TAMAN JAYA A (JLN JAYA,JLN 1,2,3,4,9&LRG 1,3,4,12,13,14),TAMAN MIDAH BARAT C(SEBAHAGIAN MIDAH BARAT 12,12A,12B,MIDAH TENGAH,MIDAH BARAT) (3.093731494079999, 101.722791678976)
2026-02-19 00:48:56,985 - INFO - Processing record 887eb695-34af-4d84-95c2-2dc9a1c2edfa: PELABUHAN KLANG 02 (3.0096248088219184, 101.39974986732192)
2026-02-19 00:48:58,506 - INFO - Processing record 88d4148e-457c-4981-9e75-668e8a47a605: TMN SRI BAHAGIA (1.5122794129215678, 103.72559902447712)
2026-02-19 00:49:00,032 - INFO - Processing record 88e5c332-bd06-4907-bb11-c4b132e9ccad: APARTMENT CEMPAKA PURI 1 & 2,FLAT CEMPAKA PURI 4 (BLOK A-M) (2.803321913228395, 101.77250151698765)
2026-02-19 00:49:01,557 - INFO - Processing record 88e7ee01-6d6c-4fb3-aadb-9332c58b7304: TMN HOOVER (4.5831098444382015, 101.08352419065729)
2026-02-19 00:49:03,789 - INFO - Processing record 88e928cc-07c6-4be0-be60-70d027b4de01: TAMAN SENTOSA 05,TAMAN SENTOSA PERDANA 05 (3.0073245346066653, 101.48349758354668)
2026-02-19 00:49:05,351 - INFO - Progress: 80/100 in batch, Total: 20560/21579 overall
2026-02-19 00:49:05,351 - INFO - Processing record 891c461e-4fc2-48ef-956b-bfb2f81d3c3c: TMN BKT INDAH FASA 2 (ZON 2),TMN BKT INDAH FASA 3 ZON 2 (3.1520962115696984, 101.7785908281091)
2026-02-19 00:49:06,822 - INFO - Processing record 89229df2-1786-4507-880d-99758cdb7ce2: E17. TMN SRI SERDANG 2 (JLN 18/8-18/28) (3.006730979907408, 101.7114834624136)
2026-02-19 00:49:08,369 - INFO - Processing record 8937954a-2e6b-4850-8e52-546c13a96515: FLAT TMN SAMUDERA,FLAT TMN SAMUDERA TIMUR (3.232974451893332, 101.700202738)
2026-02-19 00:49:10,500 - INFO - Processing record 8961b934-e4e3-4316-a209-02813bd2e65f: E13. TMN SUBANG MAS (RUMAH KEDAI),E4. SEKSYEN U7 (TUDM SUBANG D : BLOK F1 - F9 & BLOK E1 & E2) (3.1221559895696216, 101.53642965073418)
2026-02-19 00:49:12,030 - INFO - Processing record 897a0c1e-084b-4836-8dd7-06549df56969: LAMBAIAN RESIDENCE 1,2 & 3 KAJANG (2.9338574808028164, 101.80577906749296)
2026-02-19 00:49:13,554 - INFO - Processing record 897bca7a-a81a-4b1b-93c1-ff954bc3ef92: VISTA MININTOD (5.930156881484277, 116.10768522367296)
2026-02-19 00:49:15,073 - INFO - Processing record 897cd013-9d84-4739-8185-6612bc9583db: TAMAN SETIA JASA 1,TAMAN SETIA JASA 3 (3.47887386930058, 102.49791095691906)
2026-02-19 00:49:16,594 - INFO - Processing record 89917f7d-af74-412e-a0f2-c2322e390303: MIDFIELDS CONDOMINIUM (3.096360430231292, 101.70075597158502)
2026-02-19 00:49:18,124 - INFO - Processing record 899ea464-eb22-4942-97fe-97b61ebaba58: KG BUKIT CHANGGANG (2.829621708609271, 101.62624310450332)
2026-02-19 00:49:19,639 - INFO - Processing record 89e7e198-26ab-499e-b5b9-196f42edc716: TAMAN SERI JAROMAS (LOT KEDAI),TAMAN SERI JAROMAS (ROSSA) (2.874700043730061, 101.50395532073615)
2026-02-19 00:49:21,825 - INFO - Progress: 90/100 in batch, Total: 20570/21579 overall
2026-02-19 00:49:21,826 - INFO - Processing record 89f0b1ae-3c6a-4317-b36a-573aa39522fa: TAMAN MEWAH (3.066388814999982, 101.414300637)
2026-02-19 00:49:23,291 - INFO - Processing record 8a097193-ecb0-4616-8d9c-aa17c5db2191: E3. SEKSYEN 26 (FLAT PPRT BLOK A,B,C),SEKSYEN 25 (TERES F : JLN 25/46-25/59, JLN 25/115-25/118B) (3.0342208529086974, 101.54198083134348)
2026-02-19 00:49:24,838 - INFO - Processing record 8a258f8a-924e-4c62-994e-93f46f17eade: TAMAN SRI ANDALAS 07 (3.0222248863082206, 101.45785174966436)
2026-02-19 00:49:26,985 - INFO - Processing record 8a25cbcd-faca-4c25-992b-305e8a301db5: JALAN PANDAN 10 PANDAN JAYA (3.1397509560443018, 101.73696730314558)
2026-02-19 00:49:28,509 - INFO - Processing record 8a3c9085-10ca-484e-93a5-80928e1695ff: E1. SEKSYEN 16 (APT SURIA AVENUE),E1. SEKSYEN 16 (FLAT C : BLOK 17 - 26) (3.059577443567568, 101.50767407928652)
2026-02-19 00:49:30,288 - INFO - Processing record 8ab35237-fd57-4f3b-9d8c-0c8bae888645: SIMPANG 3 PANGKAL KALONG (5.913574495852114, 102.24130305675352)
2026-02-19 00:49:31,816 - INFO - Processing record 8ac1c629-86e7-4d6b-94cc-60eee101cabc: PEKAN MENGGATAL,TAMAN BUKIT PULUTAN,TAMAN MANSIANG,TAMAN SRI BARU,TAMAN SRI BARU FASA 2,TAMAN SUNGAI EMAS (6.023038238489627, 116.15760582882572)
2026-02-19 00:49:33,335 - INFO - Processing record 8aee2f8c-11b4-4888-8b01-9938d5a11ab7: MIDFIELDS CONDOMINIUM (3.096360430231292, 101.70075597158502)
2026-02-19 00:49:34,858 - INFO - Processing record 8af7e4d2-59e7-4a08-87cf-e5c260224d7b: E15. PST BDR PUCHONG (JLN WAWASAN 3) (3.033937473095892, 101.6218229964315)
2026-02-19 00:49:36,384 - INFO - Processing record 8b250d78-71b9-4333-a99f-6fe5ee226436: E1. SEKSYEN 18 (JLN 18/3 FLAT A : BLOK 2 -10),E1. SEKSYEN 18 (JLN 18/3 FLAT B : BLOK 11 - 17) (3.044672800672223, 101.52021599539444)
2026-02-19 00:49:38,238 - INFO - Progress: 100/100 in batch, Total: 20580/21579 overall
2026-02-19 00:49:38,261 - INFO - Batch completed: 100 records in 160.1s
2026-02-19 00:49:38,261 - INFO - Overall progress: 20580/21579 (999 remaining)
2026-02-19 00:49:38,262 - INFO - Estimated time remaining: 0.5 hours
2026-02-19 00:49:40,313 - INFO - Found 100 records to geocode
2026-02-19 00:49:40,314 - INFO - Processing record 8b39b70c-a223-4fb1-ae98-f5cca0b65cdb: JALAN SEGAMBUT RENDAH,TAMAN SEGAMBUT (PERSIARAN SEGAMBUT DALAM) (3.181894787770699, 101.67727836222294)
2026-02-19 00:49:40,371 - INFO - Processing record 8b47f008-fce0-4ba3-b40b-83568856a840: APT MAWAR PRIMA BERUNTUNG (3.4007004767635136, 101.54282524387835)
2026-02-19 00:49:41,914 - INFO - Processing record 8b53b01d-ac98-4442-bf2f-a5972aa3a3a7: E15. TMN DAMAI UTAMA 5 (PALMERA KINRARA RESIDEN) (3.026557563719745, 101.66606458541402)
2026-02-19 00:49:43,445 - INFO - Processing record 8b742c27-9a57-417f-8cb1-b5b90028cbee: TTDI (JALAN DATUK SULAIMAN 177-217, JALAN DATUK SULAIMAN 3 74-114 & 97-149) (3.153475239573335, 101.62900337920668)
2026-02-19 00:49:44,966 - INFO - Processing record 8b7eabb6-f851-4da7-833e-929f6d01a207: TMN SRI ORKID_FLAT SRI ORKID (1.5055941679671052, 103.63587306334868)
2026-02-19 00:49:46,486 - INFO - Processing record 8bdb435e-8973-4379-8ea3-b0929d58b871: FLAT INDUSTRI LEMBAH JAYA SELATAN,PANGSAPURI SRI INTAN LEMBAH JAYA SELATAN (3.1385698016424213, 101.78162410420606)
2026-02-19 00:49:48,007 - INFO - Processing record 8bde3d0b-00ef-4362-8b73-6b12c4fba4b3: APPT SRI RAYA UP (3.207627118503269, 101.77246926184314)
2026-02-19 00:49:49,533 - INFO - Processing record 8bdeebc5-902c-4162-ab58-5c17fcd06343: KAMPUNG DELEK BARU 04,KAMPUNG DELEK KIRI 08,KAMPUNG SUNGAI UDANG 04,KAMPUNG SUNGAI UDANG 06,KAMPUNG SUNGAI UDANG 07,KAMPUNG SUNGAI UDANG 17,KAMPUNG SUNGAI UDANG 21,KAMPUNG TELUK KECIL 03,KAMPUNG TELUK KECIL 05,TAMAN UDANG CENDANA 01,TAMAN UDANG PUTIH 01 (3.038436603583072, 101.41193546982758)
2026-02-19 00:49:51,057 - INFO - Processing record 8bfab2dd-dcd8-4379-a899-379f72a67ca0: APARTMENT MERU COURT (3.125404380290323, 101.44297034535484)
2026-02-19 00:49:52,579 - INFO - Processing record 8bfb5d52-46e6-4bc5-bbb0-a352e74900b3: TAMAN MUTIARA FASA II (5.438620084658822, 100.64414134754117)
2026-02-19 00:49:54,140 - INFO - Progress: 10/100 in batch, Total: 20590/21579 overall
2026-02-19 00:49:54,140 - INFO - Processing record 8c638116-9f9c-436f-8353-cfc12ff2b260: JALAN CEMPAKA 2, BS,JALAN CEMPAKA BS (3.4045206293972603, 101.56781513402056)
2026-02-19 00:49:55,616 - INFO - Processing record 8c6a0768-e60e-42e6-9bdf-81f00b0c989f: KG SIMPANG MORIB,TAMAN SERI JAROMAS (ROSSA) (2.7705445689718307, 101.45497950741547)
2026-02-19 00:49:57,160 - INFO - Processing record 8c9b5b6c-7695-4b05-81bf-023e290c7b56: E12. TM SEK 51A FLAT IMPIAN BAIDURI (3.095127983631013, 101.6227790268877)
2026-02-19 00:49:58,962 - INFO - Processing record 8cdc8374-3afb-42a6-8e3c-ef232ba2bf36: E1. SEKSYEN 18 (JLN 18/3 FLAT A : BLOK 2 -10),E1. SEKSYEN 18 (JLN 18/3 FLAT B : BLOK 11 - 17) (3.044925818058481, 101.52043692797078)
2026-02-19 00:50:00,768 - INFO - Processing record 8cdcbd19-dec4-49c5-9e44-956dab8da4ce: TAMAN TANJUNG CHAT (6.13675989609589, 102.25372692702057)
2026-02-19 00:50:02,288 - INFO - Processing record 8d2b6331-8327-4ae6-b1d7-3ecb0048034e: APT KEKWA (2.946526199404908, 101.61534963263804)
2026-02-19 00:50:03,813 - INFO - Processing record 8d4f3df1-bfe0-4f6c-90f4-6a772c618bb9: TMN NUSA PERINTIS_JLN MEDAN 1-4 (1.4512995228082182, 103.59481148558903)
2026-02-19 00:50:05,958 - INFO - Processing record 8daa4a22-9276-493e-893f-2174ec35b33f: TMN HOOVER (4.583682778312499, 101.08377285673558)
2026-02-19 00:50:09,542 - INFO - Processing record 8dcb8d67-d56b-4c49-b032-66b65fdbdddb: TMN SRI BAHAGIA (1.5122794129215678, 103.72559902447712)
2026-02-19 00:50:11,076 - INFO - Processing record 8ddb6c5a-763d-40fb-bc21-c7fde66dd972: JALAN 12-28 TAMAN PUTRA,JALAN 5/1-5/9 TAMAN SRI RAYA,JALAN BUNGA DAHLIA 1-7 TAMAN SERAYA (3.1206054843717475, 101.76592762078438)
2026-02-19 00:50:12,628 - INFO - Progress: 20/100 in batch, Total: 20600/21579 overall
2026-02-19 00:50:12,628 - INFO - Processing record 8de0f435-e088-4166-a99a-c91acf152f04: APARTMENT CEMPAKA,APARTMENT PELANGI COURT,ASRAMA SMJK KWANG HUA,BANDAR BARU KLANG 04,TAMAN ENG ANN 02,TAMAN ENG ANN 04 (3.063007497536234, 101.45951722495651)
2026-02-19 00:50:14,737 - INFO - Processing record 8df5c1d9-d052-422a-a767-70e33f18d58e: APPT TAMAN TENAGA,TAMAN TENAGA DAN RUMAH KEDAI JALAN 1 TAMAN TENAGA (2.959494583660134, 101.78776261294772)
2026-02-19 00:50:16,276 - INFO - Processing record 8e3ce28f-ee8f-42bf-87d3-78e146908d08: KG TENGAH GOMBAK,KG.KERDAS 2 (3.227842447987731, 101.71198561121471)
2026-02-19 00:50:17,798 - INFO - Processing record 8e572c21-5136-40fd-8f9d-ac57f558c696: TAMAN DESA VISTA 1,TAMAN DESA VISTA 2 (2.839140855449369, 101.7509326134304)
2026-02-19 00:50:19,319 - INFO - Processing record 8e7dcf3e-66d9-414b-86f0-505ae390f9b6: E17. TMN SERDANG PERDANA SP 5 (FLAT KOS RENDAH),E17. TMN SERDANG PERDANA SP 5 (SKY VILLA) (3.0406801009562523, 101.7065499576625)
2026-02-19 00:50:20,847 - INFO - Processing record 8ea99260-d8c4-427c-81ba-3d0291e7a026: E12. TM SEK 51A FLAT IMPIAN BAIDURI (3.095179882399999, 101.6227923925027)
2026-02-19 00:50:22,371 - INFO - Processing record 8ec28df7-18e0-4936-a3af-260616295bdd: SN15 TAMAN EMAS,SN16 TAMAN LEEKA,SN26 TAMAN PASADENA,SN48 TAMAN DA HUA 5,SN58 TAMAN WIRA (4.260036591013841, 117.90283835559514)
2026-02-19 00:50:24,616 - INFO - Processing record 8ed15706-4d98-4046-b864-31b48adae86b: APARTMENT CAMELIA COURT NILAI IMPIAN,APARTMENT KIARA COURT NILAI IMPIAN (2.8427960559032264, 101.80731408639356)
2026-02-19 00:50:26,141 - INFO - Processing record 8ee90bde-e41c-461f-93dc-283282754982: HALAMAN MERU PERMAI (4.676154414091546, 101.08499964962677)
2026-02-19 00:50:27,668 - INFO - Processing record 8f09f520-f2fc-4d71-b43d-2fa193122079: BEETHOVEN, SYMPHONY HILLS,VERDI ECO-DOMINIUMS (2.918340525259259, 101.64130448819752)
2026-02-19 00:50:30,072 - INFO - Progress: 30/100 in batch, Total: 20610/21579 overall
2026-02-19 00:50:30,072 - INFO - Processing record 8f12c076-c89a-4905-858c-644f43b39609: TMN DAYA SAGU_RESIDENSI ARC (1.5521317187687058, 103.76340137809524)
2026-02-19 00:50:31,543 - INFO - Processing record 8f4019a3-e0dc-467d-9793-8bf02ec25672: APT SERI TEROMPET BB (3.4197232716580634, 101.57504440024516)
2026-02-19 00:50:33,080 - INFO - Processing record 8f47daca-4530-4790-9cc6-138b2834c643: E6. BL PJU 10 APT INDAH,E6. BL PJU 10 APT SAUJANA 1 (A,B,C,D,E,F,L,M),E6. BL PJU 10 APT SELASIH,E6. BL PJU 10 SPHERE DAMANSARA KONDO,E6. BL PJU 9 SD 12 FLAT SRI CEMPAKA,E6. BL PJU 9 SD 12 RUMAH KEDAI,E6. BL PJU 9 SD 13 APT SRI MERANTI (1) [A,B,C,D,E,F,G],E6. BL PJU 9 SD 13 APT SRI MERANTI (2) [H,J,K,L,M,N,P,Q,R] (3.1933937625489137, 101.59948795120108)
2026-02-19 00:50:34,859 - INFO - Processing record 8f582b69-fa02-4391-abf9-ff14c0a54702: PELABUHAN KLANG 02 (3.0096248088219184, 101.39974986732192)
2026-02-19 00:50:36,412 - INFO - Processing record 8f641d0a-c634-40e3-bf79-ee1bd30ac1ec: E13. SS 17/1 (3.077062840999986, 101.579789452)
2026-02-19 00:50:37,905 - INFO - Processing record 8fbc87a3-fa6a-4e0d-943e-55f493b0de8b: APT RISTA VILLA (2.9470397327906954, 101.60628776558718)
2026-02-19 00:50:40,175 - INFO - Processing record 8ffcfeff-68ff-469a-aa31-3e5bb18231b2: KG GAMBARON 1 (5.621498894913332, 117.14197888864668)
2026-02-19 00:50:41,696 - INFO - Processing record 9028e26d-68e8-4521-9f31-4257e85b21d7: PPR LAKSAMANA (A/B/C),RUMAH KEDAI (JALAN PEEL) (3.1315721541755317, 101.72099234465958)
2026-02-19 00:50:43,218 - INFO - Processing record 904b9e38-7853-40cd-9079-bd677a5ef441: JALAN CJ 2,CJ8,CJ10 DAN CJ11 TAMAN CHERAS JAYA,JALAN CJ 4 TAMAN CHERAS JAYA,TAMAN TAMING MAJU (3.0209051840252696, 101.75899220854514)
2026-02-19 00:50:45,050 - INFO - Processing record 9067b2d3-1143-4ce4-82bf-c65bf39a8956: PPR PINGGIRAN 1 (BLOK A,B,C,D,E,F),PPR PINGGIRAN 2(BLOK G,H,J,K,L,M) (3.048185527951923, 101.65396739275)
2026-02-19 00:50:46,613 - INFO - Progress: 40/100 in batch, Total: 20620/21579 overall
2026-02-19 00:50:46,614 - INFO - Processing record 90ac12ea-24e4-469c-99ca-dc6a084c95be: KG TINUSA 2 LAUT (A) (5.888772996763282, 118.09237598376328)
2026-02-19 00:50:48,909 - INFO - Processing record 90b03f2b-be03-482a-a04d-334afee329ca: JALAN KESUMA 7,7/1,7/17 DAN 7/18 (TANAH LOT) BANDAR TASIK KESUMA,TAMAN SEMENYIH PARKLANDS (2.8973269944497613, 101.87592784814834)
2026-02-19 00:50:50,448 - INFO - Processing record 91790f9c-02c8-4229-a8c0-fabc15199987: TAMAN SENTOSA 05 (2.9935490659006634, 101.48135686809272)
2026-02-19 00:50:51,973 - INFO - Processing record 91c36735-de35-4eaf-ab6a-e2168f7fb199: KG SIMPANG MORIB,TAMAN SERI JAROMAS (ROSSA) (2.7705445689718307, 101.45497950741547)
2026-02-19 00:50:53,497 - INFO - Processing record 91de0dcc-610a-41b2-adce-f16e1010b1eb: MEDAN ANGSANA (5.390411653992956, 100.28510341024648)
2026-02-19 00:50:55,019 - INFO - Processing record 91eb5bcb-005e-46e4-9fb8-8a7e1acd51f7: PERDANA COLLEGE HEIGHTS (2.8491745389014085, 101.84169825745072)
2026-02-19 00:50:56,544 - INFO - Processing record 91fd316b-ce1e-45c9-94d2-68718dfd3b98: APARTMENT MERU COURT (3.125404380290323, 101.44297034535484)
2026-02-19 00:50:58,069 - INFO - Processing record 920a0820-6c50-4e2d-bc2f-09d31eb2a34b: KAMPUNG RANTAU PANJANG 39,KAMPUNG RANTAU PANJANG JALAN RANTAU PANJANG,TAMAN MEWAH,TAMAN MEWAH 01 (3.0667595751491223, 101.41419177825)
2026-02-19 00:51:00,304 - INFO - Processing record 921bc259-0135-4e9b-bdd2-56c821f5ed8e: APT DAHLIA TBR BB,APT KENANGA TBR BB,APT MAWAR TBR BB,APT TERATAI TBR BB,PERSIARAN TAMAN BUNGA RAYA (3.441757876402173, 101.54998641122609)
2026-02-19 00:51:01,827 - INFO - Processing record 922af307-d899-4a92-8871-28fa8e24a638: E5. SEKSYEN U19 (KBSB : JLN INDUSTRI 12),E5. SEKSYEN U19 (KBSB : JLN PERKHIDMATAN) (3.1960026099756087, 101.57036019083536)
2026-02-19 00:51:03,863 - INFO - Progress: 50/100 in batch, Total: 20630/21579 overall
2026-02-19 00:51:03,863 - INFO - Processing record 9259f0bc-099d-4c0f-be61-be6960ef4a0d: TAMAN PANCHOR JAYA FASA 4,TAMAN PANCHOR JAYA FASA 7 (2.7342247796917816, 102.00165210366438)
2026-02-19 00:51:05,332 - INFO - Processing record 926db605-c332-4031-8b19-bccea9967395: E11. SRI PJS 5 FLAT DESA MENTARI (BLOK 7 , 8),E11. SRI PJS 5 FLAT DESA RIA (G,J,K,L,M,N,O,P),E11. SRI PJS 5 HELIX (RESIDENSI HELIKS),E11. SRI PJS 5 TMN DESA RIA (PST KOMERSIAL) [JLN PJS 5/2, 5/4],E11. SRI PJS 5 TMN DESA RIA (PST KOMERSIAL) [JLN PJS 5/27-5/30],E11. SRI PJS 6 FLAT DESA MENTARI 2 (BLOK 4 , 5 , 6),E11. SRI PJS 6 RUMAH KEDAI,E12. TM PJS 1 APT DAMAI SENJA,E12. TM PJS 1 BOTANIQA RESIDENCE [JLN PJS 1/52],E12. TM PJS 2 APPT TAMAN MEDAN JAYA,E12. TM PJS 2B PUSAT KOMERSIAL,E12. TM PJS 2C APT MEDAN CAHAYA 1 (BLOK A , B , C),E12. TM PJS 2C APT MEDAN CAHAYA 2 (BLOK D , E , F),E12. TM PJS 2C APT MEDAN JAYA (BLOK I),E12. TM PJS 2C TMN MEDAN (TERES 1) [JLN PJS 2C/2,2C/7,2C/7A,2C/7B,2C/9,2C/12,14],E12. TM PJS 2C TMN MEDAN (TERES 2) [JLN PJS 2C/12,14,16,16A-C,18,19,20,21,22],E12. TM PJS 2C TMN MEDAN (TERES 3) [JLN PJS 2C/3,2C/11M,2C/11N,2C/13,2C/15],E12. TM PJS 2C TMN MEDAN (TERES 4) [JLN PJS 2C/11,2C/11A,B,C,D,F,G,H,J,K,L,28,2],E12. TM PJS 2C TMN MEDAN (TERES 5) [JLN PJS 2C/5,1,2,4,6,8,10,PJS 2/2,1],E12. TM PJS 2D FLAT DESA MENTARI (BLOK 11),E12. TM PJS 2D TMN MEDAN (TERES 1) [JLN PJS 2D/15 , PJS 2D/15A - PJS 2D/15E],E12. TM PJS 2D TMN MEDAN (TERES 2) [JLN PJS 2D/2,4,5,6,7,8,8C,8D,9,10,11,12,14],E12. TM PJS 3 APT SURIA,E12. TM PJS 3 FLAT DESA SEPAKAT (BLOK A , B) [JLN PJS 3/22],E12. TM PJS 3 FLAT TMN SRI MANJA (BLOK LC1C , LC2B , LC3A) [JLN PJS 3/44],E12. TM PJS 3 TMN BUANA PERDANA (JLN PJS 3/23 -3/29 ),E12. TM PJS 3 TMN MEDAN BARU (TERES 2) [JLN MEDAN 8 , 9 , 10],E12. TM PJS 3 TMN MEDAN BARU (TERES 3) [JLN MEDAN 11,12,13,14,15,22,23],E12. TM PJS 3 TMN MEDAN BARU (TERES 5) [JLN MEDAN 29,30,31,32],E12. TM PJS4 TMN INDAH JAYA(TERES 2)[JLN PJS 4/2,4,8,9,10,19,19A,21,21A],E12. TM TMN DATO HARUN (TERES 2) [JLN PJS 2/12 , 2/16 , 2/21A , 2/21B , 2/27B],E12. TM TMN DATO HARUN (TERES 3) [JLN 11,13,2/8,2/15,2/17,PJS 2/2,2/4],E12. TM TMN DATO HARUN (TERES 4) [JLN 2/1,3,LRG 7A,7C, PJS 2C/1,2,3,4,5,6,8,10],E14. TMN KINRARA JLN TK 4 (PANGSAPURI KINRARA RIA),E14. TMN KINRARA JLN TK 4 (PANGSAPURI KOS RENDAH) (3.0762947093841726, 101.63461807618006)
2026-02-19 00:51:06,875 - INFO - Processing record 926f69b6-03e2-423e-b221-cf521e66e77f: E11. SRI PJS 5 FLAT DESA RIA (G,J,K,L,M,N,O,P),E11. SRI PJS 6 FLAT DESA MENTARI 2 (BLOK 4 , 5 , 6) (3.0805098298846145, 101.61637847011536)
2026-02-19 00:51:08,401 - INFO - Processing record 9291307f-e6ac-430b-af74-93d5a28da428: FLAT SRI LANGKAWI 1 (3.2165700381111124, 101.714982803672)
2026-02-19 00:51:09,922 - INFO - Processing record 92baf8b8-a96f-4830-99b0-5fea83760ce3: BUKIT TOK BENG,TELAGA DAING (5.361407328409395, 103.12138173008724)
2026-02-19 00:51:11,445 - INFO - Processing record 92d9dca7-61c9-4466-aede-a7aa839fb462: TAMAN KUALA MENGGATAL PH.2 (6.055437830538922, 116.15069575901796)
2026-02-19 00:51:13,587 - INFO - Processing record 92dfe0fd-69a5-4f40-aaf4-36008d823952: FLAT KEM SENAWANG (2.6801551036359, 101.99732869809232)
2026-02-19 00:51:15,112 - INFO - Processing record 92f4ec37-2b03-45e2-9dd1-02e141957dbd: PERSIARAN HAMZAH ALANG 07 (3.135502845326528, 101.38659127004082)
2026-02-19 00:51:16,637 - INFO - Processing record 9313704d-2f8a-4d82-8e4d-5ad1fff27ffd: TAMAN FAJAR FASA 2 (5.886198477328766, 118.05299716553424)
2026-02-19 00:51:18,162 - INFO - Processing record 934ca211-032a-4163-9679-80645e1b3cd1: E4. SEKSYEN U7 (TUDM SUBANG A : BLOK G1 - G9),E4. SEKSYEN U7 (TUDM SUBANG D : BLOK F1 - F9 & BLOK E1 & E2) (3.1141430936095915, 101.543705939)
2026-02-19 00:51:19,725 - INFO - Progress: 60/100 in batch, Total: 20640/21579 overall
2026-02-19 00:51:19,725 - INFO - Processing record 9394bb44-e428-4479-a291-e35169250ee9: BANDAR ARMADA PUTRA 02,BANDAR ARMADA PUTRA 05 (2.976772181396453, 101.34842296460948)
2026-02-19 00:51:21,450 - INFO - Processing record 9399ff42-1ca6-40ac-b58d-c5cd923bbe0e: TMN. BAYVIEW TELUK VILLA (5.895294466894364, 116.03900966073238)
2026-02-19 00:51:22,986 - INFO - Processing record 93b9abae-ac9e-43f9-b59b-c8d36bb78397: JALAN SEGAMBUT RENDAH,TAMAN SEGAMBUT (PERSIARAN SEGAMBUT DALAM) (3.181894787770699, 101.67727836222294)
2026-02-19 00:51:24,509 - INFO - Processing record 93f45cb8-0880-4103-be5a-b2387d296513: TAMAN SULTAN ABDUL HALIM (6.106524897377483, 100.3757822573576)
2026-02-19 00:51:26,032 - INFO - Processing record 93fc924e-e479-48b9-964c-44ad6796181a: TMN DAMAI JAYA_MAKMUR 1-18,25-38,TMN DAMAI JAYA_MAKMUR 19-24,39-54 (1.5018635286375843, 103.6452260282886)
2026-02-19 00:51:27,555 - INFO - Processing record 9459e386-7b05-49ae-b51c-ef489e2d501c: DESA AMAN 1(PDRM),DESA AMAN 2 (PDRM),KONDO RAKYAT,LAUREL RESIDENCE BANGSAR SOUTH,THE GOODWOOD RESIDENCE (3.1065252318594383, 101.6652687286747)
2026-02-19 00:51:29,077 - INFO - Processing record 945bf882-1a8a-420f-bcb1-bae12211d0e6: JINJANG UTARA (JALAN JINJANG SETIA 1-7),RESIDENSI M LUNA (3.226260272887098, 101.65366424399596)
2026-02-19 00:51:30,600 - INFO - Processing record 949d7592-1c95-4773-8859-4def6b4d56d7: KG SEGA TAT,KG SIMPANG BADANG (3.982091725588957, 101.9085630706994)
2026-02-19 00:51:32,126 - INFO - Processing record 94aebf86-a423-4bd8-abb8-46370d279c49: RESIDENSI VISTA DEDANAU,TAMAN DANAU KOTA (JALAN 2/23E-5/23E) (3.208121878552632, 101.72193134273029)
2026-02-19 00:51:33,645 - INFO - Processing record 94b1905f-baef-477b-96d2-8d8276bb4587: PRESINT 5 - PPAM SERULING,PRESINT 5- PARCEL 5R6 (2.889096698597561, 101.67977632954268)
2026-02-19 00:51:35,206 - INFO - Progress: 70/100 in batch, Total: 20650/21579 overall
2026-02-19 00:51:35,206 - INFO - Processing record 94ba9f28-0c33-417e-9bb8-15f0818bed2d: JALAN CJ 2,CJ8,CJ10 DAN CJ11 TAMAN CHERAS JAYA,JALAN CJ 4 TAMAN CHERAS JAYA,TAMAN TAMING MAJU (3.02084294908602, 101.75900419373475)
2026-02-19 00:51:36,675 - INFO - Processing record 94d5ba46-9323-46cc-8e56-9ec625050fe2: APPT RESIDENSI BISTARIA,FLAT AL-RIDHUAN (3.196399188514285, 101.76543574809716)
2026-02-19 00:51:38,214 - INFO - Processing record 94dc2de5-ba42-4533-bb12-29f414c52dff: PANGSAPURI PANDANMAS (3.1397509560443018, 101.73696730314558)
2026-02-19 00:51:39,733 - INFO - Processing record 9558f98d-af4a-4db4-b310-6d1f31437ac9: KG. PETAGAS (5.9141846809480505, 116.05473733262336)
2026-02-19 00:51:41,259 - INFO - Processing record 956bbdcf-3ca4-485e-bd28-4381058c4774: E1. SEKSYEN 7 (FLAT A : BLOK 1 - 12, BLOK 38 - 43),E1. SEKSYEN 7 (FLAT C : BLOK 44 - 51),E1. SEKSYEN 7 (FLAT D : BLOK 52 - 58),E1. SEKSYEN 7 (TERES J : JLN 7/63-7/69A & AQUAVILLA TOWNHOUSE) (3.0728668887175603, 101.48489466372902)
2026-02-19 00:51:42,780 - INFO - Processing record 95cc81eb-5e61-4aa5-936d-9e407bca6669: TAMAN MAZNAH 01,TAMAN MAZNAH 02,TAMAN MESRA INDAH 01 (3.02426324711818, 101.47778431438635)
2026-02-19 00:51:44,558 - INFO - Processing record 95d6c957-3b1f-4756-90f9-247e88d6a97f: TAMAN MEWAH (3.066388814999982, 101.414300637)
2026-02-19 00:51:46,080 - INFO - Processing record 95f08bdb-a79b-430a-8548-cfb7d029ea7a: E11. SRI PJU 1A PUNCAK SRI KELANA KONDO (3.111311945931504, 101.5814252264452)
2026-02-19 00:51:47,604 - INFO - Processing record 95f3cb96-3882-4b6d-8e98-ff048b9d0cfc: TMN SRI AUSTIN_JLN SRI AUSTIN 6/1-6/22 EAST ZONE (1.5816096783103455, 103.74922184605748)
2026-02-19 00:51:49,127 - INFO - Processing record 9628b88c-6159-4b6e-a498-07c88f10a2b3: E17. TMN SERDANG PERDANA (PERDANA SELATAN - SOUTH CITY CONDO),E17. TMN SERDANG PERDANA (PERDANA SELATAN - SOUTH CITY PLAZA),E17. TMN SERDANG PERDANA SP 2 (RUMAH KEDAI) (3.0294760596158565, 101.70914636813414)
2026-02-19 00:51:50,706 - INFO - Progress: 80/100 in batch, Total: 20660/21579 overall
2026-02-19 00:51:50,706 - INFO - Processing record 968ee70f-15e2-4db7-89e0-76959e360b4c: CONDO SYMPHONY HEIGHT,SYHMPHONY HEIGHT CONDO (3.233363939217687, 101.67513070286394)
2026-02-19 00:51:52,160 - INFO - Processing record 96977862-dd18-4434-a996-5466127bb516: TMN BERCHAM AMAN (4.641220095190473, 101.13752803641496)
2026-02-19 00:51:53,700 - INFO - Processing record 969ff508-3291-4cd2-a548-101998682ea6: TMN SRI ORKID_FLAT SRI ORKID (1.5055941679671052, 103.63587306334868)
2026-02-19 00:51:55,239 - INFO - Processing record 9719cdb0-0497-4504-b641-d1e82ef74f6f: APT ALPHA ARENA TMN PUTRA PERDANA,APT KEKWA,APT KENANGA PUTRA PERDANA,APT RISTA VILLA (2.947035197613636, 101.61065343974026)
2026-02-19 00:51:57,367 - INFO - Processing record 973604ec-0a60-4568-9000-34b64d9fac82: APT. SRI HARMONI, HULU BERNAM,JALAN BAHTERA 3,5,5A (3.672309056121797, 101.5337119809936)
2026-02-19 00:51:59,745 - INFO - Processing record 978052cb-c1ba-41ab-a080-f1dcd22edc3b: KAMPUNG RANTAU PANJANG 39,KAMPUNG RANTAU PANJANG JALAN RANTAU PANJANG,TAMAN MEWAH,TAMAN MEWAH 01 (3.0664141023577978, 101.41399751845871)
2026-02-19 00:52:01,529 - INFO - Processing record 97a8fce4-9ec7-46c8-9b95-8a4a2f69988b: BRAYANG SUNGAI TIGA (1.9214805764647829, 111.41785487307747)
2026-02-19 00:52:03,052 - INFO - Processing record 97df34ce-8bdb-4beb-ad2f-2a2a3115aafe: APARTMENT CEMPAKA,APARTMENT PELANGI COURT,ASRAMA SMJK KWANG HUA,BANDAR BARU KLANG 04,TAMAN ENG ANN 02,TAMAN ENG ANN 04 (3.063007497536234, 101.45951722495651)
2026-02-19 00:52:04,577 - INFO - Processing record 97f930dc-2ec5-4283-9e45-7d30baa8e400: JALAN DAGANG 1/1-1/11 TAMAN DAGANG,JALAN MEWAH 2-5 TAMAN AMPANG MEWAH,PEKAN AMPANG (3.147366139427536, 101.760390682221)
2026-02-19 00:52:06,110 - INFO - Processing record 97fb2763-1683-4fdd-9747-b74ce64961f4: FLAT SAMUDERA TIMUR (3.233524468766231, 101.70025395933766)
2026-02-19 00:52:08,284 - INFO - Progress: 90/100 in batch, Total: 20670/21579 overall
2026-02-19 00:52:08,284 - INFO - Processing record 983ed05f-10be-4b17-8667-8f4cd0e5829a: RESIDENSI SKYSIERRA THE VALLEY SETIAWANGSA (3.187374631697186, 101.74659785462676)
2026-02-19 00:52:09,754 - INFO - Processing record 98c8a7ed-e64d-47c8-bb1b-ad91ad576988: APPT TAMAN TENAGA,TAMAN TENAGA DAN RUMAH KEDAI JALAN 1 TAMAN TENAGA (2.959494583660134, 101.78776261294772)
2026-02-19 00:52:11,298 - INFO - Processing record 99228c71-2d33-4669-84e6-99be6c3c0eb9: KG TERSUSUN PENGKALAN PEGOH (4.542564241852347, 101.0723916005772)
2026-02-19 00:52:12,842 - INFO - Processing record 993f6780-17e2-44d5-83e2-d744b783eeb9: E15. TMN DAMAI UTAMA 2 (3.033831263506668, 101.66901144478666)
2026-02-19 00:52:14,344 - INFO - Processing record 99495f11-a951-4723-a0f4-d4a448a9ba37: APT MAWAR PRIMA BERUNTUNG (3.4007004767635136, 101.54282524387835)
2026-02-19 00:52:15,866 - INFO - Processing record 994c53bf-7a96-4571-921d-0b9ff2e3e841: E13. USJ 5/1 (3.052818173999981, 101.57813419399996)
2026-02-19 00:52:17,390 - INFO - Processing record 9964aaed-a790-421c-9138-6ad6f6bc4372: JALAN CP 7 TAMAN CHERAS PERDANA (3.037484468000002, 101.7614327121987)
2026-02-19 00:52:18,916 - INFO - Processing record 9974be54-018f-4625-90b4-92a910499878: TAMAN MAWAR FASA 4 (5.846311625102739, 118.03064012792466)
2026-02-19 00:52:20,437 - INFO - Processing record 997e1a13-441e-4c2a-9ef1-1105bfa42edd: E15. TMN PUCHONG PERMAI (APT PERMATA 1),E15. TMN PUCHONG PERMAI (FLAT BLOK F) (3.012512686102409, 101.5968625354699)
2026-02-19 00:52:21,964 - INFO - Processing record 998f862b-df7b-4063-a57a-6644a17cb4c1: BANDAR MENJALARA (JALAN 13 HINGGA 15/62B),KONDOMINIUM TWY,KONDOMINIUM VISTA KIARA,LANAI KIARA CONDO,MONT KIARA (INSPIRASI MONT KIARA),MONT KIARA (MK 28),TAMAN SRI HARTAMAS (JALAN SRI HARTAMAS 2) (3.166515609330049, 101.650420865702)
2026-02-19 00:52:23,528 - INFO - Progress: 100/100 in batch, Total: 20680/21579 overall
2026-02-19 00:52:23,550 - INFO - Batch completed: 100 records in 163.3s
2026-02-19 00:52:23,551 - INFO - Overall progress: 20680/21579 (899 remaining)
2026-02-19 00:52:23,551 - INFO - Estimated time remaining: 0.4 hours
2026-02-19 00:52:25,599 - INFO - Found 100 records to geocode
2026-02-19 00:52:25,600 - INFO - Processing record 99b7af31-1b04-4ba1-b8bc-32a9055e5853: E13. TMN SUBANG MAS (RUMAH KEDAI),E4. SEKSYEN U7 (TUDM SUBANG D : BLOK F1 - F9 & BLOK E1 & E2) (3.1221559895696216, 101.53642965073418)
2026-02-19 00:52:25,657 - INFO - Processing record 99e39ba7-bf37-4f5b-a6cf-5c7b7b7e76bb: TAMAN MAZNAH 01,TAMAN MAZNAH 02,TAMAN MESRA INDAH 01 (3.02426324711818, 101.47778431438635)
2026-02-19 00:52:27,198 - INFO - Processing record 99eb8099-8a5e-4370-8877-4db020f5ccc0: TAMAN DESA VISTA 1,TAMAN DESA VISTA 2 (2.839140855449369, 101.7509326134304)
2026-02-19 00:52:28,720 - INFO - Processing record 99f2f50c-9883-474c-ae7a-64eb6ea5c41f: PELABUHAN KLANG 02 (3.0096248088219184, 101.39974986732192)
2026-02-19 00:52:30,249 - INFO - Processing record 9a0762c5-91c8-41f3-a718-2abd924883d3: APPT RADIUS SELAYANG HEIGHT,SELAYANG HEIGHT (3.268602946134613, 101.65216860195513)
2026-02-19 00:52:31,766 - INFO - Processing record 9a172306-1d45-4d64-a020-3524bc02263b: TMN DAMAI JAYA_MAKMUR 1-18,25-38,TMN DAMAI JAYA_MAKMUR 19-24,39-54 (1.5018635286375843, 103.6452260282886)
2026-02-19 00:52:33,294 - INFO - Processing record 9a18e206-c3c5-43f3-8d2d-2dc56ce57163: APARTMENT MERU COURT (3.125325901026318, 101.44229761015131)
2026-02-19 00:52:34,812 - INFO - Processing record 9a301f43-8954-4460-8531-2c47ce61fbba: E6. BL PJU 9 SD 12 FLAT SRI CEMPAKA (3.195450176999998, 101.605165156)
2026-02-19 00:52:36,338 - INFO - Processing record 9a44c9fd-fe6e-440d-9836-3bbd6f0bb629: TMN M RESIDENSI 2 (3.3197744307266674, 101.50830205435334)
2026-02-19 00:52:38,515 - INFO - Processing record 9a731d29-f4af-45cd-8269-d8bdf545eb24: JU03 TAMAN RIA 1 & 2,JU05 TAMAN HILL TOP,JU12 TAMAN HUA TAI,JU19 TAMAN RIA 4 (4.281188875927632, 117.87854145566776)
2026-02-19 00:52:40,078 - INFO - Progress: 10/100 in batch, Total: 20690/21579 overall
2026-02-19 00:52:40,078 - INFO - Processing record 9ab5237c-9039-4201-a1aa-b9a60ea64826: PANGSAPURI PALMA,PANGSAPURI PENDAMAR INDAH 2 (2.9863255848586574, 101.42439777620848)
2026-02-19 00:52:41,578 - INFO - Processing record 9acb576d-111f-4953-9fc0-029f45a0ca04: JALAN PUNCAK 3 TAMAN PUNCAK SAUJANA (3.01501992499999, 101.807504553)
2026-02-19 00:52:43,114 - INFO - Processing record 9ad1cb4a-8538-4e31-90ea-986a268d9733: E11. SRI PJS 5 FLAT DESA RIA (G,J,K,L,M,N,O,P) (3.075278583, 101.62580598699998)
2026-02-19 00:52:44,641 - INFO - Processing record 9af108d6-d7d0-4e53-a47d-72863fbe03bd: TMN MUTIARA RINI_JLN UTAMA 34-46 (1.5202377971038976, 103.63703126288311)
2026-02-19 00:52:46,535 - INFO - Processing record 9b15639d-5814-46d8-82dd-ef5b4c9dab25: FLAT JALAN TENGKU,MEDAN TENGKU JELUTONG (5.392503344756758, 100.31775340297972)
2026-02-19 00:52:48,058 - INFO - Processing record 9b1dec83-06fa-484a-902d-a78f31878081: SEKSYEN 25 (TERES A : JLN 25/2 - 25/11) (3.0306360351842128, 101.5315087610592)
2026-02-19 00:52:49,584 - INFO - Processing record 9b367ddd-8e99-428a-81b8-eb8d6fafba12: KEM MAJIDEE TANJUNG LABUH (1.7949899696986271, 102.95324447387672)
2026-02-19 00:52:51,108 - INFO - Processing record 9b895a14-e191-499b-874e-921198dba7ae: APARTMENT CEMPAKA,APARTMENT PELANGI COURT,ASRAMA SMJK KWANG HUA,BANDAR BARU KLANG 04,FLAT PELANGI INDAH,TAMAN ENG ANN 02,TAMAN ENG ANN 04 (3.063192139965989, 101.45916534644216)
2026-02-19 00:52:53,252 - INFO - Processing record 9b93742b-4d33-43f0-92d6-ece5e7745844: TMN. SOGA ZON A (1.8370698178561675, 102.93861816874656)
2026-02-19 00:52:54,775 - INFO - Processing record 9ba9f360-13c1-47ec-b6ab-4c379b9b1d00: E13. USJ 5/1 (3.052818173999981, 101.57813419399996)
2026-02-19 00:52:56,343 - INFO - Progress: 20/100 in batch, Total: 20700/21579 overall
2026-02-19 00:52:56,344 - INFO - Processing record 9c5f1459-257e-475c-b845-c1c60cb5071c: PPR BATU MUDA (BLOK A, B, C DAN D) (3.207671472643313, 101.6827393046688)
2026-02-19 00:52:57,805 - INFO - Processing record 9c83858d-5c59-441f-b8de-1350652d1228: APARTMENT SRI BAYU BANDAR ARMADA PUTRA,BANDAR ARMADA PUTRA 02,BANDAR ARMADA PUTRA 05,FLAT SRI BAHTERA BANDAR ARMADA PUTRA (2.979605412137382, 101.34507038378597)
2026-02-19 00:52:59,344 - INFO - Processing record 9c9810fa-1e9b-438f-affb-1c294c4d35ba: APPT SAUJANA PERMAI 1 MUTIARA HEIGHT,JALAN JENARIS 3 & 3B TMN DESA SERI JENARIS,JALAN PUNCAK 1 TAMAN PUNCAK SAUJANA,JALAN PUNCAK 3 TAMAN PUNCAK SAUJANA,JALAN PUNCAK SAUJANA 4 TAMAN PUNCAK SAUJANA,JALAN TKP 1-9 TAMAN KANTAN PERMAI,PANGSAPURI BLOK A & B TAMAN TAMING IMPIAN,PANGSAPURI PUNCAK SAUJANA TAMAN PUNCAK SAUJANA,TAMAN PINGGIRAN SAUJANA,TAMAN SAUJANA SURIA,TAMAN TAMING IMPIAN (3.0160832433942844, 101.80793139169144)
2026-02-19 00:53:01,143 - INFO - Processing record 9cb94651-cb9b-4f66-b32f-2413527902e3: APPT DESA TEMENGGONG,FLAT PINGGIRAN BT CAVES ZON C,KG MELAYU WIRA DAMAI,TMN PINGGIRAN BATU CAVES FASA 3 (3.2524979335675663, 101.69203189154956)
2026-02-19 00:53:02,665 - INFO - Processing record 9cbb8afb-2574-4cf1-ac40-fea9d79bec04: E15. BDR KINRARA 5 (JLN BK 5/1 - 5/8),E15. BDR KINRARA 5 (JLN BK 5/9-5/18) & IPD SERDANG (3.0421219736993823, 101.64526384563804)
2026-02-19 00:53:04,190 - INFO - Processing record 9d0d1681-2762-406a-9db2-89b107251f13: JALAN PANDAN 10 PANDAN JAYA (3.1397509560443018, 101.73696730314558)
2026-02-19 00:53:05,721 - INFO - Processing record 9d2070d8-34a6-4033-a521-1d86f5bed5d9: PPR PINGGIRAN 1 (BLOK A,B,C,D,E,F) (3.0467103761739134, 101.65347706774534)
2026-02-19 00:53:07,237 - INFO - Processing record 9d24170b-c536-45c6-a2cf-05e015210325: TAMAN ANGSAMAS (FASA 1),TAMAN ANGSAMAS (FASA 2) (2.6483752281666693, 101.92580208620667)
2026-02-19 00:53:08,760 - INFO - Processing record 9d2ae029-580b-4fad-8edb-c2faf207ad43: TMN BERCHAM BARU,TMN LAPANGAN MELODI (4.553657442169812, 101.10531863327044)
2026-02-19 00:53:10,281 - INFO - Processing record 9d31b363-f809-4e88-a0f5-6f5f74724589: APARTMENT CEMPAKA PURI 1 & 2,FLAT CEMPAKA PURI 4 (BLOK A-M) (2.803321913228395, 101.77250151698765)
2026-02-19 00:53:11,941 - INFO - Progress: 30/100 in batch, Total: 20710/21579 overall
2026-02-19 00:53:11,941 - INFO - Processing record 9d714cd1-e362-4672-84dd-2c9c6124f332: TMN ISTIMEWA_ZON A,TMN ISTIMEWA_ZON E (1.5306530114000012, 103.76923678489698)
2026-02-19 00:53:13,331 - INFO - Processing record 9db1d5fa-0285-4c72-9066-c8f4064b6830: TMN DESA JAYA ZON 4,TMN DESA JAYA ZON 7 (3.2184296676473445, 101.62629379222705)
2026-02-19 00:53:14,876 - INFO - Processing record 9dd7b5fc-15f0-4df9-ac13-f3561e83a685: TAMAN INDAH 01 (3.139476142900002, 101.37099509620626)
2026-02-19 00:53:16,398 - INFO - Processing record 9dee1a7d-8c2b-4897-8a0b-8ad59ee9fa67: TAMAN ARIF (5.925171524051284, 102.24126661116028)
2026-02-19 00:53:17,922 - INFO - Processing record 9e0b688a-cb82-4e96-ba8e-1ad40c3bac3f: KAMPUNG BAHAGIA (5.792354196012984, 118.02893674088962)
2026-02-19 00:53:19,444 - INFO - Processing record 9e5d420d-04c4-4156-a4a5-1143dc03ad8f: APPT JALAN 6C/11 SEKSYEN 16 BANDAR BARU BANGI,JALAN 1/2 SEKSYEN 1 BANDAR BARU BANGI (2.9449484195685494, 101.76505399795565)
2026-02-19 00:53:21,600 - INFO - Processing record 9e5d7dff-d464-4f00-8242-bb43879b11f0: TAMAN MALURI (JALAN JEJAKA),TAMAN MALURI(JALAN JEJAKA) (3.126414783139074, 101.73025870185432)
2026-02-19 00:53:23,119 - INFO - Processing record 9e708516-ba0a-433f-a738-31ad39863b26: TAMAN SRI SENTOSA (BLOK 55,57,59,61,63,65) (3.0762777242780306, 101.63459399312472)
2026-02-19 00:53:24,643 - INFO - Processing record 9e80dc11-1bb4-4e5e-84bd-2b69d0ef8f36: E3. SEKSYEN 26 (FLAT PPRT BLOK A,B,C),E3. SEKSYEN 27 (FLAT H : BLOK 40 - 42) (3.028100538480265, 101.56835431904604)
2026-02-19 00:53:26,170 - INFO - Processing record 9ecaeae2-b34d-484f-bdbf-997c92e06cd3: SN15 TAMAN EMAS (4.262566375999995, 117.898921299)
2026-02-19 00:53:27,729 - INFO - Progress: 40/100 in batch, Total: 20720/21579 overall
2026-02-19 00:53:27,729 - INFO - Processing record 9f13a7b4-ebaf-41b2-9193-b73fef1d5be1: JALAN LIKAS,PLAZA JUTA,TAMAN MOONEE LIKAS (5.993104991597825, 116.11324541884238)
2026-02-19 00:53:29,197 - INFO - Processing record 9f379d1e-a470-4d16-8671-651729c81dc6: KAMPUNG BARU PANDAMARAN 03 (3.004674783112504, 101.4106556709125)
2026-02-19 00:53:30,732 - INFO - Processing record 9f3f1c28-e4b4-4a41-9edf-9a6eba117480: FLAT SENTUL UTAMA,FLAT SENTUL UTARA,TAMAN DATO SENU (JALAN DATO SENU 31-35) (3.1948793099808914, 101.69847275605096)
2026-02-19 00:53:32,256 - INFO - Processing record 9f5c3136-9449-4b91-b4c7-41fd45a6b6ea: KG BARU SENGKANG (1.6893881534556958, 103.5723389938038)
2026-02-19 00:53:34,407 - INFO - Processing record 9f6ce2ed-701c-4759-bfed-7f2ad119390f: JK02 TMN. SEMARAK LOJI (4.297032863000027, 117.88968284199996)
2026-02-19 00:53:35,937 - INFO - Processing record 9f7e31e9-aabc-4682-9fc1-ec119f7105cd: TAMAN SETIA JASA 1,TAMAN SETIA JASA 3 (3.4784742073742683, 102.49757604715788)
2026-02-19 00:53:38,090 - INFO - Processing record 9fcecc98-776d-41fa-8a57-78c651531339: FLAT SRI PERAK  A (BLOK 29,31,33),FLAT SRI PERAK B (BLOK 35,37,39,41) (3.182575941246668, 101.69889884951333)
2026-02-19 00:53:39,888 - INFO - Processing record 9fead243-8134-405b-a6ac-948342aa10a7: BSP 21 (BLOK A-E),BSP 21 (BLOK F-J),JALAN SP6, BSP,JALAN SP7 (TAMAN CORAL) (2.9411882661322037, 101.58942170059662)
2026-02-19 00:53:41,412 - INFO - Processing record a004b88e-b3f7-4629-b997-daf155f6fcc2: KAMPUNG BUKIT KAPAR JALAN ISKANDAR 02 (3.162674466725352, 101.43470057661268)
2026-02-19 00:53:42,943 - INFO - Processing record a0063764-17b3-414e-b07a-507807aab5b9: PRESINT 5 - PPAM SERULING,PRESINT 5- PARCEL 5R6 (2.889096698597561, 101.67977632954268)
2026-02-19 00:53:44,486 - INFO - Progress: 50/100 in batch, Total: 20730/21579 overall
2026-02-19 00:53:44,487 - INFO - Processing record a0323dd9-a0dd-4688-a03d-14b6b826ba8e: FLAT JALAN TENGKU,MEDAN TENGKU JELUTONG (5.392503344756758, 100.31775340297972)
2026-02-19 00:53:45,955 - INFO - Processing record a040af9a-3b19-4d40-8a3a-b66ad89c1530: APPT MESRA VILLA KAMPUNG AMPANG CAMPURAN,FLAT MESRA RIA AMPANG CAMPURAN,LORONG IKAN EMAS 7-9 KAMPUNG AMPANG CAMPURAN (3.132397145266668, 101.77279058677576)
2026-02-19 00:53:47,494 - INFO - Processing record a05dd3b2-5d89-4a67-b56a-6d4c64e64927: E5. SEKSYEN U4 (APT DAMAI),E5. SEKSYEN U5 (SUBANG BESTARI : PUSAT KOMERSIL JLN U5/H, J, K, L, M, N, P & Q) (3.1770746264303824, 101.54701280970254)
2026-02-19 00:53:49,011 - INFO - Processing record a08bb1bc-eaa1-4b57-bf8f-476bac75ffa5: TAMAN SETIA JASA 1,TAMAN SETIA JASA 3 (3.4784742073742683, 102.49757604715788)
2026-02-19 00:53:50,533 - INFO - Processing record a0e4fbd9-53e1-4769-b25a-a3233306e2b2: RPR BATU KAWA (2) (1.5242121756521734, 110.31756868840996)
2026-02-19 00:53:52,052 - INFO - Processing record a0ef3b42-ff85-4d39-8a78-9d3d67638513: TAMAN DESA PERMAI 2 (2.577875373843137, 102.59681643009152)
2026-02-19 00:53:53,874 - INFO - Processing record a0fc80fe-d7b6-4957-be8e-e4d07da972f5: APARTMENT CAMELIA COURT NILAI IMPIAN,APARTMENT KIARA COURT NILAI IMPIAN (2.8425313257619047, 101.80765747845238)
2026-02-19 00:53:55,382 - INFO - Processing record a110b0a5-0afd-4179-b747-40b51ec00d51: TMN. SRI ALAM,TMN. SRI KENANGAN (2.564360482993193, 102.72421484528572)
2026-02-19 00:53:56,907 - INFO - Processing record a1222984-6b76-4d1f-a05f-319d1ba3d924: KAMPUNG BAHAGIA (5.792354196012984, 118.02893674088962)
2026-02-19 00:53:58,435 - INFO - Processing record a1237d96-92bd-4b16-a05f-184adc5e0831: TMN SRI DERMAWAN (4.627999981000016, 101.120704649)
2026-02-19 00:53:59,991 - INFO - Progress: 60/100 in batch, Total: 20740/21579 overall
2026-02-19 00:53:59,991 - INFO - Processing record a13321a3-b5b8-46a5-af12-3f83d2d22854: TAMAN DESA VISTA 1,TAMAN DESA VISTA 2 (2.839140855449369, 101.7509326134304)
2026-02-19 00:54:01,463 - INFO - Processing record a152010f-e0c5-4e93-a513-fdc37c847629: SIMPANG 3 PANGKAL KALONG (5.913574495852114, 102.24130305675352)
2026-02-19 00:54:03,002 - INFO - Processing record a174bd3f-96fc-4c17-aacb-d0dca5905fc2: E15. TMN PUCHONG PERDANA (JLN PERDANA 2),E15. TMN PUCHONG PERDANA (JLN PERDANA 4),E15. TMN PUCHONG PERDANA 5 (JLN ANGGERIK) (3.007245195906543, 101.60561893842522)
2026-02-19 00:54:04,527 - INFO - Processing record a17ca90d-ad3f-493d-bf29-aaaa1f78f8af: E1. SEKSYEN 16 (FLAT C : BLOK 17 - 26),E2. SEKSYEN 19 (FLAT A JLN 19/15 : BLOK 1 - 5),E2. SEKSYEN 19 (TERES B : JLN 19/4 - 19/7B),E2. SEKSYEN 19 (TERES G : JLN 19/39 - 19/44C),E2. SEKSYEN 20 (APT SURI PUTERI),E2. SEKSYEN 20 (FLAT B : BLOK 13 - 19),E2. SEKSYEN 20 (PANGSAPURI CALADENIA MBSA),E2. SEKSYEN 20 (RUMAH KEDAI B : JLN G20/G - H20/H) (3.054491892931441, 101.53479176020566)
2026-02-19 00:54:06,047 - INFO - Processing record a19a9724-972b-4612-9516-c3ba119c8d8a: PERSIARAN HAMZAH ALANG 07 (3.135502845326528, 101.38659127004082)
2026-02-19 00:54:07,573 - INFO - Processing record a1d6c952-f150-47e7-8bac-25ff36b5d79a: TAMAN DESA BAIDURI,TMN KULAI UTAMA,TMN SG MAS,TMN SRI MUHIBAH (JLN BUNGA KERTAS A) (1.661663593589947, 103.58999857589684)
2026-02-19 00:54:09,103 - INFO - Processing record a1d83647-d2fe-4dd1-af1e-f1441a1a1fb9: SN15 TAMAN EMAS,SN16 TAMAN LEEKA (4.262051547365712, 117.89968184256573)
2026-02-19 00:54:10,903 - INFO - Processing record a227d857-8e1f-47d6-8f8a-45078cfa1775: KAMPUNG JAWA JALAN BUKIT JATI 01,KAMPUNG JAWA LORONG KOTA RAJA 04 (3.0306173486964303, 101.46161677545238)
2026-02-19 00:54:12,423 - INFO - Processing record a22fc3b6-2825-49db-9e10-5e80a8ce288c: JALAN SEMARAK 5-12 TAMAN SEMARAK,PANGSAPURI ANGGERIK TAMAN PUTRA KAJANG (2.9774542150126626, 101.77518301276582)
2026-02-19 00:54:13,949 - INFO - Processing record a2379851-9dc0-43be-a6e3-75295ddb328b: TAMAN NURI (5.8915877135473, 118.04176342262164)
2026-02-19 00:54:15,506 - INFO - Progress: 70/100 in batch, Total: 20750/21579 overall
2026-02-19 00:54:15,507 - INFO - Processing record a26d0ca4-4f83-4dad-8204-d358dbe0cc1c: TAMAN SERI JAROMAS (LOT KEDAI),TAMAN SERI JAROMAS (ROSSA) (2.874700043742331, 101.50395532074845)
2026-02-19 00:54:17,709 - INFO - Processing record a26eddd2-d011-4cbf-87b7-129d9c39e393: TMN DESA MAS FASA 5 (3.339375266279222, 101.52625101849353)
2026-02-19 00:54:19,247 - INFO - Processing record a27634ee-2437-4d25-867f-29b5d1c4c433: TAMAN EKA MATAHARI ( SELASIH ),TAMAN EKA MATAHARI ( SERAI ) (2.691943153775754, 101.7981158611212)
2026-02-19 00:54:20,773 - INFO - Processing record a2bf9b24-76a6-4862-89f9-5b0eb8717204: TAMAN BANDAR EKAR RANTAU FASA 1 (2.592900051972789, 101.95875269057144)
2026-02-19 00:54:22,295 - INFO - Processing record a2c441ff-026b-4d05-9f2f-5de013deaf59: KG TINUSA 2 LAUT (A) (5.888574930433496, 118.09240950408866)
2026-02-19 00:54:23,823 - INFO - Processing record a2e91f48-fb14-4dc8-9761-bfa85cb20ed0: JALAN 78-86 TAMAN BUKIT MEWAH (2.97516699208904, 101.80214384826029)
2026-02-19 00:54:25,346 - INFO - Processing record a32c4247-da8e-46cd-a572-5d3029c3f2a5: KUARTERS PESONA,PANGSAPURI PERSONA (5.414996131666666, 100.30969917769336)
2026-02-19 00:54:27,517 - INFO - Processing record a34a873e-c015-48a9-b879-6f14414955c7: TAMAN PEREPAT INDAH 01,TAMAN PEREPAT INDAH 02 (3.0979734304216904, 101.35219767034938)
2026-02-19 00:54:29,037 - INFO - Processing record a359de0d-3c1f-4207-8fbf-bfb88faa7e34: JALAN CEMPAKA 1,23-31 TAMAN CEMPAKA (3.137895909793337, 101.74729476354668)
2026-02-19 00:54:30,563 - INFO - Processing record a366ef79-e1ca-4eb5-b134-c86aecfaa3c6: APPT SRI CEMPAKA TAMAN SEPAKAT INDAH,APPT SRI IXORA TAMAN SEPAKAT INDAH (2.973937143488373, 101.7834197383314)
2026-02-19 00:54:32,738 - INFO - Progress: 80/100 in batch, Total: 20760/21579 overall
2026-02-19 00:54:32,738 - INFO - Processing record a3a1da9a-bc61-40b9-ac06-5aa53e252043: JALAN PUNCAK 3 TAMAN PUNCAK SAUJANA (3.01501992499999, 101.807504553)
2026-02-19 00:54:34,201 - INFO - Processing record a3a5b35c-73c7-44bd-948b-6c2ce205eeb5: APARTMENT CEMPAKA PURI 1 & 2,FLAT CEMPAKA PURI 4 (BLOK A-M) (2.803321913228395, 101.77250151698765)
2026-02-19 00:54:35,744 - INFO - Processing record a3bbbdd8-2e69-4ab8-bcbe-58a47f85c9ce: APARTMENT MELAWA RIA (6.0830584304875, 116.15352194123123)
2026-02-19 00:54:37,271 - INFO - Processing record a3e9e41b-411f-4b31-8f2a-12460fdfae20: APT SERI TEROMPET BB (3.4197232716580634, 101.57504440024516)
2026-02-19 00:54:38,795 - INFO - Processing record a428862a-3dca-4002-a3cf-30d61d9ce06b: BLOK AE-AM FLAT PANDAN INDAH,BLOK RP 1 - RP 4 TAMAN LEMBAH MAJU,JALAN PANDAN PERDANA 10 TAMAN PANDAN PERDANA (3.123474462888887, 101.74992245732064)
2026-02-19 00:54:40,325 - INFO - Processing record a44bf5ea-046a-49b8-8d22-03581856403c: TAMAN ARIF (5.925219854864866, 102.24101224)
2026-02-19 00:54:41,851 - INFO - Processing record a44e7c88-c311-4456-98b2-08db88a2f48d: APT TG PUTERI RESORT (1.445412691081248, 103.9367791011875)
2026-02-19 00:54:43,987 - INFO - Processing record a459193e-07ae-4afd-84db-556583d8d762: PANGSAPURI IMPIAN, BSP,PANGSAPURI IMPIAN, BSP (ZON 1-6),PANGSAPURI IMPIAN, BSP (ZON 7-12),PANGSAPURI SERI SAUJANA, BSP (BLOK A-F),TAMAN DIAMOND SP4 (2.9547327955970126, 101.5826834116567)
2026-02-19 00:54:45,511 - INFO - Processing record a47841b1-9d8f-4575-9bb5-57fc9d600be3: TAMAN TASIK JAYA (JALAN 15 - 22 & 35) (2.718374993033782, 101.99795289672971)
2026-02-19 00:54:47,038 - INFO - Processing record a49176da-002e-4e5f-b7f8-407216eec949: E7. KD PJU 5 SEK 7 APT LILY,E7. KD PJU 5 SEK 7 GUGUSAN KEKWA (3.171084463336786, 101.57358279949744)
2026-02-19 00:54:48,595 - INFO - Progress: 90/100 in batch, Total: 20770/21579 overall
2026-02-19 00:54:48,595 - INFO - Processing record a49e4282-7304-4ad6-bda7-c14f3bc2f786: TAMAN MAWAR FASA 4 (5.846311625102739, 118.03064012792466)
2026-02-19 00:54:50,065 - INFO - Processing record a4f5ba51-361e-42d3-b2a3-ba21f90dbe4e: ANGKASA IMPIAN CONDO 2 JLN SAHABAT,BERJAYA TIMES SQUARE HOTEL,BESTOW BOUTIQUE HOTEL,FAHRENHEIT SUITES KUALA LUMPUR,JALAN BEDARA,JALAN CHANGKAT,JALAN CHANGKAT THAMBI DOLLAH,JALAN GALLOWAY,JALAN MEDAN IMBI,JALAN MELATI,JALAN PUDU LAMA,JALAN SAHABAT,JALAN SARAWAK,JALAN TENGKAT TONG SHIN,JALAN WALTER GRENIER,KELUMPUK KENANGA,MUTIARA VILLA CONDOMINIUM,SKY SUITES @ KLCC JALAN P.RAMLEE,SUN COMPLEX JALAN IMBI,WISMA COSWAY, JALAN RAJA CHULAN,YOONG YOONG MANSION (3.145904610678572, 101.70832263430252)
2026-02-19 00:54:52,327 - INFO - Processing record a507686e-41ea-4786-82ee-a9eb9e2e607d: PANGSAPURI SRI RINCHING SEMENYIH (2.9326756398169, 101.86469325249296)
2026-02-19 00:54:53,875 - INFO - Processing record a50b1c12-f83b-447c-8a44-7369f813d752: E15. TMN PUCHONG PERDANA (JLN PERDANA 2),E15. TMN PUCHONG PERDANA (JLN PERDANA 4),E15. TMN PUCHONG PERDANA 5 (JLN ANGGERIK) (3.007245195906543, 101.60561893842522)
2026-02-19 00:54:55,373 - INFO - Processing record a51dab7c-0cab-4761-8e3c-ac2be668a168: KONDOMINIUM THE TAMARIND,MENARA KLH KONDOMINIUM,VIVA RESIDENCY (3.179993934250936, 101.68830982797378)
2026-02-19 00:54:56,892 - INFO - Processing record a5289b3e-8e68-4b4a-83a1-6ed971a45ea9: TMN MAS (1.6676643346333335, 103.606205043)
2026-02-19 00:54:58,415 - INFO - Processing record a52aa186-346f-4ad8-9d7b-d3c49c2af50c: TMN. SRI ALAM,TMN. SRI KENANGAN (2.564360482993193, 102.72421484528572)
2026-02-19 00:54:59,942 - INFO - Processing record a52d85e1-4de8-4617-aae6-b2a4010e3722: JINJANG UTARA (JALAN JINJANG SETIA 1-7) (3.223629365075344, 101.65551494865753)
2026-02-19 00:55:01,464 - INFO - Processing record a5502302-44d9-4214-a072-cb5290410948: APARTMENT M VERTICA RESIDENSI (BLOK A,B),APARTMENT M-VERTICA RESIDENSI (BLOK C,D,E),PUDU IMPIAN 1 (3.118604221397195, 101.72909286948598)
2026-02-19 00:55:03,625 - INFO - Processing record a552f365-db26-451d-aba7-5b3a1692196b: APT MAWAR PRIMA BERUNTUNG (3.4007004767635136, 101.54282524387835)
2026-02-19 00:55:05,181 - INFO - Progress: 100/100 in batch, Total: 20780/21579 overall
2026-02-19 00:55:05,202 - INFO - Batch completed: 100 records in 159.6s
2026-02-19 00:55:05,203 - INFO - Overall progress: 20780/21579 (799 remaining)
2026-02-19 00:55:05,203 - INFO - Estimated time remaining: 0.4 hours
2026-02-19 00:55:07,249 - INFO - Found 100 records to geocode
2026-02-19 00:55:07,249 - INFO - Processing record a5785373-7cad-4cd7-94e1-d1ff7b081354: TAMAN MELATI ( KENARI APPT ) (3.224269568000011, 101.727458673)
2026-02-19 00:55:07,307 - INFO - Processing record a5a3961d-82fe-46ee-bcae-8bc8c00efc28: JALAN PANDAN 10 PANDAN JAYA (3.1397509560443018, 101.73696730314558)
2026-02-19 00:55:08,848 - INFO - Processing record a5b03980-08bd-43cd-9ced-6610607e4add: APPT DESA 1,E6. BL PJU 9 SD 1 FLAT SRI CEMARA,E6. BL PJU 9 SD 1 FLAT SRI MAHAGONI,TMN DESA JAYA ZON 5,TMN USAHA JAYA ZON C (3.2101605965889983, 101.61713246187702)
2026-02-19 00:55:10,664 - INFO - Processing record a5bc7ec6-f442-41d4-825e-ad3547ab2112: APPT MERDEKA VILLA KAMPUNG BARU AMPANG,APPT MESRA VILLA KAMPUNG AMPANG CAMPURAN,FLAT MESRA RIA AMPANG CAMPURAN,LORONG IKAN EMAS 10-22 KAMPUNG AMPANG CAMPURAN,LORONG IKAN EMAS 7-9 KAMPUNG AMPANG CAMPURAN (3.1350670497449, 101.76938014115986)
2026-02-19 00:55:12,188 - INFO - Processing record a5cec088-093b-4acc-8774-f29f00af236a: FLAT SRI LANGKAWI 1 (3.2166748601761648, 101.71504445389118)
2026-02-19 00:55:13,714 - INFO - Processing record a5defd2b-0131-4246-a097-15665f7081d8: BUKIT TOK BENG,TELAGA DAING (5.361407328409395, 103.12138173008724)
2026-02-19 00:55:15,235 - INFO - Processing record a5f6531c-5802-49d4-a8d3-483b7daf05ae: TAMAN SRI PINANG (5.406478994691782, 100.32296066603423)
2026-02-19 00:55:16,795 - INFO - Processing record a63bb7a7-c035-432e-925f-b5a1255e7b2a: TAMAN BATU MUDA (JLN 2-12),TAMAN KOPERASI POLIS FASA 2 (JALAN 36/10 - 45/10) (3.224984135787332, 101.6889607836878)
2026-02-19 00:55:18,907 - INFO - Processing record a6427af4-dae4-4e15-8c02-1566fcdb5872: E17. SRI KEMBANGAN 3,E17. TMN BKT SERDANG 4,E17. TMN BKT SERDANG 4 (SERI PAGI),E17. TMN JINMA SRI KEMBANGAN,E17. TMN SERDANG PERDANA (PERDANA SELATAN - SOUTH CITY CONDO) (3.02037545724904, 101.70218152125288)
2026-02-19 00:55:20,429 - INFO - Processing record a6728b40-2b10-4e2e-8337-f8fcca80a33d: E6. BL PJU 8 APT FLORA DAMANSARA 1 [A,B],E6. BL PJU 8 APT FLORA DAMANSARA 2 [C,D,E,F],E6. BL PJU 8 APT FLORA DAMANSARA 3 [G,H],E6. BL PJU 9 SD 13 FORESTA KONDO,E6. BL PJU 9 SD 13 SERESTA  KONDO (3.178969998182143, 101.61465096473572)
2026-02-19 00:55:22,714 - INFO - Progress: 10/100 in batch, Total: 20790/21579 overall
2026-02-19 00:55:22,715 - INFO - Processing record a68c69d2-b69e-4af0-8839-173fb7d347a8: TMN DAYA SAGU_RESIDENSI ARC (1.5521317187687058, 103.76340137809524)
2026-02-19 00:55:24,184 - INFO - Processing record a6a8e849-b4b2-43cb-b6ed-307c47757ca1: KUARTERS PESONA,PANGSAPURI PERSONA (5.414996131666666, 100.30969917769336)
2026-02-19 00:55:25,729 - INFO - Processing record a6b4b099-9a0f-4788-8de7-e4c2001fad9e: APARTMENT JATI SELATAN,DESA SRI PUTERI (BLOK A,B,C),DESA SRI PUTERI (BLOK D, E, F),PPR DESA PETALING,TASIK HEIGHT APPT BLOK D, E, F, G & H,WIDURI IMPIAN CONDOMINIUM (3.0804773934881653, 101.71490332455028)
2026-02-19 00:55:27,480 - INFO - Processing record a6b51c3b-91c5-4d10-afd4-f245e8c29ba0: TAMAN MELATI (PANGSAPURI KENARI),TAMAN MELATI (PV3),TAMAN MELATI (PV5) (3.2239019044023007, 101.7286377946724)
2026-02-19 00:55:29,273 - INFO - Processing record a6c4e270-ad6d-4f72-a7bb-abc6395006f9: PEKAN MENGGATAL,TAMAN BUKIT PULUTAN,TAMAN MANSIANG,TAMAN SRI BARU,TAMAN SRI BARU FASA 2,TAMAN SUNGAI EMAS (6.023038238489627, 116.15760582882572)
2026-02-19 00:55:30,801 - INFO - Processing record a6d099cb-753f-49aa-a435-39d0769d980a: TAMAN BUKIT CHEDANG (JALAN BELIDA) (2.693974535014086, 101.92220362838027)
2026-02-19 00:55:32,338 - INFO - Processing record a6e6a9ef-17c0-4925-916f-0fc740e5cda2: RESIDENSI RAZAKMAS,TAMAN JAYA A (JLN JAYA,JLN 1,2,3,4,9&LRG 1,3,4,12,13,14) (3.0925332448374987, 101.720070540075)
2026-02-19 00:55:33,852 - INFO - Processing record a6edd50e-a43f-4801-9177-15bd23ed415b: E4. SEKSYEN U7 (TUDM SUBANG A : BLOK G1 - G9),E4. SEKSYEN U7 (TUDM SUBANG D : BLOK F1 - F9 & BLOK E1 & E2) (3.1141430936095915, 101.543705939)
2026-02-19 00:55:35,377 - INFO - Processing record a70287c7-0e92-4202-9aa2-720e03396cbb: TMN HOOVER (4.583684098221154, 101.08377121093268)
2026-02-19 00:55:37,522 - INFO - Processing record a73f42f5-b27d-4265-bc2d-91d709830e70: E1. SEKSYEN 18 (JLN 18/3 FLAT A : BLOK 2 -10),E1. SEKSYEN 18 (JLN 18/3 FLAT B : BLOK 11 - 17) (3.044925818058481, 101.52043692797078)
2026-02-19 00:55:39,080 - INFO - Progress: 20/100 in batch, Total: 20800/21579 overall
2026-02-19 00:55:39,080 - INFO - Processing record a77923db-476e-45af-b7c7-94499503202b: TAMAN SINAR BARU (5.968735578350878, 116.0957434825848)
2026-02-19 00:55:41,189 - INFO - Processing record a7993794-8596-45d4-8e58-f1a5c3f9031b: TAMAN MAWAR FASA 4 (5.846030394651316, 118.0305401420987)
2026-02-19 00:55:42,727 - INFO - Processing record a7a11c79-4c5e-4cc9-9e7c-9c5191b9d227: JALAN 12-28 TAMAN PUTRA,JALAN 5/1-5/9 TAMAN SRI RAYA,JALAN BUNGA DAHLIA 1-7 TAMAN SERAYA (3.1206054843717475, 101.76592762078438)
2026-02-19 00:55:44,255 - INFO - Processing record a7ab60af-5390-42dc-b385-e6b211be8213: E7. KD PJU 5 SEK 4 D'SHIRE VILLA,E7. KD PJU 5 SEK 4 GUGUSAN MATAHARI,E7. KD PJU 5 SEK 4 GUGUSAN MAWAR,E7. KD PJU 5 SEK 4 GUGUSAN MELUR (3.151998621282143, 101.58119025013929)
2026-02-19 00:55:45,783 - INFO - Processing record a7c5d7b3-20d0-4d40-96d4-e8afa8d6222a: INANAM LAUT (BAJAU),SURIA INANAM COMMERCIAL CENTRE (6.000443285412906, 116.13008916089032)
2026-02-19 00:55:47,302 - INFO - Processing record a7d0c80e-7538-46fc-8313-ddbec55e69dc: TAMAN BINTANG,TAMAN BPL,TAMAN MEI LOK,TAMAN RIDGE VIEW,TAMAN SRI KEPAYAN PH. 7,TAMAN TASIK (5.942610605616666, 116.0732142485)
2026-02-19 00:55:48,827 - INFO - Processing record a8188ed2-eada-4424-b5e2-a3c238d48616: TAMAN MALURI (JALAN JEJAKA),TAMAN MALURI(JALAN JEJAKA) (3.126414783139074, 101.73025870185432)
2026-02-19 00:55:50,369 - INFO - Processing record a81e9df0-8a28-4439-a647-85bc26511900: TAMAN SRI ANDALAS 07 (3.022174636816904, 101.45790156554224)
2026-02-19 00:55:51,889 - INFO - Processing record a8482cdc-06a3-49a7-959b-0d04527d87f6: TAMAN BUKIT BELIDA,TAMAN MAMBAU HEIGHT (2.672379155136647, 101.91537809367702)
2026-02-19 00:55:53,988 - INFO - Processing record a85242ac-6e4d-49be-a9a3-c2400bda3ef5: TAMAN SOUTHERN,TMN LUYANG PH.11 (5.949315774128836, 116.08942674495708)
2026-02-19 00:55:55,552 - INFO - Progress: 30/100 in batch, Total: 20810/21579 overall
2026-02-19 00:55:55,553 - INFO - Processing record a85d9fc0-2e16-4d94-b13f-054f61014981: KG SG TUA BHARU,TMN JASA UTAMA (3.2554111188666672, 101.67658812349696)
2026-02-19 00:55:57,019 - INFO - Processing record a8603d15-da7f-443f-877a-a58e86389144: TAMAN BUKIT SETIA,TAMAN JAYA DIRI (6.071252080917476, 116.15258505546116)
2026-02-19 00:55:58,807 - INFO - Processing record a8a6d4d7-a7c0-4e3d-aa53-b35d62617e95: PELABUHAN KLANG 02 (3.0096248088219184, 101.39974986732192)
2026-02-19 00:56:00,333 - INFO - Processing record a8ab19d4-096f-4e05-a9f8-dbfee8d9ca5d: PRESINT 8 - JALAN TEMOLEH,PRESINT 8 - TAMARA RESIDENCE @ AYER 8 (2.926956439871163, 101.680738701773)
2026-02-19 00:56:01,855 - INFO - Processing record a8de5842-f399-4e08-81d2-9f4ba22e286b: TAMAN MALURI (JALAN JEJAKA),TAMAN MALURI(JALAN JEJAKA) (3.126414783139074, 101.73025870185432)
2026-02-19 00:56:03,381 - INFO - Processing record a9177aed-9297-4ca8-9a4d-65a6be13e4a7: APPT JALAN 6C/11 SEKSYEN 16 BANDAR BARU BANGI,JALAN 1/2 SEKSYEN 1 BANDAR BARU BANGI (2.9446940694918715, 101.7650624001504)
2026-02-19 00:56:04,906 - INFO - Processing record a92a3d83-ef0e-4bb3-8930-48edec836d23: TAMAN NILAM ZON C (6.375851088273333, 99.87410153832668)
2026-02-19 00:56:06,430 - INFO - Processing record a92e8135-bd06-44a1-bd52-6f2235ccaacd: APT TERATAI TBR BB (3.4442779479852232, 101.55472153977831)
2026-02-19 00:56:08,214 - INFO - Processing record a9399351-528a-4a6b-9857-a37854be94eb: MEDAN ANGSANA (5.390411653992956, 100.28510341024648)
2026-02-19 00:56:09,740 - INFO - Processing record a950a584-e005-4488-b6eb-c5f0876be9fc: KG BARU (PLAZA RAH) (3.1670259429999987, 101.703287612)
2026-02-19 00:56:11,301 - INFO - Progress: 40/100 in batch, Total: 20820/21579 overall
2026-02-19 00:56:11,302 - INFO - Processing record a98a82bf-b48d-4f6c-886a-2183a39f1f41: KG. CENDERAMATA,KG. LIKAS LORONG BUKUT,KG. LIKAS LORONG KERAPU,LORONG TABIB KG. LIKAS,TAMAN KEMAJUAN LIKAS (6.001974987871559, 116.11564048427064)
2026-02-19 00:56:13,056 - INFO - Processing record a9941f29-b231-4c57-94c2-1ce295b88413: BANDAR SEREMBAN SELATAN FASA 2 (2.6645240931533323, 101.98310142526664)
2026-02-19 00:56:14,591 - INFO - Processing record a995c42a-e78d-48f4-9cb9-681baf669e8b: HALAMAN MERU PERMAI (4.676154414091546, 101.08499964962677)
2026-02-19 00:56:16,117 - INFO - Processing record a9c6b6cd-d172-44b8-9f2f-c63984b664e5: KAMPUNG BARU PANDAMARAN 03 (3.004674783112504, 101.4106556709125)
2026-02-19 00:56:17,642 - INFO - Processing record a9c988b0-7341-4d74-86a5-8a1267dff599: TAMAN SENTOSA 05,TAMAN SENTOSA PERDANA 05 (3.0073245346066653, 101.48349758354668)
2026-02-19 00:56:19,164 - INFO - Processing record a9ccb001-653b-4c11-90de-068614f4f162: JALAN CARPENTER (1.5583144827605608, 110.3470083149648)
2026-02-19 00:56:20,687 - INFO - Processing record a9d278b4-d766-44cb-88a1-6e4119056c6c: BUKIT TOK BENG,TELAGA DAING (5.361407328409395, 103.12138173008724)
2026-02-19 00:56:22,209 - INFO - Processing record a9e123dd-f420-417c-ac50-51c7cddd1627: TMN. RONA (1.8630685015704236, 103.11537989705634)
2026-02-19 00:56:23,735 - INFO - Processing record a9e2a7f6-3cb3-4052-967d-790125b44bd8: JLN TAR SUSUR 7 (KIPS GURU) (1.4940496497439038, 103.73251996893904)
2026-02-19 00:56:25,264 - INFO - Processing record a9e79309-3034-421e-8ca2-6a2e37764f81: RESIDENSI RAZAKMAS,TAMAN JAYA A (JLN JAYA,JLN 1,2,3,4,9&LRG 1,3,4,12,13,14) (3.0925332448374987, 101.720070540075)
2026-02-19 00:56:26,821 - INFO - Progress: 50/100 in batch, Total: 20830/21579 overall
2026-02-19 00:56:26,822 - INFO - Processing record aa051dc5-3331-4a8f-8f57-26e0c977e3c7: JALAN 78-86 TAMAN BUKIT MEWAH (2.97516699208904, 101.80214384826029)
2026-02-19 00:56:28,290 - INFO - Processing record aa1201d2-c965-4ef6-a836-9c4c17ca6501: JALAN LIKAS,PLAZA JUTA,TAMAN MOONEE LIKAS (5.993104991597825, 116.11324541884238)
2026-02-19 00:56:29,833 - INFO - Processing record aa222466-e753-492a-a396-b6e3aa030760: APT ALPHA ARENA TMN PUTRA PERDANA,APT KEKWA,APT KENANGA PUTRA PERDANA (2.9467154905312505, 101.61424697292188)
2026-02-19 00:56:31,985 - INFO - Processing record aa51fb69-7a56-47c1-baae-cd7519de4629: E13. SS 18/3,E13. SS 18/4 (3.068302471541668, 101.58291828920834)
2026-02-19 00:56:33,767 - INFO - Processing record aa689fa6-bc6e-4dfd-a918-a3b7d70210de: KUARTERS PERTANIAN GOMBAK SETIA (3.2166748601761648, 101.71504445389118)
2026-02-19 00:56:35,295 - INFO - Processing record aa892fdc-3fa4-4022-8398-6c79e5c5472a: E7. KD PJU 5 SEK 4 D'SHIRE VILLA,E7. KD PJU 5 SEK 4 GUGUSAN MATAHARI,E7. KD PJU 5 SEK 4 GUGUSAN MAWAR,E7. KD PJU 5 SEK 4 GUGUSAN MELUR (3.1519849242170817, 101.58119133715302)
2026-02-19 00:56:37,072 - INFO - Processing record aab8056f-1141-4eb3-9721-28ad14aef4e6: TAMAN SRI PINANG (5.406478994691782, 100.32296066603423)
2026-02-19 00:56:38,595 - INFO - Processing record aad592b9-51b7-4d85-bed4-b3c427e6f1fe: TMN PELANGI_ZON E (1.479183736013069, 103.7776053948366)
2026-02-19 00:56:40,128 - INFO - Processing record aad7ac16-c0a1-41a8-9b6e-addee72beb41: TAMAN CHI LIUNG 03,TAMAN PETALING INDAH 04 (3.024721024686748, 101.43656272427108)
2026-02-19 00:56:41,648 - INFO - Processing record aaffcc7b-752f-475d-9e36-ad3c3f2e2b52: FLAT TAMAN SERI BEREMBANG (2.9947982746644293, 101.3987972201745)
2026-02-19 00:56:43,214 - INFO - Progress: 60/100 in batch, Total: 20840/21579 overall
2026-02-19 00:56:43,214 - INFO - Processing record ab0820a1-be06-423d-98e6-7e103328adbc: JALAN RASAH,TAMAN LUCKY (2.704297500602093, 101.94189242990052)
2026-02-19 00:56:44,679 - INFO - Processing record ab0dc45f-9f60-401a-b7a1-beb6d47b24ce: E12. TM SEK 51A FLAT IMPIAN BAIDURI (3.095179882399999, 101.6227923925027)
2026-02-19 00:56:46,220 - INFO - Processing record ab1f70d0-9b52-404e-804b-f7743e688cba: E1. SEKSYEN 11 (KUARTERS POLIS) (3.076403503960526, 101.5253903965658)
2026-02-19 00:56:47,745 - INFO - Processing record ab84ebe6-1e5b-438e-8773-86ba58db7470: KING FISHER APARTMENT,TAMAN LEMBAH HIJAU (5.39247746875974, 100.29577830772078)
2026-02-19 00:56:49,269 - INFO - Processing record ab943653-745f-46e9-b568-5255c73ab100: DANAU IMPIAN KONDO,THE HIPSTER TAMAN DESA (3.0988080004251475, 101.68943994162274)
2026-02-19 00:56:51,107 - INFO - Processing record ac2fc0eb-2f0e-4121-ba39-3c3138f1c62d: BANDAR SERI EHSAN ZON 2 (2.770689789710844, 101.62660663727712)
2026-02-19 00:56:53,269 - INFO - Processing record ac410667-1025-4eba-9378-2ef134bc2c05: E15. BDR KINRARA 5 (JLN BK 5/1 - 5/8),E15. BDR KINRARA 5 (JLN BK 5/9-5/18) & IPD SERDANG (3.0421219736993823, 101.64526384563804)
2026-02-19 00:56:54,796 - INFO - Processing record ac83268b-d863-4c16-9a37-a9e099dbff07: INANAM LAUT (BAJAU),SURIA INANAM COMMERCIAL CENTRE (6.000443285412906, 116.13008916089032)
2026-02-19 00:56:56,315 - INFO - Processing record ac87133e-a963-4a3a-a812-733fbef0abcc: E17. TMN SRI SERDANG 2 (JLN 18/8-18/28) (3.006730979907408, 101.7114834624136)
2026-02-19 00:56:57,842 - INFO - Processing record acac0274-f931-4d56-b91c-ed5de61de4b5: E13. USJ 1 (ANGSANA APPT),E13. USJ 1 (PANGSAPURI MERANTI) BLOK K, J,E13. USJ 1 (REGINA RESIDENCE) (3.0484378773131326, 101.6009836516734)
2026-02-19 00:56:59,666 - INFO - Progress: 70/100 in batch, Total: 20850/21579 overall
2026-02-19 00:56:59,666 - INFO - Processing record ad09ba56-5135-4ae5-8dc5-153dbea37958: 38 BIDARA CONDOMINIUM,ANGKASA IMPIAN CONDO 2 JLN SAHABAT,BERJAYA TIMES SQUARE HOTEL,JALAN BEDARA,JALAN CHANGKAT,JALAN CHANGKAT THAMBI DOLLAH,JALAN GALLOWAY,JALAN MEDAN IMBI,JALAN MELATI,JALAN PUDU LAMA,JALAN SAHABAT,JALAN SARAWAK,JALAN TENGKAT TONG SHIN,JALAN WALTER GRENIER,KELUMPUK KENANGA,MUTIARA VILLA CONDOMINIUM,SKY SUITES @ KLCC JALAN P.RAMLEE,ST MARY RESIDENCE,SUN COMPLEX JALAN IMBI,WISMA COSWAY, JALAN RAJA CHULAN,YOONG YOONG MANSION (3.146037977771784, 101.70817840175104)
2026-02-19 00:57:01,748 - INFO - Processing record ad72ca36-da4b-435c-bf33-851eb58f626f: TMN DESA JAYA ZON 4,TMN DESA JAYA ZON 7 (3.2184296676473445, 101.62629379222705)
2026-02-19 00:57:03,285 - INFO - Processing record ad85a322-a646-47c1-ab98-3f651be1b974: TMN CEMPAKA BLOK 15-27 (1.515120071932098, 103.69940450624074)
2026-02-19 00:57:04,809 - INFO - Processing record adaea61b-424f-4f18-bc3a-1fb4b6747f7f: FLAT SRI PERAK  A (BLOK 29,31,33),FLAT SRI PERAK B (BLOK 35,37,39,41) (3.182575941286668, 101.69889884951333)
2026-02-19 00:57:06,330 - INFO - Processing record adb09ddb-b6b8-47b2-ba5e-ce414615d4bd: PPR BATU MUDA (BLOK A, B, C DAN D) (3.2075858263275867, 101.68212878690804)
2026-02-19 00:57:08,116 - INFO - Processing record adcf91b3-f99c-456e-8b39-bea7eb4d5807: KG BARU SENGKANG (1.6893646932774184, 103.57224402296774)
2026-02-19 00:57:09,886 - INFO - Processing record add7d01e-73dc-4a1c-80dc-107ef9a42e4e: TAMAN BATU MUDA (JLN 2-12),TAMAN KOPERASI POLIS FASA 2 (JALAN 36/10 - 45/10) (3.224984135787332, 101.6889607836878)
2026-02-19 00:57:11,412 - INFO - Processing record adf12662-f957-47cd-9a78-916c007eda31: TAMAN PEREPAT INDAH 01,TAMAN PEREPAT INDAH 02 (3.0979734304216904, 101.35219767034938)
2026-02-19 00:57:12,958 - INFO - Processing record adf34c2c-8713-45e4-bc45-df8c97b382b9: KAWASAN PERINDUSTRIAN BANDAR SULTAN SULEIMAN 07 (3.0169166703537407, 101.3700620069932)
2026-02-19 00:57:14,465 - INFO - Processing record ae36b8f8-6b3d-4394-86a0-6679c37c1550: APT PRIMA KOTA WARISAN,KIP CORE CENTRAL (2.8225218474363643, 101.69664941816366)
2026-02-19 00:57:16,669 - INFO - Progress: 80/100 in batch, Total: 20860/21579 overall
2026-02-19 00:57:16,669 - INFO - Processing record ae65eb38-80da-47ed-9a4c-4a98bc0950df: FLAT TAMAN SEMARAK (BLOK 1-7),TAMAN SEMARAK FASA 2 (JALAN TS 2/5F - 2/5K) (2.8241252548875, 101.80994876995626)
2026-02-19 00:57:18,134 - INFO - Processing record ae78d2f6-634f-48d4-ad58-dc5850fa7d5b: FLAT SIM SIM (5.855143793680272, 118.1287560587959)
2026-02-19 00:57:19,676 - INFO - Processing record ae847c2d-49dc-477d-bf2a-18215313afd5: PUDU IMPIAN 1 (3.118077989182431, 101.73129281226352)
2026-02-19 00:57:21,204 - INFO - Processing record aef798b0-cc78-4c9a-966c-535e94a57bf4: FLAT SRI LANGKAWI 1 (3.216659689999972, 101.71589927500004)
2026-02-19 00:57:22,994 - INFO - Processing record af04c935-5efb-49fd-8b96-61fbee197fa4: KG TINUSA 2 LAUT (A) (5.888865225060912, 118.09274494010153)
2026-02-19 00:57:24,800 - INFO - Processing record af0b47eb-694b-4d9e-ab77-5d44b63346f7: PANGSAPURI LANGAT UTAMA (BLOK B-F) (2.797892098484275, 101.66242742038364)
2026-02-19 00:57:27,045 - INFO - Processing record af45090e-086e-48be-807c-c73256e5b309: TAMAN SRI SENTOSA (BLOK 55,57,59,61,63,65) (3.0754753193686364, 101.6384708792517)
2026-02-19 00:57:28,572 - INFO - Processing record af7a9223-d079-457f-ab13-b7455da1abb2: TAMAN WIDURI INDAH (2.6945028616462583, 101.99581033142856)
2026-02-19 00:57:30,095 - INFO - Processing record afa4f818-cbd7-47b6-9211-c06f85cae4d8: E6. BL PJU 9 SD 13 APT SRI MERANTI (2) [H,J,K,L,M,N,P,Q,R] (3.1926946940000107, 101.60213905400002)
2026-02-19 00:57:31,625 - INFO - Processing record afdf10af-1988-44d1-a178-38e28de7e33d: E5. SEKSYEN U6 (KG MELAYU SUBANG A : JLN BUKIT BADAK),E5. SEKSYEN U6 (KG MELAYU SUBANG I : JLN PKNS),E5. SEKSYEN U6 (TMN. SETIA WARISAN),KG CEMPEDAK ZON B (3.158582283829631, 101.52769834426668)
2026-02-19 00:57:33,185 - INFO - Progress: 90/100 in batch, Total: 20870/21579 overall
2026-02-19 00:57:33,185 - INFO - Processing record afe6c753-620d-46e5-9ef6-8a1df225a8be: RESIDENSI SKYSIERRA THE VALLEY SETIAWANGSA (3.187374631697186, 101.74659785462676)
2026-02-19 00:57:34,648 - INFO - Processing record afedcfa6-9b7a-4c04-aac2-4f04080996cf: TMN RAPAT INDAH (4.569500940021618, 101.12998950103244)
2026-02-19 00:57:36,821 - INFO - Processing record aff473fc-be85-43c3-88c2-cfb74d67b5ff: E1. SEKSYEN 11 (KUARTERS POLIS) (3.076403503960526, 101.5253903965658)
2026-02-19 00:57:38,343 - INFO - Processing record b037369e-3479-45f2-ad5c-69c82af2b9d6: APPT RADIUS SELAYANG HEIGHT,SELAYANG HEIGHT (3.268602946134613, 101.65216860195513)
2026-02-19 00:57:39,871 - INFO - Processing record b054812a-a64a-4f51-982e-fbc70455568a: TAMAN BUKIT BELIDA,TAMAN MAMBAU HEIGHT (2.6724760762675186, 101.91547062324204)
2026-02-19 00:57:41,390 - INFO - Processing record b0a24c3b-46fb-432f-9800-06b4cee5fa17: TAMAN BATU MUDA (JLN 2-12),TAMAN KOPERASI POLIS FASA 2 (JALAN 36/10 - 45/10) (3.2250044262000004, 101.68902748212726)
2026-02-19 00:57:43,654 - INFO - Processing record b0aa7bae-fc7d-46d9-bf7b-02f01b654f8c: TAMAN SERULING EMAS A,TAMAN SERULING EMAS B,TAMAN SERULING EMAS C (5.212881479887576, 100.50682304935503)
2026-02-19 00:57:45,176 - INFO - Processing record b0e985e8-37ca-4a90-bc2e-22757aac12cf: E6. BL PJU 9 SD 13 APT SRI MERANTI (1) [A,B,C,D,E,F,G] (3.194502822999993, 101.602403911)
2026-02-19 00:57:46,698 - INFO - Processing record b11a8cc9-3f10-4612-8df6-76473387a786: FLAT SRI JOHOR A(BLOK1-23),PPR SRI ALAM B (BLOK 6 - BLOK 9),PPR SRI ALAM C (BLOK 10 - BLOK 12),TAMAN IKAN EMAS (LRG IKAN EMAS 1-5) (3.115161190086707, 101.71851196501154)
2026-02-19 00:57:48,222 - INFO - Processing record b16703fb-e937-4e90-b273-208be243dcca: JLN WAN ALWI (1.5267675325849075, 110.36149352884276)
2026-02-19 00:57:49,785 - INFO - Progress: 100/100 in batch, Total: 20880/21579 overall
2026-02-19 00:57:49,805 - INFO - Batch completed: 100 records in 162.6s
2026-02-19 00:57:49,806 - INFO - Overall progress: 20880/21579 (699 remaining)
2026-02-19 00:57:49,806 - INFO - Estimated time remaining: 0.3 hours
2026-02-19 00:57:51,838 - INFO - Found 100 records to geocode
2026-02-19 00:57:51,838 - INFO - Processing record b170b1e3-4507-4ef1-8373-13552f3b2260: KG TERSUSUN PENGKALAN PEGOH (4.542564241852347, 101.0723916005772)
2026-02-19 00:57:51,897 - INFO - Processing record b177628a-18ce-411c-abc5-8c895415b877: JALAN BANDAR BARU BATU 2,TAMAN MAWAR PUTIH,TAMAN RHU PERMAI (3.317677709165828, 101.27493640572864)
2026-02-19 00:57:53,738 - INFO - Processing record b18eb73b-1bb8-4864-bd0b-5844c45552ee: JALAN HILIR 2-7 TAMAN AMPANG HILIR (3.1500069918698648, 101.74853194400684)
2026-02-19 00:57:55,261 - INFO - Processing record b1b25ec2-36de-44ea-ab67-86c5a105906f: JLN TAR SUSUR 7 (KIPS GURU) (1.4940496497439038, 103.73251996893904)
2026-02-19 00:57:56,783 - INFO - Processing record b1c3aade-57b8-47f4-9a60-351217ebf471: PERSIARAN HAMZAH ALANG 07 (3.135502845326528, 101.38659127004082)
2026-02-19 00:57:58,308 - INFO - Processing record b1f31b69-e493-4bdc-b3a2-57e9d00c4457: TMN PULAI UTAMA_FLAT JLN PULAI 84/,TMN U_PERTANIAN JLN 1-11 (1.539217308255035, 103.61928012484564)
2026-02-19 00:58:00,095 - INFO - Processing record b2229a9c-fc15-465a-95ff-9f69e673cd9c: TMN RAPAT INDAH (4.569500940021618, 101.12998950103244)
2026-02-19 00:58:01,618 - INFO - Processing record b242e49d-04c5-4ee7-bdec-706ca3616b44: TMN SRI AUSTIN_JLN SRI AUSTIN 6/1-6/22 EAST ZONE (1.5816096783103455, 103.74922184605748)
2026-02-19 00:58:03,144 - INFO - Processing record b2ac2744-7b50-40f0-b069-8852c43a008b: KG MELAYU WIRA DAMAI (3.250147012300652, 101.69123899113072)
2026-02-19 00:58:04,667 - INFO - Processing record b2b6b74b-6e55-41c3-84e8-6c2908c7702f: TMN SENTOSA_JLN KASA (1.4934662988028176, 103.77777918895072)
2026-02-19 00:58:06,866 - INFO - Progress: 10/100 in batch, Total: 20890/21579 overall
2026-02-19 00:58:06,866 - INFO - Processing record b2d697ba-f31d-476d-b195-94ba3d1d44f1: APPT SRI RAYA UP (3.207627118503269, 101.77246926184314)
2026-02-19 00:58:08,335 - INFO - Processing record b2dc52d8-fe9d-46bb-b505-f8e6934979e9: TMN DAMAI JAYA_MAKMUR 1-18,25-38,TMN DAMAI JAYA_MAKMUR 19-24,39-54 (1.5018635286375843, 103.6452260282886)
2026-02-19 00:58:09,874 - INFO - Processing record b2e2588a-7dc1-46b3-8f69-8aa7c0277078: TAMAN SRI HARTAMAS (JALAN SRI HARTAMAS 2) (3.1589247269452057, 101.64974224604796)
2026-02-19 00:58:11,396 - INFO - Processing record b2e9a22b-c9f0-4bfd-894d-a55e5790fa39: APT DESA SKUDAI (BLOK1-4) (1.5364801102027037, 103.63502481461488)
2026-02-19 00:58:12,922 - INFO - Processing record b31742c3-69c8-4da5-ac58-d741707f7a43: TAMAN KOTA,TAMAN RAMBAI INDAH (2.8867813860800005, 101.49354453218284)
2026-02-19 00:58:15,064 - INFO - Processing record b3316eb2-bd54-4ca7-815c-d2f043878e6e: KAMPUNG MAMPIR (3.17882368715095, 101.8670399866541)
2026-02-19 00:58:16,588 - INFO - Processing record b34eb74b-360b-41fe-84ef-7cc547c71f3f: JALAN LIKAS,PLAZA JUTA,TAMAN MOONEE LIKAS (5.993104991597825, 116.11324541884238)
2026-02-19 00:58:18,115 - INFO - Processing record b353464f-5ae0-4c94-b14c-0217639e2d3f: BANDAR SEREMBAN SELATAN FASA 2 (2.6645240931533323, 101.98310142526664)
2026-02-19 00:58:19,644 - INFO - Processing record b3546e10-59ac-44ab-843a-289f00122e16: DESA SRI PUTERI (BLOK A,B,C),DESA SRI PUTERI (BLOK D, E, F),PPR DESA PETALING,TASIK HEIGHT APPT BLOK D, E, F, G & H,WIDURI IMPIAN CONDOMINIUM (3.0804401616805968, 101.71481362419404)
2026-02-19 00:58:21,164 - INFO - Processing record b360b8ee-a923-4193-9073-c3913e446231: RESIDENSI SKYSIERRA THE VALLEY SETIAWANGSA (3.187374631697186, 101.74659785462676)
2026-02-19 00:58:22,721 - INFO - Progress: 20/100 in batch, Total: 20900/21579 overall
2026-02-19 00:58:22,721 - INFO - Processing record b36a47cc-ccef-42ee-a2fd-e791ac95dbca: TAMAN DESA PERMAI 2 (2.577875373843137, 102.59681643009152)
2026-02-19 00:58:24,193 - INFO - Processing record b36ed7e3-c321-4519-b81d-84b6b1ed21d5: TMN RAPAT INDAH (4.568602467000005, 101.12962410699998)
2026-02-19 00:58:26,063 - INFO - Processing record b399ad62-69d2-47cc-aeea-f98d69533e59: TMN SUTERA _ 8SCAPE RESIDENSI,TMN SUTERA_SUTERA KUNING (1.4866023268447155, 103.69231597015528)
2026-02-19 00:58:27,585 - INFO - Processing record b3d6770a-0f32-4e6a-9bab-29d0689e939a: TAMAN ATLANTY,TAMAN BINTANG,TAMAN BPL,TAMAN MEI LOK,TAMAN RIDGE VIEW,TAMAN RIDGEVIEW PH12,TAMAN SRI KEPAYAN PH. 7,TAMAN TASIK (5.942588069642611, 116.07325988638144)
2026-02-19 00:58:29,399 - INFO - Processing record b3e20388-f392-4c57-ba99-00ec5965a9ee: PPR BATU MUDA (BLOK A, B, C DAN D) (3.207763321590909, 101.68279041977922)
2026-02-19 00:58:31,643 - INFO - Processing record b3ed63e9-1e20-4275-a690-5db127cb19ca: PANGSAPURI LANGAT UTAMA (BLOK B-F) (2.7983361174178065, 101.66268975796577)
2026-02-19 00:58:33,166 - INFO - Processing record b456c65c-5ad4-4e68-b12d-c2051fbeef15: FLAT TAMAN SEMARAK (BLOK 1-7),TAMAN SEMARAK FASA 2 (JALAN TS 2/5F - 2/5K) (2.8241252548875, 101.80994876995626)
2026-02-19 00:58:34,686 - INFO - Processing record b46561ea-e945-4d34-977a-638fa9d84a5f: KING FISHER APARTMENT,TAMAN LEMBAH HIJAU (5.39247746875974, 100.29577830772078)
2026-02-19 00:58:36,206 - INFO - Processing record b46f8162-8f85-40ef-8d8b-72c819aa76c0: PRESINT 5 - PPAM SERULING,PRESINT 5- PARCEL 5R6 (2.889096698597561, 101.67977632954268)
2026-02-19 00:58:37,731 - INFO - Processing record b49bb881-f9ca-4511-9832-31a565766a4a: TMN RAPAT INDAH (4.569973862240964, 101.1297857316024)
2026-02-19 00:58:39,296 - INFO - Progress: 30/100 in batch, Total: 20910/21579 overall
2026-02-19 00:58:39,296 - INFO - Processing record b49c14d3-15c9-4569-ae66-dda1d1851e2a: JK02 TMN. SEMARAK LOJI,JK04 TMN. SEMARAK PH.1,JK06 TMN. VICTORIA,JK38 KOLEJ VOKASIONAL TAWAU,JK47 KG. MUHIBBAH BAL,JK82 TAMAN MUHIBBAH JAYA 1,JK83 TAMAN MUHIBBAHJAYA 2,JK97 TAMAN SEMARAK LOJI ATAP BIRU (4.292976572705556, 117.89082679612778)
2026-02-19 00:58:41,011 - INFO - Processing record b49e171e-c2cb-4999-86f3-fa4e2c595608: TAMAN SERI MEDAN (2.9366095103600007, 101.47520811592)
2026-02-19 00:58:42,550 - INFO - Processing record b4c14793-fbdf-4ace-950f-f74353e57bba: E6. BL PJU 9 SD 13 APT SRI MERANTI (1) [A,B,C,D,E,F,G] (3.194502822999993, 101.602403911)
2026-02-19 00:58:44,071 - INFO - Processing record b4ca7a26-ff3d-4cf3-bc3e-321c0fe7f6c9: TAMAN WIDURI INDAH (2.6945028616462583, 101.99581033142856)
2026-02-19 00:58:45,596 - INFO - Processing record b503ce10-aadb-4761-812d-38ea080ed1e3: JK55 TAMAN TIARA,JK71 TMN. RODA EMAS,SN15 TAMAN EMAS,SN16 TAMAN LEEKA,SN26 TAMAN PASADENA,SN48 TAMAN DA HUA 5,SN58 TAMAN WIRA (4.26313648127296, 117.90119929934949)
2026-02-19 00:58:47,762 - INFO - Processing record b55e6bba-495b-456c-8cb3-155e7e415f4c: PUTRA POINT NILAI (JALAN BBN 1/1),PUTRA POINT NILAI (JALAN BBN 1/2) (2.8136750712905423, 101.7938496392162)
2026-02-19 00:58:49,285 - INFO - Processing record b566fdc7-0aa4-4ce3-b0a1-33550accf047: E3. SEKSYEN 26 (FLAT PPRT BLOK A,B,C),E3. SEKSYEN 27 (FLAT H : BLOK 40 - 42) (3.028100538480265, 101.56835431904604)
2026-02-19 00:58:50,805 - INFO - Processing record b5756817-b598-4604-a082-469f30674b88: TAMAN PENGGAWA,TMN.  BENDAHARA (3.3239123495151537, 101.26622572896363)
2026-02-19 00:58:53,063 - INFO - Processing record b59080c5-c031-4ca8-8738-63d9c17a183e: TTDI (JALAN RAHIM KAJAI (28-80), LORONG RAHIM KAJAI 3,4,5,6,7),TTDI (JALAN RAHIM KAJAI, LORONG RAHIM KAJAI 8-14) (3.155863017748425, 101.62016997189936)
2026-02-19 00:58:54,586 - INFO - Processing record b5d8a896-a254-4094-8f1e-1f07f4cf0741: TAMAN BUKIT SETIA,TAMAN JAYA DIRI (6.071252080917476, 116.15258505546116)
2026-02-19 00:58:56,152 - INFO - Progress: 40/100 in batch, Total: 20920/21579 overall
2026-02-19 00:58:56,152 - INFO - Processing record b6475d22-a287-4b96-930d-e1ac7f6d4b79: SEKSYEN 32 (JALAN REZAB BUANG LOT 2915),SEKSYEN 32 (JALAN REZAB BUANG) (2.9952614404124267, 101.50027732622034)
2026-02-19 00:58:57,617 - INFO - Processing record b681811d-b070-41f7-828f-580472c0b9e1: JALAN KESUMA 8/3 (FASA 10) BANDAR TASIK KESUMA (2.9178091278823524, 101.88348347143136)
2026-02-19 00:58:59,157 - INFO - Processing record b683d9f4-4c59-4aa2-a20f-f9c500243357: TAMAN DESA VISTA 1,TAMAN DESA VISTA 2 (2.839140855449369, 101.7509326134304)
2026-02-19 00:59:00,685 - INFO - Processing record b68af92f-27a7-47cf-91aa-b5ada3c579da: POLITEKNIK IBRAHIM SULTAN,TMN SCIENTEX_JLN PELANDUK (1.5065579904848467, 103.91651051009696)
2026-02-19 00:59:02,205 - INFO - Processing record b6a36504-92ac-4649-a937-420bf91cbfc2: E1. SEKSYEN 11 (KUARTERS POLIS) (3.076403503960526, 101.5253903965658)
2026-02-19 00:59:03,724 - INFO - Processing record b6b0e38e-485f-48b0-9f4d-5f2aefaf4973: TAMAN SALAK SELATAN A (JALAN HANG TUAH 1-4,JLN TUANKU 1-4) (3.083542632214285, 101.6954370872922)
2026-02-19 00:59:05,888 - INFO - Processing record b6faadb8-3c8b-4da1-acda-a832c5ae83bc: E7. KD PJU 5 SEK 4 (TERES 1) (JLN 4/7,7A,7B,8,8A),E7. KD PJU 5 SEK 4 D'SHIRE VILLA,E7. KD PJU 5 SEK 4 GUGUSAN MATAHARI,E7. KD PJU 5 SEK 4 GUGUSAN MAWAR,E7. KD PJU 5 SEK 4 GUGUSAN MELATI,E7. KD PJU 5 SEK 4 GUGUSAN MELUR (3.151901318562113, 101.57977412111802)
2026-02-19 00:59:07,718 - INFO - Processing record b71101e4-6e4e-48c7-8aa7-61a163e050f5: E11. SRI SS 7 KELANA PUTERA KONDO,E11. SRI SS 7 KELANA PUTERI KONDO (3.108087835803799, 101.59357077797468)
2026-02-19 00:59:09,240 - INFO - Processing record b720a99c-edc6-4577-aa1c-7c205de26b1b: TAMAN SENAWANG INDAH,TAMAN WIDURI INDAH (2.694569508626316, 101.99736104704208)
2026-02-19 00:59:10,762 - INFO - Processing record b7358b6c-c1f5-4a25-93df-400b2e107abc: BRAYANG SUNGAI TIGA (1.9214805764647829, 111.41785487307747)
2026-02-19 00:59:12,331 - INFO - Progress: 50/100 in batch, Total: 20930/21579 overall
2026-02-19 00:59:12,332 - INFO - Processing record b73d6424-ec0c-4236-9270-910827c2fd7c: PRESINT 5 - PPAM SERULING,PRESINT 5- PARCEL 5R6 (2.889096698597561, 101.67977632954268)
2026-02-19 00:59:13,802 - INFO - Processing record b749abda-483d-4811-a96c-8bfa35c6ddf2: SN39 TAMAN EASTERN,SN72 TMN. CHUAN ANN (4.275341719588957, 117.90843578263804)
2026-02-19 00:59:15,338 - INFO - Processing record b76b50e4-a79f-433c-9be0-4a4a21638e00: E17. TMN SERDANG PERDANA SP 5 (FLAT KOS RENDAH),E17. TMN SERDANG PERDANA SP 5 (SKY VILLA) (3.040644055500002, 101.70658744091976)
2026-02-19 00:59:16,864 - INFO - Processing record b7d3c509-4642-4d27-951a-417893a4a086: TAMAN KEPAYAN RIDGE (5.935641401999988, 116.06863384400005)
2026-02-19 00:59:18,652 - INFO - Processing record b7f418f4-38fb-4eb9-bb7a-b7f0cc76998f: KAMPUNG NANAS(SETINGGAN),KARAMUNTING BARU (5.812406552771602, 118.07179984116664)
2026-02-19 00:59:20,178 - INFO - Processing record b82815d2-9111-4b33-9994-65f53773d95c: E5. SEKSYEN U20 (FASA 1D BBSB : JLN 1D/1 - 1D/3) (3.2181085399999985, 101.5662835947)
2026-02-19 00:59:21,696 - INFO - Processing record b8420649-c015-4421-920b-09d49adfeb76: PERDANA COLLEGE HEIGHTS (2.8491745389014085, 101.84169825745072)
2026-02-19 00:59:23,218 - INFO - Processing record b8496ef3-ae51-4e75-97b5-10b80261e136: TAMAN TANGLING INDAH,TAMAN TANGLING JAYA (5.265464348473332, 100.47736396371332)
2026-02-19 00:59:25,384 - INFO - Processing record b85d16a5-d37c-4f7f-8f40-56c12809dbd6: TAMAN PANCHOR JAYA FASA 4,TAMAN PANCHOR JAYA FASA 7 (2.7342247796917816, 102.00165210366438)
2026-02-19 00:59:26,905 - INFO - Processing record b87689ea-a0b3-4aec-9ef0-d7991e3db2bb: APPT RESIDENSI BISTARIA,FLAT AL-RIDHUAN (3.196399188514285, 101.76543574809716)
2026-02-19 00:59:28,465 - INFO - Progress: 60/100 in batch, Total: 20940/21579 overall
2026-02-19 00:59:28,466 - INFO - Processing record b8965ce8-c8e7-4330-b4fd-85ce24265a61: TMN U_KEJAYAAN 41-56 (1.5231098510517251, 103.62235073100004)
2026-02-19 00:59:29,936 - INFO - Processing record b896ed95-f389-44f4-9eed-f93a95e89ecf: APPT SAUJANA PERMAI 1 MUTIARA HEIGHT,JALAN JENARIS 3 & 3B TMN DESA SERI JENARIS,JALAN PUNCAK 1 TAMAN PUNCAK SAUJANA,JALAN PUNCAK 3 TAMAN PUNCAK SAUJANA,JALAN PUNCAK SAUJANA 4 TAMAN PUNCAK SAUJANA,JALAN TKP 1-9 TAMAN KANTAN PERMAI,PANGSAPURI BLOK A & B TAMAN TAMING IMPIAN,PANGSAPURI PUNCAK SAUJANA TAMAN PUNCAK SAUJANA,TAMAN PINGGIRAN SAUJANA,TAMAN SAUJANA SURIA,TAMAN TAMING IMPIAN (3.016115916427026, 101.8079811408054)
2026-02-19 00:59:32,922 - INFO - Processing record b8ab6c68-32a2-4a74-9ed5-b984007e7b5c: APT DESA SKUDAI (BLOK1-4) (1.5364801102027037, 103.63502481461488)
2026-02-19 00:59:34,444 - INFO - Processing record b8ad16b1-fb79-4d49-b7be-bd61d482c7d9: PANGSAPURI PALMA,PANGSAPURI PENDAMAR INDAH 2 (2.9863255848586574, 101.42439777620848)
2026-02-19 00:59:35,971 - INFO - Processing record b8ca9dc8-bc58-4dc8-b726-9d68c308416f: TAMAN SEREMBAN 3 (JLN. SEREMBAN TIGA 1-4),TAMAN SEREMBAN 3 (JLN. SEREMBAN TIGA 27-32) (2.6722243607666685, 101.93100086050669)
2026-02-19 00:59:37,496 - INFO - Processing record b8f0991a-1878-4030-8bf7-52756d9ed923: BUKIT LANJAN (JALAN BUKIT LANJAN 6) (3.167477665936305, 101.6170802831465)
2026-02-19 00:59:39,044 - INFO - Processing record b914e0d5-372a-4e98-a160-f0ba05caa8cb: TMN PELANGI_ZON E (1.479183736013069, 103.7776053948366)
2026-02-19 00:59:40,541 - INFO - Processing record b93516eb-79b1-4a5a-ba5a-be8aede641ca: KAMPUNG DELEK BARU 04,KAMPUNG DELEK KIRI 08,KAMPUNG SUNGAI UDANG 04,KAMPUNG SUNGAI UDANG 06,KAMPUNG SUNGAI UDANG 21,KAMPUNG TELUK KECIL 03,KAMPUNG TELUK KECIL 05 (3.0386152342652446, 101.41179697700304)
2026-02-19 00:59:42,782 - INFO - Processing record b9525bd9-8391-4d20-9f4d-7c8661983d17: TAMAN OUG A ( LORONG HUJAN EMAS 1-3,JLN SEKOLAH,SBHG JLN HUJAN,JLN HUJAN EMAS),TAMAN SRI PETALING B3-JLN 1/149L-5/149L (3.069167306915584, 101.68082649626623)
2026-02-19 00:59:44,551 - INFO - Processing record b956f339-ad7e-46b9-8fc2-7a559d73fca6: KUARTERS PESONA,PANGSAPURI PERSONA (5.414996131666666, 100.30969917769336)
2026-02-19 00:59:46,116 - INFO - Progress: 70/100 in batch, Total: 20950/21579 overall
2026-02-19 00:59:46,116 - INFO - Processing record b99cf166-b1d0-4341-a2d4-c034b22f270f: FLAT KEM SENAWANG (2.6801551036359, 101.99732869809232)
2026-02-19 00:59:47,577 - INFO - Processing record b9a9e121-852b-4674-bd04-fc390821468a: FLAT PKNS (JALAN TUN RAZAK),JALAN CHEMOR (TITIWANGSA SENTRAL KONDOMINIUM),JALAN PEKELILING LAMA(TR RESIDENCE),KAMPUNG BARU (ASRAMA PICOMS RAJA ABDULLAH),KAMPUNG BARU (KG. ATAS A),KAMPUNG BARU (KG. ATAS B),KAMPUNG BARU (KG. PAYA 1),KAMPUNG BARU (KG. PAYA 2),KAMPUNG BARU (PLAZA RAH),KAMPUNG BARU (WISMA ZABEDAH),KUARTERS HOSPITAL KUALA LUMPUR (3.168286875439074, 101.705204250677)
2026-02-19 00:59:49,733 - INFO - Processing record b9aff308-8c75-41e9-8f57-d932e19aa861: 633 RESIDENCY,FLAT JALAN ANG SENG 4,JALAN BERHALA,JALAN THAMBY ABDULLAH,JALAN VIVEKANDA,LUCKY GARDEN (JALAN TEMPINIS 1-3),LUCKY GARDEN (JALAN TEMPINIS 4-5),LUCKY GARDEN (LRG TEMPINIS KANAN 1,LRG TEMPINIS KANAN 2,LRG TEMPINIS KANAN 3,LRG,MENARA PELANGI APARTMENT,MENARA PUTERI KONDO,METHODIST COLLEGE KUALA LUMPUR (MCKL),PALM COURT CONDOMINIUM (BLOK A,B,C,D),PPR SRI ALAM B (BLOK 6 - BLOK 9),RIVERIA CITY KL CITY,SENTRAL SUITES KL SENTRAL, JALAN ROZARIO,SUASANA LOFT,SUASANA SENTRAL CONDO,TAI KWONG MANSION, JLN BERHALA (BERSEBELAHAN TONG WENG MANSION),TAMAN BUKIT PANTAI (LORONG BUKIT PANTAI),VILLA SCOTT CONDO (3.128984938881604, 101.68206298780326)
2026-02-19 00:59:52,102 - INFO - Processing record b9cae416-c9ac-4041-9425-89068b4bc7a9: TAMAN TANGLING INDAH,TAMAN TANGLING JAYA (5.265392065705127, 100.47758046818588)
2026-02-19 00:59:53,617 - INFO - Processing record b9d4e144-e535-4fc1-9951-d589b2d262de: E1. SEKSYEN 18 (JLN 18/3 FLAT A : BLOK 2 -10) (3.044669646294478, 101.5203082421227)
2026-02-19 00:59:55,144 - INFO - Processing record b9f01306-d84e-41c4-a81a-02e53199efab: LAMBAIAN RESIDENCE 1,2 & 3 KAJANG (2.9338574808028164, 101.80577906749296)
2026-02-19 00:59:56,669 - INFO - Processing record b9fab6b1-ff55-484d-aae7-58e6facb2ebd: TAMAN SENTOSA 05,TAMAN SENTOSA PERDANA 05 (3.0073245346066653, 101.48349758354668)
2026-02-19 00:59:58,201 - INFO - Processing record ba775945-edc5-46c6-855e-f440bf05546f: TAMAN TANGLING INDAH,TAMAN TANGLING JAYA (5.265464348473332, 100.47736396371332)
2026-02-19 00:59:59,727 - INFO - Processing record ba8ff45f-567c-4f01-af1d-2dc2ac5b5082: D' KRISTAL APARTMENT SEMENYIH,PANGSAPURI D'KAYANGAN SETIA ECOHILL SEMENYIH (2.9228956246181794, 101.85364367180608)
2026-02-19 01:00:01,246 - INFO - Processing record ba98f5ab-d89a-4917-9760-3915dcf29d0d: BEETHOVEN, SYMPHONY HILLS,VERDI ECO-DOMINIUMS (2.918340525259259, 101.64130448819752)
2026-02-19 01:00:02,806 - INFO - Progress: 80/100 in batch, Total: 20960/21579 overall
2026-02-19 01:00:02,807 - INFO - Processing record baa10198-75e6-4014-b89a-cc03ebae54c5: FLAT TAMAN SERI BEREMBANG (2.9947982746644293, 101.3987972201745)
2026-02-19 01:00:04,275 - INFO - Processing record bb2628da-d970-46c3-88f9-32eeac8e7e6e: KG GAMBARON 1 (5.621498894913332, 117.14197888864668)
2026-02-19 01:00:05,828 - INFO - Processing record bb3c4f10-f0c1-47c1-b39e-28451180d721: E13. USJ 1 (ANGSANA APPT),E13. USJ 1 (PANGSAPURI MERANTI) BLOK K, J (3.0450201798971466, 101.60219592597714)
2026-02-19 01:00:07,362 - INFO - Processing record bb48b25f-dd71-460c-a617-bcce6bc8e760: TAMAN CHI LIUNG 03,TAMAN PETALING INDAH 04 (3.024721024686748, 101.43656272427108)
2026-02-19 01:00:08,891 - INFO - Processing record bb5b1809-eec3-4aea-83a1-b9caf27fd3c3: BUKIT LANJAN (JALAN BUKIT LANJAN 6) (3.167477665936305, 101.6170802831465)
2026-02-19 01:00:10,422 - INFO - Processing record bb603219-3795-452d-9952-26f507ac8aae: JALAN 3/23-28,3/35-37 SEKSYEN 3 BANDAR BARU BANGI,JALAN 3/29-3/34 SEKSYEN 3 BANDAR BARU BANGI,JALAN 3/38-3/42 SEKSYEN 3 BANDAR BARU BANGI,JALAN 3/57-3/62 SEKSYEN 3 BANDAR BARU BANGI (2.9388799142255304, 101.78060043587232)
2026-02-19 01:00:12,572 - INFO - Processing record bb8a4aa3-cc23-42d1-97b1-74870f14f642: ALMYRA RESIDENCE BANDAR PUTERI BANGI (2.8776364718802827, 101.79563960246476)
2026-02-19 01:00:14,724 - INFO - Processing record bbf1f3d0-fbeb-41e1-a9cb-8639eb531af3: FLAT TAMAN SETAPAK JAYA 1A (1-5),JALAN REJANG 15 (RESIDENSI RAMPAI 2),PPR WANGSA SARI SEKSYEN 1 WANGSA MAJU,RESIDENSI SERI RIANA,SEK 1 WANGSA MAJU BLOK  D,SEK 1 WANGSA MAJU BLOK E,SEK 2 WANGSA MAJU ( MENARA ALPHA KONDOMINIUM),TAMAN SRI RAMPAI (JALAN MEGAN SETAPAK),TAMAN SRI RAMPAI B (JLN 13/26 - 22/26)),TAMAN SRI RAMPAI F (JLN 47/26 - 66/26),TAMAN SRI RAMPAI G (JLN67/26 - 81/26) (3.20065413922832, 101.733104434823)
2026-02-19 01:00:16,250 - INFO - Processing record bc156708-e3a0-48ce-82d6-4820521bfc75: KG GAMBARON 1 (5.621498894913332, 117.14197888864668)
2026-02-19 01:00:17,774 - INFO - Processing record bc1bec6f-dff5-4c83-b1cb-e4b9d2b587ef: TAMAN KOTA,TAMAN RAMBAI INDAH (2.886822598915732, 101.49339604769663)
2026-02-19 01:00:19,580 - INFO - Progress: 90/100 in batch, Total: 20970/21579 overall
2026-02-19 01:00:19,581 - INFO - Processing record bc31ae62-70cf-4ece-8f1a-e2da4ed6db05: FLAT TAMAN BUKIT EMAS,TAMAN BUKIT EMAS (3.003681364920531, 101.754077601)
2026-02-19 01:00:21,051 - INFO - Processing record bc347de6-d630-4e68-a865-3c37493108d8: TAMAN CHI LIUNG 03,TAMAN PETALING INDAH 04 (3.024721024686748, 101.43656272427108)
2026-02-19 01:00:22,589 - INFO - Processing record bc62d8d0-a1f3-4e0f-a3d2-2959b27d895d: TAMAN INDAH 01 (3.139476142900002, 101.37099509620626)
2026-02-19 01:00:24,120 - INFO - Processing record bc6bb165-8b69-4521-a019-46d3c19151fb: TAMAN MELATI (PANGSAPURI KENARI),TAMAN MELATI (PV5) (3.2240736096845253, 101.7284009729762)
2026-02-19 01:00:25,646 - INFO - Processing record bc6c98bb-5d71-46d9-abef-bbaef2d4f6c1: DANGA BAY_AMBERSIDE BLOK 1A-1E, 9A, 9B, 8A, 8B,DANGA BAY_ROYAL STRAND (1.465858048848102, 103.72687719263922)
2026-02-19 01:00:27,159 - INFO - Processing record bc821421-9d94-4029-b69a-53863da756da: E16. BDR PUTRA PERMAI  (PUTRA PERMAI SELESA APPT) BLOK A, B, C, D, E, F,E16. BDR PUTRA PERMAI (JLN BPP 3),E5. SEKSYEN U19 (KBSB : JLN MIDDLE) (2.982506831999998, 101.67173309198247)
2026-02-19 01:00:29,395 - INFO - Processing record bc94c7ee-67be-4233-9106-7a70e5645797: E8. BU PJU 6A PELANGI UTAMA KONDO,E8. BU PJU 6A TMN KAYU ARA INDAH (3.1411133649497525, 101.61568878062816)
2026-02-19 01:00:30,921 - INFO - Processing record bcbaa63f-4190-453c-b5ad-8b32f69cfdff: APPT MAS AYU,BDR BARU SELAYANG FASA 1 (ZON A),KG SELAYANG INDAH ZON A,KG SELAYANG INDAH ZON C,KG SELAYANG PANDANG,SELAYANG BARU ZON 1,SELAYANG BARU ZON 11,SELAYANG BARU ZON 3 (3.2518824509269777, 101.66411151394118)
2026-02-19 01:00:32,446 - INFO - Processing record bd0fdf73-a49a-404f-bdbd-ea3d20516f04: APPT DESA 1,E6. BL PJU 9 SD 1 FLAT SRI CEMARA,E6. BL PJU 9 SD 1 FLAT SRI MAHAGONI,TMN DESA JAYA ZON 5,TMN USAHA JAYA ZON C (3.2101605965889983, 101.61713246187702)
2026-02-19 01:00:33,971 - INFO - Processing record bd2e59c2-fc23-4eac-97a3-dd2a49c253f9: BLOK AE-AM FLAT PANDAN INDAH,BLOK RP 1 - RP 4 TAMAN LEMBAH MAJU,JALAN PANDAN PERDANA 10 TAMAN PANDAN PERDANA (3.123474462888887, 101.74992245732064)
2026-02-19 01:00:35,527 - INFO - Progress: 100/100 in batch, Total: 20980/21579 overall
2026-02-19 01:00:35,551 - INFO - Batch completed: 100 records in 163.7s
2026-02-19 01:00:35,551 - INFO - Overall progress: 20980/21579 (599 remaining)
2026-02-19 01:00:35,552 - INFO - Estimated time remaining: 0.3 hours
2026-02-19 01:00:37,588 - INFO - Found 100 records to geocode
2026-02-19 01:00:37,588 - INFO - Processing record bd34c4de-8be3-4e84-aa5c-b570a9724727: BUKIT OUG TOWNHOUSE,THE ROSEWOODZ RESIDENCE (3.061718438831247, 101.66515675964376)
2026-02-19 01:00:37,647 - INFO - Processing record bd66211c-1d6d-462d-aab1-bdf34ee643e8: TAMAN JAYA UTAMA ZON 1,TAMAN JAYA UTAMA ZON 2,TAMAN JAYA UTAMA ZON 3 (2.9107372007595624, 101.47433692955735)
2026-02-19 01:00:39,186 - INFO - Processing record bd710410-164c-427c-b41f-f1af6ec5346c: AP100 KAMPUNG KONGSI 8/2 (4.26682874387417, 117.94028246272848)
2026-02-19 01:00:40,708 - INFO - Processing record bd849241-7ede-4570-b8e7-f8fff6ade475: TAMAN FAJAR FASA 1,TAMAN FAJAR FASA 2,TAMAN FAJAR FASA 3 (5.886337110603351, 118.05400300264246)
2026-02-19 01:00:42,234 - INFO - Processing record bd9f94fc-1c2c-4c6a-b009-902e4b2ab12c: APT RISTA VILLA (2.947730549422817, 101.6065171377047)
2026-02-19 01:00:44,047 - INFO - Processing record bdb1b188-2ec4-47ce-830b-e90ab556eb36: E11. SRI PJS 5 FLAT DESA RIA (G,J,K,L,M,N,O,P) (3.075278583, 101.62580598699998)
2026-02-19 01:00:45,572 - INFO - Processing record bde036d8-586e-41c5-9c34-c6d3d46d1373: E17. TMN SERDANG PERDANA (PERDANA SELATAN - SOUTH CITY CONDO),E17. TMN SERDANG PERDANA (PERDANA SELATAN - SOUTH CITY PLAZA),E17. TMN SERDANG PERDANA SP 2 (RUMAH KEDAI) (3.0294760596158565, 101.70914636813414)
2026-02-19 01:00:47,096 - INFO - Processing record bdfbe8c0-ab91-4aca-bc33-076b52b0549a: TMN SETIA INDAH_JLN SETIA INDAH 4/ (1.571785779666667, 103.74779853427891)
2026-02-19 01:00:48,625 - INFO - Processing record be13325a-c2a4-4180-8a42-70f9f1727d70: TAMAN BATU MUDA (JLN 2-12) (3.226785441000004, 101.685379043)
2026-02-19 01:00:50,145 - INFO - Processing record be1e522a-f65f-45ed-98e8-41be9679708a: TMN. SOGA ZON A (1.8370698178561675, 102.93861816874656)
2026-02-19 01:00:51,702 - INFO - Progress: 10/100 in batch, Total: 20990/21579 overall
2026-02-19 01:00:51,703 - INFO - Processing record be3cad45-c236-4884-8a4c-68533957a718: JALAN RASAH,TAMAN LUCKY (2.704297500602093, 101.94189242990052)
2026-02-19 01:00:53,172 - INFO - Processing record be44cb0c-99a4-49a8-b259-ba829ed95a18: KUARTERS PESONA,PANGSAPURI PERSONA (5.415003289564626, 100.30977381327892)
2026-02-19 01:00:55,425 - INFO - Processing record be535439-c779-4c6d-9c28-08c104fa7d4c: E3. SEKSYEN 26 (FLAT PPRT BLOK A,B,C),E3. SEKSYEN 27 (FLAT H : BLOK 40 - 42) (3.028100538480265, 101.56835431904604)
2026-02-19 01:00:56,951 - INFO - Processing record be81d7bb-178b-4e68-9f6b-bbb354ca90cd: E6. BL PJU 9 SD 13 APT SRI MERANTI (1) [A,B,C,D,E,F,G] (3.194502822999993, 101.602403911)
2026-02-19 01:00:58,468 - INFO - Processing record bec2526f-6bf0-4bf4-b4e0-15246aaff95d: BSP 21,BSP 21 (BLOK A-E),BSP 21 (BLOK F-J),JALAN SP6, BSP,JALAN SP7 (TAMAN CORAL) (2.941596634985506, 101.5888668826884)
2026-02-19 01:01:00,640 - INFO - Processing record bec4ef90-9add-4982-af89-21ce8b136da0: JALAN 78-86 TAMAN BUKIT MEWAH (2.97516699208904, 101.80214384826029)
2026-02-19 01:01:02,166 - INFO - Processing record bee951f5-4e62-4005-b116-9bf88d46db15: FLAT JALAN TENGKU,MEDAN TENGKU JELUTONG (5.392503344756758, 100.31775340297972)
2026-02-19 01:01:03,684 - INFO - Processing record beec5c6e-2bb2-45bd-8504-a315c07da36f: APT MAWAR PRIMA BERUNTUNG (3.4007004767635136, 101.54282524387835)
2026-02-19 01:01:05,209 - INFO - Processing record bef12ef6-372b-48cc-a9f0-8dd68749b158: TAMAN TASIK JAYA (JALAN 15 - 22 & 35) (2.718374993033782, 101.99795289672971)
2026-02-19 01:01:06,732 - INFO - Processing record bf00f357-c0a0-488d-a186-38891157d7e1: TAMAN MELATI ( KENARI APPT ) (3.224269568000011, 101.727458673)
2026-02-19 01:01:08,297 - INFO - Progress: 20/100 in batch, Total: 21000/21579 overall
2026-02-19 01:01:08,298 - INFO - Processing record bf18e0ca-23ba-4fc8-8b8a-c7a948e82dff: TTDI (JALAN RAHIM KAJAI (28-80), LORONG RAHIM KAJAI 3,4,5,6,7),TTDI (JALAN RAHIM KAJAI, LORONG RAHIM KAJAI 8-14) (3.155863017748425, 101.62016997189936)
2026-02-19 01:01:09,763 - INFO - Processing record bf3daa04-18f5-49da-9084-b96d089b5eb6: E12. TM PJS 2 APPT TAMAN MEDAN JAYA (3.082571699000028, 101.63179648800002)
2026-02-19 01:01:11,312 - INFO - Processing record bf3f5a3d-fb31-4d1a-a5e4-2c9dfb5b4e93: BANDAR SERI EHSAN ZON 2 (2.7709955575257146, 101.62672841157716)
2026-02-19 01:01:13,453 - INFO - Processing record bf596147-d3a5-4f51-ab4b-7297adb44a17: PANGSAPURI PANDANMAS (3.1397509560443018, 101.73696730314558)
2026-02-19 01:01:14,976 - INFO - Processing record bf84e926-688a-4e11-9707-a6bf4a8ef149: APARTMENT MELAWA RIA,TAMAN KUALA MENGGATAL,TAMAN SEPANGGAR PH 3 (6.083681855426967, 116.15377590469102)
2026-02-19 01:01:16,498 - INFO - Processing record bf9207d7-d88d-49d5-94b7-d68e85984c66: TMN. BAYVIEW TELUK VILLA (5.895294466894364, 116.03900966073238)
2026-02-19 01:01:18,017 - INFO - Processing record bfbe3c87-d973-4385-bd57-1ec3c17cebdb: KG. MERDEKA 2 (1.850425192716216, 102.93855062002704)
2026-02-19 01:01:20,255 - INFO - Processing record bfc70156-baa3-40d6-b579-783b6e7d6589: PRESINT 9 - JALAN P9B/7-B/12,PRESINT 9 - JALAN P9B1/4 - B1/5,PRESINT 9 - JALAN P9B1/7 - B1/13 (2.9443734344134027, 101.67365834052514)
2026-02-19 01:01:21,777 - INFO - Processing record bff0efe9-ff5b-4dd7-a9ef-35f236602ecf: APT DESA SKUDAI (BLOK1-4) (1.5364801102027037, 103.63502481461488)
2026-02-19 01:01:23,300 - INFO - Processing record bff548ff-345e-4592-9290-0bfb37b0704d: TAMAN MEWAH (3.066388814999982, 101.414300637)
2026-02-19 01:01:24,861 - INFO - Progress: 30/100 in batch, Total: 21010/21579 overall
2026-02-19 01:01:24,861 - INFO - Processing record bff9e997-876c-4a3c-a8ca-b5117fc2f066: GURNEY HEIGHT KONDOMINUM (BLOK C & D),KONDOMINIUM LANAI GURNEY,TAMAN SETIAWANGSA ( JLN SETIAWANGSA 3, JALAN SETIAWANGSA 1A-5A) (3.1751308165558263, 101.73411796353642)
2026-02-19 01:01:26,330 - INFO - Processing record c00f6bba-8a59-4885-a685-ff6ccacf4b23: PRESINT 9 - JALAN P9B/7-B/12,PRESINT 9 - JALAN P9B1/4 - B1/5,PRESINT 9 - JALAN P9B1/7 - B1/13 (2.9443734344134027, 101.67365834052514)
2026-02-19 01:01:27,868 - INFO - Processing record c0206915-6f2d-446b-8070-95704762cbd6: TAMAN KOTA,TAMAN RAMBAI INDAH (2.886822598915732, 101.49339604769663)
2026-02-19 01:01:29,390 - INFO - Processing record c036d955-8344-4ecd-a351-d6fa745ecef0: JALAN ADENIUM 6, PRIMA BERUNTUNG (3.42330524142466, 101.55517951042468)
2026-02-19 01:01:30,916 - INFO - Processing record c03af8c5-9e52-46bc-9b86-d5aae702e1b1: DANGA BAY_AMBERSIDE BLOK 1A-1E, 9A, 9B, 8A, 8B,DANGA BAY_ROYAL STRAND (1.465858048848102, 103.72687719263922)
2026-02-19 01:01:32,443 - INFO - Processing record c0710f12-b4be-4232-bdf9-c6ed63b8878e: E6. BL PJU 8 MULBERRY EMPIRE RESIDENCE (3.1716706252721054, 101.60395922209524)
2026-02-19 01:01:33,967 - INFO - Processing record c08c6b55-7ba8-4856-98b4-b22666977d7d: TMN BERCHAM BARU,TMN LAPANGAN MELODI (4.553666597694269, 101.105174786293)
2026-02-19 01:01:36,145 - INFO - Processing record c0969d79-6a25-4247-a2d3-869a96b1c09e: TAMAN SRI SENTOSA (BLOK 55,57,59,61,63,65) (3.0719926419041075, 101.65009753258904)
2026-02-19 01:01:38,383 - INFO - Processing record c0c926d3-0b38-4878-b3ff-00e9b3b69b85: BANDAR SEREMBAN SELATAN FASA 2 (2.6645240931533323, 101.98310142526664)
2026-02-19 01:01:39,911 - INFO - Processing record c1099b90-12ab-4f62-86d8-d2a90d523a89: APPT JALAN 6C/11 SEKSYEN 16 BANDAR BARU BANGI (2.9457736408450725, 101.7619787135)
2026-02-19 01:01:42,191 - INFO - Progress: 40/100 in batch, Total: 21020/21579 overall
2026-02-19 01:01:42,191 - INFO - Processing record c1418ed1-7d24-4f7e-9d27-bb31693268db: E8. BU PJU 6A PELANGI UTAMA KONDO (3.1407999977446805, 101.61535420395744)
2026-02-19 01:01:43,657 - INFO - Processing record c153bd08-c7c4-44f2-b6a7-c81d66885a5f: INANAM LAUT (BAJAU),SURIA INANAM COMMERCIAL CENTRE (6.000443285412906, 116.13008916089032)
2026-02-19 01:01:45,194 - INFO - Processing record c16204c0-a3bd-4f56-9420-645fc64121cf: E13. USJ 6 (QTS GURU),E13. USJ 6/1 (SUBANG PERDANA GOODYEAR COURT 1) BLOK A,B,C,D,E,F,G,H,I,J,K,L,E13. USJ 6/1 (SUBANG PERDANA GOODYEAR COURT 2) BLOK M,N,O,P,Q,R,S,T,U,V,W,X (3.054999846580483, 101.5890289655561)
2026-02-19 01:01:46,721 - INFO - Processing record c1944172-ec43-4c05-8e44-2e836ad921ed: E9. KT SS 3(TERES 5)[JLN SS 3/29,33,35,37,64,64A,66,68,70,72,74,76,78] (3.0988514333137283, 101.6130992456536)
2026-02-19 01:01:48,241 - INFO - Processing record c1a940ee-10af-4cf3-a114-5143ae40a77c: TAMAN DATO HORMAT (JALAN NIPAH) (2.9027650889872607, 101.46095347762422)
2026-02-19 01:01:49,764 - INFO - Processing record c1e5f0a0-ed6d-4a23-b625-b14602e0f3a0: JALAN BANDAR BARU BATU 2,TAMAN MAWAR PUTIH,TAMAN RHU PERMAI (3.317677709165828, 101.27493640572864)
2026-02-19 01:01:51,282 - INFO - Processing record c1fbb387-cb4c-4059-a5d5-63f662cc4941: JALAN BERHALA (3.1284145679999824, 101.68799508)
2026-02-19 01:01:52,805 - INFO - Processing record c2188f3c-f624-4aa9-b552-d5880e4664f5: JK55 TAMAN TIARA,JK71 TMN. RODA EMAS,SN15 TAMAN EMAS,SN16 TAMAN LEEKA,SN26 TAMAN PASADENA,SN48 TAMAN DA HUA 5,SN58 TAMAN WIRA (4.263056078118389, 117.901081343602)
2026-02-19 01:01:54,594 - INFO - Processing record c23eb811-7485-49dc-9142-f0db35efde80: KAMPUNG JAWA JLN RAJA JUMAAT,TAMAN INDAH,TAMAN SRI ANDALAS 03,TAMAN SRI ANDALAS 19 (3.0270780807560964, 101.44962695201464)
2026-02-19 01:01:56,739 - INFO - Processing record c2570f0e-1ee2-4b3d-af95-668aa573be8b: E13. SS 15/5 (TERES),E13. SS 15/6 (TERES) (3.0790604621818187, 101.59184064285796)
2026-02-19 01:01:58,306 - INFO - Progress: 50/100 in batch, Total: 21030/21579 overall
2026-02-19 01:01:58,306 - INFO - Processing record c26eedf6-707b-4de2-be35-f6cca40ab3d4: JALAN BANDAR BARU BATU 2,TAMAN MAWAR PUTIH,TAMAN RHU PERMAI (3.317896052639175, 101.27492300336598)
2026-02-19 01:01:59,773 - INFO - Processing record c2f9af56-3ad7-4cda-a73e-2efbc18e11df: ENSING TIMUR (1.5141929578479545, 110.31168769824562)
2026-02-19 01:02:01,310 - INFO - Processing record c3051649-ad93-4f5b-9664-7726e38f959b: JALAN 12-28 TAMAN PUTRA,JALAN 5/1-5/9 TAMAN SRI RAYA,JALAN BUNGA DAHLIA 1-7 TAMAN SERAYA (3.1206054843717475, 101.76592762078438)
2026-02-19 01:02:02,834 - INFO - Processing record c34d9be3-2e2b-4dad-89de-93f49610c467: APT TERATAI TBR BB (3.444338693803922, 101.55477488470588)
2026-02-19 01:02:04,969 - INFO - Processing record c3628033-4849-4120-875c-e2780857d3b9: TAMAN SERANGKAI 2 (JLN SENANG RIA, JLN ENAK, JLN ENAK 1&2, JLN RAMAH),TAMAN SERANGKAI 4(LRG RAMAH,JLN 6/127A,JLN 1/128A-6/128A,LRG NIKMAT) (3.0781269711578965, 101.68571563265132)
2026-02-19 01:02:06,493 - INFO - Processing record c3b91805-af28-4e0c-adf2-5f181985bb84: TAMAN DESA BAIDURI,TMN KULAI UTAMA,TMN SG MAS,TMN SRI MUHIBAH (JLN BUNGA KERTAS A) (1.661663593589947, 103.58999857589684)
2026-02-19 01:02:08,021 - INFO - Processing record c3c64851-10a3-46a2-b7af-56bcc1ff4938: FLAT SIM SIM (5.855143793680272, 118.1287560587959)
2026-02-19 01:02:09,543 - INFO - Processing record c4448e3d-c318-4b6d-a0c2-71b30330049d: JK02 TMN. SEMARAK LOJI,JK04 TMN. SEMARAK PH.1,JK06 TMN. VICTORIA,JK38 KOLEJ VOKASIONAL TAWAU,JK47 KG. MUHIBBAH BAL,JK82 TAMAN MUHIBBAH JAYA 1,JK83 TAMAN MUHIBBAHJAYA 2,JK97 TAMAN SEMARAK LOJI ATAP BIRU (4.292980434660167, 117.89084610201394)
2026-02-19 01:02:11,325 - INFO - Processing record c473b270-a44b-47d0-82c2-e97708dd4a54: TAMAN SERANGKAI 2 (JLN SENANG RIA, JLN ENAK, JLN ENAK 1&2, JLN RAMAH),TAMAN SERANGKAI 4(LRG RAMAH,JLN 6/127A,JLN 1/128A-6/128A,LRG NIKMAT) (3.0781269711578965, 101.68571563265132)
2026-02-19 01:02:12,857 - INFO - Processing record c47a404a-1509-4ae1-96ab-8c6a72eb0c1c: TAMAN INDAH,TAMAN SRI ANDALAS 03,TAMAN SRI ANDALAS 19 (3.027075144809755, 101.44963225319025)
2026-02-19 01:02:15,029 - INFO - Progress: 60/100 in batch, Total: 21040/21579 overall
2026-02-19 01:02:15,030 - INFO - Processing record c4c9deb7-15f2-4d7f-ad2b-396992903294: E12. TM PJS 2D FLAT DESA MENTARI (BLOK 11) (3.076355078000006, 101.633338676)
2026-02-19 01:02:16,507 - INFO - Processing record c4ca52a9-f345-4fc0-9d50-d8b363c61678: PRESINT 8 - JALAN TEMOLEH,PRESINT 8 - TAMARA RESIDENCE @ AYER 8 (2.926956439871163, 101.680738701773)
2026-02-19 01:02:18,037 - INFO - Processing record c4f2c585-5b44-4651-a9b7-451e9ed58a78: FLAT MESRA RIA AMPANG CAMPURAN,FLAT SRI NILAM BANDAR BARU AMPANG,JALAN SERI MERDEKA 2-6 TAMAN SRI MERDEKA,LORONG IKAN EMAS 10-22 KAMPUNG AMPANG CAMPURAN,LORONG IKAN EMAS 7-9 KAMPUNG AMPANG CAMPURAN (3.1356233839962844, 101.77065329202604)
2026-02-19 01:02:20,280 - INFO - Processing record c511e184-47fd-4505-b1b5-b15358208245: E8. BU PJU 1 (3) - (JALAN PJU 1/3 , 1/3A - 1/3F, 1/4 , 1/4A , 1/5 - 1/10),E8. BU PJU 6 BU 12 [JLN 12/1 - 12/10],E8. BU SS 26 (APT LILY) (3.122096282030703, 101.60003833599124)
2026-02-19 01:02:22,530 - INFO - Processing record c5511ac6-2b13-473c-810b-18f7509419a3: KAMPUNG BARU (3.1658976477323963, 113.05567225661268)
2026-02-19 01:02:24,061 - INFO - Processing record c57c7d8a-6e23-46ff-8c4a-91fb8c7cec4e: E15. PST BDR PUCHONG (JLN WAWASAN 3) (3.033937473095892, 101.6218229964315)
2026-02-19 01:02:25,578 - INFO - Processing record c5be4283-f990-4e8c-a527-9e501f96dacb: JALAN CARPENTER (1.5583144827605608, 110.3470083149648)
2026-02-19 01:02:27,100 - INFO - Processing record c5bedc62-8560-49b2-8f4a-b9bd122c50bc: TMN PELANGI_ZON E (1.479183736013069, 103.7776053948366)
2026-02-19 01:02:28,620 - INFO - Processing record c5e63275-0c15-4b26-8404-5f02c11acb38: TMN BUKIT INDAH_JLN INDAH 22/ (1.4723405278999993, 103.65514790110666)
2026-02-19 01:02:30,791 - INFO - Processing record c60f0639-0336-4645-8184-6562cd4139a4: BLOK AE-AM FLAT PANDAN INDAH,BLOK RP 1 - RP 4 TAMAN LEMBAH MAJU,JALAN PANDAN PERDANA 10 TAMAN PANDAN PERDANA (3.123474462888887, 101.74992245732064)
2026-02-19 01:02:32,357 - INFO - Progress: 70/100 in batch, Total: 21050/21579 overall
2026-02-19 01:02:32,357 - INFO - Processing record c628dc57-dd4a-4012-9459-e91f99c9af3d: TMN PELANGI_ZON E (1.479183736013069, 103.7776053948366)
2026-02-19 01:02:33,816 - INFO - Processing record c6621d9b-37f5-42df-95db-16bb0c166c32: KG BARU SUNGAI ARA,TAMAN SRI ACRES (5.319611036313725, 100.2730335391242)
2026-02-19 01:02:35,358 - INFO - Processing record c6839e97-92b7-4edd-82b1-78e82ff677fa: CYBERSQUARE APEX TOWER,CYBERSQUARE VERTEX TOWER (2.919103130006713, 101.65675915226176)
2026-02-19 01:02:36,881 - INFO - Processing record c6943a6e-feb7-4e6c-b50f-cfb847c70760: SN15 TAMAN EMAS (4.262566375999995, 117.898921299)
2026-02-19 01:02:38,409 - INFO - Processing record c7178a68-0bb7-44cd-a44e-f96159f4dbfc: E16. TMN PUNCAK JALIL 1C (RUMAH KEDAI: JLN PUJ 1/17-1/18),E8. BU PJU 1 (4) - (JALAN PJU 1/11 - 1/24),E8. BU PJU 6 BU 11 (TERES 1) [JLN 11/8 - 11/17],E8. BU PJU 6 BU 12 [JLN 12/1 - 12/10] (3.127215675805971, 101.60289916184328)
2026-02-19 01:02:40,564 - INFO - Processing record c71a53e7-2c95-4868-a167-45c96f845ee6: JALAN SENTUL RIA 1 - LORONG SENTUL JAYA 1,KONDOMINIUM SRI SUAJAYA (BLOK 200, 202, 204),SENTUL PASAR (LORONG SENTUL BAHAGIA 4) (3.1970273559929074, 101.69039318241845)
2026-02-19 01:02:42,327 - INFO - Processing record c75d39e4-6899-496c-96ec-d3416bca15b5: KAMPUNG BARU (3.1658976477323963, 113.05567225661268)
2026-02-19 01:02:43,849 - INFO - Processing record c75fe210-a50d-45d4-acd0-083e9ef88108: E11. SRI SS 7 KELANA PUTERA KONDO,E11. SRI SS 7 KELANA PUTERI KONDO (3.108087835803799, 101.59357077797468)
2026-02-19 01:02:45,381 - INFO - Processing record c76148dd-06c5-409c-b1e6-12f415d18870: TMN MUTIARA RINI_JLN UTAMA 34-46 (1.520237797110391, 103.6370312628896)
2026-02-19 01:02:46,899 - INFO - Processing record c77d76e8-cbba-46d3-aa5f-3cd78d81bbb9: FLAT SRI JOHOR A(BLOK1-23),TAMAN IKAN EMAS (LRG IKAN EMAS 1-5) (3.1148362259878053, 101.71827721083535)
2026-02-19 01:02:48,717 - INFO - Progress: 80/100 in batch, Total: 21060/21579 overall
2026-02-19 01:02:48,717 - INFO - Processing record c7903f7b-2022-42ed-9cce-bb69f8ec188a: E1. SEKSYEN 11 (KUARTERS POLIS) (3.076403503960526, 101.5253903965658)
2026-02-19 01:02:50,189 - INFO - Processing record c7b29a1e-3eb5-47b2-ba9c-cdb2f9e28a0b: TAMAN PENGGAWA,TMN.  BENDAHARA (3.3239123495151537, 101.26622572896363)
2026-02-19 01:02:51,741 - INFO - Processing record c7b2f070-63c6-4ac8-967f-f8aeeea02c55: TMN DESA JAYA ZON 4,TMN DESA JAYA ZON 7 (3.2184296676473445, 101.62629379222705)
2026-02-19 01:02:53,263 - INFO - Processing record c7b8476b-9a2e-458b-8b12-cfc197d8daf4: KAWASAN PERNIAGAAN NILAI 3 (JLN. 3/1, 3/3, 3/5, 3/6, 3/7, 3/8, 3/10, JLN. MEKANI,KAWASAN PERNIAGAAN NILAI 3 (JLN. 3/2, 3/4, 3/9, 3/11, 3/13, 3/15, 3/17, 3/19) (2.855675733595349, 101.8028412311814)
2026-02-19 01:02:55,042 - INFO - Processing record c7bce863-d0e2-4639-89ba-6764dfd48fab: JALAN TAMING KIRI 1-6 TAMAN TAMING JAYA (3.0256620364933355, 101.74457688351332)
2026-02-19 01:02:56,566 - INFO - Processing record c7cf0cb3-a9c0-4a48-8155-b0005b20cc59: POLITEKNIK IBRAHIM SULTAN,TMN SCIENTEX_JLN PELANDUK (1.5065579904848467, 103.91651051009696)
2026-02-19 01:02:58,091 - INFO - Processing record c7e91d28-3dc6-4587-a1e8-5a574e1b6c4f: E5. SEKSYEN U3 SUBANG PERDANA : JALAN DINAR (RUMAH KEDAI/KEDAI) (3.14906336653125, 101.54534729821876)
2026-02-19 01:02:59,613 - INFO - Processing record c7f23830-68be-43fb-9551-cc7f79c4e502: PERSIARAN HAMZAH ALANG 07 (3.135502845326528, 101.38659127004082)
2026-02-19 01:03:01,139 - INFO - Processing record c7fd1f8e-73ae-4ae3-83c4-9809ce6f21d8: TMN PASIR PUTIH_JLN ASLI (1.47614005165563, 103.93151234355628)
2026-02-19 01:03:02,667 - INFO - Processing record c801f1a0-067e-44fa-866c-76605aa9a2ea: TMN BKT RAWANG JAYA (ZON B),TMN BKT RAWANG JAYA (ZON D) (3.333824812684933, 101.5864534690548)
2026-02-19 01:03:04,227 - INFO - Progress: 90/100 in batch, Total: 21070/21579 overall
2026-02-19 01:03:04,227 - INFO - Processing record c8114d48-385d-47a4-9bad-e9b1f20399af: APPT RESIDENSI BISTARIA,FLAT AL-RIDHUAN (3.196399188514285, 101.76543574809716)
2026-02-19 01:03:05,696 - INFO - Processing record c815f34e-2a89-4863-b243-7ac544779b6c: JALAN SENTUL RIA 1 - LORONG SENTUL JAYA 1,KONDOMINIUM SRI SUAJAYA (BLOK 200, 202, 204),SENTUL PASAR (LORONG SENTUL BAHAGIA 4) (3.1970273559929074, 101.69039318241845)
2026-02-19 01:03:07,230 - INFO - Processing record c81a3c41-c9ae-47e5-af12-409ab2f5d503: E13. USJ 15(SBG PERDANA GOODYEAR COURT 10A)BLOK A(A,B,C,D,E,F,G,H,J,K,L,M,N,P,Q),E14. USJ 18 (3.0358663289378875, 101.5823506739938)
2026-02-19 01:03:08,758 - INFO - Processing record c8533d4d-3f66-456e-8f78-92e3dd73447c: E1. SEKSYEN 16 (FLAT C : BLOK 17 - 26) (3.059763853999982, 101.50726584300004)
2026-02-19 01:03:10,270 - INFO - Processing record c85e6518-3db8-4e6b-9857-4fc2f3d3db45: JALAN RASAH,TAMAN LUCKY (2.704297500602093, 101.94189242990052)
2026-02-19 01:03:11,803 - INFO - Processing record c8ca0a52-3a17-4731-8a62-b69a70cc05d3: TMN. SEJAHTERA (1.856762648675496, 102.93430652419867)
2026-02-19 01:03:13,326 - INFO - Processing record c8dbf1ea-e49f-408f-951a-074ca1099b18: TAMAN DATO HORMAT (JALAN NIPAH) (2.9027650889872607, 101.46095347762422)
2026-02-19 01:03:14,907 - INFO - Processing record c92857a5-19b3-4971-98b4-ca9da4ebad6b: TAMAN BANDAR EKAR RANTAU FASA 1 (2.592900051972789, 101.95875269057144)
2026-02-19 01:03:16,450 - INFO - Processing record c92e4367-6cef-4150-b8a9-b0a94bf5ca2a: KAMPUNG BUKIT KAPAR JALAN ISKANDAR 02 (3.162674466725352, 101.43470057661268)
2026-02-19 01:03:17,951 - INFO - Processing record c933f06e-ec60-4329-92aa-ec4bf5e19e25: APARTMENT CEMPAKA PURI 1 & 2,FLAT CEMPAKA PURI 4 (BLOK A-M) (2.803321913228395, 101.77250151698765)
2026-02-19 01:03:19,512 - INFO - Progress: 100/100 in batch, Total: 21080/21579 overall
2026-02-19 01:03:19,536 - INFO - Batch completed: 100 records in 162.0s
2026-02-19 01:03:19,536 - INFO - Overall progress: 21080/21579 (499 remaining)
2026-02-19 01:03:19,537 - INFO - Estimated time remaining: 0.2 hours
2026-02-19 01:03:21,574 - INFO - Found 100 records to geocode
2026-02-19 01:03:21,574 - INFO - Processing record c978e5bd-ac5f-4794-a147-55b01603208c: TMN SRI DERMAWAN (4.627230900631868, 101.12211546043956)
2026-02-19 01:03:21,939 - INFO - Processing record c9a3891d-e1e5-474b-b8f9-0a7a274592cd: TAMAN INDAH,TAMAN SRI ANDALAS 03,TAMAN SRI ANDALAS 19 (3.0271354952561564, 101.4496425643596)
2026-02-19 01:03:23,470 - INFO - Processing record ca04b663-c5cc-4202-838e-2eb823d39ec3: SN39 TAMAN EASTERN (4.275412740703226, 117.90863680747096)
2026-02-19 01:03:24,991 - INFO - Processing record ca073849-9af7-4818-858a-7925b6d167d1: TMN. SRI ALAM,TMN. SRI KENANGAN (2.564360482993193, 102.72421484528572)
2026-02-19 01:03:26,514 - INFO - Processing record ca11e571-6bba-430c-b574-5390713f34bd: TAMAN SRI RAMPAI (JALAN MEGAN SETAPAK) (3.194394880999994, 101.73005375499996)
2026-02-19 01:03:28,040 - INFO - Processing record ca2d4e40-8340-469d-8ac5-d3522b50123d: TAMAN KOTA,TAMAN RAMBAI INDAH (2.886248014544044, 101.49319018645076)
2026-02-19 01:03:29,562 - INFO - Processing record ca717cf5-cc49-48c0-ad46-20fece670307: CONDO KG WARISAN,SRI MAYA CONDO (3.1751308165558263, 101.73411796353642)
2026-02-19 01:03:31,088 - INFO - Processing record ca8c26e7-d8a7-4cd3-b6ed-54e620420513: TAMAN BUKIT CHEDANG (JALAN BELIDA) (2.693974535014086, 101.92220362838027)
2026-02-19 01:03:32,604 - INFO - Processing record ca8dad76-5942-4873-adea-ebfc0f975b07: E10. BG SEK 1A (TERES 1 : JLN CAREY DAN LORONG 1A/71,71ABCDEFGHIJKMN,1A/73,73AB),E10. BG SEK 5 FLAT GASING INDAH (BLOK A , B , C , D , E) (3.08515064168966, 101.6574839444368)
2026-02-19 01:03:34,136 - INFO - Processing record ca8e7da2-021b-47b1-b8ce-597581458a08: KG BARU SENGKANG (1.689205818963634, 103.57218340296365)
2026-02-19 01:03:35,696 - INFO - Progress: 10/100 in batch, Total: 21090/21579 overall
2026-02-19 01:03:35,696 - INFO - Processing record caa28d83-7da2-456e-b8a2-264ba1bb0ac5: TAMAN ANGSAMAS (FASA 1),TAMAN ANGSAMAS (FASA 2) (2.6483752281666693, 101.92580208620667)
2026-02-19 01:03:37,164 - INFO - Processing record cae4841d-9151-40f4-925c-dcd30f4ca6e4: E11. SRI PJS 10 APT SRI SUBANG,E11. SRI PJS 10 RIDZUAN KONDO,E11. SRI PJS 8  FLAT PKNS (3.0770864402256617, 101.6072208467522)
2026-02-19 01:03:39,341 - INFO - Processing record cae9d541-575f-4522-8145-59fb84555468: APARTMENT BAYU VILLA,APARTMENT VISTA BAYU,APARTMENT VISTA INDAH PUTRA (3.01820246249162, 101.42942109366484)
2026-02-19 01:03:40,861 - INFO - Processing record cb086d76-1452-46fc-ade1-0e3c58709177: APPT DESA TEMENGGONG,FLAT PINGGIRAN BT CAVES ZON C,KG MELAYU WIRA DAMAI,TMN PINGGIRAN BATU CAVES FASA 3 (3.2524979335675663, 101.69203189154956)
2026-02-19 01:03:42,392 - INFO - Processing record cb13f743-5f54-4782-99ca-18be5ea245d4: PPR BATU MUDA (BLOK A, B, C DAN D) (3.207671472643313, 101.6827393046688)
2026-02-19 01:03:43,925 - INFO - Processing record cb1fe1be-41d6-4fda-8c5c-0e5ba0f80a56: E13. TMN SUBANG HITECH (PAISLEY RSDNCE, SRI KDU INTERN SCH, TROPICANA METROPARK),E13. TMN SUBANG HITECH (PALOMA SERVICED RESIDENCES & COURTYARD VILLAS, TROPICANA (3.0709110884562505, 101.56389657821876)
2026-02-19 01:03:45,438 - INFO - Processing record cb203e24-b2d2-4965-af19-ac930ffdd696: PANGSAPURI PANDANMAS (3.1397509560443018, 101.73696730314558)
2026-02-19 01:03:46,960 - INFO - Processing record cb7458ba-a3f2-4d49-864b-871f0034ecff: TAMAN SEREMBAN 3 (JLN. SEREMBAN TIGA 1-4),TAMAN SEREMBAN 3 (JLN. SEREMBAN TIGA 27-32) (2.6719070713, 101.930776335675)
2026-02-19 01:03:49,115 - INFO - Processing record cbbc5c22-a2d1-435a-a784-2ac9fc7cfef6: TAMAN INDAH,TAMAN SRI ANDALAS 19 (3.0270834900098995, 101.4495486022475)
2026-02-19 01:03:51,252 - INFO - Processing record cbce238e-186e-4a06-bd8c-8a95e168a7f3: KG. CENDERAMATA,TAMAN KEMAJUAN LIKAS (6.001266774563637, 116.11724434282424)
2026-02-19 01:03:53,450 - INFO - Progress: 20/100 in batch, Total: 21100/21579 overall
2026-02-19 01:03:53,450 - INFO - Processing record cbe74414-2682-449b-bb66-e499662e9fe3: E4. SEKSYEN U7 (TUDM SUBANG A : BLOK G1 - G9),E4. SEKSYEN U7 (TUDM SUBANG D : BLOK F1 - F9 & BLOK E1 & E2) (3.1141430936095915, 101.543705939)
2026-02-19 01:03:54,941 - INFO - Processing record cbf56de0-1f14-420a-a1d3-41dd93971abd: KG SEGA TAT,KG SIMPANG BADANG (3.982091725588957, 101.9085630706994)
2026-02-19 01:03:56,476 - INFO - Processing record cc288599-f3d3-4208-acb1-5cb9138e0b17: TAMAN FAJAR FASA 1,TAMAN FAJAR FASA 2,TAMAN FAJAR FASA 3 (5.885959397513227, 118.05400572497884)
2026-02-19 01:03:58,004 - INFO - Processing record cc47b1b6-b838-4950-b1ae-6f38b15c66a5: TAMAN MELATI ( KENARI APPT ) (3.224269568000011, 101.727458673)
2026-02-19 01:03:59,530 - INFO - Processing record cc91f715-a56a-4d85-90e2-a1dd53891a9e: TMN. RONA (1.8630685015704236, 103.11537989705634)
2026-02-19 01:04:01,052 - INFO - Processing record ccd29b08-d147-4b00-aedc-579a3b8dad6c: E13. TMN PINGGIRAN USJ 1,E13. TMN PINGGIRAN USJ 2 (3.0516143207586195, 101.55912572240888)
2026-02-19 01:04:02,579 - INFO - Processing record ccd29c13-aad1-45f2-a5f3-85e4a2d2d44e: E13. SS 15/5 (TERES),E13. SS 15/6 (TERES) (3.0790604621818187, 101.59184064285796)
2026-02-19 01:04:04,099 - INFO - Processing record ccfed8f9-e46c-4f8f-819c-9fe12d93eb74: APPT TAMAN TENAGA,JALAN HENTIAN 1 HENTIAN KAJANG,TAMAN TENAGA DAN RUMAH KEDAI JALAN 1 TAMAN TENAGA (2.958036760544643, 101.7897347481518)
2026-02-19 01:04:05,882 - INFO - Processing record cd00b127-a1c9-4bee-8cf4-e8dd2c4aa17c: LANDUNG AYANG DARAT (6.885402956873242, 116.84097346782391)
2026-02-19 01:04:07,400 - INFO - Processing record cd254991-9b8e-462c-9115-fad6b619f6e3: E6. BL PJU 9 SD 13 APT SRI MERANTI (2) [H,J,K,L,M,N,P,Q,R] (3.1926946940000107, 101.60213905400002)
2026-02-19 01:04:08,963 - INFO - Progress: 30/100 in batch, Total: 21110/21579 overall
2026-02-19 01:04:08,964 - INFO - Processing record cd5267a1-2e15-4f88-bea9-8fd63ecdfb4c: E4. SEKSYEN U7 (TUDM SUBANG A : BLOK G1 - G9),E4. SEKSYEN U7 (TUDM SUBANG D : BLOK F1 - F9 & BLOK E1 & E2) (3.1141430936095915, 101.543705939)
2026-02-19 01:04:10,430 - INFO - Processing record cd7a68e9-72c9-4068-aa27-46622806463b: KG. MERDEKA 2,TMN. TANAH MERAH (1.8503595534090915, 102.94245775695076)
2026-02-19 01:04:11,975 - INFO - Processing record cd89dfd4-a2ad-4a54-8fbf-a1b6a3d88282: JALAN REJANG 15 (RESIDENSI RAMPAI 2),PPR WANGSA SARI SEKSYEN 1 WANGSA MAJU,SEK 1 WANGSA MAJU BLOK  D,SEK 1 WANGSA MAJU BLOK E,SEK 2 WANGSA MAJU ( MENARA ALPHA KONDOMINIUM),SEK 2 WANGSA MAJU (BLOK A1-A19),TAMAN SRI RAMPAI (JALAN MEGAN SETAPAK),TAMAN SRI RAMPAI B (JLN 13/26 - 22/26)),TAMAN SRI RAMPAI F (JLN 47/26 - 66/26),TAMAN SRI RAMPAI G (JLN67/26 - 81/26) (3.200727882098672, 101.73190788528083)
2026-02-19 01:04:14,237 - INFO - Processing record cd9d3f76-db51-4da9-abf8-f2a085b3bd94: FLAT SENTUL UTAMA,FLAT SENTUL UTARA,TAMAN DATO SENU (JALAN DATO SENU 31-35),TAMAN DATO SENU (JALAN DATO SENU 36-40) (3.1951415438392883, 101.6981484710893)
2026-02-19 01:04:15,761 - INFO - Processing record cd9ec757-5935-460f-8a8f-f22d27f7f2fa: FLAT UDA (BLOK E-K) (5.461901335192307, 100.30790861601282)
2026-02-19 01:04:17,284 - INFO - Processing record cda6cb1d-e9e4-482a-93f0-fd15e57af81b: FLAT DANAU KOTA (BLOK A,B,C) (3.201022620999993, 101.71417868499998)
2026-02-19 01:04:18,806 - INFO - Processing record cdabeb96-83c9-4746-9477-187c42140a30: KG TINUSA 2 LAUT (A) (5.888574930433496, 118.09240950408866)
2026-02-19 01:04:20,333 - INFO - Processing record cdc67009-1634-406c-a288-eaecae8bc3c3: E11. SRI PJS 5 (AERA RESIDENCE),E11. SRI PJS 5 TMN DESA RIA (PST KOMERSIAL) [JLN PJS 5/2, 5/4],E11. SRI PJS 5 TMN DESA RIA (PST KOMERSIAL) [JLN PJS 5/27-5/30],E12. TM PJS 1 APT PETALING PERDANA 2 (BLOK I - P],E12. TM PJS 2 APPT TAMAN MEDAN JAYA,E12. TM PJS 2B PUSAT KOMERSIAL,E12. TM PJS 2C APT MEDAN CAHAYA 1 (BLOK A , B , C),E12. TM PJS 2C APT MEDAN CAHAYA 2 (BLOK D , E , F),E12. TM PJS 2C APT MEDAN JAYA (BLOK I),E12. TM PJS 2C TMN MEDAN (TERES 2) [JLN PJS 2C/12,14,16,16A-C,18,19,20,21,22],E12. TM PJS 2C TMN MEDAN (TERES 4) [JLN PJS 2C/11,2C/11A,B,C,D,F,G,H,J,K,L,28,2],E12. TM PJS 2C TMN MEDAN (TERES 5) [JLN PJS 2C/5,1,2,4,6,8,10,PJS 2/2,1],E12. TM PJS 2D FLAT DESA MENTARI (BLOK 11),E12. TM PJS 2D TMN MEDAN (TERES 1) [JLN PJS 2D/15 , PJS 2D/15A - PJS 2D/15E],E12. TM PJS 2D TMN MEDAN (TERES 2) [JLN PJS 2D/2,4,5,6,7,8,8C,8D,9,10,11,12,14],E12. TM PJS 3 FLAT DESA SEPAKAT (BLOK A , B) [JLN PJS 3/22],E12. TM PJS 3 FLAT TMN SRI MANJA (BLOK LC1C , LC2B , LC3A) [JLN PJS 3/44],E12. TM PJS 3 TMN BUANA PERDANA (JLN PJS 3/23 -3/29 ),E12. TM PJS 3 TMN MEDAN BARU (TERES 3) [JLN MEDAN 11,12,13,14,15,22,23],E12. TM PJS 3 TMN MEDAN BARU (TERES 5) [JLN MEDAN 29,30,31,32],E12. TM PJS4 TMN INDAH JAYA(TERES 2)[JLN PJS 4/2,4,8,9,10,19,19A,21,21A],E12. TM TMN DATO HARUN (TERES 2) [JLN PJS 2/12 , 2/16 , 2/21A , 2/21B , 2/27B],E12. TM TMN DATO HARUN (TERES 3) [JLN 11,13,2/8,2/15,2/17,PJS 2/2,2/4],E12. TM TMN DATO HARUN (TERES 4) [JLN 2/1,3,LRG 7A,7C, PJS 2C/1,2,3,4,5,6,8,10],E14. TMN KINRARA JLN TK 4 (PANGSAPURI CERIA),E14. TMN KINRARA JLN TK 4 (PANGSAPURI KINRARA RIA),E14. TMN KINRARA JLN TK 4 (PANGSAPURI KOS RENDAH) (3.075738618475942, 101.63774373449417)
2026-02-19 01:04:21,855 - INFO - Processing record cdc86dbc-f683-4bdc-866c-7216169dd81f: KG. MERDEKA 2,TMN. TANAH MERAH (1.8503567278143944, 102.94245915764394)
2026-02-19 01:04:24,097 - INFO - Processing record ce19aa38-aab3-4cd0-9a51-2ebc09053c33: E13. SS 14/1,E13. SS 17/1,E13. SS 18/3,E13. SS 18/4,E13. SS 19/1 (3.07201254256136, 101.58120735375196)
2026-02-19 01:04:26,267 - INFO - Progress: 40/100 in batch, Total: 21120/21579 overall
2026-02-19 01:04:26,268 - INFO - Processing record ce1a402f-f261-4f04-ab46-7d582cbb1075: TMN. RONA (1.8630685015704236, 103.11537989705634)
2026-02-19 01:04:27,747 - INFO - Processing record ce2c6aeb-d114-47e1-a105-97b62fbbd03c: APARTMENT BAYU VILLA,APARTMENT VISTA INDAH PUTRA (3.0186254508037984, 101.4288023340633)
2026-02-19 01:04:29,286 - INFO - Processing record ce558502-f0f2-4893-9986-6a9e3f36750e: TAMAN MEWAH (3.066388814999982, 101.414300637)
2026-02-19 01:04:30,813 - INFO - Processing record ce57b5f6-cec1-4e43-bc8c-96598a2e1d3f: SN15 TAMAN EMAS,SN16 TAMAN LEEKA (4.262051547365712, 117.89968184256573)
2026-02-19 01:04:32,333 - INFO - Processing record ce581286-c2dc-4c1a-9892-cacebfefcf92: TAMAN BAIDURI (2.4585845870563365, 102.22380885327463)
2026-02-19 01:04:34,473 - INFO - Processing record ce5ed60b-08d2-4b68-9206-dfbc09e8bd27: TAMAN EKA MATAHARI ( SELASIH ),TAMAN EKA MATAHARI ( SERAI ) (2.691943153775754, 101.7981158611212)
2026-02-19 01:04:36,001 - INFO - Processing record ce9fe90d-5cf0-42e8-919d-98bc8b1084ec: KG. MERDEKA 2,TMN. TANAH MERAH (1.8503555527406008, 102.942459031703)
2026-02-19 01:04:37,766 - INFO - Processing record cebd3dcc-bf00-4a6d-9277-62f010de0813: E13. SS 15/5 (TERES),E13. SS 15/6 (TERES) (3.0790604621818187, 101.59184064285796)
2026-02-19 01:04:39,466 - INFO - Processing record cec2ee31-ea56-45a3-8a17-158336b96014: TAMAN SINAR BARU (5.968953624547299, 116.09657646832432)
2026-02-19 01:04:41,227 - INFO - Processing record cec7a294-967d-48b8-a164-b9252c8ff4be: PPR PINGGIRAN 1 (BLOK A,B,C,D,E,F) (3.0467103761739134, 101.65347706774534)
2026-02-19 01:04:42,854 - INFO - Progress: 50/100 in batch, Total: 21130/21579 overall
2026-02-19 01:04:42,855 - INFO - Processing record ceca904a-2e7a-4d99-894d-38da33f8b125: APPT DESA 1,TMN DESA JAYA ZON 5,TMN USAHA JAYA ZON C (3.212190417842325, 101.61812822964316)
2026-02-19 01:04:44,280 - INFO - Processing record ceeb69f8-0e03-4241-881f-24aabe8e3323: TMN HOOVER (4.583037078973546, 101.08371188151852)
2026-02-19 01:04:45,824 - INFO - Processing record cf0f693a-b121-48d4-927e-45abec91e938: TAMAN SRI PINANG (5.406478994691782, 100.32296066603423)
2026-02-19 01:04:47,356 - INFO - Processing record cf52b861-78e6-4467-83d6-7b2763ef8507: APPT MAS AYU (3.259032478790541, 101.65832919810136)
2026-02-19 01:04:49,492 - INFO - Processing record cf667445-1d08-482e-b69b-218e6b3bc6a2: FLAT INDUSTRI LEMBAH JAYA SELATAN,PANGSAPURI SRI INTAN LEMBAH JAYA SELATAN (3.1385698016424213, 101.78162410420606)
2026-02-19 01:04:51,014 - INFO - Processing record cf69b0c2-a866-464b-bcae-c9d4f6e8f568: TMN. TANAH MERAH (1.8500817775696188, 102.94620260136077)
2026-02-19 01:04:53,283 - INFO - Processing record cfa3a80c-26fe-4782-85e0-84965f0f5d0f: E13. USJ 6 (QTS GURU),E13. USJ 6/1 (SUBANG PERDANA GOODYEAR COURT 1) BLOK A,B,C,D,E,F,G,H,I,J,K,L,E13. USJ 6/1 (SUBANG PERDANA GOODYEAR COURT 2) BLOK M,N,O,P,Q,R,S,T,U,V,W,X (3.054999846580483, 101.5890289655561)
2026-02-19 01:04:54,805 - INFO - Processing record cfac10ab-0e74-418f-92a4-cf0215f51c64: TMN BKT INDAH FASA 2 (ZON 2),TMN BKT INDAH FASA 3 ZON 2 (3.1520962115696984, 101.7785908281091)
2026-02-19 01:04:56,328 - INFO - Processing record cfb9c181-b4ba-4d91-bebc-82ead0fefa52: JK02 TMN. SEMARAK LOJI (4.297032863000027, 117.88968284199996)
2026-02-19 01:04:57,860 - INFO - Processing record cfc7172f-ccfe-415c-aac3-1630d33e5d48: E12. TM PJS 2D FLAT DESA MENTARI (BLOK 11) (3.076355078000006, 101.633338676)
2026-02-19 01:04:59,429 - INFO - Progress: 60/100 in batch, Total: 21140/21579 overall
2026-02-19 01:04:59,430 - INFO - Processing record d001cb80-d4f8-4d0e-90c6-7e6f24e916a6: E17. TMN SERDANG PERDANA (PERDANA SELATAN - SOUTH CITY CONDO),E17. TMN SERDANG PERDANA (PERDANA SELATAN - SOUTH CITY PLAZA),E17. TMN SERDANG PERDANA SP 2 (RUMAH KEDAI) (3.0294760596158565, 101.70914636813414)
2026-02-19 01:05:00,897 - INFO - Processing record d0387d55-c705-4d25-990f-cffbddd15932: E11. SRI PJS 10 APT SRI SUBANG,E11. SRI PJS 10 APT SUBANG VILLE EHSAN,E11. SRI PJS 10 RIDZUAN KONDO,E11. SRI PJS 8  FLAT PKNS,E13. SS 12 (PERSIARAN WANGSA BAIDURI 1-4),E13. SS 12 PERSIARAN WANGSA BAIDURI - (SPRING VILLA & SUMMER VILLA CONDOMINIUM) (3.07743021617152, 101.60473713172168)
2026-02-19 01:05:02,695 - INFO - Processing record d06fd06a-c10a-4a40-81d4-47497fdd5f0d: CONDO KG WARISAN,SRI MAYA CONDO (3.175662768196297, 101.73750698190184)
2026-02-19 01:05:04,223 - INFO - Processing record d0818a06-0dc3-4c58-aa93-c1060b7732e4: APT DESA SKUDAI (BLOK1-4) (1.5364801102027037, 103.63502481461488)
2026-02-19 01:05:05,746 - INFO - Processing record d0a15613-4d72-4e71-8592-7632d065921d: E10. BG SEK 16 KOLEJ KEDIAMAN KE-13 UNIVERSITY MALAYSIA,E9. KT SS 2 (1) [JLN SS 2/1-2/4, 2/4A,4B, 2/5-2/23, 2/25, 2/25A],E9. KT SS 2 (AMEERA KONDO),E9. KT SS 2 (KEN DAMANSARA KONDO 3) (3.12145915887234, 101.6252435660085)
2026-02-19 01:05:07,268 - INFO - Processing record d0a29f57-bcda-4d8b-8b1e-b831b1ef6038: TAMAN INDAH,TAMAN SRI ANDALAS 03,TAMAN SRI ANDALAS 19 (3.027075144809755, 101.44963225319025)
2026-02-19 01:05:08,795 - INFO - Processing record d0a6c36b-ca5b-4408-bec1-a3ebc6dad11b: SUDOH (1.486714522809861, 110.1664968409507)
2026-02-19 01:05:10,312 - INFO - Processing record d0fb7084-e6e8-4801-a54d-f669c0cfecc5: PPR SRI ALAM B (BLOK 6 - BLOK 9) (3.126886507748694, 101.7078882434398)
2026-02-19 01:05:11,835 - INFO - Processing record d1133316-989a-4644-b2b9-26c7f92b9592: JALAN 3/23-28,3/35-37 SEKSYEN 3 BANDAR BARU BANGI (2.9405764580000096, 101.782153048)
2026-02-19 01:05:13,357 - INFO - Processing record d13597fc-6364-4363-8e55-1e978cbe1b46: CONDO SYMPHONY HEIGHT,SYHMPHONY HEIGHT CONDO (3.233363939217687, 101.67513070286394)
2026-02-19 01:05:14,918 - INFO - Progress: 70/100 in batch, Total: 21150/21579 overall
2026-02-19 01:05:14,918 - INFO - Processing record d1368a1d-12c6-4b66-860b-320036b937d4: KAMPUNG JAWA JALAN BUKIT JATI 01,KAMPUNG JAWA LORONG KOTA RAJA 04 (3.0306173486964303, 101.46161677545238)
2026-02-19 01:05:16,392 - INFO - Processing record d17406e5-6c1b-47ac-800e-e3ab7e7da0c4: APPT DESA TEMENGGONG,FLAT PINGGIRAN BT CAVES ZON C,KG MELAYU WIRA DAMAI,TMN PINGGIRAN BATU CAVES FASA 3 (3.2524979335675663, 101.69203189154956)
2026-02-19 01:05:17,939 - INFO - Processing record d1cc3057-f1fc-4c1a-b112-0edaa13cbb27: FLAT DESA MUTIARA SUNGAI JELOK (3.0012174495751647, 101.8014422544183)
2026-02-19 01:05:19,459 - INFO - Processing record d1e9b6d7-8dbc-4424-8a14-b24a8d36007d: KUARTERS PERTANIAN GOMBAK SETIA (3.2165700381111124, 101.714982803672)
2026-02-19 01:05:20,977 - INFO - Processing record d2140fec-9f7a-4094-9d11-988e48dad109: APPT MAS AYU (3.259032478790541, 101.65832919810136)
2026-02-19 01:05:22,508 - INFO - Processing record d219e3d7-9196-4556-81e5-cf13e52def6f: JALAN CJ 2,CJ8,CJ10 DAN CJ11 TAMAN CHERAS JAYA,JALAN CJ 4 TAMAN CHERAS JAYA,TAMAN TAMING MAJU (3.02084294908602, 101.75900419373475)
2026-02-19 01:05:24,020 - INFO - Processing record d22b4a8d-ac8d-40c1-976c-3c5dccc7511e: DESA PARK CITY (THE BREEZEWAY) (3.1850247210753384, 101.6332515296644)
2026-02-19 01:05:25,850 - INFO - Processing record d22c2874-8c9b-4e47-aaa3-e14c358d8101: E5. SEKSYEN U19 (KBSB : JLN WELFARE) (3.08684424576761, 101.49568232757042)
2026-02-19 01:05:27,367 - INFO - Processing record d23e5f63-cd75-4f3f-bfb3-08d663526678: BANDAR MENJALARA (JALAN 13 HINGGA 15/62B),KAMPUNG SEGAMBUT DALAM,KONDOMINIUM TWY,MONT KIARA (BAYU KONDO),MONT KIARA (INSPIRASI MONT KIARA),MONT KIARA (MK 28) (3.173048723873832, 101.65158401305608)
2026-02-19 01:05:29,161 - INFO - Processing record d24b8ca4-9f63-4e5b-896f-1482f21b9082: PRESINT 9 - JALAN P9B/7-B/12,PRESINT 9 - JALAN P9B1/4 - B1/5,PRESINT 9 - JALAN P9B1/7 - B1/13 (2.9443734344134027, 101.67365834052514)
2026-02-19 01:05:30,732 - INFO - Progress: 80/100 in batch, Total: 21160/21579 overall
2026-02-19 01:05:30,732 - INFO - Processing record d25d71a0-73a8-44a3-acb9-ec5cbd2c4074: KAMPUNG BAHAGIA (5.792354196012984, 118.02893674088962)
2026-02-19 01:05:32,192 - INFO - Processing record d2ca8e5e-b6dd-4864-8ec4-57f7a6def089: TAMAN ANGSAMAS (FASA 1),TAMAN ANGSAMAS (FASA 2) (2.6483752281666693, 101.92580208620667)
2026-02-19 01:05:33,728 - INFO - Processing record d2d3bfb6-d1e7-4432-bc96-eb16ce84678a: APT SERI TEROMPET BB (3.4197232716580634, 101.57504440024516)
2026-02-19 01:05:35,258 - INFO - Processing record d2dc2a34-ee2e-4e8e-8344-2fc8520917e9: PPR LAKSAMANA (A/B/C) (3.131959258768786, 101.71990557502312)
2026-02-19 01:05:37,602 - INFO - Processing record d2fa9e46-d4f5-4c93-8834-713d70dc1acf: TAMAN SETIA JASA 3 (3.4786335743290357, 102.49849415349676)
2026-02-19 01:05:39,122 - INFO - Processing record d33a7172-72a2-45c6-9b20-1ca29f56bc5c: TMN U_KEJAYAAN 41-56 (1.5231098510517251, 103.62235073100004)
2026-02-19 01:05:40,662 - INFO - Processing record d33f83ef-5893-40eb-b4fa-222dc571d4c7: TMN NUSA PERINTIS_JLN MEDAN 1-4 (1.4512995228082182, 103.59481148558903)
2026-02-19 01:05:42,176 - INFO - Processing record d351d54b-a656-45ad-9be7-1d3ae34defac: KAMPUNG BARU (3.1658976477323963, 113.05567225661268)
2026-02-19 01:05:43,699 - INFO - Processing record d35222a0-c609-49aa-bf18-5bf9bb397529: ENSING TIMUR (1.5142396396804734, 110.31169010881656)
2026-02-19 01:05:45,226 - INFO - Processing record d373d92b-6c76-408c-8d07-c3d36f43b766: E13. USJ 2/2,E13. USJ 6/1 (SUBANG PERDANA GOODYEAR COURT 1) BLOK A,B,C,D,E,F,G,H,I,J,K,L,E13. USJ 6/1 (SUBANG PERDANA GOODYEAR COURT 2) BLOK M,N,O,P,Q,R,S,T,U,V,W,X (3.056414709319768, 101.59063744487209)
2026-02-19 01:05:46,782 - INFO - Progress: 90/100 in batch, Total: 21170/21579 overall
2026-02-19 01:05:46,783 - INFO - Processing record d3924d2e-b2a4-42ed-9309-9081bb2e0e0b: FLAT SRI PERAK  A (BLOK 29,31,33),FLAT SRI PERAK B (BLOK 35,37,39,41) (3.182575941246668, 101.69889884951333)
2026-02-19 01:05:48,262 - INFO - Processing record d3a0f25c-b166-42ae-b4c3-9e50733f841f: KING FISHER APARTMENT,TAMAN LEMBAH HIJAU (5.39247746875974, 100.29577830772078)
2026-02-19 01:05:49,801 - INFO - Processing record d3a33d1b-7395-4989-a2cd-2e49ea25d2a5: BEETHOVEN, SYMPHONY HILLS,CRESCENT 1,CYBERJAYA,CRESCENT 2,CYBERJAYA,CYBERIA CONDOMINIUM,CYBERIA SMARTHOME,VERDI ECO-DOMINIUMS (2.921704704126864, 101.64020328848132)
2026-02-19 01:05:51,326 - INFO - Processing record d3f167af-a56e-4f01-ab26-169573b78740: E13. SS 17/1,E13. SS 17/2,E13. SS 18/3,E13. SS 18/4 (3.072004618139277, 101.58247816708914)
2026-02-19 01:05:52,848 - INFO - Processing record d3fd5c5c-eae5-45b6-89d4-145d8ef6f563: PANGSAPURI IMPIAN, BSP,PANGSAPURI IMPIAN, BSP (ZON 1-6),PANGSAPURI IMPIAN, BSP (ZON 7-12),PANGSAPURI SERI SAUJANA, BSP (BLOK A-F),TAMAN DIAMOND SP4 (2.954732795601988, 101.5826834116567)
2026-02-19 01:05:54,632 - INFO - Processing record d4120ae1-d549-4186-996e-b29906cbf1cf: TAMAN BINTANG,TAMAN BPL,TAMAN MEI LOK,TAMAN RIDGE VIEW,TAMAN SRI KEPAYAN PH. 7,TAMAN TASIK (5.942610605616666, 116.0732142485)
2026-02-19 01:05:56,158 - INFO - Processing record d44d9361-f602-4f33-9f34-b2e598d7c183: FLAT DESA MUTIARA SUNGAI JELOK (3.0015676417535238, 101.80141505452816)
2026-02-19 01:05:57,683 - INFO - Processing record d45d6b14-b99b-4253-98b6-3b111115913e: PPR SRI ALAM A (BLOK 1 - BLOK 5),PPR SRI ALAM B (BLOK 6 - BLOK 9),PPR SRI ALAM C (BLOK 10 - BLOK 12) (3.126559452539908, 101.70712745903757)
2026-02-19 01:05:59,200 - INFO - Processing record d46f75ae-e7d9-4e80-b6df-6ed5a526e291: E13. SS 17/1,E13. SS 18/3,E13. SS 18/4,E13. SS 19/1 (3.0720131727624045, 101.58120648883552)
2026-02-19 01:06:01,450 - INFO - Processing record d4881443-24bd-4927-8a0c-c202985ee951: APPT TAMAN PRIMA CEMPAKA (2.976361820894408, 101.81839089418634)
2026-02-19 01:06:03,012 - INFO - Progress: 100/100 in batch, Total: 21180/21579 overall
2026-02-19 01:06:03,033 - INFO - Batch completed: 100 records in 161.5s
2026-02-19 01:06:03,034 - INFO - Overall progress: 21180/21579 (399 remaining)
2026-02-19 01:06:03,034 - INFO - Estimated time remaining: 0.2 hours
2026-02-19 01:06:05,070 - INFO - Found 100 records to geocode
2026-02-19 01:06:05,071 - INFO - Processing record d4e3b65c-8c84-4db3-acc6-6b65521bf9e5: SIMPANG 3 PANGKAL KALONG (5.913574495852114, 102.24130305675352)
2026-02-19 01:06:05,132 - INFO - Processing record d4e3d3e5-b5cb-4580-84d2-adf68c4e2226: KAMPUNG BARU (3.1658976477323963, 113.05567225661268)
2026-02-19 01:06:06,673 - INFO - Processing record d4ecfb2c-c9d8-4550-9116-c31fffadb3d3: SEKSYEN 32 (JALAN REZAB BUANG LOT 2915),SEKSYEN 32 (JALAN REZAB BUANG) (2.9952614404124267, 101.50027732622034)
2026-02-19 01:06:08,202 - INFO - Processing record d524ed87-ba52-4b02-977b-00cb9ab1ae29: KG.WARISAN PH 1 (6.011735879000014, 116.13194350599996)
2026-02-19 01:06:09,724 - INFO - Processing record d52de3f3-332b-4501-a55f-7970ac11578b: TAMAN BUKIT CHEDANG (JALAN BELIDA) (2.693974535014086, 101.92220362838027)
2026-02-19 01:06:11,256 - INFO - Processing record d5a72dd7-4b1a-4044-99b4-a362851f8b88: BANDAR SERI EHSAN ZON 2 (2.7709955575257146, 101.62672841157716)
2026-02-19 01:06:12,780 - INFO - Processing record d5f7b864-489a-4f8e-97cd-e42cd588dcb2: E1. SEKSYEN 16 (APT SURIA AVENUE),E1. SEKSYEN 16 (FLAT C : BLOK 17 - 26) (3.059530691968087, 101.5076163698564)
2026-02-19 01:06:14,303 - INFO - Processing record d6123e37-6b7b-4e65-a746-61db5db2364c: TAMAN SEREMBAN 3 (JLN. SEREMBAN TIGA 1-4),TAMAN SEREMBAN 3 (JLN. SEREMBAN TIGA 27-32) (2.6719070713, 101.930776335675)
2026-02-19 01:06:15,832 - INFO - Processing record d64c7a11-b5c0-4ea8-9d6d-b82088bc60de: TMN SUTERA _ 8SCAPE RESIDENSI (1.4868626814931478, 103.69280257117124)
2026-02-19 01:06:17,360 - INFO - Processing record d656b55d-3f0b-4102-a569-4c06d27da61c: TTDI (JALAN RAHIM KAJAI (28-80), LORONG RAHIM KAJAI 3,4,5,6,7),TTDI (JALAN RAHIM KAJAI, LORONG RAHIM KAJAI 8-14) (3.1559512677278883, 101.62060725382996)
2026-02-19 01:06:19,225 - INFO - Progress: 10/100 in batch, Total: 21190/21579 overall
2026-02-19 01:06:19,226 - INFO - Processing record d6570453-92e6-4831-90c2-f9cfa385d291: E1. SEKSYEN 11 (KUARTERS POLIS) (3.076403503960526, 101.5253903965658)
2026-02-19 01:06:20,699 - INFO - Processing record d69f2846-a06e-42f0-b24a-62e703d5de09: JALAN CJ 2,CJ8,CJ10 DAN CJ11 TAMAN CHERAS JAYA,JALAN CJ 4 TAMAN CHERAS JAYA,TAMAN TAMING MAJU (3.02084294908602, 101.75900419373475)
2026-02-19 01:06:22,231 - INFO - Processing record d6ad87bd-44d8-4beb-bef6-7e8d5aa994c1: E5. SEKSYEN U19 (KBSB : JLN WELFARE) (3.08684424576761, 101.49568232757042)
2026-02-19 01:06:23,761 - INFO - Processing record d6fcc95a-949a-4529-97b9-dda7cd26700c: TAMAN TASIK JAYA (JALAN 15 - 22 & 35) (2.718374993033782, 101.99795289672971)
2026-02-19 01:06:25,292 - INFO - Processing record d720f159-4bc3-45d9-bade-53e47a29e85c: TMN HOOVER (4.584305601999972, 101.084001527)
2026-02-19 01:06:26,814 - INFO - Processing record d73fe65c-cae2-45b9-a9a5-ce36a57e052b: TMN. SEJAHTERA (1.856762648675496, 102.93430652419867)
2026-02-19 01:06:28,340 - INFO - Processing record d7541975-9d8e-4229-8d26-14b3881ba3fa: E17. TMN SERDANG PERDANA SP 5 (FLAT KOS RENDAH),E17. TMN SERDANG PERDANA SP 5 (SKY VILLA) (3.0406801009562523, 101.7065499576625)
2026-02-19 01:06:29,863 - INFO - Processing record d77b3b92-c639-44dd-9216-4f298eb5b74b: TAMAN INDAH 01 (3.139476142900002, 101.37099509620626)
2026-02-19 01:06:31,394 - INFO - Processing record d7b212fd-c61c-4a8d-ab99-751aa4829093: KG. MERDEKA 2,TMN. TANAH MERAH (1.8503555527406008, 102.942459031703)
2026-02-19 01:06:32,914 - INFO - Processing record d7d93eaa-4502-467e-a771-ef2987a8c87f: E5. SEKSYEN U19 (KBSB : JLN INDUSTRI 12),E5. SEKSYEN U19 (KBSB : JLN PERKHIDMATAN),E5. SEKSYEN U19 (KBSB : JLN WELFARE) (3.196889345010101, 101.56948324050506)
2026-02-19 01:06:34,480 - INFO - Progress: 20/100 in batch, Total: 21200/21579 overall
2026-02-19 01:06:34,480 - INFO - Processing record d80e786f-340e-4f24-88fd-9868e8f241a2: BUKIT LANJAN (JALAN BUKIT LANJAN 6) (3.167477665936305, 101.6170802831465)
2026-02-19 01:06:35,947 - INFO - Processing record d8281638-38ef-4054-b1bf-af3e4f23bf2e: SEK 2 W/MAJU (BLOK A1-A19) (3.208030421999979, 101.737121387)
2026-02-19 01:06:38,128 - INFO - Processing record d82d41cb-989b-4553-a2aa-7b10ed2220e5: TAMAN BPL,TAMAN TASIK (5.947184081246989, 116.07377206334334)
2026-02-19 01:06:40,396 - INFO - Processing record d84d9e1a-eddf-45cf-bb50-07f332496df5: E17. SRI KEMBANGAN 3,E17. TMN BKT SERDANG 4 (SERI PAGI),E17. TMN SERDANG PERDANA (PERDANA SELATAN - SOUTH CITY CONDO),E17. TMN SERDANG PERDANA (PERDANA SELATAN - SOUTH CITY PLAZA),E17. TMN SERDANG PERDANA SP 2 (RUMAH KEDAI) (3.024417901761788, 101.7058039021613)
2026-02-19 01:06:42,640 - INFO - Processing record d850a714-8d83-4cf5-b82b-f1384f63e575: BRAYANG SUNGAI TIGA (1.9214805764647829, 111.41785487307747)
2026-02-19 01:06:44,199 - INFO - Processing record d8633221-7d72-49cd-8fab-b1b7a15c8cca: E15. TMN PUCHONG PERDANA (JLN PERDANA 2),E15. TMN PUCHONG PERDANA (JLN PERDANA 4),E15. TMN PUCHONG PERDANA 5 (JLN ANGGERIK) (3.007245195906543, 101.60561893842522)
2026-02-19 01:06:45,702 - INFO - Processing record d87bce9d-1ec9-4232-b2ae-a811d54a9744: E11. SRI PJS 5 (AERA RESIDENCE),E11. SRI PJS 5 FLAT DESA RIA (A,B,C,D,E,F),E11. SRI PJS 5 FLAT DESA RIA (G,J,K,L,M,N,O,P),E11. SRI PJS 5 TMN DESA RIA (PST KOMERSIAL) [JLN PJS 5/2, 5/4],E11. SRI PJS 5 TMN DESA RIA (PST KOMERSIAL) [JLN PJS 5/27-5/30],E12. TM PJS 1 APT PETALING PERDANA 2 (BLOK I - P],E12. TM PJS 2 APPT TAMAN MEDAN JAYA,E12. TM PJS 2B PUSAT KOMERSIAL,E12. TM PJS 2C APT MEDAN CAHAYA 1 (BLOK A , B , C),E12. TM PJS 2C APT MEDAN CAHAYA 2 (BLOK D , E , F),E12. TM PJS 2C APT MEDAN JAYA (BLOK I),E12. TM PJS 2C FLAT DESA MENTARI (BLOK 9 , 10),E12. TM PJS 2C TMN MEDAN (TERES 2) [JLN PJS 2C/12,14,16,16A-C,18,19,20,21,22],E12. TM PJS 2C TMN MEDAN (TERES 3) [JLN PJS 2C/3,2C/11M,2C/11N,2C/13,2C/15],E12. TM PJS 2C TMN MEDAN (TERES 4) [JLN PJS 2C/11,2C/11A,B,C,D,F,G,H,J,K,L,28,2],E12. TM PJS 2C TMN MEDAN (TERES 5) [JLN PJS 2C/5,1,2,4,6,8,10,PJS 2/2,1],E12. TM PJS 2D FLAT DESA MENTARI (BLOK 11),E12. TM PJS 2D TMN MEDAN (TERES 1) [JLN PJS 2D/15 , PJS 2D/15A - PJS 2D/15E],E12. TM PJS 2D TMN MEDAN (TERES 2) [JLN PJS 2D/2,4,5,6,7,8,8C,8D,9,10,11,12,14],E12. TM PJS 3 TMN BUANA PERDANA (JLN PJS 3/23 -3/29 ),E12. TM PJS 3 TMN MEDAN BARU (TERES 3) [JLN MEDAN 11,12,13,14,15,22,23],E12. TM PJS 3 TMN MEDAN BARU (TERES 5) [JLN MEDAN 29,30,31,32],E12. TM PJS4 TMN INDAH JAYA(TERES 1)[JLN PJS 4/8,10,12,16,18,20,22A,25,27,27A,B],E12. TM PJS4 TMN INDAH JAYA(TERES 2)[JLN PJS 4/2,4,8,9,10,19,19A,21,21A],E12. TM TMN DATO HARUN (TERES 2) [JLN PJS 2/12 , 2/16 , 2/21A , 2/21B , 2/27B],E14. TMN KINRARA JLN TK 4 (PANGSAPURI CERIA),E14. TMN KINRARA JLN TK 4 (PANGSAPURI KINRARA RIA),E14. TMN KINRARA JLN TK 4 (PANGSAPURI KOS RENDAH) (3.0759984155207434, 101.63510047689698)
2026-02-19 01:06:47,492 - INFO - Processing record d881d635-6e55-4e33-a319-1375d11f3c21: TMN. BAYVIEW TELUK VILLA (5.895294466894364, 116.03900966073238)
2026-02-19 01:06:49,019 - INFO - Processing record d89c839d-b473-43ee-8965-e55d090e3d6b: KG SEGA TAT,KG SIMPANG BADANG (3.982091725588957, 101.9085630706994)
2026-02-19 01:06:50,535 - INFO - Processing record d8a0d740-e3d9-46e1-bb51-c13f33b8499f: TMN BERCHAM AMAN (4.641220095190473, 101.13752803641496)
2026-02-19 01:06:52,098 - INFO - Progress: 30/100 in batch, Total: 21210/21579 overall
2026-02-19 01:06:52,098 - INFO - Processing record d8a7d874-b392-4e53-8347-44b79548298a: LANDUNG AYANG DARAT (6.885402956873242, 116.84097346782391)
2026-02-19 01:06:53,572 - INFO - Processing record d8c85ab9-bc26-488d-9aa8-50038118f54d: E3. SEKSYEN 26 (FLAT PPRT BLOK A,B,C),E3. SEKSYEN 27 (FLAT H : BLOK 40 - 42) (3.028100538480265, 101.56835431904604)
2026-02-19 01:06:55,112 - INFO - Processing record d905b47c-1176-42d2-9c20-54fe3211e2f7: LUCKY GARDEN (JALAN TEMPINIS 1-3),LUCKY GARDEN (JALAN TEMPINIS 4-5),LUCKY GARDEN (LRG TEMPINIS KANAN 1,LRG TEMPINIS KANAN 2,LRG TEMPINIS KANAN 3,LRG,TAMAN BUKIT PANTAI (LORONG BUKIT PANTAI) (3.126628578774361, 101.67156489361024)
2026-02-19 01:06:56,635 - INFO - Processing record d915c598-f2bd-4e20-853f-0b91d8912541: APPT ENGGANG (3.246762825625852, 101.64417135071427)
2026-02-19 01:06:58,794 - INFO - Processing record d92bd62f-39a9-4127-aa14-897e142af804: PANDAMARAN JAYA 04,TROPIKA APARTMENTS (3.005408391403726, 101.42881080387578)
2026-02-19 01:07:00,318 - INFO - Processing record d95477e9-be2d-4096-a361-09c091598534: E9. KT SS 8 APT KELANA IMPIAN,E9. KT SS 9A 1 (JLN 9A/3,5,6,7,8,9,10,11,12,17,20 ) (3.090641768301202, 101.61420786165662)
2026-02-19 01:07:01,843 - INFO - Processing record d985da12-6666-4528-b0b0-f5aae61cf4a4: TAMAN BUKIT SETIA,TAMAN JAYA DIRI (6.071252080917476, 116.15258505546116)
2026-02-19 01:07:03,368 - INFO - Processing record d9dd3376-c650-4812-a6cb-42910ce0be47: TMN BKT RAWANG JAYA (ZON B),TMN BKT RAWANG JAYA (ZON D) (3.333824812684933, 101.5864534690548)
2026-02-19 01:07:04,890 - INFO - Processing record d9ea0c93-12f7-4484-8cae-aa1ca329c29e: TMN BUKIT INDAH_JLN INDAH 22/ (1.4719417092962943, 103.65510938569751)
2026-02-19 01:07:07,043 - INFO - Processing record d9efd6ed-eea0-4b36-9fc1-0b639e3ff6a3: LAMBAIAN RESIDENCE 1,2 & 3 KAJANG (2.9338574808028164, 101.80577906749296)
2026-02-19 01:07:08,612 - INFO - Progress: 40/100 in batch, Total: 21220/21579 overall
2026-02-19 01:07:08,612 - INFO - Processing record da0b3aa4-8892-4b14-9532-86c2ec42ea82: BDR UDA UTAMA_UDA UTAMA 6/ (1.4904751986666678, 103.67066249523718)
2026-02-19 01:07:10,083 - INFO - Processing record da10f8fc-951e-4ec9-99a6-0862a09f2cbd: TAMAN CHI LIUNG 03,TAMAN PETALING INDAH 04 (3.024721024686748, 101.43656272427108)
2026-02-19 01:07:11,624 - INFO - Processing record da201711-54f9-447f-96f0-b5172d407ae3: TMN DESA JAYA ZON 4,TMN DESA JAYA ZON 7 (3.2184296676473445, 101.62629379222705)
2026-02-19 01:07:13,142 - INFO - Processing record da3eac66-9f56-4a13-a793-f5173fce632b: FLAT TAMAN SERI BEREMBANG (2.9947982746644293, 101.3987972201745)
2026-02-19 01:07:14,669 - INFO - Processing record da62613b-d40f-4084-a32d-20a0979c4984: FLAT TAMAN SETIA JAYA (6.140733995908451, 100.39405879498592)
2026-02-19 01:07:16,194 - INFO - Processing record da9e5e2a-d6f1-4399-b2c3-fceb0be52030: E11. SRI SS 7 KELANA PUTERA KONDO,E11. SRI SS 7 KELANA PUTERI KONDO (3.108087835803799, 101.59357077797468)
2026-02-19 01:07:17,727 - INFO - Processing record daa9df61-a4f3-47e8-8e26-a9b8ded97f0f: PRESINT 9 - JALAN P9B/7-B/12,PRESINT 9 - JALAN P9B1/4 - B1/5,PRESINT 9 - JALAN P9B1/7 - B1/13 (2.9443734344134027, 101.67365834052514)
2026-02-19 01:07:19,249 - INFO - Processing record dabe5ef6-f3e3-41e5-ac7a-e5f8c7e534bb: KG.BUKIT PERMAI,KG.LOBOU (6.049642981465834, 116.18180948225464)
2026-02-19 01:07:20,776 - INFO - Processing record dacf6eee-6ec0-41c7-b3c8-dec439c044e4: E13. SS 17/1,E13. SS 17/2 (3.0768447242873544, 101.5821707407931)
2026-02-19 01:07:22,618 - INFO - Processing record dad243ab-b36d-4d18-b63c-c7b87710179e: TAMAN SRI PINANG (5.406478994691782, 100.32296066603423)
2026-02-19 01:07:24,175 - INFO - Progress: 50/100 in batch, Total: 21230/21579 overall
2026-02-19 01:07:24,175 - INFO - Processing record daed1c7d-21b2-4b9d-ac86-11b05ea9ae54: E3. SEKSYEN 26 (FLAT PPRT BLOK A,B,C) (3.0366177907191805, 101.54349219903426)
2026-02-19 01:07:25,932 - INFO - Processing record db0a72bf-e36d-41f1-89f6-ffc30776b728: BDR TASIK PUTERI FASA 6 (ZON A) (3.2776248279520552, 101.48095355617124)
2026-02-19 01:07:27,474 - INFO - Processing record db0b17b6-effa-459c-b935-d2f9405de9cf: TTDI (JALAN DATUK SULAIMAN 177-217, JALAN DATUK SULAIMAN 3 74-114 & 97-149) (3.153475239573335, 101.62900337920668)
2026-02-19 01:07:29,006 - INFO - Processing record db37d690-7de1-4c8e-abcd-69b236fe7f09: ANGKASA IMPIAN CONDO 2 JLN SAHABAT,BERJAYA TIMES SQUARE HOTEL,BESTOW BOUTIQUE HOTEL,FAHRENHEIT SUITES KUALA LUMPUR,HOTEL TRANSIT KUALA LUMPUR,JALAN ABRAHAM,JALAN BEDARA,JALAN BEREMI,JALAN CHANGKAT,JALAN CHANGKAT THAMBI DOLLAH,JALAN GALLOWAY,JALAN HANG KASTURI,JALAN HORLEY,JALAN MEDAN IMBI,JALAN MELATI,JALAN PUDU LAMA,JALAN SAHABAT,JALAN SARAWAK,JALAN TENGKAT TONG SHIN,JALAN TUN H.S. LEE,JALAN WALTER GRENIER,KELUMPUK KENANGA,MUTIARA VILLA CONDOMINIUM,SEASONS TOWER,SKY SUITES @ KLCC JALAN P.RAMLEE,SUN COMPLEX JALAN IMBI,WISMA COSWAY, JALAN RAJA CHULAN,YOONG YOONG MANSION (3.145868250767528, 101.70663818171218)
2026-02-19 01:07:30,826 - INFO - Processing record db390743-ff5d-4120-9fc8-fe87e9c0b8b5: RESIDENSI SKYSIERRA THE VALLEY SETIAWANGSA (3.187374631697186, 101.74659785462676)
2026-02-19 01:07:32,355 - INFO - Processing record db5e0d1d-d14c-47a1-85b8-9ecdf339ad09: GURNEY HEIGHT KONDOMINUM (BLOK C & D),KONDOMINIUM LANAI GURNEY,TAMAN SETIAWANGSA ( JLN SETIAWANGSA 3, JALAN SETIAWANGSA 1A-5A) (3.1751308165558263, 101.73411796353642)
2026-02-19 01:07:33,877 - INFO - Processing record db64d481-c189-42fc-b6cb-dc936d929aed: JALAN 3/23-28,3/35-37 SEKSYEN 3 BANDAR BARU BANGI (2.9405764580000096, 101.782153048)
2026-02-19 01:07:35,405 - INFO - Processing record db72786f-6b5c-4819-93d7-4da8d6b7a5c6: TAMAN ARIF (5.925171524051284, 102.24126661116028)
2026-02-19 01:07:36,940 - INFO - Processing record dba82e10-211b-444a-8d91-cec34dc7428c: HALAMAN MERU PERMAI (4.676154414091546, 101.08499964962677)
2026-02-19 01:07:38,454 - INFO - Processing record dbb3202d-7171-4dc5-91c6-5a709eb60465: TAMAN SENTOSA 05,TAMAN SENTOSA PERDANA 05 (3.0073245346066653, 101.48349758354668)
2026-02-19 01:07:40,018 - INFO - Progress: 60/100 in batch, Total: 21240/21579 overall
2026-02-19 01:07:40,018 - INFO - Processing record dbbc0b19-b853-47d6-a5ef-6c93f60af95e: E5. SEKSYEN U4 (APT DAMAI),E5. SEKSYEN U5 (SUBANG BESTARI : PUSAT KOMERSIL JLN U5/H, J, K, L, M, N, P & Q) (3.1770746264303824, 101.54701280970254)
2026-02-19 01:07:41,480 - INFO - Processing record dbe22115-dcd0-4bb1-b36c-75278b64c2c8: TMN BKT INDAH FASA 2 (ZON 2),TMN BKT INDAH FASA 3 ZON 2 (3.1520962115696984, 101.7785908281091)
2026-02-19 01:07:43,026 - INFO - Processing record dc1777fc-c338-45c8-8d0f-c80f093aeb38: TAMAN SRI RAMPAI (JALAN MEGAN SETAPAK) (3.194394880999994, 101.73005375499996)
2026-02-19 01:07:44,549 - INFO - Processing record dc386a7b-12c5-4fff-a27e-ab1c238280ed: KAMPUNG BAHAGIA (5.792354196012984, 118.02893674088962)
2026-02-19 01:07:46,087 - INFO - Processing record dc5860cc-e8c3-49ce-9d59-e1e46eba4514: TMN BUKIT INDAH_JLN INDAH 22/ (1.472008918196427, 103.6559281301845)
2026-02-19 01:07:47,877 - INFO - Processing record dc6b2b88-0b70-4331-8917-f8029108e0e8: TMN BKT RAWANG JAYA (ZON B),TMN BKT RAWANG JAYA (ZON D) (3.333824812684933, 101.5864534690548)
2026-02-19 01:07:49,396 - INFO - Processing record dcbad06a-9aeb-41bd-b3f4-eb65e1950431: E7. KD PJU 5 SEK 7 APT LILY,E7. KD PJU 5 SEK 7 GUGUSAN KEKWA (3.171084463336786, 101.57358279949744)
2026-02-19 01:07:50,917 - INFO - Processing record dd09cd8f-de6f-4616-9d25-5015177bf224: KAWASAN PERINDUSTRIAN BANDAR SULTAN SULEIMAN 07 (3.0169166703537407, 101.3700620069932)
2026-02-19 01:07:52,441 - INFO - Processing record dd17d9e2-3d24-4b42-a88d-9d3706bef80f: KAMPUNG DELEK BARU 04,KAMPUNG DELEK KIRI 08,KAMPUNG SUNGAI UDANG 04,KAMPUNG SUNGAI UDANG 06,KAMPUNG SUNGAI UDANG 07,KAMPUNG SUNGAI UDANG 17,KAMPUNG SUNGAI UDANG 21,KAMPUNG TELUK KECIL 03,KAMPUNG TELUK KECIL 05,TAMAN UDANG CENDANA 01,TAMAN UDANG PUTIH 01 (3.038449124147799, 101.41195969659434)
2026-02-19 01:07:54,279 - INFO - Processing record dd378b9a-a45c-427e-920d-9edbc6442c61: E13. TMN PINGGIRAN USJ 2 (3.052925945000027, 101.56148147599998)
2026-02-19 01:07:55,853 - INFO - Progress: 70/100 in batch, Total: 21250/21579 overall
2026-02-19 01:07:55,853 - INFO - Processing record dd451203-3d01-4a42-a62d-9449f7dae91a: APPT TAMAN DAMAI JAYA,TAMAN DAMAI JAYA (3.0625138067086106, 101.76638861022518)
2026-02-19 01:07:57,308 - INFO - Processing record dd4a7c32-b62a-4e50-a972-761ce1d26448: E13. TMN SUBANG MAS (RUMAH KEDAI),E4. SEKSYEN U7 (TUDM SUBANG D : BLOK F1 - F9 & BLOK E1 & E2) (3.1221559895696216, 101.53642965073418)
2026-02-19 01:07:58,865 - INFO - Processing record dd4d9aea-6432-4312-a03a-3ab6291fd497: PANGSAPURI PERMAI (3.064569736547946, 101.7054215684726)
2026-02-19 01:08:01,014 - INFO - Processing record dd656775-521e-4000-9874-ecbd2d1b8fbf: E6. BL PJU 8 APT FLORA DAMANSARA 1 [A,B],E6. BL PJU 8 APT FLORA DAMANSARA 2 [C,D,E,F],E6. BL PJU 8 APT FLORA DAMANSARA 3 [G,H],E6. BL PJU 9 SD 13 FORESTA KONDO,E6. BL PJU 9 SD 13 SERESTA  KONDO (3.178987633854545, 101.61449557010182)
2026-02-19 01:08:02,541 - INFO - Processing record dd676035-a9fa-4dd9-9a0e-6ac3e7cd26e2: BSP 21 (BLOK A-E),BSP 21 (BLOK F-J),BSP SKYPARK,JALAN SP6, BSP,JALAN SP7 (TAMAN CORAL) (2.941184898157535, 101.58945851214726)
2026-02-19 01:08:04,061 - INFO - Processing record dd6d818c-3ed5-4c5b-bc5b-9f35abe4ce6a: TMN HOOVER (4.584305601999972, 101.084001527)
2026-02-19 01:08:05,585 - INFO - Processing record dd76eadf-8cf6-4d9f-8ca3-bbfcea843b0a: SEKSYEN 32 (JALAN REZAB BUANG),SEKSYEN 32 (KG SRI GAMBUT LOT 2837),SEKSYEN 32 (TAMAN HIJRAH) (2.9967696571215687, 101.50240527292549)
2026-02-19 01:08:07,726 - INFO - Processing record dd790b57-8017-4cab-8ef6-5c8c5122b931: BLOK AE-AM FLAT PANDAN INDAH,BLOK RP 1 - RP 4 TAMAN LEMBAH MAJU,JALAN PANDAN PERDANA 10 TAMAN PANDAN PERDANA (3.123491861649546, 101.75000365586102)
2026-02-19 01:08:09,251 - INFO - Processing record dda1d0b4-3357-45c4-be0d-002ed5b7c0db: KAMPUNG DELEK BARU 04,KAMPUNG DELEK KIRI 08,KAMPUNG SUNGAI UDANG 04,KAMPUNG SUNGAI UDANG 06,KAMPUNG SUNGAI UDANG 07,KAMPUNG SUNGAI UDANG 17,KAMPUNG SUNGAI UDANG 21,KAMPUNG TELUK KECIL 03,KAMPUNG TELUK KECIL 05,TAMAN UDANG CENDANA 01,TAMAN UDANG PUTIH 01 (3.038436603583072, 101.41193546982758)
2026-02-19 01:08:10,778 - INFO - Processing record ddc14884-0372-482f-9450-70cbca850412: MEDAN ANGSANA (5.390411653992956, 100.28510341024648)
2026-02-19 01:08:12,341 - INFO - Progress: 80/100 in batch, Total: 21260/21579 overall
2026-02-19 01:08:12,342 - INFO - Processing record ddefbc4b-67aa-4c65-82ea-46ac70071834: TAMAN  DESA  PERMAI (5.440182668575343, 100.53670940718494)
2026-02-19 01:08:13,808 - INFO - Processing record ddf3284b-6bea-41a1-b25d-fb8f3202ab14: TMN PULAI INDAH_JLN PULAI INDAH /9,TMN PULAI INDAH_JLN PULAI INDAH /9 (B) (1.54117695192, 103.58450877272)
2026-02-19 01:08:15,346 - INFO - Processing record de19a5c5-0e13-4d54-a591-0b11134796a0: E3. SEKSYEN 26 (FLAT PPRT BLOK A,B,C),SEKSYEN 25 (APARTMENT ALORA),SEKSYEN 25 (TERES F : JLN 25/46-25/59, JLN 25/115-25/118B) (3.0339947532172133, 101.54160882535656)
2026-02-19 01:08:17,213 - INFO - Processing record de224e1d-c186-4501-b195-9717491bae86: LANDUNG AYANG DARAT (6.885402956873242, 116.84097346782391)
2026-02-19 01:08:18,740 - INFO - Processing record de4f1b24-a8df-448e-a2e2-0440e9f4780a: GURNEY HEIGHT KONDOMINUM (BLOK C & D),KELUMPUK PINANG,KONDOMINIUM LANAI GURNEY,RESIDENSI SKYSIERRA THE VALLEY SETIAWANGSA,TAMAN SETIAWANGSA ( JLN SETIAWANGSA 3, JALAN SETIAWANGSA 1A-5A) (3.175662768196297, 101.73750698190184)
2026-02-19 01:08:20,259 - INFO - Processing record de57f9fb-278c-41b9-8145-20814cd446e8: E6. BL PJU 10 APT INDAH,E6. BL PJU 10 APT SAUJANA 1 (A,B,C,D,E,F,L,M),E6. BL PJU 10 APT SELASIH,E6. BL PJU 10 SPHERE DAMANSARA KONDO,E6. BL PJU 10 THE ZIZZ CONDO,E6. BL PJU 9 SD 12 FLAT SRI CEMPAKA,E6. BL PJU 9 SD 12 RUMAH KEDAI,E6. BL PJU 9 SD 13 APT SRI MERANTI (1) [A,B,C,D,E,F,G],E6. BL PJU 9 SD 13 APT SRI MERANTI (2) [H,J,K,L,M,N,P,Q,R] (3.1939532385449736, 101.59899382032272)
2026-02-19 01:08:21,787 - INFO - Processing record de6a59c7-82cf-4de2-b596-35d23baf4fd8: TMN PULAI INDAH_JLN PULAI INDAH /9,TMN PULAI INDAH_JLN PULAI INDAH /9 (B) (1.54117695192, 103.58450877272)
2026-02-19 01:08:23,315 - INFO - Processing record de760ee1-d758-46fd-b379-6eb9b3d6aade: E1. SEKSYEN 16 (APT SURIA AVENUE),E1. SEKSYEN 16 (FLAT C : BLOK 17 - 26) (3.059577443567568, 101.50767407928652)
2026-02-19 01:08:24,839 - INFO - Processing record de97e8d8-7370-4570-8799-ec3adecdab1c: BLOK AE-AM FLAT PANDAN INDAH,BLOK RP 1 - RP 4 TAMAN LEMBAH MAJU,JALAN PANDAN PERDANA 10 TAMAN PANDAN PERDANA (3.123491861649546, 101.75000365586102)
2026-02-19 01:08:26,366 - INFO - Processing record ded4eb4b-5b53-4b47-ae10-3a59dcc07474: TAMAN SULTAN ABDUL HALIM (6.106524897377483, 100.3757822573576)
2026-02-19 01:08:27,939 - INFO - Progress: 90/100 in batch, Total: 21270/21579 overall
2026-02-19 01:08:27,940 - INFO - Processing record deda00da-f2c7-4877-a7c2-7d6024b90700: E8. BU PJU 6A PELANGI UTAMA KONDO (3.1407999977446805, 101.61535420395744)
2026-02-19 01:08:29,408 - INFO - Processing record def5c477-b5a5-4d5e-9942-481cd4b26b4a: E7. KD PJU 5 SEK 4 (TERES 1) (JLN 4/7,7A,7B,8,8A),E7. KD PJU 5 SEK 4 D'SHIRE VILLA,E7. KD PJU 5 SEK 4 GUGUSAN MATAHARI,E7. KD PJU 5 SEK 4 GUGUSAN MAWAR,E7. KD PJU 5 SEK 4 GUGUSAN MELATI,E7. KD PJU 5 SEK 4 GUGUSAN MELUR (3.151782114925002, 101.57977332759064)
2026-02-19 01:08:31,210 - INFO - Processing record def65b49-1ca1-4ecc-8439-16c4c0c168fc: BDR UDA UTAMA_UDA UTAMA 6/ (1.4899135009653175, 103.67049049773988)
2026-02-19 01:08:33,019 - INFO - Processing record df481df0-003c-45cd-8edc-fc000fe27e0c: HALAMAN MERU PERMAI (4.676154414091546, 101.08499964962677)
2026-02-19 01:08:34,541 - INFO - Processing record df5ab272-356e-4438-98ac-430e65be71de: TAMAN SERANGKAI 2 (JLN SENANG RIA, JLN ENAK, JLN ENAK 1&2, JLN RAMAH),TAMAN SERANGKAI 4(LRG RAMAH,JLN 6/127A,JLN 1/128A-6/128A,LRG NIKMAT) (3.0781269711578965, 101.68571563265132)
2026-02-19 01:08:36,066 - INFO - Processing record df66cc75-c31b-4c10-84bb-d8a02d1fecb5: E6. BL PJU 9 SD 13 APT SRI MERANTI (2) [H,J,K,L,M,N,P,Q,R] (3.1926946940000107, 101.60213905400002)
2026-02-19 01:08:37,590 - INFO - Processing record df790ce0-d298-4132-9318-a3c19ee217c1: TMN GEMBIRA_FLAT HAJAH FATIMAH (1.5215277874238402, 103.74285141428476)
2026-02-19 01:08:39,114 - INFO - Processing record df991ecc-7a73-4f0d-be82-28678bcfa1af: E13. TMN SUBANG HITECH (PAISLEY RSDNCE, SRI KDU INTERN SCH, TROPICANA METROPARK),E13. TMN SUBANG HITECH (PALOMA SERVICED RESIDENCES & COURTYARD VILLAS, TROPICANA (3.0709110884562505, 101.56389657821876)
2026-02-19 01:08:40,648 - INFO - Processing record dfc37218-5c9c-4604-8fae-764c22fc0777: BSP 21,BSP 21 (BLOK A-E),BSP 21 (BLOK F-J),JALAN SP6, BSP,JALAN SP7 (TAMAN CORAL) (2.94126251777288, 101.58946909497288)
2026-02-19 01:08:42,805 - INFO - Processing record dfcdf776-9a39-40a2-9204-b03053717949: KG TERSUSUN PENGKALAN PEGOH (4.542564241852347, 101.0723916005772)
2026-02-19 01:08:44,368 - INFO - Progress: 100/100 in batch, Total: 21280/21579 overall
2026-02-19 01:08:44,391 - INFO - Batch completed: 100 records in 159.3s
2026-02-19 01:08:44,391 - INFO - Overall progress: 21280/21579 (299 remaining)
2026-02-19 01:08:44,391 - INFO - Estimated time remaining: 0.1 hours
2026-02-19 01:08:46,425 - INFO - Found 100 records to geocode
2026-02-19 01:08:46,426 - INFO - Processing record dfd249a2-9708-491b-beee-fa4fcffb4de1: KAMPUNG BARU (3.1658976477323963, 113.05567225661268)
2026-02-19 01:08:46,480 - INFO - Processing record dfdbf026-2e96-4cd8-bb63-2ddf4aab6e4d: E13. SS 17/1,E13. SS 18/3,E13. SS 18/4 (3.071609541222222, 101.58225327779532)
2026-02-19 01:08:48,280 - INFO - Processing record dfecabfd-6c1c-4854-8b8a-0ba5e62edabc: E13. TMN PINGGIRAN USJ 1,E13. TMN PINGGIRAN USJ 2 (3.0516143207586195, 101.55912572240888)
2026-02-19 01:08:49,804 - INFO - Processing record e04646ac-3864-46ec-958f-8ae57ce40dfc: E13. USJ 5/1 (3.052818173999981, 101.57813419399996)
2026-02-19 01:08:51,324 - INFO - Processing record e0819ab4-7c42-4d66-a39e-b7421ca4c928: FLAT DESA MUTIARA SUNGAI JELOK (3.0015676417535238, 101.80141505452816)
2026-02-19 01:08:52,850 - INFO - Processing record e08cba1a-da4e-463e-ae1c-52ca58ca0560: E1. SEKSYEN 18 (JLN 18/3 FLAT A : BLOK 2 -10),E1. SEKSYEN 18 (JLN 18/3 FLAT B : BLOK 11 - 17) (3.044925818058481, 101.52043692797078)
2026-02-19 01:08:54,377 - INFO - Processing record e0d15df0-52c6-43a6-8e53-6d0b5a19441f: TAMAN DESA VISTA 1,TAMAN DESA VISTA 2 (2.839140855449369, 101.7509326134304)
2026-02-19 01:08:55,901 - INFO - Processing record e0e6f100-585f-418d-91f4-d9c5fe973646: E13. TMN SUBANG HITECH (PAISLEY RSDNCE, SRI KDU INTERN SCH, TROPICANA METROPARK),E13. TMN SUBANG HITECH (PALOMA SERVICED RESIDENCES & COURTYARD VILLAS, TROPICANA (3.0709110884562505, 101.56389657821876)
2026-02-19 01:08:57,423 - INFO - Processing record e0ebf9b6-d5f3-4ffc-ac69-2007a9d5da52: APT DAHLIA TBR BB,APT KENANGA TBR BB,APT MAWAR TBR BB,APT TERATAI TBR BB,PERSIARAN TAMAN BUNGA RAYA (3.4417166715618213, 101.54999772106724)
2026-02-19 01:08:59,558 - INFO - Processing record e0ec3736-a60e-4b1f-9ac4-dcc4d1745232: TMN SRI BAHAGIA (1.5122794129215678, 103.72559902447712)
2026-02-19 01:09:01,121 - INFO - Progress: 10/100 in batch, Total: 21290/21579 overall
2026-02-19 01:09:01,121 - INFO - Processing record e0ecadae-9197-43ab-8ed8-7cd741c40dce: KG TENGAH GOMBAK,KG.KERDAS 2 (3.227842447987731, 101.71198561121471)
2026-02-19 01:09:02,592 - INFO - Processing record e14e8ab7-8df5-4966-8a03-235175a5bfef: TMN BUKIT INDAH_JLN INDAH 1-1/13,TMN BUKIT INDAH_JLN INDAH 1-1/13 (A) (1.4865481140700627, 103.65842148735668)
2026-02-19 01:09:04,133 - INFO - Processing record e17083cb-5a61-426e-965e-5f5585b06586: KONDOMINIUM SRI SUAJAYA (BLOK 200, 202, 204) (3.199986302000013, 101.69082805099998)
2026-02-19 01:09:05,654 - INFO - Processing record e17a5b8d-06b1-40e5-aef2-cf8a0de4e40c: APT SEROJA,APT TERATAI (2.9334918741986766, 101.60053568539736)
2026-02-19 01:09:07,180 - INFO - Processing record e17b75f0-284b-4dca-bf51-65c7d7b1006b: TAMAN SRI PINANG (5.406478994691782, 100.32296066603423)
2026-02-19 01:09:08,707 - INFO - Processing record e1b5bed6-57d3-4278-b42a-77f195a7f7ad: E6. BL PJU 10 APT HARMONI 2 (D,E,F,G,H,J,K,R,S,T),E6. BL PJU 10 APT PERMAI (3.1956044170764355, 101.58365444752866)
2026-02-19 01:09:10,237 - INFO - Processing record e1c736d5-6ea1-4bac-a565-77560233b243: APPT DESA 1,E6. BL PJU 9 SD 1 FLAT SRI CEMARA,E6. BL PJU 9 SD 1 FLAT SRI MAHAGONI,TMN DESA JAYA ZON 5,TMN USAHA JAYA ZON C (3.2101605965889983, 101.61713246187702)
2026-02-19 01:09:11,757 - INFO - Processing record e1da6aaf-54e2-4c8d-a875-64bf7907f30a: TAMAN KEPAYAN RIDGE (5.935641401999988, 116.06863384400005)
2026-02-19 01:09:13,281 - INFO - Processing record e1e2b5a5-fa4d-4700-a671-ae7e22a6d5cf: PANGSAPURI LANGAT UTAMA (BLOK B-F) (2.7978922741874963, 101.66249380968124)
2026-02-19 01:09:14,805 - INFO - Processing record e2091bc9-e5e8-4f5f-be77-84805e6e9cfa: E15. PST BDR PUCHONG (JLN WAWASAN 3) (3.033937473095892, 101.6218229964315)
2026-02-19 01:09:16,364 - INFO - Progress: 20/100 in batch, Total: 21300/21579 overall
2026-02-19 01:09:16,364 - INFO - Processing record e27e9d99-2d4c-491a-ab5c-f7c6394cfd66: E4. SEKSYEN U7 (TUDM SUBANG A : BLOK G1 - G9),E4. SEKSYEN U7 (TUDM SUBANG D : BLOK F1 - F9 & BLOK E1 & E2) (3.1141430936095915, 101.543705939)
2026-02-19 01:09:17,836 - INFO - Processing record e2adc88a-18de-4cfb-b8a6-06c186e940cc: KUARTERS PESONA,PANGSAPURI PERSONA (5.414996131666666, 100.30969917769336)
2026-02-19 01:09:19,377 - INFO - Processing record e2b4fcd7-6296-4b4b-9507-0997d8634ef4: E8. BU PJU 6 APT PELANGI DAMANSARA (D,E,F) (3.1538252567328744, 101.60230257610274)
2026-02-19 01:09:20,902 - INFO - Processing record e2b6f93f-b300-42b2-baca-2bc7edc241c7: TAMAN SERANGKAI 2 (JLN SENANG RIA, JLN ENAK, JLN ENAK 1&2, JLN RAMAH),TAMAN SERANGKAI 4(LRG RAMAH,JLN 6/127A,JLN 1/128A-6/128A,LRG NIKMAT) (3.0781269711578965, 101.68571563265132)
2026-02-19 01:09:22,442 - INFO - Processing record e2baad41-ae0d-4b23-b793-e5edd16d441a: VILLA SCOTT CONDO (3.1339437799999814, 101.692679934)
2026-02-19 01:09:24,572 - INFO - Processing record e2f734ad-02ab-46af-8dc5-90a302caea9e: KG SG TUA BHARU,TMN JASA UTAMA (3.2554111188666672, 101.67658812349696)
2026-02-19 01:09:26,100 - INFO - Processing record e31595d1-1e4e-4549-b190-4c2ce15fb4a0: PANGSAPURI MAKMUR SAUJANA IMPIAN (3.0199725088280265, 101.78635522714012)
2026-02-19 01:09:27,629 - INFO - Processing record e31d19d2-8acd-41c2-b574-6b6d7e60e415: FLAT UDA (BLOK E-K) (5.461767022, 100.30794930714472)
2026-02-19 01:09:29,146 - INFO - Processing record e32fd252-ad80-4895-8f36-383b7a22c7b9: KG TERSUSUN PENGKALAN PEGOH (4.542564241852347, 101.0723916005772)
2026-02-19 01:09:30,674 - INFO - Processing record e3372b88-6078-436a-ba32-8c264fc6712b: JALAN CARPENTER (1.5583144827605608, 110.3470083149648)
2026-02-19 01:09:32,251 - INFO - Progress: 30/100 in batch, Total: 21310/21579 overall
2026-02-19 01:09:32,252 - INFO - Processing record e3640474-a340-4b97-8677-acdf6d2a4016: SELAYANG BARU ZON 1,SELAYANG BARU ZON 3 (3.252071157497582, 101.66409488517392)
2026-02-19 01:09:34,002 - INFO - Processing record e37088e5-6202-4a17-b67f-8e7321e376a8: E12. TM PJS 2 APPT TAMAN MEDAN JAYA (3.082571699000028, 101.63179648800002)
2026-02-19 01:09:35,532 - INFO - Processing record e3d64afc-4a34-491a-a478-973d0f43fc4e: PANGSAPURI PALMA,PANGSAPURI PENDAMAR INDAH 2 (2.9863719509409727, 101.4245463967882)
2026-02-19 01:09:37,061 - INFO - Processing record e3e7fa6b-b926-43b9-a722-7cd2ea1e7312: E11. SRI PJS 10 APT SRI SUBANG,E11. SRI PJS 10 RIDZUAN KONDO,E11. SRI PJS 8  FLAT PKNS,E13. SS 12 (PERSIARAN WANGSA BAIDURI 1-4),E13. SS 12 PERSIARAN WANGSA BAIDURI - (SPRING VILLA & SUMMER VILLA CONDOMINIUM) (3.0774277316077163, 101.60473034296784)
2026-02-19 01:09:38,585 - INFO - Processing record e3e9d762-0c41-44e1-baf4-40c0d5c9332e: E1. SEKSYEN 18 (JLN 18/3 FLAT A : BLOK 2 -10) (3.044669646294478, 101.5203082421227)
2026-02-19 01:09:40,118 - INFO - Processing record e3ef267d-e1d0-4fdd-955a-3cc09f13abec: BDR UDA UTAMA_UDA UTAMA 6/ (1.4897492992303027, 103.67027217302424)
2026-02-19 01:09:41,882 - INFO - Processing record e3fdb673-2299-4924-a8c2-572bdf4e5900: JALAN 12-28 TAMAN PUTRA,JALAN 5/1-5/9 TAMAN SRI RAYA,JALAN BUNGA DAHLIA 1-7 TAMAN SERAYA (3.1206054843717475, 101.76592762078438)
2026-02-19 01:09:43,409 - INFO - Processing record e407d8df-1a84-4ec2-a61c-f43048f95bf4: TAMAN PANCHOR JAYA FASA 4,TAMAN PANCHOR JAYA FASA 7 (2.7342247796917816, 102.00165210366438)
2026-02-19 01:09:44,977 - INFO - Processing record e46f8a52-c616-46a0-b2dd-ab2ba1fc6552: BANDAR MENJALARA (JALAN 13 HINGGA 15/62B),KAMPUNG SEGAMBUT DALAM,KONDOMINIUM TWY,MONT KIARA (INSPIRASI MONT KIARA),MONT KIARA (MK 28) (3.1731528823564354, 101.65106390639107)
2026-02-19 01:09:46,827 - INFO - Processing record e494a22a-adf3-4ad0-b379-e02fb2a1dd4f: PEKAN MENGGATAL,TAMAN MANSIANG,TAMAN SRI BARU,TAMAN SRI BARU FASA 2,TAMAN SUNGAI EMAS (6.023518995706667, 116.15745342659557)
2026-02-19 01:09:49,030 - INFO - Progress: 40/100 in batch, Total: 21320/21579 overall
2026-02-19 01:09:49,030 - INFO - Processing record e4b14c66-efbe-41c0-ade0-f17a3301f385: TAMAN FAJAR FASA 1,TAMAN FAJAR FASA 2,TAMAN FAJAR FASA 3 (5.886337110603351, 118.05400300264246)
2026-02-19 01:09:50,480 - INFO - Processing record e4c2d6d4-3b2e-49be-a9c2-c4dd93daab09: TMN PASIR PUTIH_JLN ASLI (1.4761546689479792, 103.93231006964164)
2026-02-19 01:09:52,026 - INFO - Processing record e4d37533-efe5-4d68-a4ab-fdadaab55b04: JALAN SEMARAK 5-12 TAMAN SEMARAK,PANGSAPURI ANGGERIK TAMAN PUTRA KAJANG (2.9774542150126626, 101.77518301276582)
2026-02-19 01:09:53,612 - INFO - Processing record e4f0603e-bdf6-442d-bfc1-59b01acc0833: PANGSAPURI SRI RINCHING SEMENYIH (2.9326756398169, 101.86469325249296)
2026-02-19 01:09:55,075 - INFO - Processing record e4f556d8-a5f5-4aac-adc5-2845ec2d762c: KG. DARAU LAUT,KG.WARISAN PH 1,KG.WARISAN PH 2,TAMAN PURI WARISAN (6.015504178569444, 116.13326924734258)
2026-02-19 01:09:57,216 - INFO - Processing record e50bc825-12d4-442e-ad35-60e6186eb2b9: 633 RESIDENCY,FLAT JALAN ANG SENG 4,JALAN BERHALA,JALAN THAMBY ABDULLAH,JALAN TUN SAMBANTHAN 4,JALAN VIVEKANDA,LUCKY GARDEN (JALAN TEMPINIS 1-3),LUCKY GARDEN (JALAN TEMPINIS 4-5),LUCKY GARDEN (LRG TEMPINIS KANAN 1,LRG TEMPINIS KANAN 2,LRG TEMPINIS KANAN 3,LRG,MENARA PELANGI APARTMENT,MENARA PUTERI KONDO,METHODIST COLLEGE KUALA LUMPUR (MCKL),PALM COURT CONDOMINIUM (BLOK A,B,C,D),PPR SRI ALAM B (BLOK 6 - BLOK 9),RIVERIA CITY KL CITY,SENTRAL SUITES KL SENTRAL, JALAN ROZARIO,SUASANA LOFT,SUASANA SENTRAL CONDO,TAI KWONG MANSION, JLN BERHALA (BERSEBELAHAN TONG WENG MANSION),TAMAN BUKIT PANTAI (LORONG BUKIT PANTAI),VILLA SCOTT CONDO (3.128987905468124, 101.68206277950635)
2026-02-19 01:09:59,466 - INFO - Processing record e55cc741-8cef-4aba-8a63-d18db5c91f94: APPT SRI CEMPAKA TAMAN SEPAKAT INDAH,APPT SRI IXORA TAMAN SEPAKAT INDAH (2.973824436533744, 101.7831027756626)
2026-02-19 01:10:01,702 - INFO - Processing record e5644550-518d-4c2d-81f9-e6589bfe0358: E15. TMN PUCHONG PERDANA (JLN PERDANA 2),E15. TMN PUCHONG PERDANA (JLN PERDANA 4),E15. TMN PUCHONG PERDANA 5 (JLN ANGGERIK) (3.007245195906543, 101.60561893842522)
2026-02-19 01:10:03,229 - INFO - Processing record e56a1247-f471-40ea-b1f3-8bdafd72fcae: E13. SS 14/1,E13. SS 17/1,E13. SS 18/3,E13. SS 18/4,E13. SS 19/1 (3.07201254256136, 101.58120735375196)
2026-02-19 01:10:04,752 - INFO - Processing record e56ff51e-c77e-4431-b422-7e8520addb38: KG GAMBARON 1 (5.621498894913332, 117.14197888864668)
2026-02-19 01:10:06,322 - INFO - Progress: 50/100 in batch, Total: 21330/21579 overall
2026-02-19 01:10:06,322 - INFO - Processing record e575a38a-6c13-47eb-8644-e177a617b524: TAMAN TAMING IMPIAN (3.013997936999999, 101.801589155)
2026-02-19 01:10:07,789 - INFO - Processing record e5b19168-518a-476a-b4d4-47a744c1c067: TAMAN SRI HARTAMAS (JALAN SRI HARTAMAS 2) (3.1589247269452057, 101.64974224604796)
2026-02-19 01:10:09,332 - INFO - Processing record e5edfbbb-b29d-4f88-8494-44258fa47f34: APPT BEREMBANG INDAH,KG BEREMBANG (3.164925317054797, 101.73829705814384)
2026-02-19 01:10:10,860 - INFO - Processing record e5fb6860-8786-428c-aaa6-e239acde0f28: E7. KD PJU 3 PALM SPRING KONDO 1 (A,B,C),E7. KD PJU 3 PALM SPRING KONDO 2 (D,E,F) (3.1524629048082238, 101.59980036710272)
2026-02-19 01:10:12,998 - INFO - Processing record e6117b20-0cee-4c39-b50e-6feb3ccae2ea: KAMPUNG NANAS(SETINGGAN),KARAMUNTING BARU (5.812406552771602, 118.07179984116664)
2026-02-19 01:10:14,523 - INFO - Processing record e6297401-a3e7-4004-9228-04214507b342: JALAN KESUMA 8/3 (FASA 10) BANDAR TASIK KESUMA (2.917807618859153, 101.88385829148592)
2026-02-19 01:10:16,052 - INFO - Processing record e6342337-7364-4c02-8a08-d233b073e338: APT ALPHA ARENA TMN PUTRA PERDANA,APT KEKWA,APT KENANGA PUTRA PERDANA (2.9467154905312505, 101.61424697292188)
2026-02-19 01:10:17,575 - INFO - Processing record e63e3148-4bd4-4131-a322-26bdac6a560c: TMN SRI ORKID_FLAT SRI ORKID (1.5055941679671052, 103.63587306334868)
2026-02-19 01:10:19,098 - INFO - Processing record e6525caf-55ef-45e7-9ba5-37b5f5362e3e: E16. BDR PUTRA PERMAI  (PUTRA PERMAI SELESA APPT) BLOK A, B, C, D, E, F,E16. BDR PUTRA PERMAI (JLN BPP 3),E5. SEKSYEN U19 (KBSB : JLN MIDDLE) (2.982506831999998, 101.67173309198247)
2026-02-19 01:10:20,629 - INFO - Processing record e65a0f8a-0f3d-4d3c-a7e8-2dfa64c23af3: JALAN SEMARAK 5-12 TAMAN SEMARAK,PANGSAPURI ANGGERIK TAMAN PUTRA KAJANG (2.9774542150126626, 101.77518301276582)
2026-02-19 01:10:22,183 - INFO - Progress: 60/100 in batch, Total: 21340/21579 overall
2026-02-19 01:10:22,184 - INFO - Processing record e66526cd-fff6-40ea-a811-59be682b82d8: APPT TAMAN TENAGA,TAMAN TENAGA DAN RUMAH KEDAI JALAN 1 TAMAN TENAGA (2.959494583660134, 101.78776261294772)
2026-02-19 01:10:23,657 - INFO - Processing record e6acb9a1-de55-43c8-91f2-0b6ca44a7711: POLITEKNIK IBRAHIM SULTAN,TMN SCIENTEX_JLN PELANDUK (1.5065579904848467, 103.91651051009696)
2026-02-19 01:10:25,193 - INFO - Processing record e6b1b08f-d1f6-4242-a633-ee3f8329635d: APPT TAMAN TENAGA,JALAN HENTIAN 1 HENTIAN KAJANG,TAMAN TENAGA DAN RUMAH KEDAI JALAN 1 TAMAN TENAGA (2.958036760544643, 101.7897347481518)
2026-02-19 01:10:26,718 - INFO - Processing record e6ba4830-013e-47dd-8ed0-64d6262e984f: BDR TASIK PUTERI FASA 6 (ZON A) (3.2776248279520552, 101.48095355617124)
2026-02-19 01:10:28,239 - INFO - Processing record e705713a-becb-483f-85b3-ea790d63fea0: FLAT UDA (BLOK E-K) (5.461901335192307, 100.30790861601282)
2026-02-19 01:10:29,765 - INFO - Processing record e719675b-afb1-4f8a-971f-ab6bc43ca227: KG. KOPUNGIT BLOK A,KG.MUHIBBAH (5.952706853118746, 116.065841872725)
2026-02-19 01:10:31,287 - INFO - Processing record e71c54de-6679-4c3e-a9e7-4a230d32e163: BANDAR SERI EHSAN ZON 2 (2.770995972982857, 101.62673158226858)
2026-02-19 01:10:32,814 - INFO - Processing record e7324fbe-ff38-4612-9c58-136ff2ef1c22: E1. SEKSYEN 16 (FLAT C : BLOK 17 - 26),E2. SEKSYEN 19 (FLAT A JLN 19/15 : BLOK 1 - 5),E2. SEKSYEN 19 (TERES B : JLN 19/4 - 19/7B),E2. SEKSYEN 19 (TERES G : JLN 19/39 - 19/44C),E2. SEKSYEN 20 (FLAT B : BLOK 13 - 19),E2. SEKSYEN 20 (PANGSAPURI CALADENIA MBSA),E2. SEKSYEN 20 (RUMAH KEDAI B : JLN G20/G - H20/H) (3.054481054341231, 101.5347711038128)
2026-02-19 01:10:34,336 - INFO - Processing record e759a8f4-b65b-4db8-9198-fe3eff9d3b41: TMN HOOVER (4.583721267792271, 101.08381382509178)
2026-02-19 01:10:36,219 - INFO - Processing record e76c9ebf-c0ea-4619-979c-992b5ab40bd2: CYBERSQUARE APEX TOWER,CYBERSQUARE VERTEX TOWER (2.919103130006713, 101.65675915226176)
2026-02-19 01:10:37,780 - INFO - Progress: 70/100 in batch, Total: 21350/21579 overall
2026-02-19 01:10:37,780 - INFO - Processing record e7b14fd2-2cac-457d-a997-203e9b1841af: APT TERATAI TBR BB (3.444276940787129, 101.55469361771289)
2026-02-19 01:10:39,249 - INFO - Processing record e7b5a2d1-f4cd-4925-8841-6ea184f74f12: DESA ALPHA (TOWN HOUSE),FLAT PKNS JALAN KUCHING,KOMPLEKS MUTIARA,PPR PEKAN BATU,PROGRAM PERUMAHAN RAKYAT (PPR) INTAN BAIDURI ( BLOK A,B,C ),SRI INTAN 1 CONDOMINIUM ( 3 BLOK ),TAMAN SEGAMBUT INDAH (JALAN SELINGSING, JALAN 1/46,2/46 & 3/46), JALAN MATANG (3.196500018878601, 101.67564450734773)
2026-02-19 01:10:42,009 - INFO - Processing record e7ddef18-ccc3-4ce8-8777-5e32f099cc53: TMN SRI DERMAWAN (4.62739055494054, 101.12209290313513)
2026-02-19 01:10:43,529 - INFO - Processing record e7f94b2b-c6d8-4290-b056-1ce52da51020: FLAT DANAU KOTA (BLOK A,B,C) (3.201022620999993, 101.71417868499998)
2026-02-19 01:10:45,050 - INFO - Processing record e7f9efc4-ab25-43a5-8305-5fed925a09f7: E13. USJ 6 (QTS GURU),E13. USJ 6/1 (SUBANG PERDANA GOODYEAR COURT 1) BLOK A,B,C,D,E,F,G,H,I,J,K,L,E13. USJ 6/1 (SUBANG PERDANA GOODYEAR COURT 2) BLOK M,N,O,P,Q,R,S,T,U,V,W,X (3.055111564338163, 101.58916936870531)
2026-02-19 01:10:47,197 - INFO - Processing record e801f9e0-3155-436e-ad00-7bf77739053c: TMN JP PERDANA_JLN JAYA PUTRA 2/26 - 2/40 (1.5696395817124205, 103.77704789533334)
2026-02-19 01:10:48,721 - INFO - Processing record e80d7347-4127-4f91-ab2e-2d0c4e84d893: TMN SRI AUSTIN_JLN SRI AUSTIN 6/1-6/22 EAST ZONE (1.5811903927133772, 103.7496827885032)
2026-02-19 01:10:50,245 - INFO - Processing record e80f1d8b-f8de-4359-bde6-89483da01849: JU03 TAMAN RIA 1 & 2,JU05 TAMAN HILL TOP,JU12 TAMAN HUA TAI,JU19 TAMAN RIA 4,JU52 KG. PISANG (4.281224797034384, 117.87966914173066)
2026-02-19 01:10:51,779 - INFO - Processing record e8366f43-bcae-4e0f-a165-e8c4bbdd1d99: TAMAN MALURI (JALAN JEJAKA),TAMAN MALURI(JALAN JEJAKA) (3.126414783139074, 101.73025870185432)
2026-02-19 01:10:53,290 - INFO - Processing record e8512df1-15fb-4bf1-bf24-449a7ce09edb: APPT JALAN 6C/11 SEKSYEN 16 BANDAR BARU BANGI,APPT JALAN 6C/2 SEKSYEN 16 BANDAR BARU BANGI,JALAN 6C SEKSYEN 16 BANDAR BARU BANGI (2.946656448990149, 101.76180697034482)
2026-02-19 01:10:55,486 - INFO - Progress: 80/100 in batch, Total: 21360/21579 overall
2026-02-19 01:10:55,486 - INFO - Processing record e86893ae-fce1-46c8-a990-498606734bd1: TMN. SEJAHTERA (1.856762648675496, 102.93430652419867)
2026-02-19 01:10:56,958 - INFO - Processing record e88e5c6f-213a-4ea8-ac2f-f0fec027989d: TAMAN EKA MATAHARI ( SELASIH ),TAMAN EKA MATAHARI ( SERAI ) (2.691943153775754, 101.7981158611212)
2026-02-19 01:10:58,496 - INFO - Processing record e8adfce3-db7a-444d-8f0a-127443e8861e: APPT SAUJANA PERMAI 1 MUTIARA HEIGHT,JALAN JENARIS 3 & 3B TMN DESA SERI JENARIS,JALAN PUNCAK 1 TAMAN PUNCAK SAUJANA,JALAN PUNCAK 3 TAMAN PUNCAK SAUJANA,JALAN PUNCAK SAUJANA 4 TAMAN PUNCAK SAUJANA,JALAN TKP 1-9 TAMAN KANTAN PERMAI,PANGSAPURI BLOK A & B TAMAN TAMING IMPIAN,PANGSAPURI PUNCAK SAUJANA TAMAN PUNCAK SAUJANA,TAMAN PINGGIRAN SAUJANA,TAMAN SAUJANA SURIA,TAMAN TAMING IMPIAN (3.016038536590256, 101.80793521052438)
2026-02-19 01:11:00,019 - INFO - Processing record e8c161b6-893a-48c2-a123-c12e7829860d: TAMAN SERULING EMAS A,TAMAN SERULING EMAS B,TAMAN SERULING EMAS C (5.212881479887576, 100.50682304935503)
2026-02-19 01:11:01,545 - INFO - Processing record e8fa18b7-c138-40c5-98c4-804770d659eb: E6. BL PJU 9 SD 12 FLAT SRI CEMPAKA (3.195450176999998, 101.605165156)
2026-02-19 01:11:03,083 - INFO - Processing record e9127215-fad8-4dfe-8045-4f16cce8f960: PPR LAKSAMANA (A/B/C),RUMAH KEDAI (JALAN PEEL) (3.13155077768394, 101.72083495736788)
2026-02-19 01:11:04,606 - INFO - Processing record e913b3fa-da83-44d7-b349-0061fd81aede: TAMAN BUKIT CHEDANG (JALAN BELIDA) (2.693974535014086, 101.92220362838027)
2026-02-19 01:11:06,131 - INFO - Processing record e924bd64-9a52-4fcb-a0bf-fddb79d12b6b: E11. SRI PJS 5 FLAT DESA RIA (G,J,K,L,M,N,O,P),E11. SRI PJS 6 FLAT DESA MENTARI 2 (BLOK 4 , 5 , 6) (3.0805098298846145, 101.61637847011536)
2026-02-19 01:11:07,653 - INFO - Processing record e953191c-5bf0-4169-9550-70015954046b: APARTMENT NILAI 3 CASSIA (BLOK A,B,C),KAWASAN PERNIAGAAN NILAI 3 (JLN. 3/1, 3/3, 3/5, 3/6, 3/7, 3/8, 3/10, JLN. MEKANI,KAWASAN PERNIAGAAN NILAI 3 (JLN. 3/2, 3/4, 3/9, 3/11, 3/13, 3/15, 3/17, 3/19) (2.8551954460032776, 101.80557088030164)
2026-02-19 01:11:09,174 - INFO - Processing record e9586131-27d1-46e8-a824-d3680ac20ce4: APPT SAUJANA PERMAI 1 MUTIARA HEIGHT,JALAN JENARIS 3 & 3B TMN DESA SERI JENARIS,JALAN PUNCAK 1 TAMAN PUNCAK SAUJANA,JALAN PUNCAK 3 TAMAN PUNCAK SAUJANA,JALAN PUNCAK SAUJANA 4 TAMAN PUNCAK SAUJANA,JALAN TKP 1-9 TAMAN KANTAN PERMAI,PANGSAPURI BLOK A & B TAMAN TAMING IMPIAN,PANGSAPURI PUNCAK SAUJANA TAMAN PUNCAK SAUJANA,TAMAN PINGGIRAN SAUJANA,TAMAN SAUJANA SURIA,TAMAN TAMING IMPIAN (3.016038536590256, 101.80793521052438)
2026-02-19 01:11:10,759 - INFO - Progress: 90/100 in batch, Total: 21370/21579 overall
2026-02-19 01:11:10,759 - INFO - Processing record e95c5f43-3ca2-4b0e-88f8-944e5e525cb0: E1. SEKSYEN 16 (FLAT C : BLOK 17 - 26),E2. SEKSYEN 19 (FLAT A JLN 19/15 : BLOK 1 - 5),E2. SEKSYEN 19 (TERES B : JLN 19/4 - 19/7B),E2. SEKSYEN 19 (TERES G : JLN 19/39 - 19/44C),E2. SEKSYEN 20 (APT SURI PUTERI),E2. SEKSYEN 20 (FLAT B : BLOK 13 - 19),E2. SEKSYEN 20 (PANGSAPURI CALADENIA MBSA),E2. SEKSYEN 20 (RUMAH KEDAI B : JLN G20/G - H20/H) (3.054491892931441, 101.53479176020566)
2026-02-19 01:11:12,211 - INFO - Processing record e95d1ee6-08d6-4297-a4f9-161e0db59af3: AP100 KAMPUNG KONGSI 8/2 (4.26682874387417, 117.94028246272848)
2026-02-19 01:11:13,749 - INFO - Processing record e977f2ea-d831-4dd2-b505-a5ea4b7b1d70: JALAN 6/5A-F SEKSYEN 6 BANDAR RINCHING (2.924384834527605, 101.86355371048468)
2026-02-19 01:11:15,268 - INFO - Processing record e99af246-6c55-4ab8-9aa8-22d8e31bb561: KAMPUNG MAMPIR (3.17882368715095, 101.8670399866541)
2026-02-19 01:11:16,796 - INFO - Processing record e9a7cce5-22f1-47d6-9ed4-5728dbd3ef03: BANDAR SERI EHSAN ZON 2 (2.7709955575257146, 101.62672841157716)
2026-02-19 01:11:18,329 - INFO - Processing record e9c57512-82ec-45df-be00-197e3a658cd9: SN39 TAMAN EASTERN,SN72 TMN. CHUAN ANN (4.2751916573866655, 117.90802278810666)
2026-02-19 01:11:19,844 - INFO - Processing record e9d6ffb7-84a0-457f-9903-5e3f62a66900: E16. TMN PUNCAK JALIL 1C (RUMAH KEDAI: JLN PUJ 1/17-1/18),E8. BU PJU 1 (4) - (JALAN PJU 1/11 - 1/24),E8. BU PJU 6 BU 11 (TERES 1) [JLN 11/8 - 11/17],E8. BU PJU 6 BU 12 [JLN 12/1 - 12/10] (3.127215675805971, 101.60289916184328)
2026-02-19 01:11:21,368 - INFO - Processing record ea21196a-5442-448e-b2c2-778cc6cf3b2c: TTDI (JALAN DATUK SULAIMAN 177-217, JALAN DATUK SULAIMAN 3 74-114 & 97-149) (3.153475239573335, 101.62900337920668)
2026-02-19 01:11:22,892 - INFO - Processing record ea2f1aa3-a6bf-402d-b175-825167895b5a: KUARTERS PERTANIAN GOMBAK SETIA (3.2165700381111124, 101.714982803672)
2026-02-19 01:11:24,415 - INFO - Processing record ea4603ca-3e38-4d1f-96a4-f0a1f884b358: TMN SRI ORKID_FLAT SRI ORKID (1.5055941679671052, 103.63587306334868)
2026-02-19 01:11:25,976 - INFO - Progress: 100/100 in batch, Total: 21380/21579 overall
2026-02-19 01:11:25,998 - INFO - Batch completed: 100 records in 159.6s
2026-02-19 01:11:25,998 - INFO - Overall progress: 21380/21579 (199 remaining)
2026-02-19 01:11:25,999 - INFO - Estimated time remaining: 0.1 hours
2026-02-19 01:11:28,029 - INFO - Found 100 records to geocode
2026-02-19 01:11:28,030 - INFO - Processing record ea4ff2c8-e9ad-40a1-9728-99c5279c5375: BANDAR MENJALARA (JALAN 13 HINGGA 15/62B),KONDOMINIUM TWY,MONT KIARA (INSPIRASI MONT KIARA),MONT KIARA (MK 28) (3.173159795354838, 101.6517321127903)
2026-02-19 01:11:28,351 - INFO - Processing record ea782993-f6e9-41b4-8036-a24e4a50f228: APT SERI TEROMPET BB (3.4197232716580634, 101.57504440024516)
2026-02-19 01:11:29,891 - INFO - Processing record ea8a02c5-2243-4419-9bbd-33a521dff0dc: TTDI (JALAN DATUK SULAIMAN 177-217, JALAN DATUK SULAIMAN 3 74-114 & 97-149) (3.153475239573335, 101.62900337920668)
2026-02-19 01:11:31,422 - INFO - Processing record ea9646cd-350b-4850-bfdd-10d4d739cb20: JALAN BANDAR BARU BATU 2,TAMAN MAWAR PUTIH,TAMAN RHU PERMAI (3.317896052639175, 101.27492300336598)
2026-02-19 01:11:32,941 - INFO - Processing record ea9d8eef-2735-407f-b4b3-6a85d621c234: KG. KOPUNGIT BLOK A,KG.MUHIBBAH (5.952706853118746, 116.065841872725)
2026-02-19 01:11:34,461 - INFO - Processing record eae9496c-aeef-45ea-929e-4d6be2c815a5: MONT KIARA (163 RETAIL PARK),TAMAN SEGAMBUT SPPK (JALAN DUTAMAS SEROJA 2),TAMAN SEGAMBUT SPPK(JALAN DUTAMAS SEROJA 1 (2-98),TAMAN SRI BINTANG (34A, 34B, 34C & 34D & 34/38A),TAMAN SRI SINAR (PANGSAPURI ANGSA),UNITED POINT RESIDENCE (3.186866837765957, 101.65385779676596)
2026-02-19 01:11:35,980 - INFO - Processing record eb2a51a8-c9a9-457a-a98b-5078ef81899c: JK06 TMN. VICTORIA,JK38 KOLEJ VOKASIONAL TAWAU,JK47 KG. MUHIBBAH BAL,JK82 TAMAN MUHIBBAH JAYA 1,JK83 TAMAN MUHIBBAHJAYA 2 (4.288691620761466, 117.8933613413991)
2026-02-19 01:11:37,761 - INFO - Processing record eb3db1a5-4674-4e63-9013-cdd5e836fa62: BANDAR MENJALARA (PLAZA MANJALARA),DESA ALPHA (TOWN HOUSE),FLAT PKNS JALAN KUCHING,KOMPLEKS MUTIARA,PPR PEKAN BATU,PROGRAM PERUMAHAN RAKYAT (PPR) INTAN BAIDURI ( BLOK A,B,C ),TAMAN BAMBOO (JALAN CHENDERUH, CHENDERUH 4, CHENDERUH 5),TAMAN BAMBOO (JALAN TEROLAK 2 ( AA1-AA7 ), JALAN TEROLAK 3 ( Z1-Z7 ) & ( Y1-Y4 ),TAMAN BAMBOO (JLN TEROLAK 7(EE1-EE11)(FF1-FF14)&(14-18),JLN TEROLAK 6(HH1-HH14),TAMAN KOK LIAN (JLN SELINGSING 2-34, JLN MANJOI 1(1-33), LENGKOK SELINGSING 1-11,TAMAN LAWA (JALAN 17 (122-168) & 13/42 (66-109),TAMAN SEGAMBUT INDAH (JALAN SELINGSING, JALAN 1/46,2/46 & 3/46), JALAN MATANG,TAMAN SEJAHTERA (JALAN 9/42 (2-60) & (1-25), JALAN 2/42A (2-24,TAMAN SRI DELIMA (JLN JAMBU GOLOK (2-22), LRG JAMBU AIR 3, LRG JAMBU AIR 2 (1-27 (3.1962717052509637, 101.67420531012937)
2026-02-19 01:11:39,720 - INFO - Processing record eb6d2798-c10a-44a3-8830-81dd6d2a396e: TAMAN TASIK JAYA (JALAN 15 - 22 & 35) (2.718374993033782, 101.99795289672971)
2026-02-19 01:11:41,244 - INFO - Processing record eba32231-b18a-4a3b-95f5-727fcea8623d: JALAN 3/38-3/42 SEKSYEN 3 BANDAR BARU BANGI,JALAN 3/57-3/62 SEKSYEN 3 BANDAR BARU BANGI (2.9374438695939373, 101.7791469744303)
2026-02-19 01:11:42,811 - INFO - Progress: 10/100 in batch, Total: 21390/21579 overall
2026-02-19 01:11:42,811 - INFO - Processing record ebb1a7dc-7ff3-4354-b492-de52b56e6bbf: APARTMENT MELAWA RIA (6.083394327830986, 116.1530004449296)
2026-02-19 01:11:44,276 - INFO - Processing record ebe7d549-1e5a-46cd-b422-1ace01964813: E1. SEKSYEN 8 (FLAT A : BLOK 1 - 10 ) (3.089097539725353, 101.51364955157749)
2026-02-19 01:11:46,535 - INFO - Processing record ebef5f84-0eac-46f7-a9ca-019545bba57f: KG. PETAGAS (5.9141846809480505, 116.05473733262336)
2026-02-19 01:11:48,063 - INFO - Processing record ec2ef5f7-63c1-4f5d-b5bc-3b41cbe724de: TMN. RONA (1.8630685015704236, 103.11537989705634)
2026-02-19 01:11:49,583 - INFO - Processing record ec3a70dd-2ad9-4b69-a53e-dcbe342dd7de: E16. BDR PUTRA PERMAI  (PUTRA PERMAI SELESA APPT) BLOK A, B, C, D, E, F,E16. BDR PUTRA PERMAI (JLN BPP 3),E5. SEKSYEN U19 (KBSB : JLN MIDDLE) (2.982506831999998, 101.67173309198247)
2026-02-19 01:11:51,108 - INFO - Processing record ec430dc3-d303-4936-815c-84d41dd411ce: TAMAN DESA BAIDURI,TMN KULAI UTAMA,TMN SG MAS,TMN SRI MUHIBAH (JLN BUNGA KERTAS A) (1.661663593589947, 103.58999857589684)
2026-02-19 01:11:52,635 - INFO - Processing record ec47c665-187c-4c6d-8440-908c8cfd1c28: TAMAN SULTAN ABDUL HALIM (6.106524897377483, 100.3757822573576)
2026-02-19 01:11:54,151 - INFO - Processing record ec55e06e-fdca-41ac-80c2-8624822fcfc7: KONDOMINIUM THE TAMARIND (3.181615520578032, 101.69074143409247)
2026-02-19 01:11:56,417 - INFO - Processing record ec66b94e-05c4-44c0-9151-bc73c2280c3c: TMN RAPAT INDAH (4.56972000297714, 101.12964987047428)
2026-02-19 01:11:58,199 - INFO - Processing record ec7228c4-b0e8-4e97-9097-54e20bc6ad0c: E13. USJ 11/4,E13. USJ 5/1 (3.051874383758141, 101.5778851634186)
2026-02-19 01:11:59,826 - INFO - Progress: 20/100 in batch, Total: 21400/21579 overall
2026-02-19 01:11:59,826 - INFO - Processing record ec86291c-e5eb-4167-aa11-ae185a8d259d: E17. SRI KEMBANGAN 3,E17. TMN BKT SERDANG 4,E17. TMN BKT SERDANG 4 (SERI PAGI),E17. TMN JINMA SRI KEMBANGAN,E17. TMN SERDANG PERDANA (PERDANA SELATAN - SOUTH CITY CONDO) (3.02037545724904, 101.70218152125288)
2026-02-19 01:12:01,233 - INFO - Processing record eca84b45-4086-4723-8c30-ee408bd76562: JALAN SEMARAK 5-12 TAMAN SEMARAK,PANGSAPURI ANGGERIK TAMAN PUTRA KAJANG (2.9774542150126626, 101.77518301276582)
2026-02-19 01:12:02,769 - INFO - Processing record ecac4f6f-20a5-4545-88a2-a915e3ab202d: JALAN SEGAMBUT RENDAH,TAMAN SEGAMBUT (PERSIARAN SEGAMBUT DALAM) (3.181894787770699, 101.67727836222294)
2026-02-19 01:12:04,294 - INFO - Processing record ed20b363-5b16-4d3d-9b3b-69188db55ab4: TMN NUSA PERINTIS_JLN MEDAN 1-4 (1.4512995228082182, 103.59481148558903)
2026-02-19 01:12:05,830 - INFO - Processing record ed2db722-1655-4fa8-b4a5-e3a6befa3129: TMN. BAYVIEW TELUK VILLA (5.895294466894364, 116.03900966073238)
2026-02-19 01:12:07,339 - INFO - Processing record ed32838c-14a6-4c56-94b3-0acbd6414bbc: PPR BATU MUDA (BLOK A, B, C DAN D) (3.207671472643313, 101.6827393046688)
2026-02-19 01:12:08,866 - INFO - Processing record ed3fca71-957f-406c-a35a-d464710f2510: TAMAN OUG A ( LORONG HUJAN EMAS 1-3,JLN SEKOLAH,SBHG JLN HUJAN,JLN HUJAN EMAS),TAMAN SRI PETALING B3-JLN 1/149L-5/149L (3.069167306915584, 101.68082649626623)
2026-02-19 01:12:10,386 - INFO - Processing record ed62d558-010c-4609-a0e0-252200c4adc4: APPT RESIDENSI BISTARIA,FLAT AL-RIDHUAN (3.196399188514285, 101.76543574809716)
2026-02-19 01:12:11,917 - INFO - Processing record ed72a7ce-de5a-4601-97c9-ca300e3dc44c: TAMAN KINTAMAN,TAMAN SENTOSA 03,TAMAN SENTOSA 08,TAMAN SENTOSA 09,TAMAN SENTOSA 18,TAMAN SENTOSA 26 (3.003450238006514, 101.47154095577852)
2026-02-19 01:12:13,444 - INFO - Processing record ed75452e-5c21-40f0-a541-0bbf1038ba4a: SN39 TAMAN EASTERN (4.275412740703226, 117.90863680747096)
2026-02-19 01:12:14,998 - INFO - Progress: 30/100 in batch, Total: 21410/21579 overall
2026-02-19 01:12:14,998 - INFO - Processing record ed762d58-d34d-419c-b899-6bb65b339550: PANGSAPURI MAKMUR SAUJANA IMPIAN (3.0195756357605608, 101.78638514753524)
2026-02-19 01:12:16,476 - INFO - Processing record ed94ff8f-8aa5-4f91-8ffb-581a6811b67d: KONDOMINIUM SRI SUAJAYA (BLOK 200, 202, 204) (3.199986302000013, 101.69082805099998)
2026-02-19 01:12:18,011 - INFO - Processing record eda01e77-7c20-4cff-8ce3-4f7260b7a4b4: KG TINUSA 2 LAUT (A) (5.888772996763282, 118.09237598376328)
2026-02-19 01:12:19,529 - INFO - Processing record eda9ea59-9100-4290-8bc2-11453c958296: ENSING TIMUR (1.5141929578479545, 110.31168769824562)
2026-02-19 01:12:21,057 - INFO - Processing record edbc94d1-7555-408a-8c90-7f146ee070c6: BRAYANG SUNGAI TIGA (1.9214805764647829, 111.41785487307747)
2026-02-19 01:12:22,584 - INFO - Processing record edc49093-5236-44a4-88db-a3a15c685140: KONDOMINIUM 1 SENTUL (JALAN SENTUL),KONDOMINIUM SRI SUAJAYA (BLOK 200, 202, 204) (3.20040397545, 101.69046063708753)
2026-02-19 01:12:24,106 - INFO - Processing record edcb3144-d102-420b-adf0-fa845b47da3b: KAWASAN PERINDUSTRIAN BANDAR SULTAN SULEIMAN 07 (3.0169166703537407, 101.3700620069932)
2026-02-19 01:12:25,631 - INFO - Processing record ee4abe2e-d27e-4079-aed0-56c4f23b5856: GURNEY HEIGHT KONDOMINUM (BLOK C & D),KONDOMINIUM LANAI GURNEY (3.1706098631249984, 101.7282911536)
2026-02-19 01:12:27,773 - INFO - Processing record ee8e9e9d-be01-4a91-bbd9-deb5629c561e: E11. SRI PJS 10 APT SUBANG VILLE EHSAN,E13. SS 12 (PERSIARAN WANGSA BAIDURI 1-4),E13. SS 12 PERSIARAN WANGSA BAIDURI - (SPRING VILLA & SUMMER VILLA CONDOMINIUM) (3.078878681902298, 101.60102353099424)
2026-02-19 01:12:29,295 - INFO - Processing record ef10fb20-dccd-48a9-96ca-28082b5ab202: TAMAN BUKIT BELIDA,TAMAN MAMBAU HEIGHT (2.6724760762675186, 101.91547062324204)
2026-02-19 01:12:30,858 - INFO - Progress: 40/100 in batch, Total: 21420/21579 overall
2026-02-19 01:12:30,858 - INFO - Processing record ef130020-23a5-4385-8bc8-9d675cb99661: KONDOMINIUM THE TAMARIND,MENARA KLH KONDOMINIUM,VIVA RESIDENCY (3.179993934250936, 101.68830982797378)
2026-02-19 01:12:32,338 - INFO - Processing record ef79e840-f120-455f-80e8-7a54dbb0e994: KG SG TUA BHARU,TMN JASA UTAMA (3.2554111188666672, 101.67658812349696)
2026-02-19 01:12:33,883 - INFO - Processing record ef8520c7-8b9f-4a34-8e2e-13e913518014: E10. BG SEK 16 KOLEJ KEDIAMAN KE-13 UNIVERSITY MALAYSIA,E9. KT SS 2 (1) [JLN SS 2/1-2/4, 2/4A,4B, 2/5-2/23, 2/25, 2/25A],E9. KT SS 2 (AMEERA KONDO),E9. KT SS 2 (KEN DAMANSARA KONDO 3) (3.12145915887234, 101.6252435660085)
2026-02-19 01:12:35,412 - INFO - Processing record ef867a6d-e1ed-4173-8f6c-4fb0a02a1f4b: D'VANTAGE APARTMENT,KG. DARAU LAUT,KG.WARISAN PH 1,KG.WARISAN PH 2,TAMAN PURI WARISAN (6.015387736054053, 116.1335486159054)
2026-02-19 01:12:36,933 - INFO - Processing record efa5f0df-ce41-4140-abec-4bc4d9b502a2: TMN. RONA (1.8630685015704236, 103.11537989705634)
2026-02-19 01:12:38,481 - INFO - Processing record efb3b970-0b10-42ee-8c1c-6011efd9507e: DANGA BAY_AMBERSIDE BLOK 1A-1E, 9A, 9B, 8A, 8B,DANGA BAY_ROYAL STRAND (1.465858048848102, 103.72687719263922)
2026-02-19 01:12:39,987 - INFO - Processing record efb4ed76-f05b-4e9d-ae2e-4f9cd64ab53e: E13. TMN SUBANG MAS (RUMAH KEDAI),E4. SEKSYEN U7 (TUDM SUBANG D : BLOK F1 - F9 & BLOK E1 & E2) (3.1221559895696216, 101.53642965073418)
2026-02-19 01:12:41,513 - INFO - Processing record efb5e520-f285-4ca7-9b51-7146058f9ec9: TMN PULAI UTAMA_FLAT JLN PULAI 84/,TMN U_PERTANIAN JLN 1-11 (1.539217308255035, 103.61928012484564)
2026-02-19 01:12:43,040 - INFO - Processing record f005de70-dde6-4909-98f3-b9265419131b: TMN DAYA SAGU_RESIDENSI ARC (1.5521317187687058, 103.76340137809524)
2026-02-19 01:12:44,563 - INFO - Processing record f02c9fcc-120e-44fe-834b-0dd5ae73fa9f: JK02 TMN. SEMARAK LOJI,JK04 TMN. SEMARAK PH.1,JK06 TMN. VICTORIA,JK38 KOLEJ VOKASIONAL TAWAU,JK47 KG. MUHIBBAH BAL,JK82 TAMAN MUHIBBAH JAYA 1,JK83 TAMAN MUHIBBAHJAYA 2,JK97 TAMAN SEMARAK LOJI ATAP BIRU (4.292980434660167, 117.89084610201394)
2026-02-19 01:12:46,123 - INFO - Progress: 50/100 in batch, Total: 21430/21579 overall
2026-02-19 01:12:46,124 - INFO - Processing record f0314ca0-a19f-4f26-ad35-1c68882c960b: TMN U_KEJAYAAN 41-56 (1.5231098510517251, 103.62235073100004)
2026-02-19 01:12:47,598 - INFO - Processing record f0afa575-bdc8-4219-babd-24d64e89bfed: TMN. BAYVIEW TELUK VILLA (5.895294466894364, 116.03900966073238)
2026-02-19 01:12:49,137 - INFO - Processing record f0c12692-2596-4d5b-b1dc-59524e2a28d3: TMN PELANGI_ZON E (1.479183736013069, 103.7776053948366)
2026-02-19 01:12:50,662 - INFO - Processing record f0f1d94d-bd50-435a-8847-bd311be6cacd: TAMAN PEREPAT INDAH 01,TAMAN PEREPAT INDAH 02 (3.0979734304216904, 101.35219767034938)
2026-02-19 01:12:52,184 - INFO - Processing record f0f7db1a-37fc-4ac1-aa57-a938292a4ba3: E15. TMN PUCHONG PERMAI (APT PERMATA 1),E15. TMN PUCHONG PERMAI (FLAT BLOK F) (3.012512686102409, 101.5968625354699)
2026-02-19 01:12:53,709 - INFO - Processing record f119f001-3781-4cec-b821-2a179fdb7147: BEETHOVEN, SYMPHONY HILLS,CRESCENT 1,CYBERJAYA,CRESCENT 2,CYBERJAYA,CYBERIA CONDOMINIUM,CYBERIA SMARTHOME,VERDI ECO-DOMINIUMS (2.921704704126864, 101.64020328848132)
2026-02-19 01:12:55,232 - INFO - Processing record f167e3c5-9881-4a58-a045-e15536bcb56d: TAMAN BATU MUDA (JLN 2-12) (3.2269244138086424, 101.68816609054323)
2026-02-19 01:12:56,758 - INFO - Processing record f190b1c3-d9d8-4e45-8937-05f5ec5a685d: APT KEKWA,SKYLAKE RESIDENCE, PUTRA PERDANA (2.947235334819674, 101.6153422763989)
2026-02-19 01:12:58,549 - INFO - Processing record f1b300f4-6d28-476c-a55f-baa0b040794d: TAMAN BUKIT CHEDANG (JALAN BELIDA) (2.693974535014086, 101.92220362838027)
2026-02-19 01:13:00,066 - INFO - Processing record f1b513cb-e166-4fc8-92c4-b09ec8e5afcd: TAMAN  DESA  PERMAI (5.440182668575343, 100.53670940718494)
2026-02-19 01:13:01,631 - INFO - Progress: 60/100 in batch, Total: 21440/21579 overall
2026-02-19 01:13:01,632 - INFO - Processing record f1ba0161-a1d7-422d-bc29-f6714d4b908c: APPT MESRA VILLA KAMPUNG AMPANG CAMPURAN,FLAT MESRA RIA AMPANG CAMPURAN,LORONG IKAN EMAS 7-9 KAMPUNG AMPANG CAMPURAN (3.132397145266668, 101.77279058677576)
2026-02-19 01:13:03,101 - INFO - Processing record f1c1319c-2dde-46cc-851d-f5ad57c2365a: PUTRA POINT NILAI (JALAN BBN 1/1),PUTRA POINT NILAI (JALAN BBN 1/2) (2.8136750712905423, 101.7938496392162)
2026-02-19 01:13:04,639 - INFO - Processing record f1f0044a-ca3d-44b6-a728-af29a03a2714: TAMAN JAYA UTAMA ZON 1,TAMAN JAYA UTAMA ZON 2 (2.9097345740769223, 101.4739253564359)
2026-02-19 01:13:06,165 - INFO - Processing record f21177cc-eb44-4325-ad91-3b292a0a4245: PANGSAPURI PALMA,PANGSAPURI PENDAMAR INDAH 2 (2.986373276982639, 101.4245492858264)
2026-02-19 01:13:07,684 - INFO - Processing record f21a79e2-6c34-4b66-824d-ccb02aee856f: TAMAN BANDAR EKAR RANTAU FASA 1 (2.592900051972789, 101.95875269057144)
2026-02-19 01:13:09,213 - INFO - Processing record f22d6153-7841-4c2d-9f02-e26eac208db8: TMN GRAND (5.920839133140003, 116.09159034748)
2026-02-19 01:13:10,736 - INFO - Processing record f23650de-0b45-4b35-bdbc-27f95adf3b09: BANDAR MENJALARA (PLAZA MANJALARA),DESA ALPHA (TOWN HOUSE),FLAT PKNS JALAN KUCHING,KOMPLEKS MUTIARA,PPR PEKAN BATU,PROGRAM PERUMAHAN RAKYAT (PPR) INTAN BAIDURI ( BLOK A,B,C ),TAMAN BAMBOO (JALAN CHENDERUH, CHENDERUH 4, CHENDERUH 5),TAMAN BAMBOO (JALAN TEROLAK 2 ( AA1-AA7 ), JALAN TEROLAK 3 ( Z1-Z7 ) & ( Y1-Y4 ),TAMAN BAMBOO (JLN TEROLAK 7(EE1-EE11)(FF1-FF14)&(14-18),JLN TEROLAK 6(HH1-HH14),TAMAN KOK LIAN (JLN SELINGSING 2-34, JLN MANJOI 1(1-33), LENGKOK SELINGSING 1-11,TAMAN LAWA (JALAN 17 (122-168) & 13/42 (66-109),TAMAN SEGAMBUT INDAH (JALAN SELINGSING, JALAN 1/46,2/46 & 3/46), JALAN MATANG,TAMAN SEJAHTERA (JALAN 9/42 (2-60) & (1-25), JALAN 2/42A (2-24,TAMAN SRI DELIMA (JLN JAMBU GOLOK (2-22), LRG JAMBU AIR 3, LRG JAMBU AIR 2 (1-27 (3.1962717052509637, 101.67420531012937)
2026-02-19 01:13:12,266 - INFO - Processing record f23b76ec-5940-4360-9f5e-33fd1b1143f3: TAMAN JAYA DIRI (6.072545579923528, 116.15268244121177)
2026-02-19 01:13:13,787 - INFO - Processing record f23c8b9d-d3db-4837-825a-78732e3fcc50: APARTMENT CHERAS RIA (3.10282216094558, 101.75197897607482)
2026-02-19 01:13:16,031 - INFO - Processing record f23f7db5-f55b-45dc-b7ca-35da0cdd82c6: BUKIT LANJAN (JALAN BUKIT LANJAN 6) (3.167477665936305, 101.6170802831465)
2026-02-19 01:13:17,594 - INFO - Progress: 70/100 in batch, Total: 21450/21579 overall
2026-02-19 01:13:17,595 - INFO - Processing record f24dd66c-3846-4b4e-8022-b0f39215a9c1: PPR BATU MUDA (BLOK A, B, C DAN D) (3.2068693900000085, 101.68016815)
2026-02-19 01:13:19,338 - INFO - Processing record f25a671d-cb0f-4209-8fb1-59d7de0a9b7e: TAMAN SRI RAMPAI (JALAN MEGAN SETAPAK) (3.194394880999994, 101.73005375499996)
2026-02-19 01:13:20,877 - INFO - Processing record f27a544a-0677-45d1-80ba-b8489df7ce7b: E17. TMN SRI SERDANG 2 (JLN 18/8-18/28) (3.006730979907408, 101.7114834624136)
2026-02-19 01:13:22,396 - INFO - Processing record f2a86e8f-ed6a-42f0-b7e1-df4c863e61b7: KG TENGAH GOMBAK,KG.KERDAS 2 (3.227842447987731, 101.71198561121471)
2026-02-19 01:13:23,923 - INFO - Processing record f2acadf6-05e7-47cc-abf2-7679a688f0df: E13. TMN SUBANG MAS (RUMAH KEDAI),E4. SEKSYEN U7 (TUDM SUBANG D : BLOK F1 - F9 & BLOK E1 & E2) (3.1221559895696216, 101.53642965073418)
2026-02-19 01:13:25,451 - INFO - Processing record f2c7865e-3a6a-4a36-a573-11159585027d: E3. SEKSYEN 26 (FLAT PPRT BLOK A,B,C),SEKSYEN 25 (APARTMENT ALORA),SEKSYEN 25 (TERES F : JLN 25/46-25/59, JLN 25/115-25/118B) (3.0339947532172133, 101.54160882535656)
2026-02-19 01:13:26,973 - INFO - Processing record f30df3c6-1690-4587-9dd6-653bf199a363: FLAT DANAU KOTA ( BLOK D & E),FLAT DANAU KOTA (BLOK A,B,C),KONDOMINIUM SETAPAK RIA,PANGSAPURI TERATAI MEWAH,RESIDENSI BENNINGTON SETAPAK,TAMAN DANAU KOTA(KONDOMINIUM PLATINIUM VIC LAKE 10),TERATAI RESIDENCY SETAPAK (3.1993018226261123, 101.71352317223445)
2026-02-19 01:13:28,496 - INFO - Processing record f319a54e-c163-4fb6-b951-ab50064a4130: TAMAN BATU MUDA (JLN 2-12),TAMAN KOPERASI POLIS FASA 2 (JALAN 36/10 - 45/10) (3.224984135787332, 101.6889607836878)
2026-02-19 01:13:30,019 - INFO - Processing record f3a608e0-238b-41fb-8423-215259182828: APPT TAMAN DAMAI JAYA,TAMAN DAMAI JAYA (3.0625138067086106, 101.76638861022518)
2026-02-19 01:13:31,540 - INFO - Processing record f3d2726b-9d42-4b6a-b4f7-b27675bc3bf4: APPT TAMAN PRIMA CEMPAKA (2.976361820894408, 101.81839089418634)
2026-02-19 01:13:33,126 - INFO - Progress: 80/100 in batch, Total: 21460/21579 overall
2026-02-19 01:13:33,126 - INFO - Processing record f3de3d17-68f0-42a2-8236-363dfa1e933b: FLAT DANAU KOTA (BLOK A,B,C) (3.201022620999993, 101.71417868499998)
2026-02-19 01:13:34,582 - INFO - Processing record f3f978a8-0395-4c98-bc02-b52288e397bb: KAMPUNG BUKIT KAPAR JALAN ISKANDAR 02 (3.162674466725352, 101.43470057661268)
2026-02-19 01:13:36,134 - INFO - Processing record f40fddf4-fa45-4e04-8ef8-0ab6763b7bb3: TAMAN MALURI (JALAN JEJAKA),TAMAN MALURI(JALAN JEJAKA) (3.126414783139074, 101.73025870185432)
2026-02-19 01:13:37,652 - INFO - Processing record f4500d42-f773-4f42-a520-1465b91e0f16: TAMAN SEREMBAN 3 (JLN. SEREMBAN TIGA 1-4),TAMAN SEREMBAN 3 (JLN. SEREMBAN TIGA 27-32) (2.6718959703291927, 101.93080884175777)
2026-02-19 01:13:39,439 - INFO - Processing record f4575a14-59b5-4f53-833f-c1d7ef019966: KG. CENDERAMATA,LORONG TABIB KG. LIKAS,TAMAN KEMAJUAN LIKAS (6.001333998302702, 116.11659071612436)
2026-02-19 01:13:40,958 - INFO - Processing record f472dfc7-d86e-41db-bb00-fe1a823c607a: PANGSAPURI MAKMUR SAUJANA IMPIAN (3.0199725088280265, 101.78635522714012)
2026-02-19 01:13:42,486 - INFO - Processing record f4751359-d5af-404c-83e6-c9a9855a2b3f: KAMPUNG MAMPIR (3.17882368715095, 101.8670399866541)
2026-02-19 01:13:44,008 - INFO - Processing record f4779bc1-4d72-4837-9569-b56b03d3b9d1: JALAN TAMING KIRI 1-6 TAMAN TAMING JAYA (3.025712372723682, 101.74458120963816)
2026-02-19 01:13:45,531 - INFO - Processing record f4834751-8ff1-4461-94e7-51660db6bf4c: TAMAN PENGGAWA,TMN.  BENDAHARA (3.3239123495151537, 101.26622572896363)
2026-02-19 01:13:47,055 - INFO - Processing record f4c77d27-dc49-4d57-9458-6d886db41176: TAMAN NURI (5.8915877135473, 118.04176342262164)
2026-02-19 01:13:48,707 - INFO - Progress: 90/100 in batch, Total: 21470/21579 overall
2026-02-19 01:13:48,707 - INFO - Processing record f4f84bf9-b68b-4246-99a0-763ac0a6f9a9: TAMAN SENTOSA 05 (2.9935490659006634, 101.48135686809272)
2026-02-19 01:13:50,203 - INFO - Processing record f5002b93-110d-4b62-b0fd-7b3cf5eeed47: E6. BL PJU 8 EMPIRE CITY (CROWN TOWER) MARRIOT RESIDENCE-BLOCK E,E6. BL PJU 8 EMPIRE CITY (MOSSAZ SUITES) BLOK WEST COURT (3.167477665936305, 101.6170802831465)
2026-02-19 01:13:51,704 - INFO - Processing record f52dbcf8-16ba-4d2b-84f2-01568cb16a89: TMN BKT RAWANG JAYA (ZON B),TMN BKT RAWANG JAYA (ZON D) (3.333824812684933, 101.5864534690548)
2026-02-19 01:13:53,202 - INFO - Processing record f566adb9-1839-4f12-80f7-c629e94a134f: E11. SRI PJU 1A PUNCAK SRI KELANA KONDO (3.111311945931504, 101.5814252264452)
2026-02-19 01:13:54,727 - INFO - Processing record f5a439ef-f143-4237-83c0-7572d89346ec: TAMAN BUKIT SETIA,TAMAN JAYA DIRI (6.071252080917476, 116.15258505546116)
2026-02-19 01:13:56,250 - INFO - Processing record f5b4603e-e684-400e-82e8-398daca568d6: TMN JP PERDANA_JLN JAYA PUTRA 2/26 - 2/40 (1.5696395817124205, 103.77704789533334)
2026-02-19 01:13:57,777 - INFO - Processing record f5bdf9a6-c725-4eed-943f-70ec10ec2818: TAMAN BANDAR EKAR RANTAU FASA 1 (2.592900051972789, 101.95875269057144)
2026-02-19 01:13:59,314 - INFO - Processing record f5c60f0e-bf8a-4809-a08b-861a76cd65e0: TAMAN INDAH,TAMAN SRI ANDALAS 03,TAMAN SRI ANDALAS 19 (3.027075144809755, 101.44963225319025)
2026-02-19 01:14:00,828 - INFO - Processing record f5df6f8b-be0b-4f1d-9efd-baa37c91e1ce: APPT DESA 1,APPT SAUJANA RIA,APPT SRI SAUJANA,E6. BL PJU 9 SD 1 FLAT SRI CEMARA,E6. BL PJU 9 SD 1 FLAT SRI MAHAGONI (3.2100668174537588, 101.6145958923555)
2026-02-19 01:14:03,086 - INFO - Processing record f619d5bd-23dd-4bed-8cb2-6a6450697ea5: TAMAN INDAH 01 (3.139476142900002, 101.37099509620626)
2026-02-19 01:14:04,640 - INFO - Progress: 100/100 in batch, Total: 21480/21579 overall
2026-02-19 01:14:04,660 - INFO - Batch completed: 100 records in 156.6s
2026-02-19 01:14:04,661 - INFO - Overall progress: 21480/21579 (99 remaining)
2026-02-19 01:14:04,661 - INFO - Estimated time remaining: 0.0 hours
2026-02-19 01:14:06,696 - INFO - Found 99 records to geocode
2026-02-19 01:14:06,697 - INFO - Processing record f62b8eec-5f88-429f-ac61-5039a6f73300: KG BARU (PLAZA RAH) (3.1670259429999987, 101.703287612)
2026-02-19 01:14:06,753 - INFO - Processing record f635c976-34ca-4c8b-8f0b-908de6aadd2c: TAMAN TANGLING INDAH,TAMAN TANGLING JAYA (5.265464348473332, 100.47736396371332)
2026-02-19 01:14:08,308 - INFO - Processing record f6614fd4-aba1-4554-8121-160c04ed9595: TAMAN MAZNAH 01,TAMAN MAZNAH 02,TAMAN MAZNAH 03,TAMAN MESRA INDAH 01 (3.0244664929911487, 101.4776303564867)
2026-02-19 01:14:09,824 - INFO - Processing record f6862ea8-6cd2-4cab-a969-289ae65cda40: TTDI (JALAN RAHIM KAJAI (28-80), LORONG RAHIM KAJAI 3,4,5,6,7),TTDI (JALAN RAHIM KAJAI, LORONG RAHIM KAJAI 8-14) (3.155863017748425, 101.62016997189936)
2026-02-19 01:14:11,344 - INFO - Processing record f6bdd932-2f84-4c00-bc27-752345062189: POLITEKNIK IBRAHIM SULTAN,TMN SCIENTEX_JLN PELANDUK (1.5065579904848467, 103.91651051009696)
2026-02-19 01:14:12,870 - INFO - Processing record f6dc2df7-18ff-4b78-bbec-d30cd1edb573: TMN. SOGA ZON A (1.8370698178561675, 102.93861816874656)
2026-02-19 01:14:14,404 - INFO - Processing record f6e3e8a4-2a97-413e-bada-a9bbac48218a: TMN SRI BAHAGIA (1.5122794129215678, 103.72559902447712)
2026-02-19 01:14:15,923 - INFO - Processing record f6ebb569-f4e9-43ca-b1e1-ad46007f2a7a: APT DAHLIA TBR BB,APT KENANGA TBR BB (3.437714499443927, 101.54650947228504)
2026-02-19 01:14:17,446 - INFO - Processing record f702057c-0820-48d1-80dc-3a9938e648a6: JALAN TAMING KIRI 1-6 TAMAN TAMING JAYA (3.0256620364933355, 101.74457688351332)
2026-02-19 01:14:18,969 - INFO - Processing record f70b042a-f841-4764-a5ca-e2c1614ee039: BANDAR RAMAI-RAMAI (5.836131687347562, 118.10296845090856)
2026-02-19 01:14:20,526 - INFO - Progress: 10/99 in batch, Total: 21490/21579 overall
2026-02-19 01:14:20,526 - INFO - Processing record f739881a-dab9-4287-84a7-4295c682ca0a: APT SEROJA,APT TERATAI (2.9334918741986766, 101.60053568539736)
2026-02-19 01:14:21,996 - INFO - Processing record f73fbbfb-a719-49c7-84d9-d4716f9aa230: KUARTERS PESONA,PANGSAPURI PERSONA (5.414996131666666, 100.30969917769336)
2026-02-19 01:14:23,537 - INFO - Processing record f7431d1e-bdc9-47ca-961a-528e1e5daee9: DESA ALPHA (TOWN HOUSE),FLAT PKNS JALAN KUCHING,KOMPLEKS MUTIARA,PPR PEKAN BATU,PROGRAM PERUMAHAN RAKYAT (PPR) INTAN BAIDURI ( BLOK A,B,C ),SRI INTAN 1 CONDOMINIUM ( 3 BLOK ),TAMAN SEGAMBUT INDAH (JALAN SELINGSING, JALAN 1/46,2/46 & 3/46), JALAN MATANG,TAMAN SRI KUCHING (RUMAH KEDAI - JALAN SELINGSING 4) (3.1964054954979426, 101.67561796637447)
2026-02-19 01:14:25,363 - INFO - Processing record f752dfb3-7dcf-40f0-9f61-58995f9cfa4c: KAMPUNG RANTAU PANJANG 39,TAMAN MEWAH,TAMAN MEWAH 01 (3.067123824258707, 101.4140621899204)
2026-02-19 01:14:27,134 - INFO - Processing record f7540898-560c-4337-b78f-c62ac0d72d96: TMN SRI SKUDAI_JLN PERAK,TMN SRI SKUDAI_JLN TEMBAGA MERAH (1.5403050903679254, 103.64780284341508)
2026-02-19 01:14:28,659 - INFO - Processing record f75634d9-30d2-4baa-9f47-de82e125e021: TMN HOOVER (4.584305601999972, 101.084001527)
2026-02-19 01:14:30,183 - INFO - Processing record f7642105-c711-4dee-817e-8bc76e5bab4a: TMN DAYA SAGU_RESIDENSI ARC (1.5521317187687058, 103.76340137809524)
2026-02-19 01:14:31,708 - INFO - Processing record f77b31ff-3e90-4d22-9a47-e62aa6f6fdd7: APPT SRI CEMPAKA TAMAN SEPAKAT INDAH,APPT SRI IXORA TAMAN SEPAKAT INDAH (2.973824436533744, 101.7831027756626)
2026-02-19 01:14:33,243 - INFO - Processing record f781fc83-94f9-4165-a780-8e7fefcb1bc9: APPT DAHLIA COURT PANDAN INDAH,JALAN PANDAN INDAH 9-20 PANDAN INDAH (3.1356161067469137, 101.7515522282716)
2026-02-19 01:14:34,762 - INFO - Processing record f7948c38-45e5-4508-aff5-2578b8721269: JALAN SEMARAK 5-12 TAMAN SEMARAK,PANGSAPURI ANGGERIK TAMAN PUTRA KAJANG (2.9774542150126626, 101.77518301276582)
2026-02-19 01:14:36,328 - INFO - Progress: 20/99 in batch, Total: 21500/21579 overall
2026-02-19 01:14:36,329 - INFO - Processing record f7b3fc36-7574-44b0-bebc-ba5eaad28e92: TMN BERCHAM BARU,TMN LAPANGAN MELODI (4.553657442169812, 101.10531863327044)
2026-02-19 01:14:37,801 - INFO - Processing record f7db4382-a777-4cfa-9529-b016e6c523fa: TAMAN SERI MEDAN (2.9366095103600007, 101.47520811592)
2026-02-19 01:14:39,338 - INFO - Processing record f7de3914-e657-4c0a-94da-1b13f5314b72: PPR BATU MUDA (BLOK A, B, C DAN D) (3.207671472643313, 101.6827393046688)
2026-02-19 01:14:40,864 - INFO - Processing record f7e8796a-a8c7-4174-92ae-2538d6d2a62f: TAMAN TANJUNG CHAT (6.13675989609589, 102.25372692702057)
2026-02-19 01:14:42,387 - INFO - Processing record f83c9996-18fd-4ff3-9ff8-bad6469b9555: TAMAN TANGLING INDAH,TAMAN TANGLING JAYA (5.265464348473332, 100.47736396371332)
2026-02-19 01:14:43,914 - INFO - Processing record f847025b-362e-4659-b2dc-72bc6ef1c7b3: E8. BU PJU 6 APT PELANGI DAMANSARA (D,E,F) (3.1538252567328744, 101.60230257610274)
2026-02-19 01:14:45,434 - INFO - Processing record f88e6c81-9773-4ba2-874c-f428b4630310: KG BARU SUNGAI ARA,TAMAN SRI ACRES (5.319611036313725, 100.2730335391242)
2026-02-19 01:14:46,963 - INFO - Processing record f89615ad-08e1-4b0b-866f-e66bf49dfda5: FLAT TAMAN BUKIT EMAS,TAMAN BUKIT EMAS (3.003681364920531, 101.754077601)
2026-02-19 01:14:48,484 - INFO - Processing record f8968eff-2bb5-421b-8306-4c8a309e0d45: E12. TM PJS 2C FLAT DESA MENTARI (BLOK 9 , 10) (3.0835091150000267, 101.628348701)
2026-02-19 01:14:50,309 - INFO - Processing record f89ff0fc-773c-46ed-8b0f-bf9c25ca72e6: E6. BL PJU 10 APT INDAH,E6. BL PJU 10 SPHERE DAMANSARA KONDO,E6. BL PJU 9 SD 12 FLAT SRI CEMPAKA,E6. BL PJU 9 SD 12 RUMAH KEDAI,E6. BL PJU 9 SD 13 APT SRI MERANTI (1) [A,B,C,D,E,F,G],E6. BL PJU 9 SD 13 APT SRI MERANTI (2) [H,J,K,L,M,N,P,Q,R] (3.194581090522389, 101.6019246419291)
2026-02-19 01:14:51,880 - INFO - Progress: 30/99 in batch, Total: 21510/21579 overall
2026-02-19 01:14:51,881 - INFO - Processing record f8b9161f-775e-4e0c-bc08-3d192c3d40a1: E3. SEKSYEN 26 (FLAT PPRT BLOK A,B,C),SEKSYEN 25 (APARTMENT ALORA),SEKSYEN 25 (TERES F : JLN 25/46-25/59, JLN 25/115-25/118B) (3.0339947532172133, 101.54160882535656)
2026-02-19 01:14:53,343 - INFO - Processing record f8e0bb67-c07f-41fc-a3dc-31cc302484b8: JALAN PANDAN 10 PANDAN JAYA (3.1397509560443018, 101.73696730314558)
2026-02-19 01:14:54,879 - INFO - Processing record f921a821-d163-4594-8b35-65dd129ac299: E11. SRI PJU 1A PUNCAK SRI KELANA KONDO (3.111311945931504, 101.5814252264452)
2026-02-19 01:14:56,400 - INFO - Processing record f92d5b5b-ef9f-45b8-becc-9a877978dc0f: TTDI (JALAN RAHIM KAJAI (28-80), LORONG RAHIM KAJAI 3,4,5,6,7),TTDI (JALAN RAHIM KAJAI, LORONG RAHIM KAJAI 8-14) (3.155863017748425, 101.62016997189936)
2026-02-19 01:14:57,942 - INFO - Processing record f932acad-8cdc-4888-942a-8d1cafe6febf: KEM MAJIDEE TANJUNG LABUH (1.7949899696986271, 102.95324447387672)
2026-02-19 01:14:59,461 - INFO - Processing record f979b3f7-934b-42ed-b86e-0614e6281d5b: APPT RESIDENSI BISTARIA,FLAT AL-RIDHUAN (3.196399188514285, 101.76543574809716)
2026-02-19 01:15:00,992 - INFO - Processing record f9a1f7df-0ecb-4b19-81cc-a815360f927f: KG BARU (PLAZA RAH) (3.1670259429999987, 101.703287612)
2026-02-19 01:15:02,514 - INFO - Processing record f9afca0c-dac2-4fc0-b7b1-c2923c17f57e: JALAN BANDAR BARU BATU 2,TAMAN MAWAR PUTIH,TAMAN RHU PERMAI (3.317896052639175, 101.27492300336598)
2026-02-19 01:15:04,036 - INFO - Processing record f9d88bef-71fd-4858-a88d-924dc4b62ed7: DESA SRI PUTERI (BLOK A,B,C),DESA SRI PUTERI (BLOK D, E, F),PPR DESA PETALING,TASIK HEIGHT APPT BLOK D, E, F, G & H,WIDURI IMPIAN CONDOMINIUM (3.0804401616805968, 101.71481362419404)
2026-02-19 01:15:05,560 - INFO - Processing record f9e61554-ec8c-4707-85db-2ca7541054f4: APARTMENT CEMPAKA,APARTMENT PELANGI COURT,ASRAMA SMJK KWANG HUA,BANDAR BARU KLANG 04,FLAT PELANGI INDAH,TAMAN ENG ANN 02,TAMAN ENG ANN 04 (3.0632043548213086, 101.45919870923368)
2026-02-19 01:15:07,749 - INFO - Progress: 40/99 in batch, Total: 21520/21579 overall
2026-02-19 01:15:07,749 - INFO - Processing record f9e8fb11-2774-44bc-a3d9-3328a8234f9d: TAMAN MUTIARA FASA II (5.438637531502923, 100.6440750802222)
2026-02-19 01:15:09,859 - INFO - Processing record f9efd4c6-7c93-45ff-9e1f-c9d15fde62b5: TMN BUKIT INDAH_JLN INDAH 1-1/13,TMN BUKIT INDAH_JLN INDAH 1-1/13 (A) (1.4865481140700627, 103.65842148735668)
2026-02-19 01:15:11,399 - INFO - Processing record f9fe765c-638a-4914-85a9-464aba6c7fe0: TMN DAYA SAGU_RESIDENSI ARC (1.5521317187687058, 103.76340137809524)
2026-02-19 01:15:12,922 - INFO - Processing record fa06c9fd-37cc-4ddd-9160-1611d62295b0: TAMAN SEREMBAN 3 (JLN. SEREMBAN TIGA 1-4),TAMAN SEREMBAN 3 (JLN. SEREMBAN TIGA 27-32) (2.6718959703291927, 101.93080884175777)
2026-02-19 01:15:14,446 - INFO - Processing record fa327aae-a967-49f9-90d7-c82abc2dc594: E11. SRI SS 7 KELANA PUTERA KONDO,E11. SRI SS 7 KELANA PUTERI KONDO (3.108087835803799, 101.59357077797468)
2026-02-19 01:15:15,975 - INFO - Processing record fa398c7e-d4aa-4275-bae2-81f01898d2d1: FLAT KEM SENAWANG (2.6801551036359, 101.99732869809232)
2026-02-19 01:15:18,143 - INFO - Processing record fa419171-40a2-48e0-9357-becf46dce537: BDR UDA UTAMA_UDA UTAMA 6/ (1.489827010273257, 103.67051890333722)
2026-02-19 01:15:19,661 - INFO - Processing record fa733b05-01a4-4280-aa13-728bde26279e: APT DESA SKUDAI (BLOK1-4) (1.5364801102027037, 103.63502481461488)
2026-02-19 01:15:21,178 - INFO - Processing record fa97f49f-76d8-402f-8fbd-4c5d80612362: DESA ALPHA (TOWN HOUSE),FLAT PKNS JALAN KUCHING,KOMPLEKS MUTIARA,PPR PEKAN BATU,PROGRAM PERUMAHAN RAKYAT (PPR) INTAN BAIDURI ( BLOK A,B,C ),SRI INTAN 1 CONDOMINIUM ( 3 BLOK ),TAMAN BAMBOO (JALAN CHENDERUH, CHENDERUH 4, CHENDERUH 5),TAMAN BAMBOO (JALAN TEROLAK 2 ( AA1-AA7 ), JALAN TEROLAK 3 ( Z1-Z7 ) & ( Y1-Y4 ),TAMAN SEGAMBUT INDAH (JALAN SELINGSING, JALAN 1/46,2/46 & 3/46), JALAN MATANG (3.1966304551220563, 101.6755698194197)
2026-02-19 01:15:22,985 - INFO - Processing record faafa9b8-e8cd-476e-ae2d-b0b25d3f564e: TMN HOOVER (4.584305601999972, 101.084001527)
2026-02-19 01:15:24,544 - INFO - Progress: 50/99 in batch, Total: 21530/21579 overall
2026-02-19 01:15:24,544 - INFO - Processing record fafa1818-f06b-40c2-b7f2-44e2e73f277f: BDR TASIK PUTERI FASA 6 (ZON A) (3.2776248279520552, 101.48095355617124)
2026-02-19 01:15:26,013 - INFO - Processing record fb05273a-df24-4d3e-822a-38b9c014e23d: TAMAN SERI MEDAN (2.9366095103600007, 101.47520811592)
2026-02-19 01:15:27,575 - INFO - Processing record fb08e20a-f4ff-4bcb-b027-12e5cea3f6fe: E6. BL PJU 9 SD 13 APT SRI MERANTI (1) [A,B,C,D,E,F,G] (3.194502822999993, 101.602403911)
2026-02-19 01:15:29,074 - INFO - Processing record fb321b15-d88a-4e4c-b020-ee0eebc5c84f: TMN MUTIARA RINI_JLN UTAMA 34-46 (1.5202498792857155, 103.637047491487)
2026-02-19 01:15:30,600 - INFO - Processing record fb3c62ab-29e8-4f7a-9903-02a130264c7e: E15. BDR KINRARA 5 (JLN BK 5/1 - 5/8),E15. BDR KINRARA 5 (JLN BK 5/9-5/18) & IPD SERDANG (3.0421219736993823, 101.64526384563804)
2026-02-19 01:15:32,129 - INFO - Processing record fb4836bd-13e0-47e7-84b7-0eccfe038778: JALAN 78-86 TAMAN BUKIT MEWAH (2.97516699208904, 101.80214384826029)
2026-02-19 01:15:33,647 - INFO - Processing record fb607174-a797-4f8b-b52b-91e1bebbac8d: TAMAN KUALA MENGGATAL PH.2 (6.055649678201258, 116.15066348444654)
2026-02-19 01:15:35,905 - INFO - Processing record fb6d2b03-d362-4009-a9b7-66f50eb8b6be: TMN JP PERDANA_JLN JAYA PUTRA 2/26 - 2/40 (1.5696395817124205, 103.77704789533334)
2026-02-19 01:15:38,048 - INFO - Processing record fbbac313-0539-47ab-9379-28bf1c158861: E6. BL PJU 9 SD 13 APT SRI MERANTI (2) [H,J,K,L,M,N,P,Q,R] (3.1926946940000107, 101.60213905400002)
2026-02-19 01:15:39,573 - INFO - Processing record fbe10991-c0d6-4504-9058-1d708b5700b0: KG. PETAGAS (5.9141846809480505, 116.05473733262336)
2026-02-19 01:15:41,863 - INFO - Progress: 60/99 in batch, Total: 21540/21579 overall
2026-02-19 01:15:41,864 - INFO - Processing record fbeba54d-392a-4f0d-bb90-30b5bb571ca2: APARTMENT CEMPAKA PURI 1 & 2,FLAT CEMPAKA PURI 4 (BLOK A-M) (2.803321913228395, 101.77250151698765)
2026-02-19 01:15:43,331 - INFO - Processing record fc66a0f3-5655-4332-9fb8-0ca3867c7862: TAMAN EKA MATAHARI ( SELASIH ),TAMAN EKA MATAHARI ( SERAI ) (2.691943153775754, 101.7981158611212)
2026-02-19 01:15:44,864 - INFO - Processing record fc744bea-7ffb-4904-a1ea-30106e41bede: TAMAN BUKIT BELIDA,TAMAN MAMBAU HEIGHT (2.6724760762675186, 101.91547062324204)
2026-02-19 01:15:46,388 - INFO - Processing record fca1ca9c-617b-4ec9-9393-522c01cf0bc2: TMN NUSA BESTARI 2_JALAN NB2 /7 (1.4888850227602757, 103.64447543189726)
2026-02-19 01:15:48,528 - INFO - Processing record fcc1f0d9-e874-4586-b727-d27e8b341cf2: DESA SRI PUTERI (BLOK A,B,C),DESA SRI PUTERI (BLOK D, E, F),PPR DESA PETALING,TASIK HEIGHT APPT BLOK D, E, F, G & H,WIDURI IMPIAN CONDOMINIUM (3.0804401616805968, 101.71481362419404)
2026-02-19 01:15:50,047 - INFO - Processing record fd3dfb1a-5dd5-49e7-916d-ff60b94f85e6: TMN BERCHAM AMAN (4.641220095190473, 101.13752803641496)
2026-02-19 01:15:51,834 - INFO - Processing record fd443a51-41b8-4b17-9559-9c4f44fb1e3a: TMN PASIR PUTIH_JLN ASLI (1.47614005165563, 103.93151234355628)
2026-02-19 01:15:53,367 - INFO - Processing record fd60f033-5de9-4097-9b16-4d28c48636ab: TAMAN TAMING IMPIAN (3.013997936999999, 101.801589155)
2026-02-19 01:15:55,184 - INFO - Processing record fd7992c9-14c9-4f46-a00b-01c72c6039db: TAMAN MELATI (PANGSAPURI KENARI),TAMAN MELATI (PV5) (3.2240736096845253, 101.7284009729762)
2026-02-19 01:15:56,713 - INFO - Processing record fd9620b1-ed56-49cd-a414-2d4328cd9c3a: E3. SEKSYEN 26 (FLAT PPRT BLOK A,B,C),E3. SEKSYEN 27 (FLAT H : BLOK 40 - 42) (3.028100538480265, 101.56835431904604)
2026-02-19 01:15:58,273 - INFO - Progress: 70/99 in batch, Total: 21550/21579 overall
2026-02-19 01:15:58,273 - INFO - Processing record fdc1f7ac-35a3-43f6-b6d6-0363f02449fb: TAMAN TANGLING INDAH,TAMAN TANGLING JAYA (5.265392065705127, 100.47758046818588)
2026-02-19 01:15:59,750 - INFO - Processing record fdfbbf44-8835-4c1f-8796-d13c2fe2b1b0: APARTMENT CEMPAKA PURI 1 & 2,FLAT CEMPAKA PURI 4 (BLOK A-M) (2.803321913228395, 101.77250151698765)
2026-02-19 01:16:01,292 - INFO - Processing record fdfd90c8-71ef-4ce8-887f-3ddf8015e88a: TMN PASIR PUTIH_JLN ASLI (1.47614005165563, 103.93151234355628)
2026-02-19 01:16:02,810 - INFO - Processing record fe164184-018b-4bb8-b2b3-dceeef26c95b: TMN HOOVER (4.584305601999972, 101.084001527)
2026-02-19 01:16:04,339 - INFO - Processing record fe47f9eb-bb59-4150-965a-806080377201: SUDOH (1.486714522809861, 110.1664968409507)
2026-02-19 01:16:06,115 - INFO - Processing record fe4e24ff-9cb4-4489-ac42-93e7a5d70cfe: JALAN BANDAR BARU BATU 2,TAMAN MAWAR PUTIH,TAMAN RHU PERMAI (3.3177936474797964, 101.27496533025251)
2026-02-19 01:16:07,913 - INFO - Processing record fe4efe82-b9d2-4840-ae80-2e03d71d1df6: TAMAN JAYA UTAMA ZON 1,TAMAN JAYA UTAMA ZON 2 (2.9097345740769223, 101.4739253564359)
2026-02-19 01:16:09,436 - INFO - Processing record fe643aa3-ede2-416a-9697-886faaf1998d: TMN BUKIT INDAH_JLN INDAH 1-1/13,TMN BUKIT INDAH_JLN INDAH 1-1/13 (A) (1.4865481140700627, 103.65842148735668)
2026-02-19 01:16:10,960 - INFO - Processing record fe65be88-4ed8-45e2-8cd8-6f802176feca: TMN GRAND (5.920839133140003, 116.09159034748)
2026-02-19 01:16:12,804 - INFO - Processing record fe6bf45c-2f98-4497-a155-928a9454fe53: E13. TMN SUBANG MAS (RUMAH KEDAI),E4. SEKSYEN U7 (TUDM SUBANG D : BLOK F1 - F9 & BLOK E1 & E2) (3.1221559895696216, 101.53642965073418)
2026-02-19 01:16:14,364 - INFO - Progress: 80/99 in batch, Total: 21560/21579 overall
2026-02-19 01:16:14,364 - INFO - Processing record fe6c031e-863d-4366-ba50-4114200fcdbb: PANGSAPURI PANDANMAS (3.1397509560443018, 101.73696730314558)
2026-02-19 01:16:15,835 - INFO - Processing record fe82b124-22a1-4ea1-a7dc-80f6a4211de1: TAMAN MAZNAH 01,TAMAN MAZNAH 02,TAMAN MAZNAH 03,TAMAN MESRA INDAH 01 (3.0244664929911487, 101.4776303564867)
2026-02-19 01:16:17,374 - INFO - Processing record fe9048fc-2b87-41cf-aeb8-67a4683a97f3: FLAT PKNS (JALAN TUN RAZAK),JALAN CHEMOR (TITIWANGSA SENTRAL KONDOMINIUM),JALAN PEKELILING LAMA(TR RESIDENCE),KAMPUNG BARU (ASRAMA PICOMS RAJA ABDULLAH),KAMPUNG BARU (KG. ATAS A),KAMPUNG BARU (KG. ATAS B),KAMPUNG BARU (KG. PAYA 1),KAMPUNG BARU (KG. PAYA 2),KAMPUNG BARU (PLAZA RAH),KAMPUNG BARU (WISMA ZABEDAH),KUARTERS HOSPITAL KUALA LUMPUR (3.168286875439074, 101.705204250677)
2026-02-19 01:16:18,901 - INFO - Processing record fe96e209-4c96-439e-a0f7-7a8ef47e91a9: APPT TAMAN DAMAI JAYA,TAMAN DAMAI JAYA (3.0625138067086106, 101.76638861022518)
2026-02-19 01:16:20,712 - INFO - Processing record fe982a93-7578-49ae-b78a-2cf7487d0c6e: TAMAN KLANG JAYA 07 (3.0070742372937485, 101.45099823971876)
2026-02-19 01:16:22,237 - INFO - Processing record feca4a3d-c8b6-43f8-9c67-b264c62e6c20: JALAN JENARIS 3 & 3B TMN DESA SERI JENARIS,JALAN PUNCAK 1 TAMAN PUNCAK SAUJANA,JALAN PUNCAK 3 TAMAN PUNCAK SAUJANA,JALAN TKP 1-9 TAMAN KANTAN PERMAI,PANGSAPURI BLOK A & B TAMAN TAMING IMPIAN,TAMAN PINGGIRAN SAUJANA,TAMAN SAUJANA SURIA,TAMAN TAMING IMPIAN (3.015280601162068, 101.8061309733931)
2026-02-19 01:16:24,377 - INFO - Processing record fecdf80d-326c-4e92-ab06-13441cd23222: JALAN 6/5A-F SEKSYEN 6 BANDAR RINCHING (2.924384834527605, 101.86355371048468)
2026-02-19 01:16:26,542 - INFO - Processing record fefc30de-78fd-466f-9c46-3754633ba9f2: KAMPUNG BATU BELAH LORONG AMAN 01 (3.076574603767603, 101.43890437357042)
2026-02-19 01:16:28,067 - INFO - Processing record ff0f09fa-d497-4a51-8f26-0f26f14ee2d7: E15. PST BDR PUCHONG (JLN WAWASAN 3) (3.033937473095892, 101.6218229964315)
2026-02-19 01:16:29,594 - INFO - Processing record ff3f8068-12af-4b99-9a32-2240ba6f1a22: TMN SRI JANGGUS (BLOK C1-C2),TMN SRI JANGGUS (TERES) (5.335379490490323, 100.4925870443613)
2026-02-19 01:16:31,142 - INFO - Progress: 90/99 in batch, Total: 21570/21579 overall
2026-02-19 01:16:31,143 - INFO - Processing record ff731893-8be7-4d58-8574-b2e089f93ece: E12. TM PJS 2D FLAT DESA MENTARI (BLOK 11) (3.076355078000006, 101.633338676)
2026-02-19 01:16:32,616 - INFO - Processing record ff7e8c46-e3ca-4290-96c4-044f9bf0e4b3: E13. USJ 1 (ANGSANA APPT),E13. USJ 1 (PANGSAPURI MERANTI) BLOK K, J,E13. USJ 1 (REGINA RESIDENCE) (3.0484378773131326, 101.60098365167676)
2026-02-19 01:16:34,781 - INFO - Processing record ff86d5fc-d4c9-46d9-b011-4c73fd590e54: JALAN PANDAN 10 PANDAN JAYA (3.1397509560443018, 101.73696730314558)
2026-02-19 01:16:36,299 - INFO - Processing record ffbaefaa-1ad1-40a4-9af7-500ee310378e: RPR BATU KAWA (2) (1.5242121756521734, 110.31756868840996)
2026-02-19 01:16:37,824 - INFO - Processing record ffc0dacf-4568-445e-9830-03f9a7689407: TAMAN SERI MEDAN (2.9366095103600007, 101.47520811592)
2026-02-19 01:16:39,348 - INFO - Processing record ffce69a5-99d6-44e6-8ed4-7dd9fdc2d8b2: TAMAN TANJUNG CHAT (6.13675989609589, 102.25372692702057)
2026-02-19 01:16:40,878 - INFO - Processing record ffd42e07-988a-425e-bcbf-b2b12aec5523: JALAN VIVEKANDA,METHODIST COLLEGE KUALA LUMPUR (MCKL),PALM COURT CONDOMINIUM (BLOK A,B,C,D),PPR SRI ALAM B (BLOK 6 - BLOK 9),RIVERIA CITY KL CITY,SENTRAL SUITES KL SENTRAL, JALAN ROZARIO,SUASANA LOFT,SUASANA SENTRAL CONDO (3.1301576991098496, 101.6876618538106)
2026-02-19 01:16:43,034 - INFO - Processing record ffe18189-24d2-4b94-87e4-9470998d58a4: E5. SEKSYEN U6 (KG MELAYU SUBANG I : JLN PKNS),KG CEMPEDAK ZON B (3.1617017692760747, 101.52908845035584)
2026-02-19 01:16:44,559 - INFO - Processing record fff876f8-873c-4070-8c05-6c581a48df18: TAMAN KEPAYAN RIDGE (5.935641401999988, 116.06863384400005)
2026-02-19 01:16:46,117 - INFO - Batch completed: 99 records in 159.4s
2026-02-19 01:16:46,117 - INFO - Overall progress: 21579/21579 (0 remaining)
2026-02-19 01:16:46,117 - INFO - Estimated time remaining: 0.0 hours
2026-02-19 01:16:48,160 - INFO - No pending records found
2026-02-19 01:16:48,160 - INFO - Found 0 records to geocode
2026-02-19 01:16:48,160 - INFO - No more records to process
2026-02-19 01:16:48,185 - INFO - ============================================================
2026-02-19 01:16:48,185 - INFO - BULK REVERSE GEOCODING COMPLETED
2026-02-19 01:16:48,185 - INFO - ============================================================
2026-02-19 01:16:48,185 - INFO - Total processing time: 1.05 hours
2026-02-19 01:16:48,185 - INFO - Records processed in this run: 2199
2026-02-19 01:16:48,185 - INFO - Final statistics: {'total_records': 21579, 'geocoded_records': 21579, 'pending_records': 0, 'error_records': 0}
2026-02-19 01:16:48,186 - INFO - To resume from where left off, use resume_from_id: fff876f8-873c-4070-8c05-6c581a48df18
2026-02-19 01:16:48,186 - INFO - Database connection closed
