centroid_x,centroid_y,date,location,state,total_active_cases,humidity,temperature,rainfall
101.69211240426112,3.086352613105552,20/03/2025,"DE TROPICANA KONDO,KUCHAI AVENUE - JLN KUCHAI MAJU,SPRING AVENUE SERVICE RESIDENCES",WILAYAH PERSEKUTUAN,3,78.16666666666667,26.9,2.1
101.6472994875828,3.1133176523642403,20/03/2025,"E10. BG SEK 11 (TERES 1) [JLN 11/4,11/4A-4F,11/5,11/7,11/9,11/10,11/12],E10. BG SEK 11 UNIVERSITY TOWER",SELANGOR,2,73.66666666666667,27.5,1.6
101.66218998065752,3.1133941341232827,20/03/2025,"VISTA ANGKASA (BLOK 3,4,5,6,7,8)",WILAYAH PERSEKUTUAN,1,78.625,26.6,1.8
101.63091334559154,3.1202950877112707,20/03/2025,"E10. BG SEK 17 (TERES 1) [JLN 17/2 , 17/4 , 17/6 , 17/11 , 17/19]",SELANGOR,1,73.66666666666667,27.5,1.6
101.6244841116582,3.124306357955698,20/03/2025,"E10. BG SEK 17 FLAT PKNS (BLOK A - J),E9. KT SS 2 (FIVE STONE KONDO)",SELANGOR,2,73.66666666666667,27.4,1.6
101.6860516052404,3.1243295903832733,20/03/2025,"JALAN BERHALA,ROBSON CONDO,TAI KWONG MANSION, JLN BERHALA (BERSEBELAHAN TONG WENG MANSION),TAMAN SIERRA SEPUTEH",WILAYAH PERSEKUTUAN,4,78.625,26.6,1.8
101.64864405861267,3.157094517732392,20/03/2025,JALAN SRI HARTAMAS 7 DAN 8,WILAYAH PERSEKUTUAN,1,73.58333333333333,27.2,1.6
101.61068427145624,3.082119493987498,21/03/2025,"E11. SRI PJS 8 MENTARI COURT,E13. PJS 7/13 (SUNWAY COURT) BLOK A, B, C, D",SELANGOR,2,69.375,28.3,3.0
101.62874372698693,3.0836899771764683,21/03/2025,"E12. TM PJS 2C FLAT DESA MENTARI (BLOK 9 , 10)",SELANGOR,1,69.375,28.3,3.0
101.69211240426112,3.086352613105552,21/03/2025,"DE TROPICANA KONDO,KUCHAI AVENUE - JLN KUCHAI MAJU,SPRING AVENUE SERVICE RESIDENCES",WILAYAH PERSEKUTUAN,3,70.83333333333333,27.8,0.9
101.6472994875828,3.1133176523642403,21/03/2025,"E10. BG SEK 11 (TERES 1) [JLN 11/4,11/4A-4F,11/5,11/7,11/9,11/10,11/12],E10. BG SEK 11 UNIVERSITY TOWER",SELANGOR,2,69.41666666666667,28.1,2.6
101.66218998065752,3.1133941341232827,21/03/2025,"VISTA ANGKASA (BLOK 3,4,5,6,7,8)",WILAYAH PERSEKUTUAN,1,73.83333333333333,27.4,1.9
101.63091334559154,3.1202950877112707,21/03/2025,"E10. BG SEK 17 (TERES 1) [JLN 17/2 , 17/4 , 17/6 , 17/11 , 17/19]",SELANGOR,1,69.41666666666667,28.0,2.6
101.6244841116582,3.124306357955698,21/03/2025,"E10. BG SEK 17 FLAT PKNS (BLOK A - J),E9. KT SS 2 (FIVE STONE KONDO)",SELANGOR,2,69.375,28.0,2.6
101.68689600060632,3.1249856378307053,21/03/2025,"JALAN BERHALA,TAI KWONG MANSION, JLN BERHALA (BERSEBELAHAN TONG WENG MANSION),TAMAN SIERRA SEPUTEH",WILAYAH PERSEKUTUAN,3,73.83333333333333,27.2,1.9
101.6691442415986,3.133084098725356,21/03/2025,BANGSAR BARU (JLN TERASEK 4-6),WILAYAH PERSEKUTUAN,1,73.83333333333333,27.3,1.9
101.64864405861267,3.157094517732392,21/03/2025,JALAN SRI HARTAMAS 7 DAN 8,WILAYAH PERSEKUTUAN,1,69.33333333333333,27.8,2.6
101.61068427145624,3.082119493987498,22/03/2025,"E11. SRI PJS 8 MENTARI COURT,E13. PJS 7/13 (SUNWAY COURT) BLOK A, B, C, D",SELANGOR,2,74.91666666666667,27.7,8.0
101.62874372698693,3.0836899771764683,22/03/2025,"E12. TM PJS 2C FLAT DESA MENTARI (BLOK 9 , 10)",SELANGOR,1,74.91666666666667,27.7,8.0
101.69211240426112,3.086352613105552,22/03/2025,"DE TROPICANA KONDO,KUCHAI AVENUE - JLN KUCHAI MAJU,SPRING AVENUE SERVICE RESIDENCES",WILAYAH PERSEKUTUAN,3,74.875,27.5,7.0
101.66218998065752,3.1133941341232827,22/03/2025,"VISTA ANGKASA (BLOK 3,4,5,6,7,8)",WILAYAH PERSEKUTUAN,1,74.25,27.3,3.6
101.63091334559154,3.1202950877112707,22/03/2025,"E10. BG SEK 17 (TERES 1) [JLN 17/2 , 17/4 , 17/6 , 17/11 , 17/19]",SELANGOR,1,73.29166666666667,27.6,5.2
101.6244841116582,3.124306357955698,22/03/2025,"E10. BG SEK 17 FLAT PKNS (BLOK A - J),E9. KT SS 2 (FIVE STONE KONDO)",SELANGOR,2,73.25,27.6,5.2
101.68689600060632,3.1249856378307053,22/03/2025,"JALAN BERHALA,TAI KWONG MANSION, JLN BERHALA (BERSEBELAHAN TONG WENG MANSION),TAMAN SIERRA SEPUTEH",WILAYAH PERSEKUTUAN,3,74.20833333333333,27.2,3.6
101.6691442415986,3.133084098725356,22/03/2025,BANGSAR BARU (JLN TERASEK 4-6),WILAYAH PERSEKUTUAN,1,74.25,27.3,3.6
101.64864405861267,3.157094517732392,22/03/2025,JALAN SRI HARTAMAS 7 DAN 8,WILAYAH PERSEKUTUAN,1,73.20833333333333,27.4,5.2
101.61068427145624,3.082119493987498,23/03/2025,"E11. SRI PJS 8 MENTARI COURT,E13. PJS 7/13 (SUNWAY COURT) BLOK A, B, C, D",SELANGOR,2,80.04166666666667,27.3,10.7
101.62874372698693,3.0836899771764683,23/03/2025,"E12. TM PJS 2C FLAT DESA MENTARI (BLOK 9 , 10)",SELANGOR,1,80.04166666666667,27.3,10.7
101.69211240426112,3.086352613105552,23/03/2025,"DE TROPICANA KONDO,KUCHAI AVENUE - JLN KUCHAI MAJU,SPRING AVENUE SERVICE RESIDENCES",WILAYAH PERSEKUTUAN,3,80.33333333333333,27.1,7.8
101.61116766910274,3.090521946972605,23/03/2025,E9. KT SS 8 APT KELANA IMPIAN,SELANGOR,1,80.04166666666667,27.2,10.7
101.66218998065752,3.1133941341232827,23/03/2025,"VISTA ANGKASA (BLOK 3,4,5,6,7,8)",WILAYAH PERSEKUTUAN,1,79.25,27.1,8.6
101.63091334559154,3.1202950877112707,23/03/2025,"E10. BG SEK 17 (TERES 1) [JLN 17/2 , 17/4 , 17/6 , 17/11 , 17/19]",SELANGOR,1,79.79166666666667,27.1,9.2
101.68750966227566,3.128193358878201,23/03/2025,"JALAN BERHALA,TAI KWONG MANSION, JLN BERHALA (BERSEBELAHAN TONG WENG MANSION)",WILAYAH PERSEKUTUAN,2,79.25,27.2,8.6
101.6691442415986,3.133084098725356,23/03/2025,BANGSAR BARU (JLN TERASEK 4-6),WILAYAH PERSEKUTUAN,1,79.25,27.0,8.6
101.61317852252697,3.1377334584311365,23/03/2025,"E8. BU PJU 6 BU 1 (TERES 1) [JLN 1/1, 1/1A, 1/9 - 1/15],E8. BU PJU 6A RUMAH PANGSA KG KAYU ARA",SELANGOR,2,79.79166666666667,27.0,9.2
101.64864405861267,3.157094517732392,23/03/2025,JALAN SRI HARTAMAS 7 DAN 8,WILAYAH PERSEKUTUAN,1,79.79166666666667,26.8,9.2
101.61068427145624,3.082119493987498,24/03/2025,"E11. SRI PJS 8 MENTARI COURT,E13. PJS 7/13 (SUNWAY COURT) BLOK A, B, C, D",SELANGOR,2,83.33333333333333,27.2,5.5
101.62874372698693,3.0836899771764683,24/03/2025,"E12. TM PJS 2C FLAT DESA MENTARI (BLOK 9 , 10)",SELANGOR,1,83.33333333333333,27.2,5.5
101.69563036305648,3.087417158538204,24/03/2025,"DE TROPICANA KONDO,KG BARU SALAK SELATAN F (SBHG JLN 28, SBHG JLN 32. JALAN 29-31),KG BARU SALAK SELATAN G(SBHG JLN 28, SBHG JLN 21, SBHG JLN 32,35,36,38),KUCHAI AVENUE - JLN KUCHAI MAJU,SPRING AVENUE SERVICE RESIDENCES",WILAYAH PERSEKUTUAN,5,83.16666666666667,27.1,8.6
101.61116766910274,3.090521946972605,24/03/2025,E9. KT SS 8 APT KELANA IMPIAN,SELANGOR,1,83.33333333333333,27.2,5.5
101.66218998065752,3.1133941341232827,24/03/2025,"VISTA ANGKASA (BLOK 3,4,5,6,7,8)",WILAYAH PERSEKUTUAN,1,83.25,27.0,10.3
101.63091334559154,3.1202950877112707,24/03/2025,"E10. BG SEK 17 (TERES 1) [JLN 17/2 , 17/4 , 17/6 , 17/11 , 17/19]",SELANGOR,1,82.16666666666667,27.1,2.3
101.6691442415986,3.133084098725356,24/03/2025,BANGSAR BARU (JLN TERASEK 4-6),WILAYAH PERSEKUTUAN,1,83.25,27.0,10.3
101.61317852252697,3.1377334584311365,24/03/2025,"E8. BU PJU 6 BU 1 (TERES 1) [JLN 1/1, 1/1A, 1/9 - 1/15],E8. BU PJU 6A RUMAH PANGSA KG KAYU ARA",SELANGOR,2,82.16666666666667,27.1,2.3
101.66141689690907,3.145009593551949,24/03/2025,"BUKIT DAMANSARA ( JLN SETIAJASA),PUSAT BANDAR DAMANSARA TWINS DAMANSARA (2 BLIK CONDO 36 TINGKAT)",WILAYAH PERSEKUTUAN,2,83.25,26.9,10.3
101.64864405861267,3.157094517732392,24/03/2025,JALAN SRI HARTAMAS 7 DAN 8,WILAYAH PERSEKUTUAN,1,82.125,26.9,2.3
101.61068427145624,3.082119493987498,25/03/2025,"E11. SRI PJS 8 MENTARI COURT,E13. PJS 7/13 (SUNWAY COURT) BLOK A, B, C, D",SELANGOR,2,85.5,26.9,11.2
101.62874372698693,3.0836899771764683,25/03/2025,"E12. TM PJS 2C FLAT DESA MENTARI (BLOK 9 , 10)",SELANGOR,1,85.5,26.9,11.2
101.69563036305648,3.087417158538204,25/03/2025,"DE TROPICANA KONDO,KG BARU SALAK SELATAN F (SBHG JLN 28, SBHG JLN 32. JALAN 29-31),KG BARU SALAK SELATAN G(SBHG JLN 28, SBHG JLN 21, SBHG JLN 32,35,36,38),KUCHAI AVENUE - JLN KUCHAI MAJU,SPRING AVENUE SERVICE RESIDENCES",WILAYAH PERSEKUTUAN,5,86.875,26.5,12.7
101.61116766910274,3.090521946972605,25/03/2025,E9. KT SS 8 APT KELANA IMPIAN,SELANGOR,1,85.5,26.8,11.2
101.63808904276776,3.1117116043741904,25/03/2025,"E10. BG SEK 12 (TERES 3) [JLN 12/15,12/15A,12/15B,12/17,12/17A-17C,12/19,12/21A]",SELANGOR,1,85.95833333333333,26.6,5.0
101.66218998065752,3.1133941341232827,25/03/2025,"VISTA ANGKASA (BLOK 3,4,5,6,7,8)",WILAYAH PERSEKUTUAN,1,87.54166666666667,26.4,3.8
101.63091334559154,3.1202950877112707,25/03/2025,"E10. BG SEK 17 (TERES 1) [JLN 17/2 , 17/4 , 17/6 , 17/11 , 17/19]",SELANGOR,1,85.95833333333333,26.6,5.0
101.6691442415986,3.133084098725356,25/03/2025,BANGSAR BARU (JLN TERASEK 4-6),WILAYAH PERSEKUTUAN,1,87.54166666666667,26.4,3.8
101.61317852252697,3.1377334584311365,25/03/2025,"E8. BU PJU 6 BU 1 (TERES 1) [JLN 1/1, 1/1A, 1/9 - 1/15],E8. BU PJU 6A RUMAH PANGSA KG KAYU ARA",SELANGOR,2,85.95833333333333,26.6,5.0
101.66141689690907,3.145009593551949,25/03/2025,"BUKIT DAMANSARA ( JLN SETIAJASA),PUSAT BANDAR DAMANSARA TWINS DAMANSARA (2 BLIK CONDO 36 TINGKAT)",WILAYAH PERSEKUTUAN,2,87.54166666666667,26.3,3.8
101.64864405861267,3.157094517732392,25/03/2025,JALAN SRI HARTAMAS 7 DAN 8,WILAYAH PERSEKUTUAN,1,85.95833333333333,26.4,5.0
101.61068427145624,3.082119493987498,26/03/2025,"E11. SRI PJS 8 MENTARI COURT,E13. PJS 7/13 (SUNWAY COURT) BLOK A, B, C, D",SELANGOR,2,79.375,28.5,0.7
101.62874372698693,3.0836899771764683,26/03/2025,"E12. TM PJS 2C FLAT DESA MENTARI (BLOK 9 , 10)",SELANGOR,1,79.375,28.5,0.7
101.69563036305648,3.087417158538204,26/03/2025,"DE TROPICANA KONDO,KG BARU SALAK SELATAN F (SBHG JLN 28, SBHG JLN 32. JALAN 29-31),KG BARU SALAK SELATAN G(SBHG JLN 28, SBHG JLN 21, SBHG JLN 32,35,36,38),KUCHAI AVENUE - JLN KUCHAI MAJU,SPRING AVENUE SERVICE RESIDENCES",WILAYAH PERSEKUTUAN,5,79.0,28.4,0.4
101.61116766910274,3.090521946972605,26/03/2025,E9. KT SS 8 APT KELANA IMPIAN,SELANGOR,1,79.33333333333333,28.5,0.7
101.63808904276776,3.1117116043741904,26/03/2025,"E10. BG SEK 12 (TERES 3) [JLN 12/15,12/15A,12/15B,12/17,12/17A-17C,12/19,12/21A]",SELANGOR,1,79.16666666666667,28.2,0.3
101.66218998065752,3.1133941341232827,26/03/2025,"VISTA ANGKASA (BLOK 3,4,5,6,7,8)",WILAYAH PERSEKUTUAN,1,78.91666666666667,28.1,0.3
101.63091334559154,3.1202950877112707,26/03/2025,"E10. BG SEK 17 (TERES 1) [JLN 17/2 , 17/4 , 17/6 , 17/11 , 17/19]",SELANGOR,1,79.20833333333333,28.3,0.3
101.6691442415986,3.133084098725356,26/03/2025,BANGSAR BARU (JLN TERASEK 4-6),WILAYAH PERSEKUTUAN,1,78.91666666666667,28.1,0.3
101.61317852252697,3.1377334584311365,26/03/2025,"E8. BU PJU 6 BU 1 (TERES 1) [JLN 1/1, 1/1A, 1/9 - 1/15],E8. BU PJU 6A RUMAH PANGSA KG KAYU ARA",SELANGOR,2,79.20833333333333,28.3,0.3
101.66141689690907,3.145009593551949,26/03/2025,"BUKIT DAMANSARA ( JLN SETIAJASA),PUSAT BANDAR DAMANSARA TWINS DAMANSARA (2 BLIK CONDO 36 TINGKAT)",WILAYAH PERSEKUTUAN,2,78.91666666666667,28.0,0.3
101.64864405861267,3.157094517732392,26/03/2025,JALAN SRI HARTAMAS 7 DAN 8,WILAYAH PERSEKUTUAN,1,79.16666666666667,28.0,0.3
101.62874372698693,3.0836899771764683,27/03/2025,"E12. TM PJS 2C FLAT DESA MENTARI (BLOK 9 , 10)",SELANGOR,1,82.875,27.4,9.3
101.69563036305648,3.087417158538204,27/03/2025,"DE TROPICANA KONDO,KG BARU SALAK SELATAN F (SBHG JLN 28, SBHG JLN 32. JALAN 29-31),KG BARU SALAK SELATAN G(SBHG JLN 28, SBHG JLN 21, SBHG JLN 32,35,36,38),KUCHAI AVENUE - JLN KUCHAI MAJU,SPRING AVENUE SERVICE RESIDENCES",WILAYAH PERSEKUTUAN,5,83.54166666666667,27.2,7.4
101.61116766910274,3.090521946972605,27/03/2025,E9. KT SS 8 APT KELANA IMPIAN,SELANGOR,1,82.875,27.3,9.3
101.63808904276776,3.1117116043741904,27/03/2025,"E10. BG SEK 12 (TERES 3) [JLN 12/15,12/15A,12/15B,12/17,12/17A-17C,12/19,12/21A]",SELANGOR,1,82.5,27.0,8.3
101.66164597556362,3.112957764084845,27/03/2025,"VISTA ANGKASA (BLOK 3,4,5,6,7,8)",WILAYAH PERSEKUTUAN,1,83.91666666666667,27.0,7.4
101.63091334559154,3.1202950877112707,27/03/2025,"E10. BG SEK 17 (TERES 1) [JLN 17/2 , 17/4 , 17/6 , 17/11 , 17/19]",SELANGOR,1,82.5,27.1,8.3
101.6691442415986,3.133084098725356,27/03/2025,BANGSAR BARU (JLN TERASEK 4-6),WILAYAH PERSEKUTUAN,1,83.91666666666667,27.0,7.4
101.61317852252697,3.1377334584311365,27/03/2025,"E8. BU PJU 6 BU 1 (TERES 1) [JLN 1/1, 1/1A, 1/9 - 1/15],E8. BU PJU 6A RUMAH PANGSA KG KAYU ARA",SELANGOR,2,82.5,27.1,8.3
101.66141689690907,3.145009593551949,27/03/2025,"BUKIT DAMANSARA ( JLN SETIAJASA),PUSAT BANDAR DAMANSARA TWINS DAMANSARA (2 BLIK CONDO 36 TINGKAT)",WILAYAH PERSEKUTUAN,2,83.875,26.9,7.4
101.64864405861267,3.157094517732392,27/03/2025,JALAN SRI HARTAMAS 7 DAN 8,WILAYAH PERSEKUTUAN,1,82.45833333333333,26.8,8.3
101.61352438228457,3.080938398304345,28/03/2025,"E11. SRI PJS 6 FLAT DESA MENTARI 2 (BLOK 4 , 5 , 6),E11. SRI PJS 8 MENTARI COURT,E13. PJS 7/13 (SUNWAY COURT) BLOK A, B, C, D",SELANGOR,3,89.20833333333333,25.6,15.2
101.62874372698693,3.0836899771764683,28/03/2025,"E12. TM PJS 2C FLAT DESA MENTARI (BLOK 9 , 10)",SELANGOR,1,89.20833333333333,25.7,15.2
101.69656206455883,3.087674381330881,28/03/2025,"DE TROPICANA KONDO,KG BARU SALAK SELATAN F (SBHG JLN 28, SBHG JLN 32. JALAN 29-31),KG BARU SALAK SELATAN G(SBHG JLN 28, SBHG JLN 21, SBHG JLN 32,35,36,38)",WILAYAH PERSEKUTUAN,3,89.08333333333333,25.7,19.7
101.61116766910274,3.090521946972605,28/03/2025,E9. KT SS 8 APT KELANA IMPIAN,SELANGOR,1,89.20833333333333,25.6,15.2
101.63808904276776,3.1117116043741904,28/03/2025,"E10. BG SEK 12 (TERES 3) [JLN 12/15,12/15A,12/15B,12/17,12/17A-17C,12/19,12/21A]",SELANGOR,1,89.79166666666667,25.4,15.1
101.66164597556362,3.112957764084845,28/03/2025,"VISTA ANGKASA (BLOK 3,4,5,6,7,8)",WILAYAH PERSEKUTUAN,1,88.625,25.6,22.3
101.63091334559154,3.1202950877112707,28/03/2025,"E10. BG SEK 17 (TERES 1) [JLN 17/2 , 17/4 , 17/6 , 17/11 , 17/19]",SELANGOR,1,89.79166666666667,25.5,15.1
101.6691442415986,3.133084098725356,28/03/2025,BANGSAR BARU (JLN TERASEK 4-6),WILAYAH PERSEKUTUAN,1,88.625,25.6,22.3
101.61317852252697,3.1377334584311365,28/03/2025,"E8. BU PJU 6 BU 1 (TERES 1) [JLN 1/1, 1/1A, 1/9 - 1/15],E8. BU PJU 6A RUMAH PANGSA KG KAYU ARA",SELANGOR,2,89.79166666666667,25.5,15.1
101.66141689690907,3.145009593551949,28/03/2025,"BUKIT DAMANSARA ( JLN SETIAJASA),PUSAT BANDAR DAMANSARA TWINS DAMANSARA (2 BLIK CONDO 36 TINGKAT)",WILAYAH PERSEKUTUAN,2,88.625,25.5,22.3
101.61352438228457,3.080938398304345,29/03/2025,"E11. SRI PJS 6 FLAT DESA MENTARI 2 (BLOK 4 , 5 , 6),E11. SRI PJS 8 MENTARI COURT,E13. PJS 7/13 (SUNWAY COURT) BLOK A, B, C, D",SELANGOR,3,79.0,28.0,8.1
101.62874372698693,3.0836899771764683,29/03/2025,"E12. TM PJS 2C FLAT DESA MENTARI (BLOK 9 , 10)",SELANGOR,1,79.0,28.0,8.1
101.69600433115194,3.088134169689046,29/03/2025,"DE TROPICANA KONDO,KG BARU SALAK SELATAN F (SBHG JLN 28, SBHG JLN 32. JALAN 29-31),KG BARU SALAK SELATAN G(SBHG JLN 28, SBHG JLN 21, SBHG JLN 32,35,36,38),KUCHAI ENTREPRENEURS PARK (JALAN 2/116B),RESIDENSI FAR EAST",WILAYAH PERSEKUTUAN,5,79.16666666666667,27.8,6.3
101.61116766910274,3.090521946972605,29/03/2025,E9. KT SS 8 APT KELANA IMPIAN,SELANGOR,1,79.0,28.0,8.1
101.6646913082317,3.103248041024393,29/03/2025,"DESA AMAN 2 (PDRM),KONDO RAKYAT",WILAYAH PERSEKUTUAN,2,79.66666666666667,27.6,4.5
101.63808904276776,3.1117116043741904,29/03/2025,"E10. BG SEK 12 (TERES 3) [JLN 12/15,12/15A,12/15B,12/17,12/17A-17C,12/19,12/21A]",SELANGOR,1,79.45833333333333,27.7,5.7
101.66164597556362,3.112957764084845,29/03/2025,"VISTA ANGKASA (BLOK 3,4,5,6,7,8)",WILAYAH PERSEKUTUAN,1,79.66666666666667,27.6,4.5
101.63091334559154,3.1202950877112707,29/03/2025,"E10. BG SEK 17 (TERES 1) [JLN 17/2 , 17/4 , 17/6 , 17/11 , 17/19]",SELANGOR,1,79.45833333333333,27.8,5.7
101.66896999044968,3.133088928288595,29/03/2025,BANGSAR BARU (JLN TERASEK 4-6),WILAYAH PERSEKUTUAN,1,79.66666666666667,27.6,4.5
101.61317852252697,3.1377334584311365,29/03/2025,"E8. BU PJU 6 BU 1 (TERES 1) [JLN 1/1, 1/1A, 1/9 - 1/15],E8. BU PJU 6A RUMAH PANGSA KG KAYU ARA",SELANGOR,2,79.45833333333333,27.7,5.7
101.66141689690907,3.145009593551949,29/03/2025,"BUKIT DAMANSARA ( JLN SETIAJASA),PUSAT BANDAR DAMANSARA TWINS DAMANSARA (2 BLIK CONDO 36 TINGKAT)",WILAYAH PERSEKUTUAN,2,79.66666666666667,27.6,4.5
101.61352438228457,3.080938398304345,30/03/2025,"E11. SRI PJS 6 FLAT DESA MENTARI 2 (BLOK 4 , 5 , 6),E11. SRI PJS 8 MENTARI COURT,E13. PJS 7/13 (SUNWAY COURT) BLOK A, B, C, D",SELANGOR,3,76.20833333333333,28.4,3.0
101.62874372698693,3.0836899771764683,30/03/2025,"E12. TM PJS 2C FLAT DESA MENTARI (BLOK 9 , 10)",SELANGOR,1,76.20833333333333,28.5,3.0
101.69600433115194,3.088134169689046,30/03/2025,"DE TROPICANA KONDO,KG BARU SALAK SELATAN F (SBHG JLN 28, SBHG JLN 32. JALAN 29-31),KG BARU SALAK SELATAN G(SBHG JLN 28, SBHG JLN 21, SBHG JLN 32,35,36,38),KUCHAI ENTREPRENEURS PARK (JALAN 2/116B),RESIDENSI FAR EAST",WILAYAH PERSEKUTUAN,5,78.41666666666667,27.9,3.4
101.61116766910274,3.090521946972605,30/03/2025,E9. KT SS 8 APT KELANA IMPIAN,SELANGOR,1,76.20833333333333,28.4,3.0
101.6646913082317,3.103248041024393,30/03/2025,"DESA AMAN 2 (PDRM),KONDO RAKYAT",WILAYAH PERSEKUTUAN,2,79.16666666666667,27.7,2.5
101.63808904276776,3.1117116043741904,30/03/2025,"E10. BG SEK 12 (TERES 3) [JLN 12/15,12/15A,12/15B,12/17,12/17A-17C,12/19,12/21A]",SELANGOR,1,78.91666666666667,28.0,2.0
101.66164597556362,3.112957764084845,30/03/2025,"VISTA ANGKASA (BLOK 3,4,5,6,7,8)",WILAYAH PERSEKUTUAN,1,79.16666666666667,27.7,2.5
101.63091334559154,3.1202950877112707,30/03/2025,"E10. BG SEK 17 (TERES 1) [JLN 17/2 , 17/4 , 17/6 , 17/11 , 17/19]",SELANGOR,1,78.91666666666667,28.0,2.0
101.66896999044968,3.133088928288595,30/03/2025,BANGSAR BARU (JLN TERASEK 4-6),WILAYAH PERSEKUTUAN,1,79.16666666666667,27.7,2.5
101.61317852252697,3.1377334584311365,30/03/2025,"E8. BU PJU 6 BU 1 (TERES 1) [JLN 1/1, 1/1A, 1/9 - 1/15],E8. BU PJU 6A RUMAH PANGSA KG KAYU ARA",SELANGOR,2,78.91666666666667,28.0,2.0
101.66141689690907,3.145009593551949,30/03/2025,"BUKIT DAMANSARA ( JLN SETIAJASA),PUSAT BANDAR DAMANSARA TWINS DAMANSARA (2 BLIK CONDO 36 TINGKAT)",WILAYAH PERSEKUTUAN,2,79.16666666666667,27.6,2.5
101.61352438228457,3.080938398304345,31/03/2025,"E11. SRI PJS 6 FLAT DESA MENTARI 2 (BLOK 4 , 5 , 6),E11. SRI PJS 8 MENTARI COURT,E13. PJS 7/13 (SUNWAY COURT) BLOK A, B, C, D",SELANGOR,3,87.125,26.4,25.8
101.62874372698693,3.0836899771764683,31/03/2025,"E12. TM PJS 2C FLAT DESA MENTARI (BLOK 9 , 10)",SELANGOR,1,87.125,26.4,25.8
101.69617388587314,3.08864463355597,31/03/2025,"KG BARU SALAK SELATAN F (SBHG JLN 28, SBHG JLN 32. JALAN 29-31),KG BARU SALAK SELATAN G(SBHG JLN 28, SBHG JLN 21, SBHG JLN 32,35,36,38),KUCHAI ENTREPRENEURS PARK (JALAN 2/116B),RESIDENSI FAR EAST",WILAYAH PERSEKUTUAN,4,87.25,26.3,31.1
101.61116766910274,3.090521946972605,31/03/2025,E9. KT SS 8 APT KELANA IMPIAN,SELANGOR,1,87.125,26.4,25.8
101.6646913082317,3.103248041024393,31/03/2025,"DESA AMAN 2 (PDRM),KONDO RAKYAT",WILAYAH PERSEKUTUAN,2,88.125,26.1,30.8
101.63808904276776,3.1117116043741904,31/03/2025,"E10. BG SEK 12 (TERES 3) [JLN 12/15,12/15A,12/15B,12/17,12/17A-17C,12/19,12/21A]",SELANGOR,1,87.75,26.1,27.4
101.66164597556362,3.112957764084845,31/03/2025,"VISTA ANGKASA (BLOK 3,4,5,6,7,8)",WILAYAH PERSEKUTUAN,1,88.125,26.1,30.8
101.63091334559154,3.1202950877112707,31/03/2025,"E10. BG SEK 17 (TERES 1) [JLN 17/2 , 17/4 , 17/6 , 17/11 , 17/19]",SELANGOR,1,87.79166666666667,26.2,27.4
101.66901150826668,3.133146774793337,31/03/2025,BANGSAR BARU (JLN TERASEK 4-6),WILAYAH PERSEKUTUAN,1,88.125,26.1,30.8
101.61317852252697,3.1377334584311365,31/03/2025,"E8. BU PJU 6 BU 1 (TERES 1) [JLN 1/1, 1/1A, 1/9 - 1/15],E8. BU PJU 6A RUMAH PANGSA KG KAYU ARA",SELANGOR,2,87.79166666666667,26.2,27.4
101.66141689690907,3.145009593551949,31/03/2025,"BUKIT DAMANSARA ( JLN SETIAJASA),PUSAT BANDAR DAMANSARA TWINS DAMANSARA (2 BLIK CONDO 36 TINGKAT)",WILAYAH PERSEKUTUAN,2,88.125,26.1,30.8
101.61352438228457,3.080938398304345,01/04/2025,"E11. SRI PJS 6 FLAT DESA MENTARI 2 (BLOK 4 , 5 , 6),E11. SRI PJS 8 MENTARI COURT,E13. PJS 7/13 (SUNWAY COURT) BLOK A, B, C, D",SELANGOR,3,84.58333333333333,27.3,15.8
101.62874372698693,3.0836899771764683,01/04/2025,"E12. TM PJS 2C FLAT DESA MENTARI (BLOK 9 , 10)",SELANGOR,1,84.58333333333333,27.4,15.8
101.69617388587314,3.08864463355597,01/04/2025,"KG BARU SALAK SELATAN F (SBHG JLN 28, SBHG JLN 32. JALAN 29-31),KG BARU SALAK SELATAN G(SBHG JLN 28, SBHG JLN 21, SBHG JLN 32,35,36,38),KUCHAI ENTREPRENEURS PARK (JALAN 2/116B),RESIDENSI FAR EAST",WILAYAH PERSEKUTUAN,4,84.58333333333333,27.2,19.6
101.61116766910274,3.090521946972605,01/04/2025,E9. KT SS 8 APT KELANA IMPIAN,SELANGOR,1,84.58333333333333,27.3,15.8
101.6646913082317,3.103248041024393,01/04/2025,"DESA AMAN 2 (PDRM),KONDO RAKYAT",WILAYAH PERSEKUTUAN,2,84.16666666666667,27.1,16.6
101.63808904276776,3.1117116043741904,01/04/2025,"E10. BG SEK 12 (TERES 3) [JLN 12/15,12/15A,12/15B,12/17,12/17A-17C,12/19,12/21A]",SELANGOR,1,84.41666666666667,27.2,15.8
101.66125221093463,3.1127416621764707,01/04/2025,"VISTA ANGKASA (BLOK 3,4,5,6,7,8)",WILAYAH PERSEKUTUAN,1,84.16666666666667,27.1,16.6
101.63091334559154,3.1202950877112707,01/04/2025,"E10. BG SEK 17 (TERES 1) [JLN 17/2 , 17/4 , 17/6 , 17/11 , 17/19]",SELANGOR,1,84.41666666666667,27.2,15.8
101.66901150826668,3.133146774793337,01/04/2025,BANGSAR BARU (JLN TERASEK 4-6),WILAYAH PERSEKUTUAN,1,84.16666666666667,27.1,16.6
101.61317852252697,3.1377334584311365,01/04/2025,"E8. BU PJU 6 BU 1 (TERES 1) [JLN 1/1, 1/1A, 1/9 - 1/15],E8. BU PJU 6A RUMAH PANGSA KG KAYU ARA",SELANGOR,2,84.41666666666667,27.2,15.8
101.66141689690907,3.145009593551949,01/04/2025,"BUKIT DAMANSARA ( JLN SETIAJASA),PUSAT BANDAR DAMANSARA TWINS DAMANSARA (2 BLIK CONDO 36 TINGKAT)",WILAYAH PERSEKUTUAN,2,84.16666666666667,27.0,16.6
101.61654171265585,3.079743406480516,02/04/2025,"E11. SRI PJS 6 FLAT DESA MENTARI 2 (BLOK 4 , 5 , 6)",SELANGOR,1,85.70833333333333,26.8,38.5
101.62874372698693,3.0836899771764683,02/04/2025,"E12. TM PJS 2C FLAT DESA MENTARI (BLOK 9 , 10)",SELANGOR,1,85.70833333333333,26.8,38.5
101.69617388587314,3.08864463355597,02/04/2025,"KG BARU SALAK SELATAN F (SBHG JLN 28, SBHG JLN 32. JALAN 29-31),KG BARU SALAK SELATAN G(SBHG JLN 28, SBHG JLN 21, SBHG JLN 32,35,36,38),KUCHAI ENTREPRENEURS PARK (JALAN 2/116B),RESIDENSI FAR EAST",WILAYAH PERSEKUTUAN,4,86.33333333333333,26.6,40.3
101.61116766910274,3.090521946972605,02/04/2025,E9. KT SS 8 APT KELANA IMPIAN,SELANGOR,1,85.70833333333333,26.7,38.5
101.6646913082317,3.103248041024393,02/04/2025,"DESA AMAN 2 (PDRM),KONDO RAKYAT",WILAYAH PERSEKUTUAN,2,86.91666666666667,26.4,27.9
101.63808904276776,3.1117116043741904,02/04/2025,"E10. BG SEK 12 (TERES 3) [JLN 12/15,12/15A,12/15B,12/17,12/17A-17C,12/19,12/21A]",SELANGOR,1,85.79166666666667,26.6,37.3
101.66125221093463,3.1127416621764707,02/04/2025,"VISTA ANGKASA (BLOK 3,4,5,6,7,8)",WILAYAH PERSEKUTUAN,1,86.91666666666667,26.5,27.9
101.66901150826668,3.133146774793337,02/04/2025,BANGSAR BARU (JLN TERASEK 4-6),WILAYAH PERSEKUTUAN,1,86.91666666666667,26.4,27.9
101.61317852252697,3.1377334584311365,02/04/2025,"E8. BU PJU 6 BU 1 (TERES 1) [JLN 1/1, 1/1A, 1/9 - 1/15],E8. BU PJU 6A RUMAH PANGSA KG KAYU ARA",SELANGOR,2,85.83333333333333,26.6,37.3
101.66141689690907,3.145009593551949,02/04/2025,"BUKIT DAMANSARA ( JLN SETIAJASA),PUSAT BANDAR DAMANSARA TWINS DAMANSARA (2 BLIK CONDO 36 TINGKAT)",WILAYAH PERSEKUTUAN,2,86.91666666666667,26.4,27.9
101.61654171265585,3.079743406480516,03/04/2025,"E11. SRI PJS 6 FLAT DESA MENTARI 2 (BLOK 4 , 5 , 6)",SELANGOR,1,84.58333333333333,26.8,13.7
101.62874372698693,3.0836899771764683,03/04/2025,"E12. TM PJS 2C FLAT DESA MENTARI (BLOK 9 , 10)",SELANGOR,1,84.58333333333333,26.8,13.7
101.69617388587314,3.08864463355597,03/04/2025,"KG BARU SALAK SELATAN F (SBHG JLN 28, SBHG JLN 32. JALAN 29-31),KG BARU SALAK SELATAN G(SBHG JLN 28, SBHG JLN 21, SBHG JLN 32,35,36,38),KUCHAI ENTREPRENEURS PARK (JALAN 2/116B),RESIDENSI FAR EAST",WILAYAH PERSEKUTUAN,4,84.0,26.7,7.4
101.6125074182772,3.090603544021739,03/04/2025,E9. KT SS 8 APT KELANA IMPIAN,SELANGOR,1,84.58333333333333,26.7,13.7
101.6646913082317,3.103248041024393,03/04/2025,"DESA AMAN 2 (PDRM),KONDO RAKYAT",WILAYAH PERSEKUTUAN,2,85.04166666666667,26.5,12.1
101.63808904276776,3.1117116043741904,03/04/2025,"E10. BG SEK 12 (TERES 3) [JLN 12/15,12/15A,12/15B,12/17,12/17A-17C,12/19,12/21A]",SELANGOR,1,84.70833333333333,26.5,11.0
101.66125221093463,3.1127416621764707,03/04/2025,"VISTA ANGKASA (BLOK 3,4,5,6,7,8)",WILAYAH PERSEKUTUAN,1,85.04166666666667,26.5,12.1
101.66901150826668,3.133146774793337,03/04/2025,BANGSAR BARU (JLN TERASEK 4-6),WILAYAH PERSEKUTUAN,1,85.04166666666667,26.5,12.1
101.61317852252697,3.1377334584311365,03/04/2025,"E8. BU PJU 6 BU 1 (TERES 1) [JLN 1/1, 1/1A, 1/9 - 1/15],E8. BU PJU 6A RUMAH PANGSA KG KAYU ARA",SELANGOR,2,84.70833333333333,26.5,11.0
101.66141689690907,3.145009593551949,03/04/2025,"BUKIT DAMANSARA ( JLN SETIAJASA),PUSAT BANDAR DAMANSARA TWINS DAMANSARA (2 BLIK CONDO 36 TINGKAT)",WILAYAH PERSEKUTUAN,2,85.04166666666667,26.5,12.1
101.61654171265585,3.079743406480516,04/04/2025,"E11. SRI PJS 6 FLAT DESA MENTARI 2 (BLOK 4 , 5 , 6)",SELANGOR,1,88.16666666666667,26.2,14.2
101.69617388587314,3.08864463355597,04/04/2025,"KG BARU SALAK SELATAN F (SBHG JLN 28, SBHG JLN 32. JALAN 29-31),KG BARU SALAK SELATAN G(SBHG JLN 28, SBHG JLN 21, SBHG JLN 32,35,36,38),KUCHAI ENTREPRENEURS PARK (JALAN 2/116B),RESIDENSI FAR EAST",WILAYAH PERSEKUTUAN,4,88.625,26.0,9.6
101.6125074182772,3.090603544021739,04/04/2025,E9. KT SS 8 APT KELANA IMPIAN,SELANGOR,1,88.16666666666667,26.1,14.2
101.6646913082317,3.103248041024393,04/04/2025,"DESA AMAN 2 (PDRM),KONDO RAKYAT",WILAYAH PERSEKUTUAN,2,88.70833333333333,25.9,23.0
101.63808904276776,3.1117116043741904,04/04/2025,"E10. BG SEK 12 (TERES 3) [JLN 12/15,12/15A,12/15B,12/17,12/17A-17C,12/19,12/21A]",SELANGOR,1,88.5,25.9,6.3
101.66125221093463,3.1127416621764707,04/04/2025,"VISTA ANGKASA (BLOK 3,4,5,6,7,8)",WILAYAH PERSEKUTUAN,1,88.70833333333333,25.9,23.0
101.66901150826668,3.133146774793337,04/04/2025,BANGSAR BARU (JLN TERASEK 4-6),WILAYAH PERSEKUTUAN,1,88.70833333333333,25.9,23.0
101.61317852252697,3.1377334584311365,04/04/2025,"E8. BU PJU 6 BU 1 (TERES 1) [JLN 1/1, 1/1A, 1/9 - 1/15],E8. BU PJU 6A RUMAH PANGSA KG KAYU ARA",SELANGOR,2,88.5,26.0,6.3
101.66141689690907,3.145009593551949,04/04/2025,"BUKIT DAMANSARA ( JLN SETIAJASA),PUSAT BANDAR DAMANSARA TWINS DAMANSARA (2 BLIK CONDO 36 TINGKAT)",WILAYAH PERSEKUTUAN,2,88.66666666666667,25.8,23.0
101.61654171265585,3.079743406480516,05/04/2025,"E11. SRI PJS 6 FLAT DESA MENTARI 2 (BLOK 4 , 5 , 6)",SELANGOR,1,85.58333333333333,27.1,7.7
101.69279199287804,3.088613771573172,05/04/2025,"KUCHAI ENTREPRENEURS PARK (JALAN 2/116B),RESIDENSI FAR EAST",WILAYAH PERSEKUTUAN,2,86.66666666666667,26.6,7.4
101.61376825299324,3.090703936668915,05/04/2025,E9. KT SS 8 APT KELANA IMPIAN,SELANGOR,1,85.58333333333333,27.0,7.7
101.6646913082317,3.103248041024393,05/04/2025,"DESA AMAN 2 (PDRM),KONDO RAKYAT",WILAYAH PERSEKUTUAN,2,87.20833333333333,26.3,12.5
101.63808904276776,3.1117116043741904,05/04/2025,"E10. BG SEK 12 (TERES 3) [JLN 12/15,12/15A,12/15B,12/17,12/17A-17C,12/19,12/21A]",SELANGOR,1,86.375,26.7,5.6
101.66125221093463,3.1127416621764707,05/04/2025,"VISTA ANGKASA (BLOK 3,4,5,6,7,8)",WILAYAH PERSEKUTUAN,1,87.20833333333333,26.3,12.5
101.66901150826668,3.133146774793337,05/04/2025,BANGSAR BARU (JLN TERASEK 4-6),WILAYAH PERSEKUTUAN,1,87.20833333333333,26.3,12.5
101.61654171265585,3.079743406480516,06/04/2025,"E11. SRI PJS 6 FLAT DESA MENTARI 2 (BLOK 4 , 5 , 6)",SELANGOR,1,84.66666666666667,26.9,27.7
101.69279199287804,3.088613771573172,06/04/2025,"KUCHAI ENTREPRENEURS PARK (JALAN 2/116B),RESIDENSI FAR EAST",WILAYAH PERSEKUTUAN,2,83.91666666666667,26.8,21.7
101.61376825299324,3.090703936668915,06/04/2025,E9. KT SS 8 APT KELANA IMPIAN,SELANGOR,1,84.625,26.8,27.7
101.6646913082317,3.103248041024393,06/04/2025,"DESA AMAN 2 (PDRM),KONDO RAKYAT",WILAYAH PERSEKUTUAN,2,84.20833333333333,26.6,13.8
101.66125221093463,3.1127416621764707,06/04/2025,"VISTA ANGKASA (BLOK 3,4,5,6,7,8)",WILAYAH PERSEKUTUAN,1,84.20833333333333,26.6,13.8
101.66901150826668,3.133146774793337,06/04/2025,BANGSAR BARU (JLN TERASEK 4-6),WILAYAH PERSEKUTUAN,1,84.20833333333333,26.6,13.8
101.61654171265585,3.079743406480516,07/04/2025,"E11. SRI PJS 6 FLAT DESA MENTARI 2 (BLOK 4 , 5 , 6)",SELANGOR,1,88.16666666666667,25.7,8.7
101.69279199287804,3.088613771573172,07/04/2025,"KUCHAI ENTREPRENEURS PARK (JALAN 2/116B),RESIDENSI FAR EAST",WILAYAH PERSEKUTUAN,2,88.75,25.4,9.1
101.61376825299324,3.090703936668915,07/04/2025,E9. KT SS 8 APT KELANA IMPIAN,SELANGOR,1,88.16666666666667,25.6,8.7
101.6646913082317,3.103248041024393,07/04/2025,"DESA AMAN 2 (PDRM),KONDO RAKYAT",WILAYAH PERSEKUTUAN,2,89.70833333333333,25.3,12.3
101.66125221093463,3.1127416621764707,07/04/2025,"VISTA ANGKASA (BLOK 3,4,5,6,7,8)",WILAYAH PERSEKUTUAN,1,89.70833333333333,25.3,12.3
101.66901150826668,3.133146774793337,07/04/2025,BANGSAR BARU (JLN TERASEK 4-6),WILAYAH PERSEKUTUAN,1,89.70833333333333,25.3,12.3
101.69279199287804,3.088613771573172,08/04/2025,"KUCHAI ENTREPRENEURS PARK (JALAN 2/116B),RESIDENSI FAR EAST",WILAYAH PERSEKUTUAN,2,83.04166666666667,26.9,3.0
101.61376825299324,3.090703936668915,08/04/2025,E9. KT SS 8 APT KELANA IMPIAN,SELANGOR,1,82.41666666666667,27.0,1.7
101.6646913082317,3.103248041024393,08/04/2025,"DESA AMAN 2 (PDRM),KONDO RAKYAT",WILAYAH PERSEKUTUAN,2,83.20833333333333,26.7,20.1
101.66125221093463,3.1127416621764707,08/04/2025,"VISTA ANGKASA (BLOK 3,4,5,6,7,8)",WILAYAH PERSEKUTUAN,1,83.20833333333333,26.7,20.1
101.66901150826668,3.133146774793337,08/04/2025,BANGSAR BARU (JLN TERASEK 4-6),WILAYAH PERSEKUTUAN,1,83.20833333333333,26.7,20.1
101.69279199287804,3.088613771573172,09/04/2025,"KUCHAI ENTREPRENEURS PARK (JALAN 2/116B),RESIDENSI FAR EAST",WILAYAH PERSEKUTUAN,2,84.70833333333333,26.8,7.6
101.61374160502702,3.090721782668917,09/04/2025,E9. KT SS 8 APT KELANA IMPIAN,SELANGOR,1,85.29166666666667,26.9,9.0
101.6646913082317,3.103248041024393,09/04/2025,"DESA AMAN 2 (PDRM),KONDO RAKYAT",WILAYAH PERSEKUTUAN,2,84.70833333333333,26.6,20.4
101.66901150826668,3.133146774793337,09/04/2025,BANGSAR BARU (JLN TERASEK 4-6),WILAYAH PERSEKUTUAN,1,84.70833333333333,26.6,20.4
101.69279199287804,3.088613771573172,10/04/2025,"KUCHAI ENTREPRENEURS PARK (JALAN 2/116B),RESIDENSI FAR EAST",WILAYAH PERSEKUTUAN,2,86.95833333333333,27.1,21.8
101.61374160502702,3.090721782668917,10/04/2025,E9. KT SS 8 APT KELANA IMPIAN,SELANGOR,1,86.79166666666667,27.1,15.9
101.6646913082317,3.103248041024393,10/04/2025,"DESA AMAN 2 (PDRM),KONDO RAKYAT",WILAYAH PERSEKUTUAN,2,87.0,26.9,18.1
101.66915651734932,3.133076861623292,10/04/2025,BANGSAR BARU (JLN TERASEK 4-6),WILAYAH PERSEKUTUAN,1,87.0,26.9,18.1
101.647527677903,3.1541241171757526,10/04/2025,"BUKIT DAMANSARA (DESA DAMANSARA CONDOMINIUM),SRI HARTAMAS (SUNWAY PALAZZIO CONDO))",WILAYAH PERSEKUTUAN,2,86.875,26.6,13.7
101.61374160502702,3.090721782668917,11/04/2025,E9. KT SS 8 APT KELANA IMPIAN,SELANGOR,1,89.08333333333333,25.5,37.2
101.6847852641375,3.1105643380312498,11/04/2025,TAMAN BUKIT DESA (JALAN BUKIT DESA 1-7) & SBHGN JALAN TAMAN BUKIT DESA,WILAYAH PERSEKUTUAN,1,89.20833333333333,25.2,39.3
101.66915651734932,3.133076861623292,11/04/2025,BANGSAR BARU (JLN TERASEK 4-6),WILAYAH PERSEKUTUAN,1,89.20833333333333,25.2,39.3
101.647527677903,3.1541241171757526,11/04/2025,"BUKIT DAMANSARA (DESA DAMANSARA CONDOMINIUM),SRI HARTAMAS (SUNWAY PALAZZIO CONDO))",WILAYAH PERSEKUTUAN,2,89.66666666666667,24.8,41.4
101.61374160502702,3.090721782668917,12/04/2025,E9. KT SS 8 APT KELANA IMPIAN,SELANGOR,1,85.66666666666667,26.6,6.4
101.68476019368325,3.1105647774223613,12/04/2025,TAMAN BUKIT DESA (JALAN BUKIT DESA 1-7) & SBHGN JALAN TAMAN BUKIT DESA,WILAYAH PERSEKUTUAN,1,82.79166666666667,26.6,4.8
101.66915651734932,3.133076861623292,12/04/2025,BANGSAR BARU (JLN TERASEK 4-6),WILAYAH PERSEKUTUAN,1,82.75,26.5,4.8
101.647527677903,3.1541241171757526,12/04/2025,"BUKIT DAMANSARA (DESA DAMANSARA CONDOMINIUM),SRI HARTAMAS (SUNWAY PALAZZIO CONDO))",WILAYAH PERSEKUTUAN,2,84.125,26.1,7.7
101.61374160502702,3.090721782668917,13/04/2025,E9. KT SS 8 APT KELANA IMPIAN,SELANGOR,1,88.08333333333333,26.3,23.2
101.68476019368325,3.1105647774223613,13/04/2025,TAMAN BUKIT DESA (JALAN BUKIT DESA 1-7) & SBHGN JALAN TAMAN BUKIT DESA,WILAYAH PERSEKUTUAN,1,88.04166666666667,26.1,22.8
101.64777750008074,3.154333560341612,13/04/2025,"BUKIT DAMANSARA (DESA DAMANSARA CONDOMINIUM),SRI HARTAMAS (SUNWAY PALAZZIO CONDO))",WILAYAH PERSEKUTUAN,2,88.25,25.8,21.4
101.61374160502702,3.090721782668917,14/04/2025,E9. KT SS 8 APT KELANA IMPIAN,SELANGOR,1,86.45833333333333,26.7,10.5
101.68476019368325,3.1105647774223613,14/04/2025,TAMAN BUKIT DESA (JALAN BUKIT DESA 1-7) & SBHGN JALAN TAMAN BUKIT DESA,WILAYAH PERSEKUTUAN,1,85.29166666666667,26.7,10.9
101.64777750008074,3.154333560341612,14/04/2025,"BUKIT DAMANSARA (DESA DAMANSARA CONDOMINIUM),SRI HARTAMAS (SUNWAY PALAZZIO CONDO))",WILAYAH PERSEKUTUAN,2,86.33333333333333,26.4,11.8
101.61374160502702,3.090721782668917,15/04/2025,E9. KT SS 8 APT KELANA IMPIAN,SELANGOR,1,86.33333333333333,26.8,25.2
101.68476019368325,3.1105647774223613,15/04/2025,TAMAN BUKIT DESA (JALAN BUKIT DESA 1-7) & SBHGN JALAN TAMAN BUKIT DESA,WILAYAH PERSEKUTUAN,1,85.33333333333333,26.8,20.3
101.6477605032622,3.1542771854085334,15/04/2025,"BUKIT DAMANSARA (DESA DAMANSARA CONDOMINIUM),SRI HARTAMAS (SUNWAY PALAZZIO CONDO))",WILAYAH PERSEKUTUAN,2,85.625,26.4,20.8
101.61374160502702,3.090721782668917,16/04/2025,E9. KT SS 8 APT KELANA IMPIAN,SELANGOR,1,83.79166666666667,27.1,18.4
101.68476019368325,3.1105647774223613,16/04/2025,TAMAN BUKIT DESA (JALAN BUKIT DESA 1-7) & SBHGN JALAN TAMAN BUKIT DESA,WILAYAH PERSEKUTUAN,1,82.75,27.2,39.9
101.65128538683976,3.1559586770288446,16/04/2025,"BUKIT DAMANSARA (DESA DAMANSARA CONDOMINIUM),BUKIT DAMANSARA (JALAN SETIAKASIH 1),BUKIT DAMANSARA (JALAN SETIAKASIH),SRI HARTAMAS (SUNWAY PALAZZIO CONDO))",WILAYAH PERSEKUTUAN,4,82.75,27.0,39.9
101.6123106691818,3.090609656112301,17/04/2025,E9. KT SS 8 APT KELANA IMPIAN,SELANGOR,1,79.29166666666667,27.9,0.1
101.68476019368325,3.1105647774223613,17/04/2025,TAMAN BUKIT DESA (JALAN BUKIT DESA 1-7) & SBHGN JALAN TAMAN BUKIT DESA,WILAYAH PERSEKUTUAN,1,80.04166666666667,27.8,0.4
101.65128538683976,3.1559586770288446,17/04/2025,"BUKIT DAMANSARA (DESA DAMANSARA CONDOMINIUM),BUKIT DAMANSARA (JALAN SETIAKASIH 1),BUKIT DAMANSARA (JALAN SETIAKASIH),SRI HARTAMAS (SUNWAY PALAZZIO CONDO))",WILAYAH PERSEKUTUAN,4,80.04166666666667,27.6,0.4
101.6122856598973,3.0905895735783804,18/04/2025,E9. KT SS 8 APT KELANA IMPIAN,SELANGOR,1,83.95833333333333,27.8,5.4
101.68476019368325,3.1105647774223613,18/04/2025,TAMAN BUKIT DESA (JALAN BUKIT DESA 1-7) & SBHGN JALAN TAMAN BUKIT DESA,WILAYAH PERSEKUTUAN,1,83.08333333333333,27.6,7.8
101.6808798020387,3.1280265498516124,18/04/2025,"JALAN THAMBY ABDULLAH,MENARA PUTERI KONDO",WILAYAH PERSEKUTUAN,2,83.08333333333333,27.7,7.8
101.65128538683976,3.1559586770288446,18/04/2025,"BUKIT DAMANSARA (DESA DAMANSARA CONDOMINIUM),BUKIT DAMANSARA (JALAN SETIAKASIH 1),BUKIT DAMANSARA (JALAN SETIAKASIH),SRI HARTAMAS (SUNWAY PALAZZIO CONDO))",WILAYAH PERSEKUTUAN,4,83.04166666666667,27.4,7.8
101.60912742470316,3.094871496066283,19/04/2025,"E9. KT SS 3(TERES 3)[JLN SS 3/1,11,13,15,17,19,21,23,25-28,30,34,36,38,40,42,44],E9. KT SS 3(TERES 4)[JLN SS 3/2,3,4,5,6,7,8,9,10,12,14,14A,16,18,20,22,24],E9. KT SS 3(TERES 6)[JLN SS 3/31,46,48,50,52,54,56,58,60,62],E9. KT SS 8 APT KELANA IMPIAN",SELANGOR,4,85.375,26.7,49.1
101.68476019368325,3.1105647774223613,19/04/2025,TAMAN BUKIT DESA (JALAN BUKIT DESA 1-7) & SBHGN JALAN TAMAN BUKIT DESA,WILAYAH PERSEKUTUAN,1,85.0,26.6,56.5
101.6808798020387,3.1280265498516124,19/04/2025,"JALAN THAMBY ABDULLAH,MENARA PUTERI KONDO",WILAYAH PERSEKUTUAN,2,85.04166666666667,26.7,56.5
101.65128538683976,3.1559586770288446,19/04/2025,"BUKIT DAMANSARA (DESA DAMANSARA CONDOMINIUM),BUKIT DAMANSARA (JALAN SETIAKASIH 1),BUKIT DAMANSARA (JALAN SETIAKASIH),SRI HARTAMAS (SUNWAY PALAZZIO CONDO))",WILAYAH PERSEKUTUAN,4,84.95833333333333,26.3,56.5
101.60912742470316,3.094871496066283,20/04/2025,"E9. KT SS 3(TERES 3)[JLN SS 3/1,11,13,15,17,19,21,23,25-28,30,34,36,38,40,42,44],E9. KT SS 3(TERES 4)[JLN SS 3/2,3,4,5,6,7,8,9,10,12,14,14A,16,18,20,22,24],E9. KT SS 3(TERES 6)[JLN SS 3/31,46,48,50,52,54,56,58,60,62],E9. KT SS 8 APT KELANA IMPIAN",SELANGOR,4,85.625,26.0,13.0
101.68476019368325,3.1105647774223613,20/04/2025,TAMAN BUKIT DESA (JALAN BUKIT DESA 1-7) & SBHGN JALAN TAMAN BUKIT DESA,WILAYAH PERSEKUTUAN,1,85.29166666666667,26.0,18.0
101.6808798020387,3.1280265498516124,20/04/2025,"JALAN THAMBY ABDULLAH,MENARA PUTERI KONDO",WILAYAH PERSEKUTUAN,2,85.29166666666667,26.1,18.0
101.65128538683976,3.1559586770288446,20/04/2025,"BUKIT DAMANSARA (DESA DAMANSARA CONDOMINIUM),BUKIT DAMANSARA (JALAN SETIAKASIH 1),BUKIT DAMANSARA (JALAN SETIAKASIH),SRI HARTAMAS (SUNWAY PALAZZIO CONDO))",WILAYAH PERSEKUTUAN,4,85.29166666666667,25.8,18.0
101.60912742470316,3.094871496066283,21/04/2025,"E9. KT SS 3(TERES 3)[JLN SS 3/1,11,13,15,17,19,21,23,25-28,30,34,36,38,40,42,44],E9. KT SS 3(TERES 4)[JLN SS 3/2,3,4,5,6,7,8,9,10,12,14,14A,16,18,20,22,24],E9. KT SS 3(TERES 6)[JLN SS 3/31,46,48,50,52,54,56,58,60,62],E9. KT SS 8 APT KELANA IMPIAN",SELANGOR,4,85.66666666666667,26.5,8.9
101.68476019368325,3.1105647774223613,21/04/2025,TAMAN BUKIT DESA (JALAN BUKIT DESA 1-7) & SBHGN JALAN TAMAN BUKIT DESA,WILAYAH PERSEKUTUAN,1,87.375,26.2,13.1
101.6808798020387,3.1280265498516124,21/04/2025,"JALAN THAMBY ABDULLAH,MENARA PUTERI KONDO",WILAYAH PERSEKUTUAN,2,87.375,26.4,13.1
101.65128538683976,3.1559586770288446,21/04/2025,"BUKIT DAMANSARA (DESA DAMANSARA CONDOMINIUM),BUKIT DAMANSARA (JALAN SETIAKASIH 1),BUKIT DAMANSARA (JALAN SETIAKASIH),SRI HARTAMAS (SUNWAY PALAZZIO CONDO))",WILAYAH PERSEKUTUAN,4,87.375,26.0,13.1
101.60923338736596,3.0928936171063843,22/04/2025,"E9. KT SS 3(TERES 4)[JLN SS 3/2,3,4,5,6,7,8,9,10,12,14,14A,16,18,20,22,24],E9. KT SS 3(TERES 6)[JLN SS 3/31,46,48,50,52,54,56,58,60,62],E9. KT SS 8 APT KELANA IMPIAN",SELANGOR,3,84.75,27.0,27.5
101.68476019368325,3.1105647774223613,22/04/2025,TAMAN BUKIT DESA (JALAN BUKIT DESA 1-7) & SBHGN JALAN TAMAN BUKIT DESA,WILAYAH PERSEKUTUAN,1,84.54166666666667,27.0,22.9
101.6808798020387,3.1280265498516124,22/04/2025,"JALAN THAMBY ABDULLAH,MENARA PUTERI KONDO",WILAYAH PERSEKUTUAN,2,84.54166666666667,27.1,22.9
101.65128538683976,3.1559586770288446,22/04/2025,"BUKIT DAMANSARA (DESA DAMANSARA CONDOMINIUM),BUKIT DAMANSARA (JALAN SETIAKASIH 1),BUKIT DAMANSARA (JALAN SETIAKASIH),SRI HARTAMAS (SUNWAY PALAZZIO CONDO))",WILAYAH PERSEKUTUAN,4,84.5,26.7,22.9
101.62252830826162,3.077667452750001,23/04/2025,E11. SRI PJS 5 TMN DESA RIA (PST KOMERSIAL) [JLN PJS 5/27-5/30],SELANGOR,1,85.66666666666667,26.7,15.5
101.61190236403084,3.078968561704843,23/04/2025,"E11. SRI PJS 6 FLAT DESA MENTARI 2 (BLOK 4 , 5 , 6),E11. SRI PJS 6 KG LINDUNGAN (TERES 1) [JLN PJS 6/1,6/1A,6/1C,6/1D,6/1E,6/1F],E11. SRI PJS 8 APT MAKMUR,E11. SRI PJS 8 MENTARI COURT,E12. TM PJS4 TMN INDAH JAYA(TERES 3)[JLN PJS 4/10,12,14,14A-14D,15,17,23]",SELANGOR,5,85.66666666666667,26.6,15.5
101.60923338736596,3.0928936171063843,23/04/2025,"E9. KT SS 3(TERES 4)[JLN SS 3/2,3,4,5,6,7,8,9,10,12,14,14A,16,18,20,22,24],E9. KT SS 3(TERES 6)[JLN SS 3/31,46,48,50,52,54,56,58,60,62],E9. KT SS 8 APT KELANA IMPIAN",SELANGOR,3,85.66666666666667,26.6,15.5
101.68476019368325,3.1105647774223613,23/04/2025,TAMAN BUKIT DESA (JALAN BUKIT DESA 1-7) & SBHGN JALAN TAMAN BUKIT DESA,WILAYAH PERSEKUTUAN,1,86.04166666666667,26.5,13.2
101.6808798020387,3.1280265498516124,23/04/2025,"JALAN THAMBY ABDULLAH,MENARA PUTERI KONDO",WILAYAH PERSEKUTUAN,2,86.04166666666667,26.6,13.2
101.66878174115068,3.1333654700274023,23/04/2025,BANGSAR BARU (JLN TERASEK 4-6),WILAYAH PERSEKUTUAN,1,86.04166666666667,26.4,13.2
101.65128538683976,3.1559586770288446,23/04/2025,"BUKIT DAMANSARA (DESA DAMANSARA CONDOMINIUM),BUKIT DAMANSARA (JALAN SETIAKASIH 1),BUKIT DAMANSARA (JALAN SETIAKASIH),SRI HARTAMAS (SUNWAY PALAZZIO CONDO))",WILAYAH PERSEKUTUAN,4,86.04166666666667,26.3,13.2
101.62252830826162,3.077667452750001,24/04/2025,E11. SRI PJS 5 TMN DESA RIA (PST KOMERSIAL) [JLN PJS 5/27-5/30],SELANGOR,1,82.08333333333333,27.4,6.6
101.61190236403084,3.078968561704843,24/04/2025,"E11. SRI PJS 6 FLAT DESA MENTARI 2 (BLOK 4 , 5 , 6),E11. SRI PJS 6 KG LINDUNGAN (TERES 1) [JLN PJS 6/1,6/1A,6/1C,6/1D,6/1E,6/1F],E11. SRI PJS 8 APT MAKMUR,E11. SRI PJS 8 MENTARI COURT,E12. TM PJS4 TMN INDAH JAYA(TERES 3)[JLN PJS 4/10,12,14,14A-14D,15,17,23]",SELANGOR,5,82.08333333333333,27.4,6.6
101.60923338736596,3.0928936171063843,24/04/2025,"E9. KT SS 3(TERES 4)[JLN SS 3/2,3,4,5,6,7,8,9,10,12,14,14A,16,18,20,22,24],E9. KT SS 3(TERES 6)[JLN SS 3/31,46,48,50,52,54,56,58,60,62],E9. KT SS 8 APT KELANA IMPIAN",SELANGOR,3,82.08333333333333,27.3,6.6
101.67426182918986,3.10601342848734,24/04/2025,PPR SRI PANTAI,WILAYAH PERSEKUTUAN,1,80.91666666666667,27.5,6.8
101.66249906195364,3.109842033066223,24/04/2025,"PANTAI PANORAMA KONDO,THE PARK RESIDENCES (BANGSAR SOUTH)",WILAYAH PERSEKUTUAN,2,80.83333333333333,27.0,6.8
101.68434960911644,3.110679190273975,24/04/2025,TAMAN BUKIT DESA (JALAN BUKIT DESA 1-7) & SBHGN JALAN TAMAN BUKIT DESA,WILAYAH PERSEKUTUAN,1,80.91666666666667,27.3,6.8
101.6808798020387,3.1280265498516124,24/04/2025,"JALAN THAMBY ABDULLAH,MENARA PUTERI KONDO",WILAYAH PERSEKUTUAN,2,80.91666666666667,27.4,6.8
101.66878174115068,3.1333654700274023,24/04/2025,BANGSAR BARU (JLN TERASEK 4-6),WILAYAH PERSEKUTUAN,1,80.875,27.2,6.8
101.65128538683976,3.1559586770288446,24/04/2025,"BUKIT DAMANSARA (DESA DAMANSARA CONDOMINIUM),BUKIT DAMANSARA (JALAN SETIAKASIH 1),BUKIT DAMANSARA (JALAN SETIAKASIH),SRI HARTAMAS (SUNWAY PALAZZIO CONDO))",WILAYAH PERSEKUTUAN,4,80.83333333333333,27.1,6.8
101.62252830826162,3.077667452750001,25/04/2025,E11. SRI PJS 5 TMN DESA RIA (PST KOMERSIAL) [JLN PJS 5/27-5/30],SELANGOR,1,77.04166666666667,28.7,0.1
101.61333539188892,3.0797696490111086,25/04/2025,"E11. SRI PJS 6 FLAT DESA MENTARI 2 (BLOK 4 , 5 , 6),E11. SRI PJS 6 KG LINDUNGAN (TERES 1) [JLN PJS 6/1,6/1A,6/1C,6/1D,6/1E,6/1F],E12. TM PJS4 TMN INDAH JAYA(TERES 3)[JLN PJS 4/10,12,14,14A-14D,15,17,23]",SELANGOR,3,77.04166666666667,28.7,0.1
101.60923338736596,3.0928936171063843,25/04/2025,"E9. KT SS 3(TERES 4)[JLN SS 3/2,3,4,5,6,7,8,9,10,12,14,14A,16,18,20,22,24],E9. KT SS 3(TERES 6)[JLN SS 3/31,46,48,50,52,54,56,58,60,62],E9. KT SS 8 APT KELANA IMPIAN",SELANGOR,3,77.04166666666667,28.7,0.1
101.67435475237266,3.106004493130433,25/04/2025,PPR SRI PANTAI,WILAYAH PERSEKUTUAN,1,78.91666666666667,28.3,0.2
101.66197134562812,3.111420923693463,25/04/2025,"PANTAI PANORAMA KONDO,THE PARK RESIDENCES (BANGSAR SOUTH),VISTA ANGKASA (BLOK 3,4,5,6,7,8)",WILAYAH PERSEKUTUAN,3,78.91666666666667,28.0,0.2
101.6808798020387,3.1280265498516124,25/04/2025,"JALAN THAMBY ABDULLAH,MENARA PUTERI KONDO",WILAYAH PERSEKUTUAN,2,78.91666666666667,28.2,0.2
101.66878174115068,3.1333654700274023,25/04/2025,BANGSAR BARU (JLN TERASEK 4-6),WILAYAH PERSEKUTUAN,1,78.91666666666667,28.0,0.2
101.65128538683976,3.1559586770288446,25/04/2025,"BUKIT DAMANSARA (DESA DAMANSARA CONDOMINIUM),BUKIT DAMANSARA (JALAN SETIAKASIH 1),BUKIT DAMANSARA (JALAN SETIAKASIH),SRI HARTAMAS (SUNWAY PALAZZIO CONDO))",WILAYAH PERSEKUTUAN,4,78.91666666666667,27.9,0.2
101.62252830826162,3.077667452750001,26/04/2025,E11. SRI PJS 5 TMN DESA RIA (PST KOMERSIAL) [JLN PJS 5/27-5/30],SELANGOR,1,86.45833333333333,27.1,8.7
101.61154465972037,3.078941650970337,26/04/2025,"E11. SRI PJS 10 APT KAYANGAN,E11. SRI PJS 6 FLAT DESA MENTARI 2 (BLOK 4 , 5 , 6),E11. SRI PJS 6 KG LINDUNGAN (TERES 1) [JLN PJS 6/1,6/1A,6/1C,6/1D,6/1E,6/1F],E11. SRI PJS 8 MENTARI COURT,E12. TM PJS4 TMN INDAH JAYA(TERES 3)[JLN PJS 4/10,12,14,14A-14D,15,17,23]",SELANGOR,5,86.45833333333333,27.1,8.7
101.67435475237266,3.106004493130433,26/04/2025,PPR SRI PANTAI,WILAYAH PERSEKUTUAN,1,86.58333333333333,26.9,7.8
101.66197134562812,3.111420923693463,26/04/2025,"PANTAI PANORAMA KONDO,THE PARK RESIDENCES (BANGSAR SOUTH),VISTA ANGKASA (BLOK 3,4,5,6,7,8)",WILAYAH PERSEKUTUAN,3,86.5,26.7,7.8
101.6808798020387,3.1280265498516124,26/04/2025,"JALAN THAMBY ABDULLAH,MENARA PUTERI KONDO",WILAYAH PERSEKUTUAN,2,86.54166666666667,26.9,7.8
101.66878174115068,3.1333654700274023,26/04/2025,BANGSAR BARU (JLN TERASEK 4-6),WILAYAH PERSEKUTUAN,1,86.5,26.6,7.8
101.6514746018414,3.156423207972414,26/04/2025,"BUKIT DAMANSARA (JALAN SETIAKASIH 1),BUKIT DAMANSARA (JALAN SETIAKASIH),SRI HARTAMAS (SUNWAY PALAZZIO CONDO))",WILAYAH PERSEKUTUAN,3,86.5,26.5,7.8
101.62252830826162,3.077667452750001,27/04/2025,E11. SRI PJS 5 TMN DESA RIA (PST KOMERSIAL) [JLN PJS 5/27-5/30],SELANGOR,1,81.25,27.6,4.2
101.61154465972037,3.078941650970337,27/04/2025,"E11. SRI PJS 10 APT KAYANGAN,E11. SRI PJS 6 FLAT DESA MENTARI 2 (BLOK 4 , 5 , 6),E11. SRI PJS 6 KG LINDUNGAN (TERES 1) [JLN PJS 6/1,6/1A,6/1C,6/1D,6/1E,6/1F],E11. SRI PJS 8 MENTARI COURT,E12. TM PJS4 TMN INDAH JAYA(TERES 3)[JLN PJS 4/10,12,14,14A-14D,15,17,23]",SELANGOR,5,81.25,27.6,4.2
101.67435475237266,3.106004493130433,27/04/2025,PPR SRI PANTAI,WILAYAH PERSEKUTUAN,1,82.33333333333333,27.4,1.7
101.66197134562812,3.111420923693463,27/04/2025,"PANTAI PANORAMA KONDO,THE PARK RESIDENCES (BANGSAR SOUTH),VISTA ANGKASA (BLOK 3,4,5,6,7,8)",WILAYAH PERSEKUTUAN,3,82.33333333333333,27.1,1.7
101.6808798020387,3.1280265498516124,27/04/2025,"JALAN THAMBY ABDULLAH,MENARA PUTERI KONDO",WILAYAH PERSEKUTUAN,2,82.33333333333333,27.3,1.7
101.66878174115068,3.1333654700274023,27/04/2025,BANGSAR BARU (JLN TERASEK 4-6),WILAYAH PERSEKUTUAN,1,82.25,27.1,1.7
101.65112883688924,3.1558504530537945,27/04/2025,"BUKIT DAMANSARA (DESA DAMANSARA CONDOMINIUM),BUKIT DAMANSARA (JALAN SETIAKASIH 1),BUKIT DAMANSARA (JALAN SETIAKASIH),SRI HARTAMAS (SUNWAY PALAZZIO CONDO))",WILAYAH PERSEKUTUAN,4,82.20833333333333,27.0,1.7
101.60902002281875,3.0776539064500006,28/04/2025,"E11. SRI PJS 10 APT KAYANGAN,E11. SRI PJS 8 MENTARI COURT",SELANGOR,2,85.95833333333333,26.7,13.2
101.62252830826162,3.077667452750001,28/04/2025,E11. SRI PJS 5 TMN DESA RIA (PST KOMERSIAL) [JLN PJS 5/27-5/30],SELANGOR,1,85.95833333333333,26.8,13.2
101.69072534994233,3.090248245653846,28/04/2025,"KUCHAI ENTREPRENEURS PARK (JALAN 2/116B),LILY APARTMENT",WILAYAH PERSEKUTUAN,2,85.79166666666667,26.5,8.9
101.67435475237266,3.106004493130433,28/04/2025,PPR SRI PANTAI,WILAYAH PERSEKUTUAN,1,86.20833333333333,26.4,9.6
101.66197134562812,3.111420923693463,28/04/2025,"PANTAI PANORAMA KONDO,THE PARK RESIDENCES (BANGSAR SOUTH),VISTA ANGKASA (BLOK 3,4,5,6,7,8)",WILAYAH PERSEKUTUAN,3,86.20833333333333,26.2,9.6
101.67887683935348,3.1290259098232527,28/04/2025,"FLAT SRI PAHANG,JALAN THAMBY ABDULLAH,KUARTERS KTMB (BLOK 2,4, 6, 8),MENARA PUTERI KONDO",WILAYAH PERSEKUTUAN,4,86.20833333333333,26.3,9.6
101.66878174115068,3.1333654700274023,28/04/2025,BANGSAR BARU (JLN TERASEK 4-6),WILAYAH PERSEKUTUAN,1,86.20833333333333,26.2,9.6
101.60970034811322,3.1403508514905627,28/04/2025,"E8. BU PJU 6 BU 1 (TERES 2) [JLN 1/2 - 1/8],E8. BU PJU 6 BU 10 (TERES 1) [JLN 10/1- 10/10]",SELANGOR,2,86.29166666666667,26.4,10.0
101.65112883688924,3.1558504530537945,28/04/2025,"BUKIT DAMANSARA (DESA DAMANSARA CONDOMINIUM),BUKIT DAMANSARA (JALAN SETIAKASIH 1),BUKIT DAMANSARA (JALAN SETIAKASIH),SRI HARTAMAS (SUNWAY PALAZZIO CONDO))",WILAYAH PERSEKUTUAN,4,86.20833333333333,26.0,9.6
101.60902002281875,3.0776539064500006,29/04/2025,"E11. SRI PJS 10 APT KAYANGAN,E11. SRI PJS 8 MENTARI COURT",SELANGOR,2,81.29166666666667,27.3,4.8
101.62252830826162,3.077667452750001,29/04/2025,E11. SRI PJS 5 TMN DESA RIA (PST KOMERSIAL) [JLN PJS 5/27-5/30],SELANGOR,1,81.29166666666667,27.3,4.8
101.69072534994233,3.090248245653846,29/04/2025,"KUCHAI ENTREPRENEURS PARK (JALAN 2/116B),LILY APARTMENT",WILAYAH PERSEKUTUAN,2,80.41666666666667,27.2,4.4
101.67435475237266,3.106004493130433,29/04/2025,PPR SRI PANTAI,WILAYAH PERSEKUTUAN,1,80.54166666666667,27.2,2.6
101.66197134562812,3.111420923693463,29/04/2025,"PANTAI PANORAMA KONDO,THE PARK RESIDENCES (BANGSAR SOUTH),VISTA ANGKASA (BLOK 3,4,5,6,7,8)",WILAYAH PERSEKUTUAN,3,80.54166666666667,27.0,2.6
101.67887683935348,3.1290259098232527,29/04/2025,"FLAT SRI PAHANG,JALAN THAMBY ABDULLAH,KUARTERS KTMB (BLOK 2,4, 6, 8),MENARA PUTERI KONDO",WILAYAH PERSEKUTUAN,4,80.54166666666667,27.1,2.6
101.66915700138414,3.133242148481711,29/04/2025,BANGSAR BARU (JLN TERASEK 4-6),WILAYAH PERSEKUTUAN,1,80.54166666666667,27.0,2.6
101.60970034811322,3.1403508514905627,29/04/2025,"E8. BU PJU 6 BU 1 (TERES 2) [JLN 1/2 - 1/8],E8. BU PJU 6 BU 10 (TERES 1) [JLN 10/1- 10/10]",SELANGOR,2,82.04166666666667,26.9,5.7
101.647499633137,3.153325299349311,29/04/2025,BUKIT DAMANSARA (DESA DAMANSARA CONDOMINIUM),WILAYAH PERSEKUTUAN,1,81.95833333333333,26.5,5.7
101.60902002281875,3.0776539064500006,30/04/2025,"E11. SRI PJS 10 APT KAYANGAN,E11. SRI PJS 8 MENTARI COURT",SELANGOR,2,85.58333333333333,26.7,8.2
101.62252830826162,3.077667452750001,30/04/2025,E11. SRI PJS 5 TMN DESA RIA (PST KOMERSIAL) [JLN PJS 5/27-5/30],SELANGOR,1,85.58333333333333,26.7,8.2
101.69072534994233,3.090248245653846,30/04/2025,"KUCHAI ENTREPRENEURS PARK (JALAN 2/116B),LILY APARTMENT",WILAYAH PERSEKUTUAN,2,83.375,26.9,5.3
101.67435475237266,3.106004493130433,30/04/2025,PPR SRI PANTAI,WILAYAH PERSEKUTUAN,1,85.29166666666667,26.8,6.2
101.66197134562812,3.111420923693463,30/04/2025,"PANTAI PANORAMA KONDO,THE PARK RESIDENCES (BANGSAR SOUTH),VISTA ANGKASA (BLOK 3,4,5,6,7,8)",WILAYAH PERSEKUTUAN,3,85.29166666666667,26.6,6.2
101.67887683935348,3.1290259098232527,30/04/2025,"FLAT SRI PAHANG,JALAN THAMBY ABDULLAH,KUARTERS KTMB (BLOK 2,4, 6, 8),MENARA PUTERI KONDO",WILAYAH PERSEKUTUAN,4,85.29166666666667,26.7,6.2
101.66915700138414,3.133242148481711,30/04/2025,BANGSAR BARU (JLN TERASEK 4-6),WILAYAH PERSEKUTUAN,1,85.29166666666667,26.6,6.2
101.60970034811322,3.1403508514905627,30/04/2025,"E8. BU PJU 6 BU 1 (TERES 2) [JLN 1/2 - 1/8],E8. BU PJU 6 BU 10 (TERES 1) [JLN 10/1- 10/10]",SELANGOR,2,86.54166666666667,26.4,11.0
101.647499633137,3.153325299349311,30/04/2025,BUKIT DAMANSARA (DESA DAMANSARA CONDOMINIUM),WILAYAH PERSEKUTUAN,1,86.54166666666667,26.0,11.0
101.60815486161268,3.1657529277323926,30/04/2025,E6. BL PJU 8 METROPOLITAN SQUARE KONDO,SELANGOR,1,87.91666666666667,26.1,15.5
101.6247471085308,3.0805958615513687,01/05/2025,"E11. SRI PJS 5 TMN DESA RIA (PST KOMERSIAL) [JLN PJS 5/27-5/30],E11. SRI PJS 6 FLAT DESA MENTARI 1 (BLOK 1 , 2 , 3),E11. SRI PJS 6 FLAT DESA MENTARI 2 (BLOK 4 , 5 , 6)",SELANGOR,3,85.25,27.0,11.6
101.69072534994233,3.090248245653846,01/05/2025,"KUCHAI ENTREPRENEURS PARK (JALAN 2/116B),LILY APARTMENT",WILAYAH PERSEKUTUAN,2,84.58333333333333,27.0,8.9
101.66772014266166,3.1093084050150352,01/05/2025,"FLAT TMN BUKIT ANGKASA (BLOK 8 & BLOK 10-15),FLAT TMN BUKIT ANGKASA (BLOK 9 & BLOK 16-20),PANTAI PANORAMA KONDO,PPR SRI PANTAI,THE GOODWOOD RESIDENCE,THE PARK RESIDENCES (BANGSAR SOUTH),VISTA ANGKASA (BLOK 3,4,5,6,7,8)",WILAYAH PERSEKUTUAN,7,85.125,26.7,7.2
101.6772110969091,3.129622931921208,01/05/2025,"FLAT SRI PAHANG,KUARTERS KTMB (BLOK 2,4, 6, 8)",WILAYAH PERSEKUTUAN,2,85.125,26.7,7.2
101.66915700138414,3.133242148481711,01/05/2025,BANGSAR BARU (JLN TERASEK 4-6),WILAYAH PERSEKUTUAN,1,85.125,26.6,7.2
101.61169383681126,3.1381736373453792,01/05/2025,"E8. BU PJU 6 BU 1 (TERES 2) [JLN 1/2 - 1/8],E8. BU PJU 6 BU 10 (TERES 1) [JLN 10/1- 10/10],E8. BU PJU 6A KG SG KAYU ARA (121 RESIDENCES) SITE,E8. BU PJU 6A KG SG KAYU ARA 4 [JLN MASJID]",SELANGOR,4,86.125,26.7,7.0
101.647499633137,3.153325299349311,01/05/2025,BUKIT DAMANSARA (DESA DAMANSARA CONDOMINIUM),WILAYAH PERSEKUTUAN,1,86.08333333333333,26.3,7.0
101.60815486161268,3.1657529277323926,01/05/2025,E6. BL PJU 8 METROPOLITAN SQUARE KONDO,SELANGOR,1,87.41666666666667,26.3,11.8
101.6247471085308,3.0805958615513687,02/05/2025,"E11. SRI PJS 5 TMN DESA RIA (PST KOMERSIAL) [JLN PJS 5/27-5/30],E11. SRI PJS 6 FLAT DESA MENTARI 1 (BLOK 1 , 2 , 3),E11. SRI PJS 6 FLAT DESA MENTARI 2 (BLOK 4 , 5 , 6)",SELANGOR,3,84.16666666666667,27.5,8.3
101.69072534994233,3.090248245653846,02/05/2025,"KUCHAI ENTREPRENEURS PARK (JALAN 2/116B),LILY APARTMENT",WILAYAH PERSEKUTUAN,2,84.54166666666667,27.5,6.1
101.66772014266166,3.1093084050150352,02/05/2025,"FLAT TMN BUKIT ANGKASA (BLOK 8 & BLOK 10-15),FLAT TMN BUKIT ANGKASA (BLOK 9 & BLOK 16-20),PANTAI PANORAMA KONDO,PPR SRI PANTAI,THE GOODWOOD RESIDENCE,THE PARK RESIDENCES (BANGSAR SOUTH),VISTA ANGKASA (BLOK 3,4,5,6,7,8)",WILAYAH PERSEKUTUAN,7,86.08333333333333,27.1,5.9
101.6772110969091,3.129622931921208,02/05/2025,"FLAT SRI PAHANG,KUARTERS KTMB (BLOK 2,4, 6, 8)",WILAYAH PERSEKUTUAN,2,86.08333333333333,27.1,5.9
101.66915700138414,3.133242148481711,02/05/2025,BANGSAR BARU (JLN TERASEK 4-6),WILAYAH PERSEKUTUAN,1,86.08333333333333,27.1,5.9
101.61169383681126,3.1381736373453792,02/05/2025,"E8. BU PJU 6 BU 1 (TERES 2) [JLN 1/2 - 1/8],E8. BU PJU 6 BU 10 (TERES 1) [JLN 10/1- 10/10],E8. BU PJU 6A KG SG KAYU ARA (121 RESIDENCES) SITE,E8. BU PJU 6A KG SG KAYU ARA 4 [JLN MASJID]",SELANGOR,4,85.0,27.2,6.1
101.647499633137,3.153325299349311,02/05/2025,BUKIT DAMANSARA (DESA DAMANSARA CONDOMINIUM),WILAYAH PERSEKUTUAN,1,85.0,26.8,6.1
101.60815486161268,3.1657529277323926,02/05/2025,E6. BL PJU 8 METROPOLITAN SQUARE KONDO,SELANGOR,1,85.375,26.9,7.5
101.62704292212806,3.0837032526097525,03/05/2025,"E11. SRI PJS 6 FLAT DESA MENTARI 1 (BLOK 1 , 2 , 3),E11. SRI PJS 6 FLAT DESA MENTARI 2 (BLOK 4 , 5 , 6)",SELANGOR,2,87.20833333333333,26.8,17.8
101.69072534994233,3.090248245653846,03/05/2025,"KUCHAI ENTREPRENEURS PARK (JALAN 2/116B),LILY APARTMENT",WILAYAH PERSEKUTUAN,2,87.33333333333333,26.7,17.9
101.66772014266166,3.1093084050150352,03/05/2025,"FLAT TMN BUKIT ANGKASA (BLOK 8 & BLOK 10-15),FLAT TMN BUKIT ANGKASA (BLOK 9 & BLOK 16-20),PANTAI PANORAMA KONDO,PPR SRI PANTAI,THE GOODWOOD RESIDENCE,THE PARK RESIDENCES (BANGSAR SOUTH),VISTA ANGKASA (BLOK 3,4,5,6,7,8)",WILAYAH PERSEKUTUAN,7,88.0,26.3,23.1
101.6772110969091,3.129622931921208,03/05/2025,"FLAT SRI PAHANG,KUARTERS KTMB (BLOK 2,4, 6, 8)",WILAYAH PERSEKUTUAN,2,88.04166666666667,26.4,23.1
101.66915700138414,3.133242148481711,03/05/2025,BANGSAR BARU (JLN TERASEK 4-6),WILAYAH PERSEKUTUAN,1,88.0,26.3,23.1
101.61169383681126,3.1381736373453792,03/05/2025,"E8. BU PJU 6 BU 1 (TERES 2) [JLN 1/2 - 1/8],E8. BU PJU 6 BU 10 (TERES 1) [JLN 10/1- 10/10],E8. BU PJU 6A KG SG KAYU ARA (121 RESIDENCES) SITE,E8. BU PJU 6A KG SG KAYU ARA 4 [JLN MASJID]",SELANGOR,4,88.33333333333333,26.4,18.5
101.64749961849334,3.1533760958999983,03/05/2025,BUKIT DAMANSARA (DESA DAMANSARA CONDOMINIUM),WILAYAH PERSEKUTUAN,1,88.33333333333333,26.0,18.5
101.60815486161268,3.1657529277323926,03/05/2025,E6. BL PJU 8 METROPOLITAN SQUARE KONDO,SELANGOR,1,89.79166666666667,26.0,16.5
101.62704292212806,3.0837032526097525,04/05/2025,"E11. SRI PJS 6 FLAT DESA MENTARI 1 (BLOK 1 , 2 , 3),E11. SRI PJS 6 FLAT DESA MENTARI 2 (BLOK 4 , 5 , 6)",SELANGOR,2,89.95833333333333,26.0,16.3
101.69072534994233,3.090248245653846,04/05/2025,"KUCHAI ENTREPRENEURS PARK (JALAN 2/116B),LILY APARTMENT",WILAYAH PERSEKUTUAN,2,90.33333333333331,25.9,17.8
101.66871278020396,3.1083644546657205,04/05/2025,"FLAT TMN BUKIT ANGKASA (BLOK 8 & BLOK 10-15),FLAT TMN BUKIT ANGKASA (BLOK 9 & BLOK 16-20),PANTAI PANORAMA KONDO,PPR SRI PANTAI,THE GOODWOOD RESIDENCE,THE PARK RESIDENCES (BANGSAR SOUTH)",WILAYAH PERSEKUTUAN,6,89.91666666666667,25.7,22.2
101.6772110969091,3.129622931921208,04/05/2025,"FLAT SRI PAHANG,KUARTERS KTMB (BLOK 2,4, 6, 8)",WILAYAH PERSEKUTUAN,2,89.91666666666667,25.7,22.2
101.66915700138414,3.133242148481711,04/05/2025,BANGSAR BARU (JLN TERASEK 4-6),WILAYAH PERSEKUTUAN,1,89.91666666666667,25.7,22.2
101.61169383681126,3.1381736373453792,04/05/2025,"E8. BU PJU 6 BU 1 (TERES 2) [JLN 1/2 - 1/8],E8. BU PJU 6 BU 10 (TERES 1) [JLN 10/1- 10/10],E8. BU PJU 6A KG SG KAYU ARA (121 RESIDENCES) SITE,E8. BU PJU 6A KG SG KAYU ARA 4 [JLN MASJID]",SELANGOR,4,90.66666666666669,25.7,9.4
101.64749961849334,3.1533760958999983,04/05/2025,BUKIT DAMANSARA (DESA DAMANSARA CONDOMINIUM),WILAYAH PERSEKUTUAN,1,90.66666666666669,25.2,9.4
101.60815486161268,3.1657529277323926,04/05/2025,E6. BL PJU 8 METROPOLITAN SQUARE KONDO,SELANGOR,1,92.16666666666669,25.3,13.6
101.62523039959822,3.0825960758883904,05/05/2025,"E11. SRI PJS 5 (VERANDO RESIDENCE),E11. SRI PJS 5 TMN DESA RIA (TERES 3)[JLN PJS 5/3 , 5/4 , 5/5 , 5/6, 5/6A, 5/7],E11. SRI PJS 6 FLAT DESA MENTARI 1 (BLOK 1 , 2 , 3),E11. SRI PJS 6 FLAT DESA MENTARI 2 (BLOK 4 , 5 , 6)",SELANGOR,4,89.04166666666667,26.2,18.5
101.69072534994233,3.090248245653846,05/05/2025,"KUCHAI ENTREPRENEURS PARK (JALAN 2/116B),LILY APARTMENT",WILAYAH PERSEKUTUAN,2,88.41666666666667,26.1,9.7
101.66871278020396,3.1083644546657205,05/05/2025,"FLAT TMN BUKIT ANGKASA (BLOK 8 & BLOK 10-15),FLAT TMN BUKIT ANGKASA (BLOK 9 & BLOK 16-20),PANTAI PANORAMA KONDO,PPR SRI PANTAI,THE GOODWOOD RESIDENCE,THE PARK RESIDENCES (BANGSAR SOUTH)",WILAYAH PERSEKUTUAN,6,87.91666666666667,26.1,12.9
101.6772110969091,3.129622931921208,05/05/2025,"FLAT SRI PAHANG,KUARTERS KTMB (BLOK 2,4, 6, 8)",WILAYAH PERSEKUTUAN,2,87.91666666666667,26.0,12.9
101.66915700138414,3.133242148481711,05/05/2025,BANGSAR BARU (JLN TERASEK 4-6),WILAYAH PERSEKUTUAN,1,87.91666666666667,26.0,12.9
101.61169383681126,3.1381736373453792,05/05/2025,"E8. BU PJU 6 BU 1 (TERES 2) [JLN 1/2 - 1/8],E8. BU PJU 6 BU 10 (TERES 1) [JLN 10/1- 10/10],E8. BU PJU 6A KG SG KAYU ARA (121 RESIDENCES) SITE,E8. BU PJU 6A KG SG KAYU ARA 4 [JLN MASJID]",SELANGOR,4,88.66666666666667,25.9,7.9
101.64749961849334,3.1533760958999983,05/05/2025,BUKIT DAMANSARA (DESA DAMANSARA CONDOMINIUM),WILAYAH PERSEKUTUAN,1,88.66666666666667,25.5,7.9
101.60815486161268,3.1657529277323926,05/05/2025,E6. BL PJU 8 METROPOLITAN SQUARE KONDO,SELANGOR,1,88.375,25.7,9.2
101.6237377433904,3.084381048773972,06/05/2025,"E11. SRI PJS 5 (VERANDO RESIDENCE),E11. SRI PJS 5 TMN DESA RIA (TERES 3)[JLN PJS 5/3 , 5/4 , 5/5 , 5/6, 5/6A, 5/7],E11. SRI PJS 6 FLAT DESA MENTARI 1 (BLOK 1 , 2 , 3),E11. SRI PJS 6 FLAT DESA MENTARI 2 (BLOK 4 , 5 , 6),E9. KT SS 9A 2 ( JLN 9A/1,2,4,13,14,15,16,18,19 ),E9. KT SS 9A PARK 51 BOULEVARD",SELANGOR,6,80.25,28.3,2.3
101.69072534994233,3.090248245653846,06/05/2025,"KUCHAI ENTREPRENEURS PARK (JALAN 2/116B),LILY APARTMENT",WILAYAH PERSEKUTUAN,2,81.125,28.1,1.0
101.66871278020396,3.1083644546657205,06/05/2025,"FLAT TMN BUKIT ANGKASA (BLOK 8 & BLOK 10-15),FLAT TMN BUKIT ANGKASA (BLOK 9 & BLOK 16-20),PANTAI PANORAMA KONDO,PPR SRI PANTAI,THE GOODWOOD RESIDENCE,THE PARK RESIDENCES (BANGSAR SOUTH)",WILAYAH PERSEKUTUAN,6,82.08333333333333,27.7,2.1
101.68229722617764,3.117795448250004,06/05/2025,"SRI LANGIT CONDO TAMAN SEPUTEH,TAMAN SEPUTEH ( SBHGN JLN SEPUTEH, JALAN 6&7)",WILAYAH PERSEKUTUAN,2,82.08333333333333,27.6,2.1
101.6772110969091,3.129622931921208,06/05/2025,"FLAT SRI PAHANG,KUARTERS KTMB (BLOK 2,4, 6, 8)",WILAYAH PERSEKUTUAN,2,82.08333333333333,27.7,2.1
101.66927813442948,3.13347207216667,06/05/2025,BANGSAR BARU (JLN TERASEK 4-6),WILAYAH PERSEKUTUAN,1,82.08333333333333,27.6,2.1
101.61169383681126,3.1381736373453792,06/05/2025,"E8. BU PJU 6 BU 1 (TERES 2) [JLN 1/2 - 1/8],E8. BU PJU 6 BU 10 (TERES 1) [JLN 10/1- 10/10],E8. BU PJU 6A KG SG KAYU ARA (121 RESIDENCES) SITE,E8. BU PJU 6A KG SG KAYU ARA 4 [JLN MASJID]",SELANGOR,4,81.625,27.8,0.5
101.64749961849334,3.1533760958999983,06/05/2025,BUKIT DAMANSARA (DESA DAMANSARA CONDOMINIUM),WILAYAH PERSEKUTUAN,1,81.58333333333333,27.4,0.5
101.60815486161268,3.1657529277323926,06/05/2025,E6. BL PJU 8 METROPOLITAN SQUARE KONDO,SELANGOR,1,80.08333333333333,27.6,1.2
101.6237377433904,3.084381048773972,07/05/2025,"E11. SRI PJS 5 (VERANDO RESIDENCE),E11. SRI PJS 5 TMN DESA RIA (TERES 3)[JLN PJS 5/3 , 5/4 , 5/5 , 5/6, 5/6A, 5/7],E11. SRI PJS 6 FLAT DESA MENTARI 1 (BLOK 1 , 2 , 3),E11. SRI PJS 6 FLAT DESA MENTARI 2 (BLOK 4 , 5 , 6),E9. KT SS 9A 2 ( JLN 9A/1,2,4,13,14,15,16,18,19 ),E9. KT SS 9A PARK 51 BOULEVARD",SELANGOR,6,83.54166666666667,27.8,5.6
101.69072534994233,3.090248245653846,07/05/2025,"KUCHAI ENTREPRENEURS PARK (JALAN 2/116B),LILY APARTMENT",WILAYAH PERSEKUTUAN,2,84.54166666666667,27.5,8.6
101.66861284521347,3.1083790019634825,07/05/2025,"FLAT TMN BUKIT ANGKASA (BLOK 8 & BLOK 10-15),FLAT TMN BUKIT ANGKASA (BLOK 9 & BLOK 16-20),PANTAI PANORAMA KONDO,PPR SRI PANTAI,THE GOODWOOD RESIDENCE,THE PARK RESIDENCES (BANGSAR SOUTH)",WILAYAH PERSEKUTUAN,6,86.04166666666667,27.2,12.3
101.68195081405848,3.117115344175441,07/05/2025,"SRI LANGIT CONDO TAMAN SEPUTEH,TAMAN SEPUTEH ( SBHGN JLN SEPUTEH, JALAN 6&7),TAMAN SEPUTEH (JALAN 1-5)",WILAYAH PERSEKUTUAN,3,86.04166666666667,27.2,12.3
101.6772110969091,3.129622931921208,07/05/2025,"FLAT SRI PAHANG,KUARTERS KTMB (BLOK 2,4, 6, 8)",WILAYAH PERSEKUTUAN,2,86.04166666666667,27.2,12.3
101.66927813442948,3.13347207216667,07/05/2025,BANGSAR BARU (JLN TERASEK 4-6),WILAYAH PERSEKUTUAN,1,86.04166666666667,27.1,12.3
101.61169383681126,3.1381736373453792,07/05/2025,"E8. BU PJU 6 BU 1 (TERES 2) [JLN 1/2 - 1/8],E8. BU PJU 6 BU 10 (TERES 1) [JLN 10/1- 10/10],E8. BU PJU 6A KG SG KAYU ARA (121 RESIDENCES) SITE,E8. BU PJU 6A KG SG KAYU ARA 4 [JLN MASJID]",SELANGOR,4,84.91666666666667,27.4,8.0
101.64749961849334,3.1533760958999983,07/05/2025,BUKIT DAMANSARA (DESA DAMANSARA CONDOMINIUM),WILAYAH PERSEKUTUAN,1,84.83333333333333,27.0,8.0
101.60815486161268,3.1657529277323926,07/05/2025,E6. BL PJU 8 METROPOLITAN SQUARE KONDO,SELANGOR,1,86.125,27.0,13.3
101.62554408088351,3.0837966498636376,08/05/2025,"E11. SRI PJS 5 (VERANDO RESIDENCE),E11. SRI PJS 5 TMN DESA RIA (TERES 3)[JLN PJS 5/3 , 5/4 , 5/5 , 5/6, 5/6A, 5/7],E11. SRI PJS 6 FLAT DESA MENTARI 1 (BLOK 1 , 2 , 3),E11. SRI PJS 6 FLAT DESA MENTARI 2 (BLOK 4 , 5 , 6),E12. TM PJS 2 APPT TAMAN MEDAN JAYA,E12. TM PJS 2C TMN MEDAN (TERES 4) [JLN PJS 2C/11,2C/11A,B,C,D,F,G,H,J,K,L,28,2],E9. KT SS 9A 2 ( JLN 9A/1,2,4,13,14,15,16,18,19 ),E9. KT SS 9A PARK 51 BOULEVARD",SELANGOR,8,83.20833333333333,27.7,3.0
101.69072534994233,3.090248245653846,08/05/2025,"KUCHAI ENTREPRENEURS PARK (JALAN 2/116B),LILY APARTMENT",WILAYAH PERSEKUTUAN,2,84.29166666666667,27.5,5.4
101.61354129125948,3.0900204947468404,08/05/2025,"E9. KT SS 8 APT KELANA IMPIAN,E9. KT SS 8 FLAT PKNS",SELANGOR,2,83.20833333333333,27.7,3.0
101.66635313463668,3.109554545384891,08/05/2025,"FLAT TMN BUKIT ANGKASA (BLOK 8 & BLOK 10-15),FLAT TMN BUKIT ANGKASA (BLOK 9 & BLOK 16-20),PANTAI PANORAMA KONDO,THE GOODWOOD RESIDENCE,THE PARK RESIDENCES (BANGSAR SOUTH)",WILAYAH PERSEKUTUAN,5,86.0,27.2,6.1
101.68139614469732,3.1171211443189204,08/05/2025,"SRI LANGIT CONDO TAMAN SEPUTEH,TAMAN SEPUTEH ( SBHGN JLN SEPUTEH, JALAN 6&7),TAMAN SEPUTEH (JALAN 1-5)",WILAYAH PERSEKUTUAN,3,86.0,27.2,6.1
101.6772110969091,3.129622931921208,08/05/2025,"FLAT SRI PAHANG,KUARTERS KTMB (BLOK 2,4, 6, 8)",WILAYAH PERSEKUTUAN,2,86.0,27.2,6.1
101.61169383681126,3.1381736373453792,08/05/2025,"E8. BU PJU 6 BU 1 (TERES 2) [JLN 1/2 - 1/8],E8. BU PJU 6 BU 10 (TERES 1) [JLN 10/1- 10/10],E8. BU PJU 6A KG SG KAYU ARA (121 RESIDENCES) SITE,E8. BU PJU 6A KG SG KAYU ARA 4 [JLN MASJID]",SELANGOR,4,85.25,27.4,4.0
101.647499633137,3.1534253136575385,08/05/2025,BUKIT DAMANSARA (DESA DAMANSARA CONDOMINIUM),WILAYAH PERSEKUTUAN,1,85.20833333333333,27.0,4.0
101.60815486161268,3.1657529277323926,08/05/2025,E6. BL PJU 8 METROPOLITAN SQUARE KONDO,SELANGOR,1,86.33333333333333,27.0,7.2
101.62554421558048,3.083575041439656,09/05/2025,"E11. SRI PJS 5 (VERANDO RESIDENCE),E11. SRI PJS 5 TMN DESA RIA (TERES 3)[JLN PJS 5/3 , 5/4 , 5/5 , 5/6, 5/6A, 5/7],E11. SRI PJS 5 TMN DESA RIA (VILLARIA CONDO),E11. SRI PJS 6 FLAT DESA MENTARI 1 (BLOK 1 , 2 , 3),E11. SRI PJS 6 FLAT DESA MENTARI 2 (BLOK 4 , 5 , 6),E12. TM PJS 2 APPT TAMAN MEDAN JAYA,E12. TM PJS 2C TMN MEDAN (TERES 4) [JLN PJS 2C/11,2C/11A,B,C,D,F,G,H,J,K,L,28,2],E9. KT SS 9A 2 ( JLN 9A/1,2,4,13,14,15,16,18,19 ),E9. KT SS 9A PARK 51 BOULEVARD",SELANGOR,9,84.375,27.8,3.3
101.69072534994233,3.090248245653846,09/05/2025,"KUCHAI ENTREPRENEURS PARK (JALAN 2/116B),LILY APARTMENT",WILAYAH PERSEKUTUAN,2,84.625,27.6,7.4
101.61354129125948,3.0900204947468404,09/05/2025,"E9. KT SS 8 APT KELANA IMPIAN,E9. KT SS 8 FLAT PKNS",SELANGOR,2,84.375,27.7,3.3
101.66635313463668,3.109554545384891,09/05/2025,"FLAT TMN BUKIT ANGKASA (BLOK 8 & BLOK 10-15),FLAT TMN BUKIT ANGKASA (BLOK 9 & BLOK 16-20),PANTAI PANORAMA KONDO,THE GOODWOOD RESIDENCE,THE PARK RESIDENCES (BANGSAR SOUTH)",WILAYAH PERSEKUTUAN,5,85.83333333333333,27.4,2.7
101.68139614469732,3.1171211443189204,09/05/2025,"SRI LANGIT CONDO TAMAN SEPUTEH,TAMAN SEPUTEH ( SBHGN JLN SEPUTEH, JALAN 6&7),TAMAN SEPUTEH (JALAN 1-5)",WILAYAH PERSEKUTUAN,3,85.83333333333333,27.4,2.7
101.6772110969091,3.129622931921208,09/05/2025,"FLAT SRI PAHANG,KUARTERS KTMB (BLOK 2,4, 6, 8)",WILAYAH PERSEKUTUAN,2,85.83333333333333,27.4,2.7
101.61387294691217,3.135617518418917,09/05/2025,"E8. BU PJU 6A KG SG KAYU ARA (121 RESIDENCES) SITE,E8. BU PJU 6A KG SG KAYU ARA 4 [JLN MASJID]",SELANGOR,2,85.125,27.6,3.3
101.647499633137,3.1534253136575385,09/05/2025,BUKIT DAMANSARA (DESA DAMANSARA CONDOMINIUM),WILAYAH PERSEKUTUAN,1,85.08333333333333,27.1,3.3
101.60815486161268,3.1657529277323926,09/05/2025,E6. BL PJU 8 METROPOLITAN SQUARE KONDO,SELANGOR,1,84.91666666666667,27.4,4.9
101.62554421558048,3.083575041439656,10/05/2025,"E11. SRI PJS 5 (VERANDO RESIDENCE),E11. SRI PJS 5 TMN DESA RIA (TERES 3)[JLN PJS 5/3 , 5/4 , 5/5 , 5/6, 5/6A, 5/7],E11. SRI PJS 5 TMN DESA RIA (VILLARIA CONDO),E11. SRI PJS 6 FLAT DESA MENTARI 1 (BLOK 1 , 2 , 3),E11. SRI PJS 6 FLAT DESA MENTARI 2 (BLOK 4 , 5 , 6),E12. TM PJS 2 APPT TAMAN MEDAN JAYA,E12. TM PJS 2C TMN MEDAN (TERES 4) [JLN PJS 2C/11,2C/11A,B,C,D,F,G,H,J,K,L,28,2],E9. KT SS 9A 2 ( JLN 9A/1,2,4,13,14,15,16,18,19 ),E9. KT SS 9A PARK 51 BOULEVARD",SELANGOR,9,81.25,28.0,8.4
101.69072534994233,3.090248245653846,10/05/2025,"KUCHAI ENTREPRENEURS PARK (JALAN 2/116B),LILY APARTMENT",WILAYAH PERSEKUTUAN,2,81.625,27.8,7.2
101.61354129125948,3.0900204947468404,10/05/2025,"E9. KT SS 8 APT KELANA IMPIAN,E9. KT SS 8 FLAT PKNS",SELANGOR,2,81.25,27.9,8.4
101.6800123411097,3.1029130729612944,10/05/2025,"DESA PERMAI KONDO,PAPILLON DESAHILL CONDO",WILAYAH PERSEKUTUAN,2,82.0,27.4,7.7
101.66635313463668,3.109554545384891,10/05/2025,"FLAT TMN BUKIT ANGKASA (BLOK 8 & BLOK 10-15),FLAT TMN BUKIT ANGKASA (BLOK 9 & BLOK 16-20),PANTAI PANORAMA KONDO,THE GOODWOOD RESIDENCE,THE PARK RESIDENCES (BANGSAR SOUTH)",WILAYAH PERSEKUTUAN,5,82.0,27.4,7.7
101.68139614469732,3.1171211443189204,10/05/2025,"SRI LANGIT CONDO TAMAN SEPUTEH,TAMAN SEPUTEH ( SBHGN JLN SEPUTEH, JALAN 6&7),TAMAN SEPUTEH (JALAN 1-5)",WILAYAH PERSEKUTUAN,3,82.0,27.4,7.7
101.67338861589263,3.124435709630869,10/05/2025,ASRAMA UNIKL ( JLN TANDUK ),WILAYAH PERSEKUTUAN,1,82.04166666666667,27.6,7.7
101.61387294691217,3.135617518418917,10/05/2025,"E8. BU PJU 6A KG SG KAYU ARA (121 RESIDENCES) SITE,E8. BU PJU 6A KG SG KAYU ARA 4 [JLN MASJID]",SELANGOR,2,82.29166666666667,27.6,13.4
101.647499633137,3.1534253136575385,10/05/2025,BUKIT DAMANSARA (DESA DAMANSARA CONDOMINIUM),WILAYAH PERSEKUTUAN,1,82.25,27.2,13.4
101.60815486161268,3.1657529277323926,10/05/2025,E6. BL PJU 8 METROPOLITAN SQUARE KONDO,SELANGOR,1,82.54166666666667,27.5,12.3
101.62554421558048,3.083575041439656,11/05/2025,"E11. SRI PJS 5 (VERANDO RESIDENCE),E11. SRI PJS 5 TMN DESA RIA (TERES 3)[JLN PJS 5/3 , 5/4 , 5/5 , 5/6, 5/6A, 5/7],E11. SRI PJS 5 TMN DESA RIA (VILLARIA CONDO),E11. SRI PJS 6 FLAT DESA MENTARI 1 (BLOK 1 , 2 , 3),E11. SRI PJS 6 FLAT DESA MENTARI 2 (BLOK 4 , 5 , 6),E12. TM PJS 2 APPT TAMAN MEDAN JAYA,E12. TM PJS 2C TMN MEDAN (TERES 4) [JLN PJS 2C/11,2C/11A,B,C,D,F,G,H,J,K,L,28,2],E9. KT SS 9A 2 ( JLN 9A/1,2,4,13,14,15,16,18,19 ),E9. KT SS 9A PARK 51 BOULEVARD",SELANGOR,9,84.08333333333333,27.6,1.6
101.69072534994233,3.090248245653846,11/05/2025,"KUCHAI ENTREPRENEURS PARK (JALAN 2/116B),LILY APARTMENT",WILAYAH PERSEKUTUAN,2,85.33333333333333,27.3,1.5
101.61354129125948,3.0900204947468404,11/05/2025,"E9. KT SS 8 APT KELANA IMPIAN,E9. KT SS 8 FLAT PKNS",SELANGOR,2,84.08333333333333,27.6,1.6
101.6800123411097,3.1029130729612944,11/05/2025,"DESA PERMAI KONDO,PAPILLON DESAHILL CONDO",WILAYAH PERSEKUTUAN,2,86.875,26.9,4.3
101.66635313463668,3.109554545384891,11/05/2025,"FLAT TMN BUKIT ANGKASA (BLOK 8 & BLOK 10-15),FLAT TMN BUKIT ANGKASA (BLOK 9 & BLOK 16-20),PANTAI PANORAMA KONDO,THE GOODWOOD RESIDENCE,THE PARK RESIDENCES (BANGSAR SOUTH)",WILAYAH PERSEKUTUAN,5,86.875,26.9,4.3
101.68139614469732,3.1171211443189204,11/05/2025,"SRI LANGIT CONDO TAMAN SEPUTEH,TAMAN SEPUTEH ( SBHGN JLN SEPUTEH, JALAN 6&7),TAMAN SEPUTEH (JALAN 1-5)",WILAYAH PERSEKUTUAN,3,86.875,26.9,4.3
101.67217558732966,3.1243229733076925,11/05/2025,"ASRAMA UNIKL ( JLN TANDUK ),BANGSAR HEIGHT KONDO",WILAYAH PERSEKUTUAN,2,86.875,26.9,4.3
101.61387294691217,3.135617518418917,11/05/2025,"E8. BU PJU 6A KG SG KAYU ARA (121 RESIDENCES) SITE,E8. BU PJU 6A KG SG KAYU ARA 4 [JLN MASJID]",SELANGOR,2,85.20833333333333,27.3,1.3
101.647499633137,3.1534253136575385,11/05/2025,BUKIT DAMANSARA (DESA DAMANSARA CONDOMINIUM),WILAYAH PERSEKUTUAN,1,85.16666666666667,26.8,1.3
101.60815486161268,3.1657529277323926,11/05/2025,E6. BL PJU 8 METROPOLITAN SQUARE KONDO,SELANGOR,1,86.33333333333333,26.8,4.5
101.62554421558048,3.083575041439656,12/05/2025,"E11. SRI PJS 5 (VERANDO RESIDENCE),E11. SRI PJS 5 TMN DESA RIA (TERES 3)[JLN PJS 5/3 , 5/4 , 5/5 , 5/6, 5/6A, 5/7],E11. SRI PJS 5 TMN DESA RIA (VILLARIA CONDO),E11. SRI PJS 6 FLAT DESA MENTARI 1 (BLOK 1 , 2 , 3),E11. SRI PJS 6 FLAT DESA MENTARI 2 (BLOK 4 , 5 , 6),E12. TM PJS 2 APPT TAMAN MEDAN JAYA,E12. TM PJS 2C TMN MEDAN (TERES 4) [JLN PJS 2C/11,2C/11A,B,C,D,F,G,H,J,K,L,28,2],E9. KT SS 9A 2 ( JLN 9A/1,2,4,13,14,15,16,18,19 ),E9. KT SS 9A PARK 51 BOULEVARD",SELANGOR,9,79.83333333333333,28.5,0.5
101.61354129125948,3.0900204947468404,12/05/2025,"E9. KT SS 8 APT KELANA IMPIAN,E9. KT SS 8 FLAT PKNS",SELANGOR,2,79.83333333333333,28.4,0.5
101.6800123411097,3.1029130729612944,12/05/2025,"DESA PERMAI KONDO,PAPILLON DESAHILL CONDO",WILAYAH PERSEKUTUAN,2,82.91666666666667,27.6,0.1
101.66635313463668,3.109554545384891,12/05/2025,"FLAT TMN BUKIT ANGKASA (BLOK 8 & BLOK 10-15),FLAT TMN BUKIT ANGKASA (BLOK 9 & BLOK 16-20),PANTAI PANORAMA KONDO,THE GOODWOOD RESIDENCE,THE PARK RESIDENCES (BANGSAR SOUTH)",WILAYAH PERSEKUTUAN,5,82.91666666666667,27.6,0.1
101.6102626725951,3.1122062687361955,12/05/2025,"E9. KT SS 2 (1) [JLN SS 2/1-2/4, 2/4A,4B, 2/5-2/23, 2/25, 2/25A]",SELANGOR,1,80.29166666666667,28.1,0.5
101.68139614469732,3.1171211443189204,12/05/2025,"SRI LANGIT CONDO TAMAN SEPUTEH,TAMAN SEPUTEH ( SBHGN JLN SEPUTEH, JALAN 6&7),TAMAN SEPUTEH (JALAN 1-5)",WILAYAH PERSEKUTUAN,3,82.91666666666667,27.6,0.1
101.67217558732966,3.1243229733076925,12/05/2025,"ASRAMA UNIKL ( JLN TANDUK ),BANGSAR HEIGHT KONDO",WILAYAH PERSEKUTUAN,2,82.91666666666667,27.6,0.1
101.61387294691217,3.135617518418917,12/05/2025,"E8. BU PJU 6A KG SG KAYU ARA (121 RESIDENCES) SITE,E8. BU PJU 6A KG SG KAYU ARA 4 [JLN MASJID]",SELANGOR,2,80.29166666666667,28.1,0.5
101.647499633137,3.1534253136575385,12/05/2025,BUKIT DAMANSARA (DESA DAMANSARA CONDOMINIUM),WILAYAH PERSEKUTUAN,1,80.20833333333333,27.6,0.5
101.60815486161268,3.1657529277323926,12/05/2025,E6. BL PJU 8 METROPOLITAN SQUARE KONDO,SELANGOR,1,79.75,27.8,0.2
101.62554421558048,3.083575041439656,13/05/2025,"E11. SRI PJS 5 (VERANDO RESIDENCE),E11. SRI PJS 5 TMN DESA RIA (TERES 3)[JLN PJS 5/3 , 5/4 , 5/5 , 5/6, 5/6A, 5/7],E11. SRI PJS 5 TMN DESA RIA (VILLARIA CONDO),E11. SRI PJS 6 FLAT DESA MENTARI 1 (BLOK 1 , 2 , 3),E11. SRI PJS 6 FLAT DESA MENTARI 2 (BLOK 4 , 5 , 6),E12. TM PJS 2 APPT TAMAN MEDAN JAYA,E12. TM PJS 2C TMN MEDAN (TERES 4) [JLN PJS 2C/11,2C/11A,B,C,D,F,G,H,J,K,L,28,2],E9. KT SS 9A 2 ( JLN 9A/1,2,4,13,14,15,16,18,19 ),E9. KT SS 9A PARK 51 BOULEVARD",SELANGOR,9,78.25,28.8,6.5
101.61354129125948,3.0900204947468404,13/05/2025,"E9. KT SS 8 APT KELANA IMPIAN,E9. KT SS 8 FLAT PKNS",SELANGOR,2,78.25,28.7,6.5
101.6800123411097,3.1029130729612944,13/05/2025,"DESA PERMAI KONDO,PAPILLON DESAHILL CONDO",WILAYAH PERSEKUTUAN,2,81.25,28.1,15.1
101.66224237743243,3.10999772366892,13/05/2025,"PANTAI PANORAMA KONDO,THE PARK RESIDENCES (BANGSAR SOUTH)",WILAYAH PERSEKUTUAN,2,81.25,27.9,15.1
101.6102626725951,3.1122062687361955,13/05/2025,"E9. KT SS 2 (1) [JLN SS 2/1-2/4, 2/4A,4B, 2/5-2/23, 2/25, 2/25A]",SELANGOR,1,78.75,28.6,6.3
101.68139614469732,3.1171211443189204,13/05/2025,"SRI LANGIT CONDO TAMAN SEPUTEH,TAMAN SEPUTEH ( SBHGN JLN SEPUTEH, JALAN 6&7),TAMAN SEPUTEH (JALAN 1-5)",WILAYAH PERSEKUTUAN,3,81.25,28.1,15.1
101.67217558732966,3.1243229733076925,13/05/2025,"ASRAMA UNIKL ( JLN TANDUK ),BANGSAR HEIGHT KONDO",WILAYAH PERSEKUTUAN,2,81.25,28.2,15.1
101.61387294691217,3.135617518418917,13/05/2025,"E8. BU PJU 6A KG SG KAYU ARA (121 RESIDENCES) SITE,E8. BU PJU 6A KG SG KAYU ARA 4 [JLN MASJID]",SELANGOR,2,78.79166666666667,28.6,6.3
101.64740065365132,3.1532578879144744,13/05/2025,BUKIT DAMANSARA (DESA DAMANSARA CONDOMINIUM),WILAYAH PERSEKUTUAN,1,78.66666666666667,28.2,6.3
101.62556383669384,3.083597636573036,14/05/2025,"E11. SRI PJS 5 (VERANDO RESIDENCE),E11. SRI PJS 5 TMN DESA RIA (TERES 3)[JLN PJS 5/3 , 5/4 , 5/5 , 5/6, 5/6A, 5/7],E11. SRI PJS 5 TMN DESA RIA (VILLARIA CONDO),E11. SRI PJS 6 FLAT DESA MENTARI 1 (BLOK 1 , 2 , 3),E12. TM PJS 2 APPT TAMAN MEDAN JAYA,E12. TM PJS 2C APT MEDAN CAHAYA 2 (BLOK D , E , F),E12. TM PJS 2C TMN MEDAN (TERES 4) [JLN PJS 2C/11,2C/11A,B,C,D,F,G,H,J,K,L,28,2],E9. KT SS 9A 2 ( JLN 9A/1,2,4,13,14,15,16,18,19 ),E9. KT SS 9A PARK 51 BOULEVARD",SELANGOR,9,77.95833333333333,28.8,2.7
101.61354129125948,3.0900204947468404,14/05/2025,"E9. KT SS 8 APT KELANA IMPIAN,E9. KT SS 8 FLAT PKNS",SELANGOR,2,77.91666666666667,28.7,2.7
101.6800123411097,3.1029130729612944,14/05/2025,"DESA PERMAI KONDO,PAPILLON DESAHILL CONDO",WILAYAH PERSEKUTUAN,2,79.20833333333333,28.4,8.3
101.66224237743243,3.10999772366892,14/05/2025,"PANTAI PANORAMA KONDO,THE PARK RESIDENCES (BANGSAR SOUTH)",WILAYAH PERSEKUTUAN,2,79.16666666666667,28.2,8.3
101.6102626725951,3.1122062687361955,14/05/2025,"E9. KT SS 2 (1) [JLN SS 2/1-2/4, 2/4A,4B, 2/5-2/23, 2/25, 2/25A]",SELANGOR,1,78.54166666666667,28.6,7.7
101.68139614469732,3.1171211443189204,14/05/2025,"SRI LANGIT CONDO TAMAN SEPUTEH,TAMAN SEPUTEH ( SBHGN JLN SEPUTEH, JALAN 6&7),TAMAN SEPUTEH (JALAN 1-5)",WILAYAH PERSEKUTUAN,3,79.20833333333333,28.4,8.3
101.67217558732966,3.1243229733076925,14/05/2025,"ASRAMA UNIKL ( JLN TANDUK ),BANGSAR HEIGHT KONDO",WILAYAH PERSEKUTUAN,2,79.20833333333333,28.4,8.3
101.64740065365132,3.1532578879144744,14/05/2025,BUKIT DAMANSARA (DESA DAMANSARA CONDOMINIUM),WILAYAH PERSEKUTUAN,1,78.5,28.2,7.7
101.62556383669384,3.083597636573036,15/05/2025,"E11. SRI PJS 5 (VERANDO RESIDENCE),E11. SRI PJS 5 TMN DESA RIA (TERES 3)[JLN PJS 5/3 , 5/4 , 5/5 , 5/6, 5/6A, 5/7],E11. SRI PJS 5 TMN DESA RIA (VILLARIA CONDO),E11. SRI PJS 6 FLAT DESA MENTARI 1 (BLOK 1 , 2 , 3),E12. TM PJS 2 APPT TAMAN MEDAN JAYA,E12. TM PJS 2C APT MEDAN CAHAYA 2 (BLOK D , E , F),E12. TM PJS 2C TMN MEDAN (TERES 4) [JLN PJS 2C/11,2C/11A,B,C,D,F,G,H,J,K,L,28,2],E9. KT SS 9A 2 ( JLN 9A/1,2,4,13,14,15,16,18,19 ),E9. KT SS 9A PARK 51 BOULEVARD",SELANGOR,9,71.91666666666667,29.4,0.1
101.61354129125948,3.0900204947468404,15/05/2025,"E9. KT SS 8 APT KELANA IMPIAN,E9. KT SS 8 FLAT PKNS",SELANGOR,2,71.91666666666667,29.3,0.1
101.6800123411097,3.1029130729612944,15/05/2025,"DESA PERMAI KONDO,PAPILLON DESAHILL CONDO",WILAYAH PERSEKUTUAN,2,75.125,28.7,0.1
101.66224237743243,3.10999772366892,15/05/2025,"PANTAI PANORAMA KONDO,THE PARK RESIDENCES (BANGSAR SOUTH)",WILAYAH PERSEKUTUAN,2,75.08333333333333,28.6,0.1
101.6102626725951,3.1122062687361955,15/05/2025,"E9. KT SS 2 (1) [JLN SS 2/1-2/4, 2/4A,4B, 2/5-2/23, 2/25, 2/25A]",SELANGOR,1,73.5,29.1,0.1
101.68139614469732,3.1171211443189204,15/05/2025,"SRI LANGIT CONDO TAMAN SEPUTEH,TAMAN SEPUTEH ( SBHGN JLN SEPUTEH, JALAN 6&7),TAMAN SEPUTEH (JALAN 1-5)",WILAYAH PERSEKUTUAN,3,75.125,28.8,0.1
101.67217558732966,3.1243229733076925,15/05/2025,"ASRAMA UNIKL ( JLN TANDUK ),BANGSAR HEIGHT KONDO",WILAYAH PERSEKUTUAN,2,75.125,28.8,0.1
101.62191634648448,3.139919396975152,15/05/2025,E8. BU SS 20 (2) [JLN SS 20/21 - SS 20/26],SELANGOR,1,73.45833333333333,29.0,0.1
101.64740065365132,3.1532578879144744,15/05/2025,BUKIT DAMANSARA (DESA DAMANSARA CONDOMINIUM),WILAYAH PERSEKUTUAN,1,73.375,28.7,0.1
101.62556383669384,3.083597636573036,16/05/2025,"E11. SRI PJS 5 (VERANDO RESIDENCE),E11. SRI PJS 5 TMN DESA RIA (TERES 3)[JLN PJS 5/3 , 5/4 , 5/5 , 5/6, 5/6A, 5/7],E11. SRI PJS 5 TMN DESA RIA (VILLARIA CONDO),E11. SRI PJS 6 FLAT DESA MENTARI 1 (BLOK 1 , 2 , 3),E12. TM PJS 2 APPT TAMAN MEDAN JAYA,E12. TM PJS 2C APT MEDAN CAHAYA 2 (BLOK D , E , F),E12. TM PJS 2C TMN MEDAN (TERES 4) [JLN PJS 2C/11,2C/11A,B,C,D,F,G,H,J,K,L,28,2],E9. KT SS 9A 2 ( JLN 9A/1,2,4,13,14,15,16,18,19 ),E9. KT SS 9A PARK 51 BOULEVARD",SELANGOR,9,77.08333333333333,28.7,1.8
101.61354129125948,3.0900204947468404,16/05/2025,"E9. KT SS 8 APT KELANA IMPIAN,E9. KT SS 8 FLAT PKNS",SELANGOR,2,77.08333333333333,28.6,1.8
101.6800123411097,3.1029130729612944,16/05/2025,"DESA PERMAI KONDO,PAPILLON DESAHILL CONDO",WILAYAH PERSEKUTUAN,2,82.66666666666667,27.5,9.5
101.66224237743243,3.10999772366892,16/05/2025,"PANTAI PANORAMA KONDO,THE PARK RESIDENCES (BANGSAR SOUTH)",WILAYAH PERSEKUTUAN,2,82.66666666666667,27.4,9.5
101.6102626725951,3.1122062687361955,16/05/2025,"E9. KT SS 2 (1) [JLN SS 2/1-2/4, 2/4A,4B, 2/5-2/23, 2/25, 2/25A]",SELANGOR,1,79.45833333333333,28.1,2.4
101.68139614469732,3.1171211443189204,16/05/2025,"SRI LANGIT CONDO TAMAN SEPUTEH,TAMAN SEPUTEH ( SBHGN JLN SEPUTEH, JALAN 6&7),TAMAN SEPUTEH (JALAN 1-5)",WILAYAH PERSEKUTUAN,3,82.70833333333333,27.6,9.5
101.67217558732966,3.1243229733076925,16/05/2025,"ASRAMA UNIKL ( JLN TANDUK ),BANGSAR HEIGHT KONDO",WILAYAH PERSEKUTUAN,2,82.70833333333333,27.6,9.5
101.62191634648448,3.139919396975152,16/05/2025,E8. BU SS 20 (2) [JLN SS 20/21 - SS 20/26],SELANGOR,1,79.45833333333333,28.1,2.4
101.64740065365132,3.1532578879144744,16/05/2025,BUKIT DAMANSARA (DESA DAMANSARA CONDOMINIUM),WILAYAH PERSEKUTUAN,1,79.45833333333333,27.8,2.4
101.62555054581492,3.0836030461160253,17/05/2025,"E11. SRI PJS 5 (VERANDO RESIDENCE),E11. SRI PJS 5 TMN DESA RIA (TERES 3)[JLN PJS 5/3 , 5/4 , 5/5 , 5/6, 5/6A, 5/7],E11. SRI PJS 5 TMN DESA RIA (VILLARIA CONDO),E11. SRI PJS 6 FLAT DESA MENTARI 1 (BLOK 1 , 2 , 3),E12. TM PJS 2 APPT TAMAN MEDAN JAYA,E12. TM PJS 2C APT MEDAN CAHAYA 2 (BLOK D , E , F),E12. TM PJS 2C FLAT DESA MENTARI (BLOK 9 , 10),E12. TM PJS 2C TMN MEDAN (TERES 4) [JLN PJS 2C/11,2C/11A,B,C,D,F,G,H,J,K,L,28,2],E9. KT SS 9A 2 ( JLN 9A/1,2,4,13,14,15,16,18,19 ),E9. KT SS 9A PARK 51 BOULEVARD",SELANGOR,10,76.16666666666667,29.1,0.9
101.61354129125948,3.0900204947468404,17/05/2025,"E9. KT SS 8 APT KELANA IMPIAN,E9. KT SS 8 FLAT PKNS",SELANGOR,2,76.16666666666667,29.0,0.9
101.6800123411097,3.1029130729612944,17/05/2025,"DESA PERMAI KONDO,PAPILLON DESAHILL CONDO",WILAYAH PERSEKUTUAN,2,79.54166666666667,28.4,5.3
101.66224237743243,3.10999772366892,17/05/2025,"PANTAI PANORAMA KONDO,THE PARK RESIDENCES (BANGSAR SOUTH)",WILAYAH PERSEKUTUAN,2,79.5,28.2,5.3
101.6102626725951,3.1122062687361955,17/05/2025,"E9. KT SS 2 (1) [JLN SS 2/1-2/4, 2/4A,4B, 2/5-2/23, 2/25, 2/25A]",SELANGOR,1,78.79166666666667,28.6,0.4
101.68139614469732,3.1171211443189204,17/05/2025,"SRI LANGIT CONDO TAMAN SEPUTEH,TAMAN SEPUTEH ( SBHGN JLN SEPUTEH, JALAN 6&7),TAMAN SEPUTEH (JALAN 1-5)",WILAYAH PERSEKUTUAN,3,79.54166666666667,28.4,5.3
101.67217558732966,3.1243229733076925,17/05/2025,"ASRAMA UNIKL ( JLN TANDUK ),BANGSAR HEIGHT KONDO",WILAYAH PERSEKUTUAN,2,79.54166666666667,28.4,5.3
101.62191634648448,3.139919396975152,17/05/2025,E8. BU SS 20 (2) [JLN SS 20/21 - SS 20/26],SELANGOR,1,78.79166666666667,28.6,0.4
101.64720973160564,3.1530645287042245,17/05/2025,BUKIT DAMANSARA (DESA DAMANSARA CONDOMINIUM),WILAYAH PERSEKUTUAN,1,78.79166666666667,28.2,0.4
101.62580674255864,3.083853502136874,18/05/2025,"E11. SRI PJS 5 (VERANDO RESIDENCE),E11. SRI PJS 5 TMN DESA RIA (VILLARIA CONDO),E11. SRI PJS 6 FLAT DESA MENTARI 1 (BLOK 1 , 2 , 3),E12. TM PJS 2 APPT TAMAN MEDAN JAYA,E12. TM PJS 2C APT MEDAN CAHAYA 2 (BLOK D , E , F),E12. TM PJS 2C FLAT DESA MENTARI (BLOK 9 , 10),E12. TM PJS 2C TMN MEDAN (TERES 4) [JLN PJS 2C/11,2C/11A,B,C,D,F,G,H,J,K,L,28,2],E9. KT SS 9A 2 ( JLN 9A/1,2,4,13,14,15,16,18,19 ),E9. KT SS 9A PARK 51 BOULEVARD",SELANGOR,9,86.125,27.2,6.3
101.61354129125948,3.0900204947468404,18/05/2025,"E9. KT SS 8 APT KELANA IMPIAN,E9. KT SS 8 FLAT PKNS",SELANGOR,2,86.08333333333333,27.2,6.3
101.6800123411097,3.1029130729612944,18/05/2025,"DESA PERMAI KONDO,PAPILLON DESAHILL CONDO",WILAYAH PERSEKUTUAN,2,85.08333333333333,27.0,4.0
101.66224237743243,3.10999772366892,18/05/2025,"PANTAI PANORAMA KONDO,THE PARK RESIDENCES (BANGSAR SOUTH)",WILAYAH PERSEKUTUAN,2,85.0,26.9,4.0
101.61027945325444,3.111969318650884,18/05/2025,"E9. KT SS 2 (1) [JLN SS 2/1-2/4, 2/4A,4B, 2/5-2/23, 2/25, 2/25A]",SELANGOR,1,85.91666666666667,27.1,9.1
101.6808443771852,3.1164051085493822,18/05/2025,TAMAN SEPUTEH (JALAN 1-5),WILAYAH PERSEKUTUAN,1,85.08333333333333,27.0,4.0
101.67217558732966,3.1243229733076925,18/05/2025,"ASRAMA UNIKL ( JLN TANDUK ),BANGSAR HEIGHT KONDO",WILAYAH PERSEKUTUAN,2,85.08333333333333,27.1,4.0
101.62191634648448,3.139919396975152,18/05/2025,E8. BU SS 20 (2) [JLN SS 20/21 - SS 20/26],SELANGOR,1,85.91666666666667,27.1,9.1
101.64720973160564,3.1530645287042245,18/05/2025,BUKIT DAMANSARA (DESA DAMANSARA CONDOMINIUM),WILAYAH PERSEKUTUAN,1,85.875,26.8,9.1
101.62079483907428,3.0782439369166665,19/05/2025,"E11. SRI PJS 5 (VERANDO RESIDENCE),E11. SRI PJS 5 TMN DESA RIA (TERES 3)[JLN PJS 5/3 , 5/4 , 5/5 , 5/6, 5/6A, 5/7],E11. SRI PJS 5 TMN DESA RIA (VILLARIA CONDO),E11. SRI PJS 6 FLAT DESA MENTARI 1 (BLOK 1 , 2 , 3),E11. SRI PJS 6 KG LINDUNGAN (TERES 1) [JLN PJS 6/1,6/1A,6/1C,6/1D,6/1E,6/1F],E11. SRI PJS 6 PANGSAPURI PKNS,E12. TM PJS 2 APPT TAMAN MEDAN JAYA,E12. TM PJS 2C APT MEDAN CAHAYA 2 (BLOK D , E , F),E12. TM PJS 2C FLAT DESA MENTARI (BLOK 9 , 10),E12. TM PJS 2C TMN MEDAN (TERES 4) [JLN PJS 2C/11,2C/11A,B,C,D,F,G,H,J,K,L,28,2],E13. PJS 7/13 (SUNWAY COURT) BLOK A, B, C, D,E13. PJS 9/2 - PJS 9/30",SELANGOR,12,87.625,26.9,9.7
101.61354129125948,3.0900204947468404,19/05/2025,"E9. KT SS 8 APT KELANA IMPIAN,E9. KT SS 8 FLAT PKNS",SELANGOR,2,87.625,26.8,9.7
101.6800123411097,3.1029130729612944,19/05/2025,"DESA PERMAI KONDO,PAPILLON DESAHILL CONDO",WILAYAH PERSEKUTUAN,2,86.875,26.8,5.8
101.66224237743243,3.10999772366892,19/05/2025,"PANTAI PANORAMA KONDO,THE PARK RESIDENCES (BANGSAR SOUTH)",WILAYAH PERSEKUTUAN,2,86.875,26.6,5.8
101.61027945325444,3.111969318650884,19/05/2025,"E9. KT SS 2 (1) [JLN SS 2/1-2/4, 2/4A,4B, 2/5-2/23, 2/25, 2/25A]",SELANGOR,1,87.54166666666667,26.8,14.3
101.6808443771852,3.1164051085493822,19/05/2025,TAMAN SEPUTEH (JALAN 1-5),WILAYAH PERSEKUTUAN,1,86.875,26.8,5.8
101.67217558732966,3.1243229733076925,19/05/2025,"ASRAMA UNIKL ( JLN TANDUK ),BANGSAR HEIGHT KONDO",WILAYAH PERSEKUTUAN,2,86.875,26.8,5.8
101.62191634648448,3.139919396975152,19/05/2025,E8. BU SS 20 (2) [JLN SS 20/21 - SS 20/26],SELANGOR,1,87.54166666666667,26.7,14.3
101.69769037937344,3.14684654256329,19/05/2025,"JALAN HANG LEKIU,WISMA TEO GUAN LEE LEBUH PUDU",WILAYAH PERSEKUTUAN,2,86.875,26.9,5.8
101.64720973160564,3.1530645287042245,19/05/2025,BUKIT DAMANSARA (DESA DAMANSARA CONDOMINIUM),WILAYAH PERSEKUTUAN,1,87.5,26.4,14.3
101.62079483907428,3.0782439369166665,20/05/2025,"E11. SRI PJS 5 (VERANDO RESIDENCE),E11. SRI PJS 5 TMN DESA RIA (TERES 3)[JLN PJS 5/3 , 5/4 , 5/5 , 5/6, 5/6A, 5/7],E11. SRI PJS 5 TMN DESA RIA (VILLARIA CONDO),E11. SRI PJS 6 FLAT DESA MENTARI 1 (BLOK 1 , 2 , 3),E11. SRI PJS 6 KG LINDUNGAN (TERES 1) [JLN PJS 6/1,6/1A,6/1C,6/1D,6/1E,6/1F],E11. SRI PJS 6 PANGSAPURI PKNS,E12. TM PJS 2 APPT TAMAN MEDAN JAYA,E12. TM PJS 2C APT MEDAN CAHAYA 2 (BLOK D , E , F),E12. TM PJS 2C FLAT DESA MENTARI (BLOK 9 , 10),E12. TM PJS 2C TMN MEDAN (TERES 4) [JLN PJS 2C/11,2C/11A,B,C,D,F,G,H,J,K,L,28,2],E13. PJS 7/13 (SUNWAY COURT) BLOK A, B, C, D,E13. PJS 9/2 - PJS 9/30",SELANGOR,12,86.83333333333333,26.7,29.2
101.6800123411097,3.1029130729612944,20/05/2025,"DESA PERMAI KONDO,PAPILLON DESAHILL CONDO",WILAYAH PERSEKUTUAN,2,88.33333333333333,26.2,8.6
101.61027945325444,3.111969318650884,20/05/2025,"E9. KT SS 2 (1) [JLN SS 2/1-2/4, 2/4A,4B, 2/5-2/23, 2/25, 2/25A]",SELANGOR,1,87.91666666666667,26.4,18.2
101.66228284820124,3.1135987837547208,20/05/2025,"KL GATEWAY (KL GATEWAY MALL DAN KL GATEWAY RESIDENCE),VISTA ANGKASA (BLOK 3,4,5,6,7,8)",WILAYAH PERSEKUTUAN,2,88.33333333333333,26.2,8.6
101.6808443771852,3.1164051085493822,20/05/2025,TAMAN SEPUTEH (JALAN 1-5),WILAYAH PERSEKUTUAN,1,88.33333333333333,26.2,8.6
101.67217558732966,3.1243229733076925,20/05/2025,"ASRAMA UNIKL ( JLN TANDUK ),BANGSAR HEIGHT KONDO",WILAYAH PERSEKUTUAN,2,88.33333333333333,26.3,8.6
101.62191634648448,3.139919396975152,20/05/2025,E8. BU SS 20 (2) [JLN SS 20/21 - SS 20/26],SELANGOR,1,87.875,26.4,18.2
101.69769037937344,3.14684654256329,20/05/2025,"JALAN HANG LEKIU,WISMA TEO GUAN LEE LEBUH PUDU",WILAYAH PERSEKUTUAN,2,88.33333333333333,26.3,8.6
101.64720973160564,3.1530645287042245,20/05/2025,BUKIT DAMANSARA (DESA DAMANSARA CONDOMINIUM),WILAYAH PERSEKUTUAN,1,87.83333333333333,26.1,18.2
101.62079483907428,3.0782439369166665,21/05/2025,"E11. SRI PJS 5 (VERANDO RESIDENCE),E11. SRI PJS 5 TMN DESA RIA (TERES 3)[JLN PJS 5/3 , 5/4 , 5/5 , 5/6, 5/6A, 5/7],E11. SRI PJS 5 TMN DESA RIA (VILLARIA CONDO),E11. SRI PJS 6 FLAT DESA MENTARI 1 (BLOK 1 , 2 , 3),E11. SRI PJS 6 KG LINDUNGAN (TERES 1) [JLN PJS 6/1,6/1A,6/1C,6/1D,6/1E,6/1F],E11. SRI PJS 6 PANGSAPURI PKNS,E12. TM PJS 2 APPT TAMAN MEDAN JAYA,E12. TM PJS 2C APT MEDAN CAHAYA 2 (BLOK D , E , F),E12. TM PJS 2C FLAT DESA MENTARI (BLOK 9 , 10),E12. TM PJS 2C TMN MEDAN (TERES 4) [JLN PJS 2C/11,2C/11A,B,C,D,F,G,H,J,K,L,28,2],E13. PJS 7/13 (SUNWAY COURT) BLOK A, B, C, D,E13. PJS 9/2 - PJS 9/30",SELANGOR,12,88.875,26.6,17.8
101.67821791154606,3.0845656914736845,21/05/2025,"MEADOW PARK 1,MEADOW PARK 2",WILAYAH PERSEKUTUAN,2,88.625,26.4,23.3
101.6800123411097,3.1029130729612944,21/05/2025,"DESA PERMAI KONDO,PAPILLON DESAHILL CONDO",WILAYAH PERSEKUTUAN,2,88.58333333333333,26.4,18.5
101.61027945325444,3.111969318650884,21/05/2025,"E9. KT SS 2 (1) [JLN SS 2/1-2/4, 2/4A,4B, 2/5-2/23, 2/25, 2/25A]",SELANGOR,1,88.83333333333333,26.5,20.9
101.66228284820124,3.1135987837547208,21/05/2025,"KL GATEWAY (KL GATEWAY MALL DAN KL GATEWAY RESIDENCE),VISTA ANGKASA (BLOK 3,4,5,6,7,8)",WILAYAH PERSEKUTUAN,2,88.58333333333333,26.5,18.5
101.67217558732966,3.1243229733076925,21/05/2025,"ASRAMA UNIKL ( JLN TANDUK ),BANGSAR HEIGHT KONDO",WILAYAH PERSEKUTUAN,2,88.58333333333333,26.5,18.5
101.62191634648448,3.139919396975152,21/05/2025,E8. BU SS 20 (2) [JLN SS 20/21 - SS 20/26],SELANGOR,1,88.83333333333333,26.4,20.9
101.69769037937344,3.14684654256329,21/05/2025,"JALAN HANG LEKIU,WISMA TEO GUAN LEE LEBUH PUDU",WILAYAH PERSEKUTUAN,2,88.58333333333333,26.6,18.5
101.64720973160564,3.1530645287042245,21/05/2025,BUKIT DAMANSARA (DESA DAMANSARA CONDOMINIUM),WILAYAH PERSEKUTUAN,1,88.83333333333333,26.1,20.9
101.62079483907428,3.0782439369166665,22/05/2025,"E11. SRI PJS 5 (VERANDO RESIDENCE),E11. SRI PJS 5 TMN DESA RIA (TERES 3)[JLN PJS 5/3 , 5/4 , 5/5 , 5/6, 5/6A, 5/7],E11. SRI PJS 5 TMN DESA RIA (VILLARIA CONDO),E11. SRI PJS 6 FLAT DESA MENTARI 1 (BLOK 1 , 2 , 3),E11. SRI PJS 6 KG LINDUNGAN (TERES 1) [JLN PJS 6/1,6/1A,6/1C,6/1D,6/1E,6/1F],E11. SRI PJS 6 PANGSAPURI PKNS,E12. TM PJS 2 APPT TAMAN MEDAN JAYA,E12. TM PJS 2C APT MEDAN CAHAYA 2 (BLOK D , E , F),E12. TM PJS 2C FLAT DESA MENTARI (BLOK 9 , 10),E12. TM PJS 2C TMN MEDAN (TERES 4) [JLN PJS 2C/11,2C/11A,B,C,D,F,G,H,J,K,L,28,2],E13. PJS 7/13 (SUNWAY COURT) BLOK A, B, C, D,E13. PJS 9/2 - PJS 9/30",SELANGOR,12,85.70833333333333,27.2,4.9
101.67821791154606,3.0845656914736845,22/05/2025,"MEADOW PARK 1,MEADOW PARK 2",WILAYAH PERSEKUTUAN,2,85.875,27.1,6.1
101.6800123411097,3.1029130729612944,22/05/2025,"DESA PERMAI KONDO,PAPILLON DESAHILL CONDO",WILAYAH PERSEKUTUAN,2,86.0,27.0,7.8
101.61027945325444,3.111969318650884,22/05/2025,"E9. KT SS 2 (1) [JLN SS 2/1-2/4, 2/4A,4B, 2/5-2/23, 2/25, 2/25A]",SELANGOR,1,86.33333333333333,27.0,5.5
101.66228284820124,3.1135987837547208,22/05/2025,"KL GATEWAY (KL GATEWAY MALL DAN KL GATEWAY RESIDENCE),VISTA ANGKASA (BLOK 3,4,5,6,7,8)",WILAYAH PERSEKUTUAN,2,86.0,27.0,7.8
101.67217558732966,3.1243229733076925,22/05/2025,"ASRAMA UNIKL ( JLN TANDUK ),BANGSAR HEIGHT KONDO",WILAYAH PERSEKUTUAN,2,86.0,27.0,7.8
101.62191634648448,3.139919396975152,22/05/2025,E8. BU SS 20 (2) [JLN SS 20/21 - SS 20/26],SELANGOR,1,86.33333333333333,27.0,5.5
101.69769037937344,3.14684654256329,22/05/2025,"JALAN HANG LEKIU,WISMA TEO GUAN LEE LEBUH PUDU",WILAYAH PERSEKUTUAN,2,86.0,27.1,7.8
101.64720973160564,3.1530645287042245,22/05/2025,BUKIT DAMANSARA (DESA DAMANSARA CONDOMINIUM),WILAYAH PERSEKUTUAN,1,86.25,26.6,5.5
101.67821791154606,3.0845656914736845,23/05/2025,"MEADOW PARK 1,MEADOW PARK 2",WILAYAH PERSEKUTUAN,2,80.54166666666667,28.0,1.2
101.61027945325444,3.111969318650884,23/05/2025,"E9. KT SS 2 (1) [JLN SS 2/1-2/4, 2/4A,4B, 2/5-2/23, 2/25, 2/25A]",SELANGOR,1,80.625,28.0,0.7
101.66228284820124,3.1135987837547208,23/05/2025,"KL GATEWAY (KL GATEWAY MALL DAN KL GATEWAY RESIDENCE),VISTA ANGKASA (BLOK 3,4,5,6,7,8)",WILAYAH PERSEKUTUAN,2,80.25,27.9,0.3
101.670860578,3.124103893191784,23/05/2025,BANGSAR HEIGHT KONDO,WILAYAH PERSEKUTUAN,1,80.25,27.8,0.3
101.62191634648448,3.139919396975152,23/05/2025,E8. BU SS 20 (2) [JLN SS 20/21 - SS 20/26],SELANGOR,1,80.625,27.9,0.7
101.69769037937344,3.14684654256329,23/05/2025,"JALAN HANG LEKIU,WISMA TEO GUAN LEE LEBUH PUDU",WILAYAH PERSEKUTUAN,2,80.25,28.0,0.3
101.64720973160564,3.1530645287042245,23/05/2025,BUKIT DAMANSARA (DESA DAMANSARA CONDOMINIUM),WILAYAH PERSEKUTUAN,1,80.58333333333333,27.6,0.7
101.67821791154606,3.0845656914736845,24/05/2025,"MEADOW PARK 1,MEADOW PARK 2",WILAYAH PERSEKUTUAN,2,78.75,28.7,0.6
101.6635603679557,3.1026374986835443,24/05/2025,"INWOOD RESIDENCES @ PANTAI SENTRAL PARK,KONDO RAKYAT",WILAYAH PERSEKUTUAN,2,78.54166666666667,28.4,0.5
101.61027945325444,3.111969318650884,24/05/2025,"E9. KT SS 2 (1) [JLN SS 2/1-2/4, 2/4A,4B, 2/5-2/23, 2/25, 2/25A]",SELANGOR,1,77.0,28.7,1.0
101.66228284820124,3.1135987837547208,24/05/2025,"KL GATEWAY (KL GATEWAY MALL DAN KL GATEWAY RESIDENCE),VISTA ANGKASA (BLOK 3,4,5,6,7,8)",WILAYAH PERSEKUTUAN,2,78.54166666666667,28.5,0.5
101.66854263133756,3.133114428675161,24/05/2025,"BANGSAR BARU (JLN TERASEK 4-6),BANGSAR BARU (LORONG TERASEK KANAN,JLN TERASEK, JLN TERASEK 1-3)",WILAYAH PERSEKUTUAN,2,78.54166666666667,28.4,0.5
101.62191634648448,3.139919396975152,24/05/2025,E8. BU SS 20 (2) [JLN SS 20/21 - SS 20/26],SELANGOR,1,77.0,28.6,1.0
101.69769037937344,3.14684654256329,24/05/2025,"JALAN HANG LEKIU,WISMA TEO GUAN LEE LEBUH PUDU",WILAYAH PERSEKUTUAN,2,78.58333333333333,28.6,0.5
101.64720973160564,3.1530645287042245,24/05/2025,BUKIT DAMANSARA (DESA DAMANSARA CONDOMINIUM),WILAYAH PERSEKUTUAN,1,76.95833333333333,28.3,1.0
101.67821791154606,3.0845656914736845,25/05/2025,"MEADOW PARK 1,MEADOW PARK 2",WILAYAH PERSEKUTUAN,2,81.45833333333333,28.2,1.2
101.6635603679557,3.1026374986835443,25/05/2025,"INWOOD RESIDENCES @ PANTAI SENTRAL PARK,KONDO RAKYAT",WILAYAH PERSEKUTUAN,2,81.91666666666667,27.9,3.3
101.61027945325444,3.111969318650884,25/05/2025,"E9. KT SS 2 (1) [JLN SS 2/1-2/4, 2/4A,4B, 2/5-2/23, 2/25, 2/25A]",SELANGOR,1,80.79166666666667,28.2,2.2
101.66228284820124,3.1135987837547208,25/05/2025,"KL GATEWAY (KL GATEWAY MALL DAN KL GATEWAY RESIDENCE),VISTA ANGKASA (BLOK 3,4,5,6,7,8)",WILAYAH PERSEKUTUAN,2,81.91666666666667,28.0,3.3
101.67086109117125,3.1240159295273995,25/05/2025,BANGSAR HEIGHT KONDO,WILAYAH PERSEKUTUAN,1,81.91666666666667,27.9,3.3
101.68867176031758,3.129145617641896,25/05/2025,MARBLE JADE MANSION,WILAYAH PERSEKUTUAN,1,81.95833333333333,28.1,3.3
101.66854263133756,3.133114428675161,25/05/2025,"BANGSAR BARU (JLN TERASEK 4-6),BANGSAR BARU (LORONG TERASEK KANAN,JLN TERASEK, JLN TERASEK 1-3)",WILAYAH PERSEKUTUAN,2,81.91666666666667,28.0,3.3
101.62191634648448,3.139919396975152,25/05/2025,E8. BU SS 20 (2) [JLN SS 20/21 - SS 20/26],SELANGOR,1,80.75,28.1,2.2
101.69769037937344,3.14684654256329,25/05/2025,"JALAN HANG LEKIU,WISMA TEO GUAN LEE LEBUH PUDU",WILAYAH PERSEKUTUAN,2,81.95833333333333,28.1,3.3
101.64720973160564,3.1530645287042245,25/05/2025,BUKIT DAMANSARA (DESA DAMANSARA CONDOMINIUM),WILAYAH PERSEKUTUAN,1,80.70833333333333,27.8,2.2
101.623289104136,3.0796644561190103,26/05/2025,"E11. SRI PJS 5 (AERA RESIDENCE),E11. SRI PJS 5 TMN DESA RIA (PST KOMERSIAL) [JLN PJS 5/27-5/30],E11. SRI PJS 5 TMN DESA RIA (TERES 3)[JLN PJS 5/3 , 5/4 , 5/5 , 5/6, 5/6A, 5/7],E11. SRI PJS 6 FLAT DESA MENTARI 1 (BLOK 1 , 2 , 3),E11. SRI PJS 8 MENTARI COURT,E12. TM PJS 2C APT MEDAN CAHAYA 2 (BLOK D , E , F),E12. TM PJS 2C FLAT DESA MENTARI (BLOK 9 , 10),E12. TM PJS 2C TMN MEDAN (TERES 4) [JLN PJS 2C/11,2C/11A,B,C,D,F,G,H,J,K,L,28,2],E12. TM PJS4 TMN INDAH JAYA(TERES 2)[JLN PJS 4/2,4,8,9,10,19,19A,21,21A]",SELANGOR,9,77.79166666666667,28.1,0.2
101.67821791154606,3.0845656914736845,26/05/2025,"MEADOW PARK 1,MEADOW PARK 2",WILAYAH PERSEKUTUAN,2,77.54166666666667,27.9,0.0
101.6635603679557,3.1026374986835443,26/05/2025,"INWOOD RESIDENCES @ PANTAI SENTRAL PARK,KONDO RAKYAT",WILAYAH PERSEKUTUAN,2,77.75,27.6,0.0
101.61027945325444,3.111969318650884,26/05/2025,"E9. KT SS 2 (1) [JLN SS 2/1-2/4, 2/4A,4B, 2/5-2/23, 2/25, 2/25A]",SELANGOR,1,77.91666666666667,27.8,0.0
101.66228284820124,3.1135987837547208,26/05/2025,"KL GATEWAY (KL GATEWAY MALL DAN KL GATEWAY RESIDENCE),VISTA ANGKASA (BLOK 3,4,5,6,7,8)",WILAYAH PERSEKUTUAN,2,77.79166666666667,27.7,0.0
101.67086109117125,3.1240159295273995,26/05/2025,BANGSAR HEIGHT KONDO,WILAYAH PERSEKUTUAN,1,77.75,27.6,0.0
101.68867176031758,3.129145617641896,26/05/2025,MARBLE JADE MANSION,WILAYAH PERSEKUTUAN,1,77.79166666666667,27.8,0.0
101.66854263133756,3.133114428675161,26/05/2025,"BANGSAR BARU (JLN TERASEK 4-6),BANGSAR BARU (LORONG TERASEK KANAN,JLN TERASEK, JLN TERASEK 1-3)",WILAYAH PERSEKUTUAN,2,77.75,27.7,0.0
101.62191634648448,3.139919396975152,26/05/2025,E8. BU SS 20 (2) [JLN SS 20/21 - SS 20/26],SELANGOR,1,77.91666666666667,27.7,0.0
101.69769037937344,3.14684654256329,26/05/2025,"JALAN HANG LEKIU,WISMA TEO GUAN LEE LEBUH PUDU",WILAYAH PERSEKUTUAN,2,77.79166666666667,27.8,0.0
101.64720973160564,3.1530645287042245,26/05/2025,BUKIT DAMANSARA (DESA DAMANSARA CONDOMINIUM),WILAYAH PERSEKUTUAN,1,77.91666666666667,27.4,0.0
101.62235160427376,3.079581074250417,27/05/2025,"E11. SRI PJS 5 (AERA RESIDENCE),E11. SRI PJS 5 TMN DESA RIA (PST KOMERSIAL) [JLN PJS 5/27-5/30],E11. SRI PJS 5 TMN DESA RIA (TERES 3)[JLN PJS 5/3 , 5/4 , 5/5 , 5/6, 5/6A, 5/7],E11. SRI PJS 6 FLAT DESA MENTARI 1 (BLOK 1 , 2 , 3),E11. SRI PJS 8 MENTARI COURT,E12. TM PJS 2C FLAT DESA MENTARI (BLOK 9 , 10),E12. TM PJS4 TMN INDAH JAYA(TERES 2)[JLN PJS 4/2,4,8,9,10,19,19A,21,21A]",SELANGOR,7,76.0,29.3,0.0
101.67826720936776,3.084601645690322,27/05/2025,"MEADOW PARK 1,MEADOW PARK 2",WILAYAH PERSEKUTUAN,2,76.08333333333333,29.1,0.0
101.6635603679557,3.1026374986835443,27/05/2025,"INWOOD RESIDENCES @ PANTAI SENTRAL PARK,KONDO RAKYAT",WILAYAH PERSEKUTUAN,2,76.33333333333333,28.8,0.0
101.61027945325444,3.111969318650884,27/05/2025,"E9. KT SS 2 (1) [JLN SS 2/1-2/4, 2/4A,4B, 2/5-2/23, 2/25, 2/25A]",SELANGOR,1,76.25,29.1,0.0
101.66228284820124,3.1135987837547208,27/05/2025,"KL GATEWAY (KL GATEWAY MALL DAN KL GATEWAY RESIDENCE),VISTA ANGKASA (BLOK 3,4,5,6,7,8)",WILAYAH PERSEKUTUAN,2,76.33333333333333,29.0,0.0
101.67086109117125,3.1240159295273995,27/05/2025,BANGSAR HEIGHT KONDO,WILAYAH PERSEKUTUAN,1,76.33333333333333,28.9,0.0
101.68867176031758,3.129145617641896,27/05/2025,MARBLE JADE MANSION,WILAYAH PERSEKUTUAN,1,76.33333333333333,29.1,0.0
101.66854263133756,3.133114428675161,27/05/2025,"BANGSAR BARU (JLN TERASEK 4-6),BANGSAR BARU (LORONG TERASEK KANAN,JLN TERASEK, JLN TERASEK 1-3)",WILAYAH PERSEKUTUAN,2,76.33333333333333,28.9,0.0
101.69769037937344,3.14684654256329,27/05/2025,"JALAN HANG LEKIU,WISMA TEO GUAN LEE LEBUH PUDU",WILAYAH PERSEKUTUAN,2,76.33333333333333,29.1,0.0
101.62235160427376,3.079581074250417,28/05/2025,"E11. SRI PJS 5 (AERA RESIDENCE),E11. SRI PJS 5 TMN DESA RIA (PST KOMERSIAL) [JLN PJS 5/27-5/30],E11. SRI PJS 5 TMN DESA RIA (TERES 3)[JLN PJS 5/3 , 5/4 , 5/5 , 5/6, 5/6A, 5/7],E11. SRI PJS 6 FLAT DESA MENTARI 1 (BLOK 1 , 2 , 3),E11. SRI PJS 8 MENTARI COURT,E12. TM PJS 2C FLAT DESA MENTARI (BLOK 9 , 10),E12. TM PJS4 TMN INDAH JAYA(TERES 2)[JLN PJS 4/2,4,8,9,10,19,19A,21,21A]",SELANGOR,7,74.41666666666667,29.8,0.0
101.67826720936776,3.084601645690322,28/05/2025,"MEADOW PARK 1,MEADOW PARK 2",WILAYAH PERSEKUTUAN,2,75.20833333333333,29.5,1.1
101.68721064758452,3.102005997753519,28/05/2025,"KEM SG.BESI (JALAN LABUAN) BLOK E1, E2, F1, F2,KEM SG.BESI(JALAN MERDEKA 2)",WILAYAH PERSEKUTUAN,2,75.20833333333333,29.6,0.0
101.6635603679557,3.1026374986835443,28/05/2025,"INWOOD RESIDENCES @ PANTAI SENTRAL PARK,KONDO RAKYAT",WILAYAH PERSEKUTUAN,2,75.20833333333333,29.5,0.0
101.61027945325444,3.111969318650884,28/05/2025,"E9. KT SS 2 (1) [JLN SS 2/1-2/4, 2/4A,4B, 2/5-2/23, 2/25, 2/25A]",SELANGOR,1,74.16666666666667,29.8,0.4
101.66228284820124,3.1135987837547208,28/05/2025,"KL GATEWAY (KL GATEWAY MALL DAN KL GATEWAY RESIDENCE),VISTA ANGKASA (BLOK 3,4,5,6,7,8)",WILAYAH PERSEKUTUAN,2,75.20833333333333,29.6,0.0
101.67086109117125,3.1240159295273995,28/05/2025,BANGSAR HEIGHT KONDO,WILAYAH PERSEKUTUAN,1,75.20833333333333,29.5,0.0
101.68867176031758,3.129145617641896,28/05/2025,MARBLE JADE MANSION,WILAYAH PERSEKUTUAN,1,75.20833333333333,29.7,0.0
101.66854263133756,3.133114428675161,28/05/2025,"BANGSAR BARU (JLN TERASEK 4-6),BANGSAR BARU (LORONG TERASEK KANAN,JLN TERASEK, JLN TERASEK 1-3)",WILAYAH PERSEKUTUAN,2,75.20833333333333,29.5,0.0
101.69769037937344,3.14684654256329,28/05/2025,"JALAN HANG LEKIU,WISMA TEO GUAN LEE LEBUH PUDU",WILAYAH PERSEKUTUAN,2,75.20833333333333,29.7,0.0
101.62315817142516,3.078863386152318,29/05/2025,"E11. SRI PJS 5 (AERA RESIDENCE),E11. SRI PJS 5 TMN DESA RIA (PST KOMERSIAL) [JLN PJS 5/27-5/30],E11. SRI PJS 5 TMN DESA RIA (TERES 3)[JLN PJS 5/3 , 5/4 , 5/5 , 5/6, 5/6A, 5/7],E11. SRI PJS 6 FLAT DESA MENTARI 1 (BLOK 1 , 2 , 3),E11. SRI PJS 8 APT DAMAI,E11. SRI PJS 8 MENTARI COURT,E12. TM PJS 2C FLAT DESA MENTARI (BLOK 9 , 10),E12. TM PJS 3 FLAT TMN MEDAN 32 (BLOK A , B , C , D , E),E12. TM PJS 3 TMN BUANA PERDANA (JLN PJS 3/23 -3/29 ),E12. TM PJS4 TMN INDAH JAYA(TERES 2)[JLN PJS 4/2,4,8,9,10,19,19A,21,21A]",SELANGOR,10,81.95833333333333,26.9,4.6
101.67835827324684,3.0846677897911405,29/05/2025,"MEADOW PARK 1,MEADOW PARK 2",WILAYAH PERSEKUTUAN,2,81.75,26.7,3.1
101.6163079084036,3.089414468463854,29/05/2025,"E9. KT SS 9A 1 (JLN 9A/3,5,6,7,8,9,10,11,12,17,20 )",SELANGOR,1,81.95833333333333,26.8,4.6
101.68721064758452,3.102005997753519,29/05/2025,"KEM SG.BESI (JALAN LABUAN) BLOK E1, E2, F1, F2,KEM SG.BESI(JALAN MERDEKA 2)",WILAYAH PERSEKUTUAN,2,82.29166666666667,26.5,3.9
101.6635603679557,3.1026374986835443,29/05/2025,"INWOOD RESIDENCES @ PANTAI SENTRAL PARK,KONDO RAKYAT",WILAYAH PERSEKUTUAN,2,82.29166666666667,26.4,3.9
101.61027945325444,3.111969318650884,29/05/2025,"E9. KT SS 2 (1) [JLN SS 2/1-2/4, 2/4A,4B, 2/5-2/23, 2/25, 2/25A]",SELANGOR,1,83.04166666666667,26.6,5.1
101.67086109117125,3.1240159295273995,29/05/2025,BANGSAR HEIGHT KONDO,WILAYAH PERSEKUTUAN,1,82.29166666666667,26.5,3.9
101.68867176031758,3.129145617641896,29/05/2025,MARBLE JADE MANSION,WILAYAH PERSEKUTUAN,1,82.33333333333333,26.7,3.9
101.66854263133756,3.133114428675161,29/05/2025,"BANGSAR BARU (JLN TERASEK 4-6),BANGSAR BARU (LORONG TERASEK KANAN,JLN TERASEK, JLN TERASEK 1-3)",WILAYAH PERSEKUTUAN,2,82.29166666666667,26.5,3.9
101.69769037937344,3.14684654256329,29/05/2025,"JALAN HANG LEKIU,WISMA TEO GUAN LEE LEBUH PUDU",WILAYAH PERSEKUTUAN,2,82.29166666666667,26.7,3.9
101.62206762424688,3.0778455000990563,30/05/2025,"E11. SRI PJS 5 (AERA RESIDENCE),E11. SRI PJS 5 TMN DESA RIA (PST KOMERSIAL) [JLN PJS 5/27-5/30],E11. SRI PJS 5 TMN DESA RIA (TERES 3)[JLN PJS 5/3 , 5/4 , 5/5 , 5/6, 5/6A, 5/7],E11. SRI PJS 6 FLAT DESA MENTARI 1 (BLOK 1 , 2 , 3),E11. SRI PJS 8 APT DAMAI,E11. SRI PJS 8 MENTARI COURT,E12. TM PJS 3 FLAT TMN MEDAN 32 (BLOK A , B , C , D , E),E12. TM PJS 3 TMN BUANA PERDANA (JLN PJS 3/23 -3/29 ),E12. TM PJS4 TMN INDAH JAYA(TERES 2)[JLN PJS 4/2,4,8,9,10,19,19A,21,21A]",SELANGOR,9,76.125,27.6,4.8
101.67838160721384,3.084671039301889,30/05/2025,"MEADOW PARK 1,MEADOW PARK 2",WILAYAH PERSEKUTUAN,2,77.54166666666667,27.4,5.6
101.6163079084036,3.089414468463854,30/05/2025,"E9. KT SS 9A 1 (JLN 9A/3,5,6,7,8,9,10,11,12,17,20 )",SELANGOR,1,76.125,27.5,4.8
101.67342536321874,3.093022736633926,30/05/2025,"MILLERZ SQUARE OLD KLANG ROAD,SCOTT GARDEN",WILAYAH PERSEKUTUAN,2,77.54166666666667,27.5,5.6
101.68721064758452,3.102005997753519,30/05/2025,"KEM SG.BESI (JALAN LABUAN) BLOK E1, E2, F1, F2,KEM SG.BESI(JALAN MERDEKA 2)",WILAYAH PERSEKUTUAN,2,77.20833333333333,27.3,9.8
101.6638348256485,3.1028188892545456,30/05/2025,"INWOOD RESIDENCES @ PANTAI SENTRAL PARK,KONDO RAKYAT",WILAYAH PERSEKUTUAN,2,77.20833333333333,27.2,9.8
101.61027945325444,3.111969318650884,30/05/2025,"E9. KT SS 2 (1) [JLN SS 2/1-2/4, 2/4A,4B, 2/5-2/23, 2/25, 2/25A]",SELANGOR,1,76.70833333333333,27.4,4.1
101.67088359475342,3.1239438377397275,30/05/2025,BANGSAR HEIGHT KONDO,WILAYAH PERSEKUTUAN,1,77.20833333333333,27.2,9.8
101.68867176031758,3.129145617641896,30/05/2025,MARBLE JADE MANSION,WILAYAH PERSEKUTUAN,1,77.20833333333333,27.4,9.8
101.66854263133756,3.133114428675161,30/05/2025,"BANGSAR BARU (JLN TERASEK 4-6),BANGSAR BARU (LORONG TERASEK KANAN,JLN TERASEK, JLN TERASEK 1-3)",WILAYAH PERSEKUTUAN,2,77.20833333333333,27.3,9.8
101.69769037937344,3.14684654256329,30/05/2025,"JALAN HANG LEKIU,WISMA TEO GUAN LEE LEBUH PUDU",WILAYAH PERSEKUTUAN,2,77.20833333333333,27.4,9.8
101.62206762424688,3.0778455000990563,31/05/2025,"E11. SRI PJS 5 (AERA RESIDENCE),E11. SRI PJS 5 TMN DESA RIA (PST KOMERSIAL) [JLN PJS 5/27-5/30],E11. SRI PJS 5 TMN DESA RIA (TERES 3)[JLN PJS 5/3 , 5/4 , 5/5 , 5/6, 5/6A, 5/7],E11. SRI PJS 6 FLAT DESA MENTARI 1 (BLOK 1 , 2 , 3),E11. SRI PJS 8 APT DAMAI,E11. SRI PJS 8 MENTARI COURT,E12. TM PJS 3 FLAT TMN MEDAN 32 (BLOK A , B , C , D , E),E12. TM PJS 3 TMN BUANA PERDANA (JLN PJS 3/23 -3/29 ),E12. TM PJS4 TMN INDAH JAYA(TERES 2)[JLN PJS 4/2,4,8,9,10,19,19A,21,21A]",SELANGOR,9,79.375,28.1,0.4
101.67838160721384,3.084671039301889,31/05/2025,"MEADOW PARK 1,MEADOW PARK 2",WILAYAH PERSEKUTUAN,2,79.375,28.0,0.1
101.6163079084036,3.089414468463854,31/05/2025,"E9. KT SS 9A 1 (JLN 9A/3,5,6,7,8,9,10,11,12,17,20 )",SELANGOR,1,79.375,28.0,0.4
101.67342536321874,3.093022736633926,31/05/2025,"MILLERZ SQUARE OLD KLANG ROAD,SCOTT GARDEN",WILAYAH PERSEKUTUAN,2,79.375,28.1,0.1
101.6890077196937,3.099934371432433,31/05/2025,"KEM SG.BESI (JALAN LABUAN) BLOK E1, E2, F1, F2,KEM SG.BESI(JALAN MERDEKA 2),RESIDENSI DESA SATU MAS, TAMAN DESA,RESIDENSI DESA SENTRALMAS",WILAYAH PERSEKUTUAN,4,79.20833333333333,28.2,1.4
101.6638348256485,3.1028188892545456,31/05/2025,"INWOOD RESIDENCES @ PANTAI SENTRAL PARK,KONDO RAKYAT",WILAYAH PERSEKUTUAN,2,79.20833333333333,28.0,1.4
101.67088359475342,3.1239438377397275,31/05/2025,BANGSAR HEIGHT KONDO,WILAYAH PERSEKUTUAN,1,79.20833333333333,28.0,1.4
101.68867176031758,3.129145617641896,31/05/2025,MARBLE JADE MANSION,WILAYAH PERSEKUTUAN,1,79.20833333333333,28.2,1.4
101.66854263133756,3.133114428675161,31/05/2025,"BANGSAR BARU (JLN TERASEK 4-6),BANGSAR BARU (LORONG TERASEK KANAN,JLN TERASEK, JLN TERASEK 1-3)",WILAYAH PERSEKUTUAN,2,79.20833333333333,28.1,1.4
101.62206762424688,3.0778455000990563,01/06/2025,"E11. SRI PJS 5 (AERA RESIDENCE),E11. SRI PJS 5 TMN DESA RIA (PST KOMERSIAL) [JLN PJS 5/27-5/30],E11. SRI PJS 5 TMN DESA RIA (TERES 3)[JLN PJS 5/3 , 5/4 , 5/5 , 5/6, 5/6A, 5/7],E11. SRI PJS 6 FLAT DESA MENTARI 1 (BLOK 1 , 2 , 3),E11. SRI PJS 8 APT DAMAI,E11. SRI PJS 8 MENTARI COURT,E12. TM PJS 3 FLAT TMN MEDAN 32 (BLOK A , B , C , D , E),E12. TM PJS 3 TMN BUANA PERDANA (JLN PJS 3/23 -3/29 ),E12. TM PJS4 TMN INDAH JAYA(TERES 2)[JLN PJS 4/2,4,8,9,10,19,19A,21,21A]",SELANGOR,9,62.41666666666666,30.0,0.0
101.67838160721384,3.084671039301889,01/06/2025,"MEADOW PARK 1,MEADOW PARK 2",WILAYAH PERSEKUTUAN,2,65.79166666666667,29.5,0.0
101.6163079084036,3.089414468463854,01/06/2025,"E9. KT SS 9A 1 (JLN 9A/3,5,6,7,8,9,10,11,12,17,20 )",SELANGOR,1,62.41666666666666,29.9,0.0
101.67342536321874,3.093022736633926,01/06/2025,"MILLERZ SQUARE OLD KLANG ROAD,SCOTT GARDEN",WILAYAH PERSEKUTUAN,2,65.83333333333333,29.7,0.0
101.6890077196937,3.099934371432433,01/06/2025,"KEM SG.BESI (JALAN LABUAN) BLOK E1, E2, F1, F2,KEM SG.BESI(JALAN MERDEKA 2),RESIDENSI DESA SATU MAS, TAMAN DESA,RESIDENSI DESA SENTRALMAS",WILAYAH PERSEKUTUAN,4,65.95833333333333,29.7,0.1
101.6638348256485,3.1028188892545456,01/06/2025,"INWOOD RESIDENCES @ PANTAI SENTRAL PARK,KONDO RAKYAT",WILAYAH PERSEKUTUAN,2,65.91666666666667,29.5,0.1
101.67088359475342,3.1239438377397275,01/06/2025,BANGSAR HEIGHT KONDO,WILAYAH PERSEKUTUAN,1,65.95833333333333,29.5,0.1
101.68867176031758,3.129145617641896,01/06/2025,MARBLE JADE MANSION,WILAYAH PERSEKUTUAN,1,65.95833333333333,29.7,0.1
101.66854263133756,3.133114428675161,01/06/2025,"BANGSAR BARU (JLN TERASEK 4-6),BANGSAR BARU (LORONG TERASEK KANAN,JLN TERASEK, JLN TERASEK 1-3)",WILAYAH PERSEKUTUAN,2,65.95833333333333,29.5,0.1
101.60911649513592,3.081047648975729,02/06/2025,"E11. SRI PJS 8 APT DAMAI,E11. SRI PJS 8 MENTARI COURT",SELANGOR,2,76.0,28.3,6.7
101.6785574599934,3.084918834973514,02/06/2025,MEADOW PARK 2,WILAYAH PERSEKUTUAN,1,76.08333333333333,28.3,7.2
101.6163079084036,3.089414468463854,02/06/2025,"E9. KT SS 9A 1 (JLN 9A/3,5,6,7,8,9,10,11,12,17,20 )",SELANGOR,1,75.95833333333333,28.2,6.7
101.67342536321874,3.093022736633926,02/06/2025,"MILLERZ SQUARE OLD KLANG ROAD,SCOTT GARDEN",WILAYAH PERSEKUTUAN,2,76.125,28.4,7.2
101.6890077196937,3.099934371432433,02/06/2025,"KEM SG.BESI (JALAN LABUAN) BLOK E1, E2, F1, F2,KEM SG.BESI(JALAN MERDEKA 2),RESIDENSI DESA SATU MAS, TAMAN DESA,RESIDENSI DESA SENTRALMAS",WILAYAH PERSEKUTUAN,4,73.375,28.8,4.3
101.6638348256485,3.1028188892545456,02/06/2025,"INWOOD RESIDENCES @ PANTAI SENTRAL PARK,KONDO RAKYAT",WILAYAH PERSEKUTUAN,2,73.33333333333333,28.5,4.3
101.6750493925845,3.108760396816902,02/06/2025,PPR KG LIMAU,WILAYAH PERSEKUTUAN,1,73.41666666666667,28.8,4.3
101.67088359475342,3.1239438377397275,02/06/2025,BANGSAR HEIGHT KONDO,WILAYAH PERSEKUTUAN,1,73.33333333333333,28.6,4.3
101.68810619550892,3.1296612801065105,02/06/2025,"MARBLE JADE MANSION,PALM COURT CONDOMINIUM (BLOK A,B,C,D)",WILAYAH PERSEKUTUAN,2,73.375,28.8,4.3
101.66854263133756,3.133114428675161,02/06/2025,"BANGSAR BARU (JLN TERASEK 4-6),BANGSAR BARU (LORONG TERASEK KANAN,JLN TERASEK, JLN TERASEK 1-3)",WILAYAH PERSEKUTUAN,2,73.33333333333333,28.6,4.3
101.60911649513592,3.081047648975729,03/06/2025,"E11. SRI PJS 8 APT DAMAI,E11. SRI PJS 8 MENTARI COURT",SELANGOR,2,76.54166666666667,28.4,0.0
101.6817192851832,3.086411048145038,03/06/2025,"MEADOW PARK 2,PALACE COURT CONDOMINIUM,TAMAN GEMBIRA C(SBHG JLNSELESA,JLNSUKACITA&2-4,SBG JLNSELESA 1,JLN SELESA 2-10)",WILAYAH PERSEKUTUAN,3,75.83333333333333,28.3,0.1
101.6163079084036,3.089414468463854,03/06/2025,"E9. KT SS 9A 1 (JLN 9A/3,5,6,7,8,9,10,11,12,17,20 )",SELANGOR,1,76.54166666666667,28.3,0.0
101.67342536321874,3.093022736633926,03/06/2025,"MILLERZ SQUARE OLD KLANG ROAD,SCOTT GARDEN",WILAYAH PERSEKUTUAN,2,75.83333333333333,28.5,0.1
101.6890077196937,3.099934371432433,03/06/2025,"KEM SG.BESI (JALAN LABUAN) BLOK E1, E2, F1, F2,KEM SG.BESI(JALAN MERDEKA 2),RESIDENSI DESA SATU MAS, TAMAN DESA,RESIDENSI DESA SENTRALMAS",WILAYAH PERSEKUTUAN,4,73.66666666666667,28.7,0.3
101.6638348256485,3.1028188892545456,03/06/2025,"INWOOD RESIDENCES @ PANTAI SENTRAL PARK,KONDO RAKYAT",WILAYAH PERSEKUTUAN,2,73.66666666666667,28.5,0.3
101.67484079411584,3.109514890134148,03/06/2025,"PPR KG LIMAU,RUMAH KONGSI RIVER PARK BANGSAR SOUTH",WILAYAH PERSEKUTUAN,2,73.66666666666667,28.7,0.3
101.67088359475342,3.1239438377397275,03/06/2025,BANGSAR HEIGHT KONDO,WILAYAH PERSEKUTUAN,1,73.66666666666667,28.5,0.3
101.68810619550892,3.1296612801065105,03/06/2025,"MARBLE JADE MANSION,PALM COURT CONDOMINIUM (BLOK A,B,C,D)",WILAYAH PERSEKUTUAN,2,73.66666666666667,28.7,0.3
101.66854263133756,3.133114428675161,03/06/2025,"BANGSAR BARU (JLN TERASEK 4-6),BANGSAR BARU (LORONG TERASEK KANAN,JLN TERASEK, JLN TERASEK 1-3)",WILAYAH PERSEKUTUAN,2,73.66666666666667,28.5,0.3
101.63705833121918,3.146233884061642,03/06/2025,HOSTEL PEKERJA KLGCC,WILAYAH PERSEKUTUAN,1,72.375,28.5,0.9
101.60901534502165,3.080025596316017,04/06/2025,"E11. SRI PJS 10 APT KAYANGAN,E11. SRI PJS 8  FLAT PKNS,E11. SRI PJS 8 APT DAMAI,E11. SRI PJS 8 MENTARI COURT",SELANGOR,4,81.625,28.0,8.0
101.6817192851832,3.086411048145038,04/06/2025,"MEADOW PARK 2,PALACE COURT CONDOMINIUM,TAMAN GEMBIRA C(SBHG JLNSELESA,JLNSUKACITA&2-4,SBG JLNSELESA 1,JLN SELESA 2-10)",WILAYAH PERSEKUTUAN,3,81.25,27.9,12.6
101.6163079084036,3.089414468463854,04/06/2025,"E9. KT SS 9A 1 (JLN 9A/3,5,6,7,8,9,10,11,12,17,20 )",SELANGOR,1,81.625,27.9,8.0
101.67342536321874,3.093022736633926,04/06/2025,"MILLERZ SQUARE OLD KLANG ROAD,SCOTT GARDEN",WILAYAH PERSEKUTUAN,2,81.33333333333333,28.1,12.6
101.6890077196937,3.099934371432433,04/06/2025,"KEM SG.BESI (JALAN LABUAN) BLOK E1, E2, F1, F2,KEM SG.BESI(JALAN MERDEKA 2),RESIDENSI DESA SATU MAS, TAMAN DESA,RESIDENSI DESA SENTRALMAS",WILAYAH PERSEKUTUAN,4,78.0,28.2,9.9
101.6638348256485,3.1028188892545456,04/06/2025,"INWOOD RESIDENCES @ PANTAI SENTRAL PARK,KONDO RAKYAT",WILAYAH PERSEKUTUAN,2,78.0,28.0,9.9
101.67484079411584,3.109514890134148,04/06/2025,"PPR KG LIMAU,RUMAH KONGSI RIVER PARK BANGSAR SOUTH",WILAYAH PERSEKUTUAN,2,78.0,28.2,9.9
101.65090265219332,3.11789576556667,04/06/2025,LORONG UNIVERSITI,WILAYAH PERSEKUTUAN,1,78.0,28.0,9.9
101.67088359475342,3.1239438377397275,04/06/2025,BANGSAR HEIGHT KONDO,WILAYAH PERSEKUTUAN,1,78.0,28.0,9.9
101.68810619550892,3.1296612801065105,04/06/2025,"MARBLE JADE MANSION,PALM COURT CONDOMINIUM (BLOK A,B,C,D)",WILAYAH PERSEKUTUAN,2,78.0,28.2,9.9
101.66854263133756,3.133114428675161,04/06/2025,"BANGSAR BARU (JLN TERASEK 4-6),BANGSAR BARU (LORONG TERASEK KANAN,JLN TERASEK, JLN TERASEK 1-3)",WILAYAH PERSEKUTUAN,2,78.0,28.0,9.9
101.63705833121918,3.146233884061642,04/06/2025,HOSTEL PEKERJA KLGCC,WILAYAH PERSEKUTUAN,1,77.45833333333333,28.0,7.5
101.60901534502165,3.080025596316017,05/06/2025,"E11. SRI PJS 10 APT KAYANGAN,E11. SRI PJS 8  FLAT PKNS,E11. SRI PJS 8 APT DAMAI,E11. SRI PJS 8 MENTARI COURT",SELANGOR,4,79.29166666666667,28.0,0.6
101.6817192851832,3.086411048145038,05/06/2025,"MEADOW PARK 2,PALACE COURT CONDOMINIUM,TAMAN GEMBIRA C(SBHG JLNSELESA,JLNSUKACITA&2-4,SBG JLNSELESA 1,JLN SELESA 2-10)",WILAYAH PERSEKUTUAN,3,80.20833333333333,27.7,6.6
101.6163079084036,3.089414468463854,05/06/2025,"E9. KT SS 9A 1 (JLN 9A/3,5,6,7,8,9,10,11,12,17,20 )",SELANGOR,1,79.25,27.9,0.6
101.67342536321874,3.093022736633926,05/06/2025,"MILLERZ SQUARE OLD KLANG ROAD,SCOTT GARDEN",WILAYAH PERSEKUTUAN,2,80.20833333333333,27.8,6.6
101.6890077196937,3.099934371432433,05/06/2025,"KEM SG.BESI (JALAN LABUAN) BLOK E1, E2, F1, F2,KEM SG.BESI(JALAN MERDEKA 2),RESIDENSI DESA SATU MAS, TAMAN DESA,RESIDENSI DESA SENTRALMAS",WILAYAH PERSEKUTUAN,4,80.0,27.6,13.5
101.6638348256485,3.1028188892545456,05/06/2025,"INWOOD RESIDENCES @ PANTAI SENTRAL PARK,KONDO RAKYAT",WILAYAH PERSEKUTUAN,2,79.95833333333333,27.4,13.5
101.67484079411584,3.109514890134148,05/06/2025,"PPR KG LIMAU,RUMAH KONGSI RIVER PARK BANGSAR SOUTH",WILAYAH PERSEKUTUAN,2,80.0,27.6,13.5
101.65090265219332,3.11789576556667,05/06/2025,LORONG UNIVERSITI,WILAYAH PERSEKUTUAN,1,79.95833333333333,27.5,13.5
101.67088359475342,3.1239438377397275,05/06/2025,BANGSAR HEIGHT KONDO,WILAYAH PERSEKUTUAN,1,79.95833333333333,27.5,13.5
101.68810619550892,3.1296612801065105,05/06/2025,"MARBLE JADE MANSION,PALM COURT CONDOMINIUM (BLOK A,B,C,D)",WILAYAH PERSEKUTUAN,2,80.0,27.6,13.5
101.66854263133756,3.133114428675161,05/06/2025,"BANGSAR BARU (JLN TERASEK 4-6),BANGSAR BARU (LORONG TERASEK KANAN,JLN TERASEK, JLN TERASEK 1-3)",WILAYAH PERSEKUTUAN,2,79.95833333333333,27.5,13.5
101.63705833121918,3.146233884061642,05/06/2025,HOSTEL PEKERJA KLGCC,WILAYAH PERSEKUTUAN,1,79.45833333333333,27.7,0.8
101.60901534502165,3.080025596316017,06/06/2025,"E11. SRI PJS 10 APT KAYANGAN,E11. SRI PJS 8  FLAT PKNS,E11. SRI PJS 8 APT DAMAI,E11. SRI PJS 8 MENTARI COURT",SELANGOR,4,87.5,26.7,11.0
101.6817192851832,3.086411048145038,06/06/2025,"MEADOW PARK 2,PALACE COURT CONDOMINIUM,TAMAN GEMBIRA C(SBHG JLNSELESA,JLNSUKACITA&2-4,SBG JLNSELESA 1,JLN SELESA 2-10)",WILAYAH PERSEKUTUAN,3,87.875,26.4,10.0
101.6163079084036,3.089414468463854,06/06/2025,"E9. KT SS 9A 1 (JLN 9A/3,5,6,7,8,9,10,11,12,17,20 )",SELANGOR,1,87.5,26.6,11.0
101.67342536321874,3.093022736633926,06/06/2025,"MILLERZ SQUARE OLD KLANG ROAD,SCOTT GARDEN",WILAYAH PERSEKUTUAN,2,87.875,26.6,10.0
101.6890077196937,3.099934371432433,06/06/2025,"KEM SG.BESI (JALAN LABUAN) BLOK E1, E2, F1, F2,KEM SG.BESI(JALAN MERDEKA 2),RESIDENSI DESA SATU MAS, TAMAN DESA,RESIDENSI DESA SENTRALMAS",WILAYAH PERSEKUTUAN,4,87.20833333333333,26.6,8.3
101.6638348256485,3.1028188892545456,06/06/2025,"INWOOD RESIDENCES @ PANTAI SENTRAL PARK,KONDO RAKYAT",WILAYAH PERSEKUTUAN,2,87.16666666666667,26.3,8.3
101.67484079411584,3.109514890134148,06/06/2025,"PPR KG LIMAU,RUMAH KONGSI RIVER PARK BANGSAR SOUTH",WILAYAH PERSEKUTUAN,2,87.20833333333333,26.5,8.3
101.65090265219332,3.11789576556667,06/06/2025,LORONG UNIVERSITI,WILAYAH PERSEKUTUAN,1,87.16666666666667,26.4,8.3
101.67088359475342,3.1239438377397275,06/06/2025,BANGSAR HEIGHT KONDO,WILAYAH PERSEKUTUAN,1,87.16666666666667,26.4,8.3
101.68810619550892,3.1296612801065105,06/06/2025,"MARBLE JADE MANSION,PALM COURT CONDOMINIUM (BLOK A,B,C,D)",WILAYAH PERSEKUTUAN,2,87.20833333333333,26.5,8.3
101.66854263133756,3.133114428675161,06/06/2025,"BANGSAR BARU (JLN TERASEK 4-6),BANGSAR BARU (LORONG TERASEK KANAN,JLN TERASEK, JLN TERASEK 1-3)",WILAYAH PERSEKUTUAN,2,87.16666666666667,26.4,8.3
101.63705833121918,3.146233884061642,06/06/2025,HOSTEL PEKERJA KLGCC,WILAYAH PERSEKUTUAN,1,87.125,26.3,5.8
101.60901534502165,3.080025596316017,07/06/2025,"E11. SRI PJS 10 APT KAYANGAN,E11. SRI PJS 8  FLAT PKNS,E11. SRI PJS 8 APT DAMAI,E11. SRI PJS 8 MENTARI COURT",SELANGOR,4,85.91666666666667,27.0,10.6
101.6817192851832,3.086411048145038,07/06/2025,"MEADOW PARK 2,PALACE COURT CONDOMINIUM,TAMAN GEMBIRA C(SBHG JLNSELESA,JLNSUKACITA&2-4,SBG JLNSELESA 1,JLN SELESA 2-10)",WILAYAH PERSEKUTUAN,3,85.66666666666667,26.7,8.8
101.6163079084036,3.089414468463854,07/06/2025,"E9. KT SS 9A 1 (JLN 9A/3,5,6,7,8,9,10,11,12,17,20 )",SELANGOR,1,85.91666666666667,26.9,10.6
101.67342536321874,3.093022736633926,07/06/2025,"MILLERZ SQUARE OLD KLANG ROAD,SCOTT GARDEN",WILAYAH PERSEKUTUAN,2,85.70833333333333,26.9,8.8
101.6890077196937,3.099934371432433,07/06/2025,"KEM SG.BESI (JALAN LABUAN) BLOK E1, E2, F1, F2,KEM SG.BESI(JALAN MERDEKA 2),RESIDENSI DESA SATU MAS, TAMAN DESA,RESIDENSI DESA SENTRALMAS",WILAYAH PERSEKUTUAN,4,87.16666666666667,26.6,17.9
101.6638348256485,3.1028188892545456,07/06/2025,"INWOOD RESIDENCES @ PANTAI SENTRAL PARK,KONDO RAKYAT",WILAYAH PERSEKUTUAN,2,87.16666666666667,26.4,17.9
101.67484079411584,3.109514890134148,07/06/2025,"PPR KG LIMAU,RUMAH KONGSI RIVER PARK BANGSAR SOUTH",WILAYAH PERSEKUTUAN,2,87.16666666666667,26.6,17.9
101.65090265219332,3.11789576556667,07/06/2025,LORONG UNIVERSITI,WILAYAH PERSEKUTUAN,1,87.16666666666667,26.5,17.9
101.67088359475342,3.1239438377397275,07/06/2025,BANGSAR HEIGHT KONDO,WILAYAH PERSEKUTUAN,1,87.16666666666667,26.5,17.9
101.68810619550892,3.1296612801065105,07/06/2025,"MARBLE JADE MANSION,PALM COURT CONDOMINIUM (BLOK A,B,C,D)",WILAYAH PERSEKUTUAN,2,87.16666666666667,26.6,17.9
101.66854263133756,3.133114428675161,07/06/2025,"BANGSAR BARU (JLN TERASEK 4-6),BANGSAR BARU (LORONG TERASEK KANAN,JLN TERASEK, JLN TERASEK 1-3)",WILAYAH PERSEKUTUAN,2,87.16666666666667,26.5,17.9
101.63705833121918,3.146233884061642,07/06/2025,HOSTEL PEKERJA KLGCC,WILAYAH PERSEKUTUAN,1,86.41666666666667,26.5,11.7
101.60901534502165,3.080025596316017,08/06/2025,"E11. SRI PJS 10 APT KAYANGAN,E11. SRI PJS 8  FLAT PKNS,E11. SRI PJS 8 APT DAMAI,E11. SRI PJS 8 MENTARI COURT",SELANGOR,4,80.29166666666667,27.7,0.6
101.6817192851832,3.086411048145038,08/06/2025,"MEADOW PARK 2,PALACE COURT CONDOMINIUM,TAMAN GEMBIRA C(SBHG JLNSELESA,JLNSUKACITA&2-4,SBG JLNSELESA 1,JLN SELESA 2-10)",WILAYAH PERSEKUTUAN,3,81.04166666666667,27.5,0.3
101.6163079084036,3.089414468463854,08/06/2025,"E9. KT SS 9A 1 (JLN 9A/3,5,6,7,8,9,10,11,12,17,20 )",SELANGOR,1,80.20833333333333,27.6,0.6
101.67342536321874,3.093022736633926,08/06/2025,"MILLERZ SQUARE OLD KLANG ROAD,SCOTT GARDEN",WILAYAH PERSEKUTUAN,2,81.04166666666667,27.6,0.3
101.6890077196937,3.099934371432433,08/06/2025,"KEM SG.BESI (JALAN LABUAN) BLOK E1, E2, F1, F2,KEM SG.BESI(JALAN MERDEKA 2),RESIDENSI DESA SATU MAS, TAMAN DESA,RESIDENSI DESA SENTRALMAS",WILAYAH PERSEKUTUAN,4,80.125,27.5,1.1
101.6638348256485,3.1028188892545456,08/06/2025,"INWOOD RESIDENCES @ PANTAI SENTRAL PARK,KONDO RAKYAT",WILAYAH PERSEKUTUAN,2,80.08333333333333,27.3,1.1
101.67484079411584,3.109514890134148,08/06/2025,"PPR KG LIMAU,RUMAH KONGSI RIVER PARK BANGSAR SOUTH",WILAYAH PERSEKUTUAN,2,80.08333333333333,27.5,1.1
101.65090265219332,3.11789576556667,08/06/2025,LORONG UNIVERSITI,WILAYAH PERSEKUTUAN,1,80.08333333333333,27.3,1.1
101.67088359475342,3.1239438377397275,08/06/2025,BANGSAR HEIGHT KONDO,WILAYAH PERSEKUTUAN,1,80.08333333333333,27.3,1.1
101.68810619550892,3.1296612801065105,08/06/2025,"MARBLE JADE MANSION,PALM COURT CONDOMINIUM (BLOK A,B,C,D)",WILAYAH PERSEKUTUAN,2,80.08333333333333,27.5,1.1
101.66854263133756,3.133114428675161,08/06/2025,"BANGSAR BARU (JLN TERASEK 4-6),BANGSAR BARU (LORONG TERASEK KANAN,JLN TERASEK, JLN TERASEK 1-3)",WILAYAH PERSEKUTUAN,2,80.08333333333333,27.3,1.1
101.63705833121918,3.146233884061642,08/06/2025,HOSTEL PEKERJA KLGCC,WILAYAH PERSEKUTUAN,1,78.70833333333333,27.2,1.1
101.60901534502165,3.080025596316017,09/06/2025,"E11. SRI PJS 10 APT KAYANGAN,E11. SRI PJS 8  FLAT PKNS,E11. SRI PJS 8 APT DAMAI,E11. SRI PJS 8 MENTARI COURT",SELANGOR,4,73.79166666666667,28.6,0.0
101.6817192851832,3.086411048145038,09/06/2025,"MEADOW PARK 2,PALACE COURT CONDOMINIUM,TAMAN GEMBIRA C(SBHG JLNSELESA,JLNSUKACITA&2-4,SBG JLNSELESA 1,JLN SELESA 2-10)",WILAYAH PERSEKUTUAN,3,74.75,28.2,0.0
101.6163079084036,3.089414468463854,09/06/2025,"E9. KT SS 9A 1 (JLN 9A/3,5,6,7,8,9,10,11,12,17,20 )",SELANGOR,1,73.75,28.5,0.0
101.67342536321874,3.093022736633926,09/06/2025,"MILLERZ SQUARE OLD KLANG ROAD,SCOTT GARDEN",WILAYAH PERSEKUTUAN,2,74.75,28.4,0.0
101.6890077196937,3.099934371432433,09/06/2025,"KEM SG.BESI (JALAN LABUAN) BLOK E1, E2, F1, F2,KEM SG.BESI(JALAN MERDEKA 2),RESIDENSI DESA SATU MAS, TAMAN DESA,RESIDENSI DESA SENTRALMAS",WILAYAH PERSEKUTUAN,4,75.04166666666667,28.1,0.0
101.6638348256485,3.1028188892545456,09/06/2025,"INWOOD RESIDENCES @ PANTAI SENTRAL PARK,KONDO RAKYAT",WILAYAH PERSEKUTUAN,2,75.0,27.9,0.0
101.67484079411584,3.109514890134148,09/06/2025,"PPR KG LIMAU,RUMAH KONGSI RIVER PARK BANGSAR SOUTH",WILAYAH PERSEKUTUAN,2,75.04166666666667,28.1,0.0
101.65090265219332,3.11789576556667,09/06/2025,LORONG UNIVERSITI,WILAYAH PERSEKUTUAN,1,75.0,28.0,0.0
101.67088359475342,3.1239438377397275,09/06/2025,BANGSAR HEIGHT KONDO,WILAYAH PERSEKUTUAN,1,75.0,27.9,0.0
101.68810619550892,3.1296612801065105,09/06/2025,"MARBLE JADE MANSION,PALM COURT CONDOMINIUM (BLOK A,B,C,D)",WILAYAH PERSEKUTUAN,2,75.04166666666667,28.1,0.0
101.66854263133756,3.133114428675161,09/06/2025,"BANGSAR BARU (JLN TERASEK 4-6),BANGSAR BARU (LORONG TERASEK KANAN,JLN TERASEK, JLN TERASEK 1-3)",WILAYAH PERSEKUTUAN,2,75.0,28.0,0.0
101.63705833121918,3.146233884061642,09/06/2025,HOSTEL PEKERJA KLGCC,WILAYAH PERSEKUTUAN,1,73.625,28.0,0.0
101.60901534502165,3.080025596316017,10/06/2025,"E11. SRI PJS 10 APT KAYANGAN,E11. SRI PJS 8  FLAT PKNS,E11. SRI PJS 8 APT DAMAI,E11. SRI PJS 8 MENTARI COURT",SELANGOR,4,83.70833333333333,26.9,14.9
101.6817192851832,3.086411048145038,10/06/2025,"MEADOW PARK 2,PALACE COURT CONDOMINIUM,TAMAN GEMBIRA C(SBHG JLNSELESA,JLNSUKACITA&2-4,SBG JLNSELESA 1,JLN SELESA 2-10)",WILAYAH PERSEKUTUAN,3,84.0,26.7,16.1
101.6163079084036,3.089414468463854,10/06/2025,"E9. KT SS 9A 1 (JLN 9A/3,5,6,7,8,9,10,11,12,17,20 )",SELANGOR,1,83.70833333333333,26.8,14.9
101.67342536321874,3.093022736633926,10/06/2025,"MILLERZ SQUARE OLD KLANG ROAD,SCOTT GARDEN",WILAYAH PERSEKUTUAN,2,84.04166666666667,26.8,16.1
101.6890077196937,3.099934371432433,10/06/2025,"KEM SG.BESI (JALAN LABUAN) BLOK E1, E2, F1, F2,KEM SG.BESI(JALAN MERDEKA 2),RESIDENSI DESA SATU MAS, TAMAN DESA,RESIDENSI DESA SENTRALMAS",WILAYAH PERSEKUTUAN,4,84.83333333333333,26.6,22.4
101.6638348256485,3.1028188892545456,10/06/2025,"INWOOD RESIDENCES @ PANTAI SENTRAL PARK,KONDO RAKYAT",WILAYAH PERSEKUTUAN,2,84.79166666666667,26.4,22.4
101.67484079411584,3.109514890134148,10/06/2025,"PPR KG LIMAU,RUMAH KONGSI RIVER PARK BANGSAR SOUTH",WILAYAH PERSEKUTUAN,2,84.83333333333333,26.6,22.4
101.65090265219332,3.11789576556667,10/06/2025,LORONG UNIVERSITI,WILAYAH PERSEKUTUAN,1,84.83333333333333,26.5,22.4
101.67088359475342,3.1239438377397275,10/06/2025,BANGSAR HEIGHT KONDO,WILAYAH PERSEKUTUAN,1,84.83333333333333,26.4,22.4
101.68810619550892,3.1296612801065105,10/06/2025,"MARBLE JADE MANSION,PALM COURT CONDOMINIUM (BLOK A,B,C,D)",WILAYAH PERSEKUTUAN,2,84.83333333333333,26.6,22.4
101.66854263133756,3.133114428675161,10/06/2025,"BANGSAR BARU (JLN TERASEK 4-6),BANGSAR BARU (LORONG TERASEK KANAN,JLN TERASEK, JLN TERASEK 1-3)",WILAYAH PERSEKUTUAN,2,84.83333333333333,26.5,22.4
101.63705833121918,3.146233884061642,10/06/2025,HOSTEL PEKERJA KLGCC,WILAYAH PERSEKUTUAN,1,84.25,26.4,18.8
101.60901534502165,3.080025596316017,11/06/2025,"E11. SRI PJS 10 APT KAYANGAN,E11. SRI PJS 8  FLAT PKNS,E11. SRI PJS 8 APT DAMAI,E11. SRI PJS 8 MENTARI COURT",SELANGOR,4,73.16666666666667,28.0,0.0
101.6817192851832,3.086411048145038,11/06/2025,"MEADOW PARK 2,PALACE COURT CONDOMINIUM,TAMAN GEMBIRA C(SBHG JLNSELESA,JLNSUKACITA&2-4,SBG JLNSELESA 1,JLN SELESA 2-10)",WILAYAH PERSEKUTUAN,3,73.33333333333333,27.7,0.0
101.6163079084036,3.089414468463854,11/06/2025,"E9. KT SS 9A 1 (JLN 9A/3,5,6,7,8,9,10,11,12,17,20 )",SELANGOR,1,73.16666666666667,27.9,0.0
101.67342536321874,3.093022736633926,11/06/2025,"MILLERZ SQUARE OLD KLANG ROAD,SCOTT GARDEN",WILAYAH PERSEKUTUAN,2,73.33333333333333,27.8,0.0
101.6890077196937,3.099934371432433,11/06/2025,"KEM SG.BESI (JALAN LABUAN) BLOK E1, E2, F1, F2,KEM SG.BESI(JALAN MERDEKA 2),RESIDENSI DESA SATU MAS, TAMAN DESA,RESIDENSI DESA SENTRALMAS",WILAYAH PERSEKUTUAN,4,72.70833333333333,27.6,0.0
101.6638348256485,3.1028188892545456,11/06/2025,"INWOOD RESIDENCES @ PANTAI SENTRAL PARK,KONDO RAKYAT",WILAYAH PERSEKUTUAN,2,72.54166666666667,27.4,0.0
101.67484079411584,3.109514890134148,11/06/2025,"PPR KG LIMAU,RUMAH KONGSI RIVER PARK BANGSAR SOUTH",WILAYAH PERSEKUTUAN,2,72.70833333333333,27.6,0.0
101.65090265219332,3.11789576556667,11/06/2025,LORONG UNIVERSITI,WILAYAH PERSEKUTUAN,1,72.58333333333333,27.4,0.0
101.67088359475342,3.1239438377397275,11/06/2025,BANGSAR HEIGHT KONDO,WILAYAH PERSEKUTUAN,1,72.58333333333333,27.4,0.0
101.68810619550892,3.1296612801065105,11/06/2025,"MARBLE JADE MANSION,PALM COURT CONDOMINIUM (BLOK A,B,C,D)",WILAYAH PERSEKUTUAN,2,72.70833333333333,27.6,0.0
101.66854263133756,3.133114428675161,11/06/2025,"BANGSAR BARU (JLN TERASEK 4-6),BANGSAR BARU (LORONG TERASEK KANAN,JLN TERASEK, JLN TERASEK 1-3)",WILAYAH PERSEKUTUAN,2,72.58333333333333,27.4,0.0
101.63705833121918,3.146233884061642,11/06/2025,HOSTEL PEKERJA KLGCC,WILAYAH PERSEKUTUAN,1,72.41666666666667,27.5,0.0
101.62868571320308,3.077958250172412,12/06/2025,"TAMAN BINTANG,TAMAN MEI LOK",SABAH,2,72.54166666666667,28.5,0.0
101.62868571320308,3.077958250172412,12/06/2025,"E11. SRI PJS 5 FLAT DESA RIA (G,J,K,L,M,N,O,P),E12. TM PJS 2C APT MEDAN CAHAYA 1 (BLOK A , B , C),E12. TM PJS4 TMN INDAH JAYA(TERES 1)[JLN PJS 4/8,10,12,16,18,20,22A,25,27,27A,B]",SELANGOR,3,72.54166666666667,28.5,0.0
101.61280854668732,3.0799386645408435,12/06/2025,"TAMAN VILA MUTIARA,TAMAN VILLA MUTIARA",SABAH,2,72.54166666666667,28.5,0.0
101.61280854668732,3.0799386645408435,12/06/2025,"E11. SRI PJS 10 APT KAYANGAN,E11. SRI PJS 6 FLAT DESA MENTARI 1 (BLOK 1 , 2 , 3),E11. SRI PJS 6 FLAT DESA MENTARI 2 (BLOK 4 , 5 , 6),E11. SRI PJS 8  FLAT PKNS,E11. SRI PJS 8 APT DAMAI,E11. SRI PJS 8 MENTARI COURT",SELANGOR,6,72.54166666666667,28.5,0.0
101.62175100687324,3.0890614340211235,12/06/2025,MUHIBBAH,SABAH,1,72.54166666666667,28.4,0.0
101.62175100687324,3.0890614340211235,12/06/2025,E9. KT SS 9A FLAT IMPIAN SERI SETIA,SELANGOR,1,72.54166666666667,28.4,0.0
101.6817704195804,3.086763795133334,12/06/2025,"FLAT TAMAN KUCHAI JAYA (BLOK A,B,C,D),MEADOW PARK 2,PALACE COURT CONDOMINIUM,RESIDENSI GEMBIRA 737,TAMAN GEMBIRA B (SBHG JLN SELESA 1,9-12,JLN RIANG 11-15,SBHG JLN SELESA),TAMAN GEMBIRA C(SBHG JLNSELESA,JLNSUKACITA&2-4,SBG JLNSELESA 1,JLN SELESA 2-10),TAMAN KUCHAI JAYA A (RUMAH PANGSA KUCHAI JAYA BLOK A,B,C,D)",WILAYAH PERSEKUTUAN,7,73.66666666666667,28.3,0.0
101.67342536321874,3.093022736633926,12/06/2025,"MILLERZ SQUARE OLD KLANG ROAD,SCOTT GARDEN",WILAYAH PERSEKUTUAN,2,73.66666666666667,28.5,0.0
101.63322561588028,3.0962125610211286,12/06/2025,E12. TM SEK 51A [PUSAT KOMERSIAL],SELANGOR,1,74.16666666666667,28.4,0.0
101.69052283341026,3.098084392602568,12/06/2025,"RESIDENSI DESA SATU MAS, TAMAN DESA,RESIDENSI DESA SENTRALMAS",WILAYAH PERSEKUTUAN,2,74.5,28.3,0.0
101.61048372106468,3.100167607228859,12/06/2025,"E9. KT SS 3(TERES 2)[JLN SS 3/39,80,82,84,86,88,90,92,94,96,98],E9. KT SS 3(TERES 5)[JLN SS 3/29,33,35,37,64,64A,66,68,70,72,74,76,78]",SELANGOR,2,74.16666666666667,28.2,0.0
101.66437828185032,3.10324286331973,12/06/2025,KONDO RAKYAT,WILAYAH PERSEKUTUAN,1,74.5,28.1,0.0
101.6757524463246,3.10925195471728,12/06/2025,"PPR KG LIMAU,RESIDENSI TRIA SEPUTEH,RUMAH KONGSI MRCB (SEPUTEH),RUMAH KONGSI RIVER PARK BANGSAR SOUTH",WILAYAH PERSEKUTUAN,4,74.58333333333333,28.4,0.0
101.64822594042748,3.115381670958016,12/06/2025,"E10. BG SEK 11 UNIVERSITY TOWER,E10. BG SEK 12 (TERES 4) [JLN 12/14,12/14A-4D,12/16,12/16A,12/16B,12/16C]",SELANGOR,2,74.16666666666667,28.3,0.0
101.64822594042748,3.115381670958016,12/06/2025,LORONG UNIVERSITI,WILAYAH PERSEKUTUAN,1,74.16666666666667,28.3,0.0
101.67082273385331,3.1241083363333324,12/06/2025,BANGSAR HEIGHT KONDO,WILAYAH PERSEKUTUAN,1,74.5,28.1,0.0
101.62817565095972,3.12883537795973,12/06/2025,E9. KT SS 2 (KEN DAMANSARA KONDO 2),SELANGOR,1,74.16666666666667,28.3,0.0
101.68805354492072,3.1297876592317047,12/06/2025,"MARBLE JADE MANSION,PALM COURT CONDOMINIUM (BLOK A,B,C,D)",WILAYAH PERSEKUTUAN,2,74.5,28.3,0.0
101.61976736392252,3.13148825796479,12/06/2025,"E8. BU SS 22 (1) [JLN SS 22/1-22/4, 22/6-22/11, 22/24 , 22/26 , 22/30 , 22/30A]",SELANGOR,1,74.16666666666667,28.2,0.0
101.6083101256506,3.1316630092650586,12/06/2025,"E8. BU PJU 6 BOULEVARD RESIDENCE CONDOMINIUM,E8. BU PJU 6A KG SG KAYU ARA 3 [JLN KENANGA, ANGGERIK, CEMPAKA]",SELANGOR,2,74.16666666666667,28.2,0.0
101.60900228893664,3.144051486964784,12/06/2025,E8. BU PJU 6 BU 7 (TERES 1) [JLN 7/1 - 7/10],SELANGOR,1,74.16666666666667,28.2,0.0
101.63705833121918,3.146233884061642,12/06/2025,HOSTEL PEKERJA KLGCC,WILAYAH PERSEKUTUAN,1,74.16666666666667,28.0,0.0
101.69554487575331,3.166015211076667,12/06/2025,"JALAN CHEMOR (TITIWANGSA CNTRL CONDO),JALAN CHOW KIT (LORONG CHOW KIT),JALAN MERPATI,JALAN RAJA LAUT (KAWASAN A),JALAN TIONG NAM",WILAYAH PERSEKUTUAN,5,70.0,28.6,0.0
101.62868571320308,3.077958250172412,13/06/2025,"E11. SRI PJS 5 FLAT DESA RIA (G,J,K,L,M,N,O,P),E12. TM PJS 2C APT MEDAN CAHAYA 1 (BLOK A , B , C),E12. TM PJS4 TMN INDAH JAYA(TERES 1)[JLN PJS 4/8,10,12,16,18,20,22A,25,27,27A,B]",SELANGOR,3,72.66666666666667,29.0,0.0
101.61320000286416,3.0798076005231185,13/06/2025,"E11. SRI PJS 10 APT KAYANGAN,E11. SRI PJS 6 FLAT DESA MENTARI 1 (BLOK 1 , 2 , 3),E11. SRI PJS 6 FLAT DESA MENTARI 2 (BLOK 4 , 5 , 6),E11. SRI PJS 8  FLAT PKNS,E11. SRI PJS 8 MENTARI COURT",SELANGOR,5,72.66666666666667,29.0,0.0
101.62175100687324,3.0890614340211235,13/06/2025,E9. KT SS 9A FLAT IMPIAN SERI SETIA,SELANGOR,1,72.625,28.8,0.0
101.68301073670612,3.087079335395919,13/06/2025,"FLAT TAMAN KUCHAI JAYA (BLOK A,B,C,D),PALACE COURT CONDOMINIUM,RESIDENSI GEMBIRA 737,TAMAN GEMBIRA B (SBHG JLN SELESA 1,9-12,JLN RIANG 11-15,SBHG JLN SELESA),TAMAN GEMBIRA C(SBHG JLNSELESA,JLNSUKACITA&2-4,SBG JLNSELESA 1,JLN SELESA 2-10),TAMAN KUCHAI JAYA A (RUMAH PANGSA KUCHAI JAYA BLOK A,B,C,D)",WILAYAH PERSEKUTUAN,6,73.33333333333333,28.7,0.0
101.66607015988028,3.0920190160211263,13/06/2025,RESIDENSI SURIA PANTAI,WILAYAH PERSEKUTUAN,1,73.33333333333333,28.7,0.0
101.63322561588028,3.0962125610211286,13/06/2025,E12. TM SEK 51A [PUSAT KOMERSIAL],SELANGOR,1,74.16666666666667,28.7,0.1
101.69052283341026,3.098084392602568,13/06/2025,"RESIDENSI DESA SATU MAS, TAMAN DESA,RESIDENSI DESA SENTRALMAS",WILAYAH PERSEKUTUAN,2,74.58333333333333,28.5,0.0
101.67673548857746,3.100366631718306,13/06/2025,AVANTAS RESIDENCE,WILAYAH PERSEKUTUAN,1,74.58333333333333,28.5,0.0
101.66419053124837,3.1033995705228765,13/06/2025,KONDO RAKYAT,WILAYAH PERSEKUTUAN,1,74.58333333333333,28.3,0.0
101.68796652189435,3.1089388680915486,13/06/2025,IRIS APPARTMENT,WILAYAH PERSEKUTUAN,1,74.54166666666667,28.2,0.0
101.6757524463246,3.10925195471728,13/06/2025,"PPR KG LIMAU,RESIDENSI TRIA SEPUTEH,RUMAH KONGSI MRCB (SEPUTEH),RUMAH KONGSI RIVER PARK BANGSAR SOUTH",WILAYAH PERSEKUTUAN,4,74.58333333333333,28.6,0.0
101.6319591369014,3.116377766021128,13/06/2025,E10. BG SEK 13,SELANGOR,1,74.16666666666667,28.6,0.1
101.64817362192046,3.115345485484851,13/06/2025,"E10. BG SEK 11 UNIVERSITY TOWER,E10. BG SEK 12 (TERES 4) [JLN 12/14,12/14A-4D,12/16,12/16A,12/16B,12/16C]",SELANGOR,2,74.16666666666667,28.6,0.1
101.64817362192046,3.115345485484851,13/06/2025,LORONG UNIVERSITI,WILAYAH PERSEKUTUAN,1,74.16666666666667,28.6,0.1
101.67084892489044,3.124181020972601,13/06/2025,BANGSAR HEIGHT KONDO,WILAYAH PERSEKUTUAN,1,74.58333333333333,28.4,0.0
101.62817565095972,3.12883537795973,13/06/2025,E9. KT SS 2 (KEN DAMANSARA KONDO 2),SELANGOR,1,74.16666666666667,28.6,0.1
101.68805354492072,3.1297876592317047,13/06/2025,"MARBLE JADE MANSION,PALM COURT CONDOMINIUM (BLOK A,B,C,D)",WILAYAH PERSEKUTUAN,2,74.58333333333333,28.5,0.0
101.61976736392252,3.13148825796479,13/06/2025,"E8. BU SS 22 (1) [JLN SS 22/1-22/4, 22/6-22/11, 22/24 , 22/26 , 22/30 , 22/30A]",SELANGOR,1,74.16666666666667,28.6,0.1
101.6083101256506,3.1316630092650586,13/06/2025,"E8. BU PJU 6 BOULEVARD RESIDENCE CONDOMINIUM,E8. BU PJU 6A KG SG KAYU ARA 3 [JLN KENANGA, ANGGERIK, CEMPAKA]",SELANGOR,2,74.16666666666667,28.6,0.1
101.60900228893664,3.144051486964784,13/06/2025,E8. BU PJU 6 BU 7 (TERES 1) [JLN 7/1 - 7/10],SELANGOR,1,74.16666666666667,28.5,0.1
101.63705833121918,3.146233884061642,13/06/2025,HOSTEL PEKERJA KLGCC,WILAYAH PERSEKUTUAN,1,74.08333333333333,28.3,0.1
101.69539077442526,3.166076777255814,13/06/2025,"JALAN CHEMOR (TITIWANGSA CNTRL CONDO),JALAN CHOW KIT (LORONG CHOW KIT),JALAN MERPATI,JALAN RAJA LAUT (KAWASAN A),JALAN TIONG NAM,PUTRA COURT KONDOMINIUM",WILAYAH PERSEKUTUAN,6,72.33333333333333,28.7,0.2
101.62868571320308,3.077958250172412,14/06/2025,"E11. SRI PJS 5 FLAT DESA RIA (G,J,K,L,M,N,O,P),E12. TM PJS 2C APT MEDAN CAHAYA 1 (BLOK A , B , C),E12. TM PJS4 TMN INDAH JAYA(TERES 1)[JLN PJS 4/8,10,12,16,18,20,22A,25,27,27A,B]",SELANGOR,3,71.25,29.2,0.3
101.61176202363852,3.079559931087834,14/06/2025,"E11. SRI PJS 10 APT KAYANGAN,E11. SRI PJS 6 FLAT DESA MENTARI 1 (BLOK 1 , 2 , 3),E11. SRI PJS 6 FLAT DESA MENTARI 2 (BLOK 4 , 5 , 6),E11. SRI PJS 8  FLAT PKNS,E11. SRI PJS 8 APT MAKMUR,E11. SRI PJS 8 MENTARI COURT",SELANGOR,6,71.25,29.2,0.3
101.62175100687324,3.0890614340211235,14/06/2025,E9. KT SS 9A FLAT IMPIAN SERI SETIA,SELANGOR,1,71.25,29.1,0.3
101.68386726403146,3.085743697828672,14/06/2025,"FLAT TAMAN KUCHAI JAYA (BLOK A,B,C,D),GEMBIRA RESIDENCE KONDO,PALACE COURT CONDOMINIUM,RESIDENSI GEMBIRA 737,TAMAN GEMBIRA B (SBHG JLN SELESA 1,9-12,JLN RIANG 11-15,SBHG JLN SELESA),TAMAN GEMBIRA C(SBHG JLNSELESA,JLNSUKACITA&2-4,SBG JLNSELESA 1,JLN SELESA 2-10),TAMAN KUCHAI JAYA A (RUMAH PANGSA KUCHAI JAYA BLOK A,B,C,D)",WILAYAH PERSEKUTUAN,7,71.54166666666667,29.0,1.0
101.61207693488733,3.098788435007044,14/06/2025,"E9. KT SS 3(TERES 5)[JLN SS 3/29,33,35,37,64,64A,66,68,70,72,74,76,78]",SELANGOR,1,71.95833333333333,29.0,0.3
101.67673548857746,3.100366631718306,14/06/2025,AVANTAS RESIDENCE,WILAYAH PERSEKUTUAN,1,73.875,28.8,0.2
101.66419053124837,3.1033995705228765,14/06/2025,KONDO RAKYAT,WILAYAH PERSEKUTUAN,1,73.75,28.6,0.2
101.68796652189435,3.1089388680915486,14/06/2025,IRIS APPARTMENT,WILAYAH PERSEKUTUAN,1,73.75,28.5,0.2
101.6757463395596,3.109208880590676,14/06/2025,"PPR KG LIMAU,RESIDENSI TRIA SEPUTEH,RUMAH KONGSI MRCB (SEPUTEH),RUMAH KONGSI RIVER PARK BANGSAR SOUTH",WILAYAH PERSEKUTUAN,4,73.875,28.9,0.2
101.61456411690143,3.114927466035212,14/06/2025,"E9. KT SS 2 (1) [JLN SS 2/1-2/4, 2/4A,4B, 2/5-2/23, 2/25, 2/25A]",SELANGOR,1,71.95833333333333,28.9,0.3
101.64881833596274,3.1174173397898963,14/06/2025,"E10. BG SEK 11 UNIVERSITY TOWER,E10. BG SEK 12 (TERES 4) [JLN 12/14,12/14A-4D,12/16,12/16A,12/16B,12/16C]",SELANGOR,2,71.95833333333333,28.9,0.3
101.64881833596274,3.1174173397898963,14/06/2025,"LORONG UNIVERSITI,UM (KOLEJ KEDIAMAN 3)",WILAYAH PERSEKUTUAN,2,71.95833333333333,28.9,0.3
101.6715851123158,3.1255607180263163,14/06/2025,"BANGSAR HEIGHT KONDO,LUCKY GARDEN (JALAN TEMPINIS 4-5)",WILAYAH PERSEKUTUAN,2,73.875,28.7,0.2
101.62817565095972,3.12883537795973,14/06/2025,E9. KT SS 2 (KEN DAMANSARA KONDO 2),SELANGOR,1,71.95833333333333,29.0,0.3
101.6083101256506,3.1316630092650586,14/06/2025,"E8. BU PJU 6 BOULEVARD RESIDENCE CONDOMINIUM,E8. BU PJU 6A KG SG KAYU ARA 3 [JLN KENANGA, ANGGERIK, CEMPAKA]",SELANGOR,2,71.95833333333333,28.9,0.3
101.61291616792958,3.1406351870070472,14/06/2025,E8. BU PJU 6A PELANGI UTAMA KONDO,SELANGOR,1,71.95833333333333,28.9,0.3
101.63705833121918,3.146233884061642,14/06/2025,HOSTEL PEKERJA KLGCC,WILAYAH PERSEKUTUAN,1,71.95833333333333,28.7,0.3
101.69635329336776,3.152303843032258,14/06/2025,"MALAYAN MANSION,PERUMAHAN BANDAR DBKL (JALAN TUNKU ABDUL RAHMAN)",WILAYAH PERSEKUTUAN,2,73.875,28.8,0.2
101.64610403394366,3.153925353964788,14/06/2025,SRI HARTAMAS (JALAN SRI HARTAMAS 2 (164-192) & (165-221),WILAYAH PERSEKUTUAN,1,71.95833333333333,28.7,0.3
101.69646454205,3.167442261046151,14/06/2025,"JALAN CHOW KIT (LORONG CHOW KIT),JALAN RAJA LAUT (KAWASAN A),JALAN TIONG NAM,PUTRA COURT KONDOMINIUM,VISTANA RESIDENCE",WILAYAH PERSEKUTUAN,5,71.375,29.0,0.1
101.62749162735294,3.078537992128026,15/06/2025,"E11. SRI PJS 5 FLAT DESA RIA (G,J,K,L,M,N,O,P),E11. SRI PJS 5 TMN DESA RIA (VILLARIA CONDO),E12. TM PJS 2C APT MEDAN CAHAYA 1 (BLOK A , B , C),E12. TM PJS4 TMN INDAH JAYA(TERES 1)[JLN PJS 4/8,10,12,16,18,20,22A,25,27,27A,B]",SELANGOR,4,74.83333333333333,29.1,4.6
101.6117612498495,3.079535310551836,15/06/2025,"E11. SRI PJS 10 APT KAYANGAN,E11. SRI PJS 6 FLAT DESA MENTARI 1 (BLOK 1 , 2 , 3),E11. SRI PJS 6 FLAT DESA MENTARI 2 (BLOK 4 , 5 , 6),E11. SRI PJS 8  FLAT PKNS,E11. SRI PJS 8 MENTARI COURT",SELANGOR,5,74.83333333333333,29.1,4.6
101.68301073670612,3.087079335395919,15/06/2025,"FLAT TAMAN KUCHAI JAYA (BLOK A,B,C,D),PALACE COURT CONDOMINIUM,RESIDENSI GEMBIRA 737,TAMAN GEMBIRA B (SBHG JLN SELESA 1,9-12,JLN RIANG 11-15,SBHG JLN SELESA),TAMAN GEMBIRA C(SBHG JLNSELESA,JLNSUKACITA&2-4,SBG JLNSELESA 1,JLN SELESA 2-10),TAMAN KUCHAI JAYA A (RUMAH PANGSA KUCHAI JAYA BLOK A,B,C,D)",WILAYAH PERSEKUTUAN,6,74.20833333333333,28.9,1.3
101.67673548857746,3.100366631718306,15/06/2025,AVANTAS RESIDENCE,WILAYAH PERSEKUTUAN,1,74.70833333333333,28.9,1.1
101.66419053124837,3.1033995705228765,15/06/2025,KONDO RAKYAT,WILAYAH PERSEKUTUAN,1,74.625,28.6,1.1
101.6757463395596,3.109208880590676,15/06/2025,"PPR KG LIMAU,RESIDENSI TRIA SEPUTEH,RUMAH KONGSI MRCB (SEPUTEH),RUMAH KONGSI RIVER PARK BANGSAR SOUTH",WILAYAH PERSEKUTUAN,4,74.70833333333333,28.9,1.1
101.64503910468493,3.113037959061648,15/06/2025,"E10. BG SEK 12 (TERES 4) [JLN 12/14,12/14A-4D,12/16,12/16A,12/16B,12/16C]",SELANGOR,1,73.16666666666667,29.1,4.3
101.65090265219332,3.11789576556667,15/06/2025,LORONG UNIVERSITI,WILAYAH PERSEKUTUAN,1,74.625,28.6,1.1
101.67084892489044,3.124181020972601,15/06/2025,BANGSAR HEIGHT KONDO,WILAYAH PERSEKUTUAN,1,74.66666666666667,28.7,1.1
101.62817565095972,3.12883537795973,15/06/2025,E9. KT SS 2 (KEN DAMANSARA KONDO 2),SELANGOR,1,73.125,29.0,4.3
101.6083101256506,3.1316630092650586,15/06/2025,"E8. BU PJU 6 BOULEVARD RESIDENCE CONDOMINIUM,E8. BU PJU 6A KG SG KAYU ARA 3 [JLN KENANGA, ANGGERIK, CEMPAKA]",SELANGOR,2,73.125,29.0,4.3
101.69635329336776,3.152303843032258,15/06/2025,"MALAYAN MANSION,PERUMAHAN BANDAR DBKL (JALAN TUNKU ABDUL RAHMAN)",WILAYAH PERSEKUTUAN,2,74.66666666666667,28.8,1.1
101.69572626112164,3.166188822054051,15/06/2025,"JALAN CHOW KIT (LORONG CHOW KIT),JALAN RAJA LAUT (KAWASAN A),JALAN TIONG NAM,PUTRA COURT KONDOMINIUM",WILAYAH PERSEKUTUAN,4,71.33333333333333,29.0,0.5
101.62749162735294,3.078537992128026,16/06/2025,"E11. SRI PJS 5 FLAT DESA RIA (G,J,K,L,M,N,O,P),E11. SRI PJS 5 TMN DESA RIA (VILLARIA CONDO),E12. TM PJS 2C APT MEDAN CAHAYA 1 (BLOK A , B , C),E12. TM PJS4 TMN INDAH JAYA(TERES 1)[JLN PJS 4/8,10,12,16,18,20,22A,25,27,27A,B]",SELANGOR,4,83.25,26.8,24.4
101.6117612498495,3.079535310551836,16/06/2025,"E11. SRI PJS 10 APT KAYANGAN,E11. SRI PJS 6 FLAT DESA MENTARI 1 (BLOK 1 , 2 , 3),E11. SRI PJS 6 FLAT DESA MENTARI 2 (BLOK 4 , 5 , 6),E11. SRI PJS 8  FLAT PKNS,E11. SRI PJS 8 MENTARI COURT",SELANGOR,5,83.25,26.8,24.4
101.68301073670612,3.087079335395919,16/06/2025,"FLAT TAMAN KUCHAI JAYA (BLOK A,B,C,D),PALACE COURT CONDOMINIUM,RESIDENSI GEMBIRA 737,TAMAN GEMBIRA B (SBHG JLN SELESA 1,9-12,JLN RIANG 11-15,SBHG JLN SELESA),TAMAN GEMBIRA C(SBHG JLNSELESA,JLNSUKACITA&2-4,SBG JLNSELESA 1,JLN SELESA 2-10),TAMAN KUCHAI JAYA A (RUMAH PANGSA KUCHAI JAYA BLOK A,B,C,D)",WILAYAH PERSEKUTUAN,6,82.33333333333333,26.7,27.5
101.66419053124837,3.1033995705228765,16/06/2025,KONDO RAKYAT,WILAYAH PERSEKUTUAN,1,82.75,26.5,38.1
101.67643311528523,3.105039216042622,16/06/2025,"AVANTAS RESIDENCE,GEMILANG INDAH KONDO,PPR KG LIMAU,RESIDENSI TRIA SEPUTEH,RUMAH KONGSI MRCB (SEPUTEH)",WILAYAH PERSEKUTUAN,5,82.75,26.8,38.1
101.64503910468493,3.113037959061648,16/06/2025,"E10. BG SEK 12 (TERES 4) [JLN 12/14,12/14A-4D,12/16,12/16A,12/16B,12/16C]",SELANGOR,1,82.58333333333333,26.7,27.9
101.65090265219332,3.11789576556667,16/06/2025,LORONG UNIVERSITI,WILAYAH PERSEKUTUAN,1,82.75,26.5,38.1
101.67084892489044,3.124181020972601,16/06/2025,BANGSAR HEIGHT KONDO,WILAYAH PERSEKUTUAN,1,82.75,26.5,38.1
101.68013933077924,3.1254407687402592,16/06/2025,"KOMPLEKS KEDIAMAN KAKITANGAN AWAM BRICKFIELD,RESIDENSI BRICKFIELDS",WILAYAH PERSEKUTUAN,2,82.75,26.7,38.1
101.62817565095972,3.12883537795973,16/06/2025,E9. KT SS 2 (KEN DAMANSARA KONDO 2),SELANGOR,1,82.58333333333333,26.7,27.9
101.6083101256506,3.1316630092650586,16/06/2025,"E8. BU PJU 6 BOULEVARD RESIDENCE CONDOMINIUM,E8. BU PJU 6A KG SG KAYU ARA 3 [JLN KENANGA, ANGGERIK, CEMPAKA]",SELANGOR,2,82.58333333333333,26.6,27.9
101.69635329336776,3.152303843032258,16/06/2025,"MALAYAN MANSION,PERUMAHAN BANDAR DBKL (JALAN TUNKU ABDUL RAHMAN)",WILAYAH PERSEKUTUAN,2,82.75,26.7,38.1
101.69572626112164,3.166188822054051,16/06/2025,"JALAN CHOW KIT (LORONG CHOW KIT),JALAN RAJA LAUT (KAWASAN A),JALAN TIONG NAM,PUTRA COURT KONDOMINIUM",WILAYAH PERSEKUTUAN,4,83.29166666666667,26.8,17.2
101.68896273009376,3.0787527424500025,17/06/2025,"LE YUAN RESIDENCE,TAMAN BUKIT INTAN (JALAN SELESA RIA,JALAN SELESA RIA 1-4)",WILAYAH PERSEKUTUAN,2,85.25,26.2,13.6
101.61056114495706,3.0819496279325134,17/06/2025,E11. SRI PJS 8 MENTARI COURT,SELANGOR,1,85.83333333333333,26.5,17.0
101.68300444108571,3.087088076763266,17/06/2025,"FLAT TAMAN KUCHAI JAYA (BLOK A,B,C,D),PALACE COURT CONDOMINIUM,RESIDENSI GEMBIRA 737,TAMAN CONTINENTAL A (JLN RUKUN 1-6, JLN 1/128B),TAMAN GEMBIRA B (SBHG JLN SELESA 1,9-12,JLN RIANG 11-15,SBHG JLN SELESA),TAMAN GEMBIRA C(SBHG JLNSELESA,JLNSUKACITA&2-4,SBG JLNSELESA 1,JLN SELESA 2-10),TAMAN KUCHAI JAYA A (RUMAH PANGSA KUCHAI JAYA BLOK A,B,C,D)",WILAYAH PERSEKUTUAN,7,85.25,26.3,13.6
101.66419053124837,3.1033995705228765,17/06/2025,KONDO RAKYAT,WILAYAH PERSEKUTUAN,1,85.54166666666667,26.2,19.3
101.67641711530692,3.104987146844883,17/06/2025,"AVANTAS RESIDENCE,GEMILANG INDAH KONDO,PPR KG LIMAU,RESIDENSI TRIA SEPUTEH",WILAYAH PERSEKUTUAN,4,85.58333333333333,26.4,19.3
101.64503910468493,3.113037959061648,17/06/2025,"E10. BG SEK 12 (TERES 4) [JLN 12/14,12/14A-4D,12/16,12/16A,12/16B,12/16C]",SELANGOR,1,86.04166666666667,26.3,12.4
101.67084892489044,3.124181020972601,17/06/2025,BANGSAR HEIGHT KONDO,WILAYAH PERSEKUTUAN,1,85.54166666666667,26.2,19.3
101.68013933077924,3.1254407687402592,17/06/2025,"KOMPLEKS KEDIAMAN KAKITANGAN AWAM BRICKFIELD,RESIDENSI BRICKFIELDS",WILAYAH PERSEKUTUAN,2,85.58333333333333,26.4,19.3
101.62817565095972,3.12883537795973,17/06/2025,E9. KT SS 2 (KEN DAMANSARA KONDO 2),SELANGOR,1,86.04166666666667,26.3,12.4
101.6083101256506,3.1316630092650586,17/06/2025,"E8. BU PJU 6 BOULEVARD RESIDENCE CONDOMINIUM,E8. BU PJU 6A KG SG KAYU ARA 3 [JLN KENANGA, ANGGERIK, CEMPAKA]",SELANGOR,2,86.04166666666667,26.3,12.4
101.69635329336776,3.152303843032258,17/06/2025,"MALAYAN MANSION,PERUMAHAN BANDAR DBKL (JALAN TUNKU ABDUL RAHMAN)",WILAYAH PERSEKUTUAN,2,85.58333333333333,26.3,19.3
101.68896273009376,3.0787527424500025,18/06/2025,"LE YUAN RESIDENCE,TAMAN BUKIT INTAN (JALAN SELESA RIA,JALAN SELESA RIA 1-4)",WILAYAH PERSEKUTUAN,2,72.95833333333333,27.8,0.2
101.61312345238464,3.0807406923076885,18/06/2025,"E11. SRI PJS 6 FLAT DESA MENTARI 1 (BLOK 1 , 2 , 3),E11. SRI PJS 6 FLAT DESA MENTARI 2 (BLOK 4 , 5 , 6),E11. SRI PJS 8 MENTARI COURT",SELANGOR,3,73.20833333333333,27.9,0.1
101.68300444108571,3.087088076763266,18/06/2025,"FLAT TAMAN KUCHAI JAYA (BLOK A,B,C,D),PALACE COURT CONDOMINIUM,RESIDENSI GEMBIRA 737,TAMAN CONTINENTAL A (JLN RUKUN 1-6, JLN 1/128B),TAMAN GEMBIRA B (SBHG JLN SELESA 1,9-12,JLN RIANG 11-15,SBHG JLN SELESA),TAMAN GEMBIRA C(SBHG JLNSELESA,JLNSUKACITA&2-4,SBG JLNSELESA 1,JLN SELESA 2-10),TAMAN KUCHAI JAYA A (RUMAH PANGSA KUCHAI JAYA BLOK A,B,C,D)",WILAYAH PERSEKUTUAN,7,73.0,27.9,0.2
101.66419053124837,3.1033995705228765,18/06/2025,KONDO RAKYAT,WILAYAH PERSEKUTUAN,1,72.375,27.6,0.2
101.67629172593212,3.104790611646428,18/06/2025,"AVANTAS RESIDENCE,GEMILANG INDAH KONDO,PPR KG LIMAU,VIVO RESIDENTIAL SUITES @ 9 SEPUTEH CONDOMINIUM",WILAYAH PERSEKUTUAN,4,72.54166666666667,27.9,0.2
101.64503910468493,3.113037959061648,18/06/2025,"E10. BG SEK 12 (TERES 4) [JLN 12/14,12/14A-4D,12/16,12/16A,12/16B,12/16C]",SELANGOR,1,72.58333333333333,27.7,0.2
101.67084892489044,3.124181020972601,18/06/2025,BANGSAR HEIGHT KONDO,WILAYAH PERSEKUTUAN,1,72.375,27.7,0.2
101.6803136182849,3.1261310918488374,18/06/2025,"BANGUNAN SRI LAYANG,KOMPLEKS KEDIAMAN KAKITANGAN AWAM BRICKFIELD,RESIDENSI BRICKFIELDS",WILAYAH PERSEKUTUAN,3,72.54166666666667,27.9,0.2
101.62817565095972,3.12883537795973,18/06/2025,E9. KT SS 2 (KEN DAMANSARA KONDO 2),SELANGOR,1,72.58333333333333,27.7,0.2
101.6083101256506,3.1316630092650586,18/06/2025,"E8. BU PJU 6 BOULEVARD RESIDENCE CONDOMINIUM,E8. BU PJU 6A KG SG KAYU ARA 3 [JLN KENANGA, ANGGERIK, CEMPAKA]",SELANGOR,2,72.58333333333333,27.7,0.2
101.69635329336776,3.152303843032258,18/06/2025,"MALAYAN MANSION,PERUMAHAN BANDAR DBKL (JALAN TUNKU ABDUL RAHMAN)",WILAYAH PERSEKUTUAN,2,72.5,27.8,0.2
101.68896273009376,3.0787527424500025,19/06/2025,"LE YUAN RESIDENCE,TAMAN BUKIT INTAN (JALAN SELESA RIA,JALAN SELESA RIA 1-4)",WILAYAH PERSEKUTUAN,2,73.625,28.4,0.3
101.61312345238464,3.0807406923076885,19/06/2025,"E11. SRI PJS 6 FLAT DESA MENTARI 1 (BLOK 1 , 2 , 3),E11. SRI PJS 6 FLAT DESA MENTARI 2 (BLOK 4 , 5 , 6),E11. SRI PJS 8 MENTARI COURT",SELANGOR,3,74.25,28.6,0.4
101.68300444108571,3.087088076763266,19/06/2025,"FLAT TAMAN KUCHAI JAYA (BLOK A,B,C,D),PALACE COURT CONDOMINIUM,RESIDENSI GEMBIRA 737,TAMAN CONTINENTAL A (JLN RUKUN 1-6, JLN 1/128B),TAMAN GEMBIRA B (SBHG JLN SELESA 1,9-12,JLN RIANG 11-15,SBHG JLN SELESA),TAMAN GEMBIRA C(SBHG JLNSELESA,JLNSUKACITA&2-4,SBG JLNSELESA 1,JLN SELESA 2-10),TAMAN KUCHAI JAYA A (RUMAH PANGSA KUCHAI JAYA BLOK A,B,C,D)",WILAYAH PERSEKUTUAN,7,73.625,28.5,0.3
101.66415939942384,3.103478716258277,19/06/2025,KONDO RAKYAT,WILAYAH PERSEKUTUAN,1,74.66666666666667,28.3,0.2
101.67629169338213,3.104791028089285,19/06/2025,"AVANTAS RESIDENCE,GEMILANG INDAH KONDO,PPR KG LIMAU,VIVO RESIDENTIAL SUITES @ 9 SEPUTEH CONDOMINIUM",WILAYAH PERSEKUTUAN,4,74.70833333333333,28.5,0.2
101.64503910468493,3.113037959061648,19/06/2025,"E10. BG SEK 12 (TERES 4) [JLN 12/14,12/14A-4D,12/16,12/16A,12/16B,12/16C]",SELANGOR,1,74.16666666666667,28.4,0.2
101.67084892489044,3.124181020972601,19/06/2025,BANGSAR HEIGHT KONDO,WILAYAH PERSEKUTUAN,1,74.66666666666667,28.3,0.2
101.6803136182849,3.1261310918488374,19/06/2025,"BANGUNAN SRI LAYANG,KOMPLEKS KEDIAMAN KAKITANGAN AWAM BRICKFIELD,RESIDENSI BRICKFIELDS",WILAYAH PERSEKUTUAN,3,74.66666666666667,28.5,0.2
101.62817565095972,3.12883537795973,19/06/2025,E9. KT SS 2 (KEN DAMANSARA KONDO 2),SELANGOR,1,74.16666666666667,28.4,0.2
101.69635329336776,3.152303843032258,19/06/2025,"MALAYAN MANSION,PERUMAHAN BANDAR DBKL (JALAN TUNKU ABDUL RAHMAN)",WILAYAH PERSEKUTUAN,2,74.66666666666667,28.4,0.2
101.64223868911874,3.1664894945625006,19/06/2025,"MONT KIARA (KIARAMAS CENDANA),MONT KIARA (KIARAMAS DANAI)",WILAYAH PERSEKUTUAN,2,73.83333333333333,27.8,0.0
101.68896273009376,3.0787527424500025,20/06/2025,"LE YUAN RESIDENCE,TAMAN BUKIT INTAN (JALAN SELESA RIA,JALAN SELESA RIA 1-4)",WILAYAH PERSEKUTUAN,2,84.70833333333333,25.9,2.5
101.61312345238464,3.0807406923076885,20/06/2025,"E11. SRI PJS 6 FLAT DESA MENTARI 1 (BLOK 1 , 2 , 3),E11. SRI PJS 6 FLAT DESA MENTARI 2 (BLOK 4 , 5 , 6),E11. SRI PJS 8 MENTARI COURT",SELANGOR,3,85.29166666666667,26.3,3.1
101.6842388286567,3.0881123955422893,20/06/2025,"FLAT TAMAN KUCHAI JAYA (BLOK A,B,C,D),PALACE COURT CONDOMINIUM,TAMAN CONTINENTAL A (JLN RUKUN 1-6, JLN 1/128B),TAMAN GEMBIRA C(SBHG JLNSELESA,JLNSUKACITA&2-4,SBG JLNSELESA 1,JLN SELESA 2-10),TAMAN KUCHAI JAYA A (RUMAH PANGSA KUCHAI JAYA BLOK A,B,C,D)",WILAYAH PERSEKUTUAN,5,84.70833333333333,26.1,2.5
101.66415939942384,3.103478716258277,20/06/2025,KONDO RAKYAT,WILAYAH PERSEKUTUAN,1,84.70833333333333,25.6,1.9
101.67629169338213,3.104791028089285,20/06/2025,"AVANTAS RESIDENCE,GEMILANG INDAH KONDO,PPR KG LIMAU,VIVO RESIDENTIAL SUITES @ 9 SEPUTEH CONDOMINIUM",WILAYAH PERSEKUTUAN,4,84.75,25.9,1.9
101.64503910468493,3.113037959061648,20/06/2025,"E10. BG SEK 12 (TERES 4) [JLN 12/14,12/14A-4D,12/16,12/16A,12/16B,12/16C]",SELANGOR,1,85.375,26.0,2.0
101.67084892489044,3.124181020972601,20/06/2025,BANGSAR HEIGHT KONDO,WILAYAH PERSEKUTUAN,1,84.70833333333333,25.7,1.9
101.6803136182849,3.1261310918488374,20/06/2025,"BANGUNAN SRI LAYANG,KOMPLEKS KEDIAMAN KAKITANGAN AWAM BRICKFIELD,RESIDENSI BRICKFIELDS",WILAYAH PERSEKUTUAN,3,84.70833333333333,25.8,1.9
101.6282015879178,3.128919889657533,20/06/2025,E9. KT SS 2 (KEN DAMANSARA KONDO 2),SELANGOR,1,85.375,26.0,2.0
101.69635329336776,3.152303843032258,20/06/2025,"MALAYAN MANSION,PERUMAHAN BANDAR DBKL (JALAN TUNKU ABDUL RAHMAN)",WILAYAH PERSEKUTUAN,2,84.70833333333333,25.8,1.9
101.64223868911874,3.1664894945625006,20/06/2025,"MONT KIARA (KIARAMAS CENDANA),MONT KIARA (KIARAMAS DANAI)",WILAYAH PERSEKUTUAN,2,82.625,25.3,1.6
101.68896273009376,3.0787527424500025,21/06/2025,"LE YUAN RESIDENCE,TAMAN BUKIT INTAN (JALAN SELESA RIA,JALAN SELESA RIA 1-4)",WILAYAH PERSEKUTUAN,2,74.29166666666667,27.5,0.0
101.6155877065528,3.07922311974534,21/06/2025,"E11. SRI PJS 6 FLAT DESA MENTARI 1 (BLOK 1 , 2 , 3),E11. SRI PJS 6 FLAT DESA MENTARI 2 (BLOK 4 , 5 , 6)",SELANGOR,2,75.66666666666667,27.7,0.2
101.6842388286567,3.0881123955422893,21/06/2025,"FLAT TAMAN KUCHAI JAYA (BLOK A,B,C,D),PALACE COURT CONDOMINIUM,TAMAN CONTINENTAL A (JLN RUKUN 1-6, JLN 1/128B),TAMAN GEMBIRA C(SBHG JLNSELESA,JLNSUKACITA&2-4,SBG JLNSELESA 1,JLN SELESA 2-10),TAMAN KUCHAI JAYA A (RUMAH PANGSA KUCHAI JAYA BLOK A,B,C,D)",WILAYAH PERSEKUTUAN,5,74.33333333333333,27.6,0.0
101.6640482380136,3.103611242013608,21/06/2025,KONDO RAKYAT,WILAYAH PERSEKUTUAN,1,75.29166666666667,27.2,0.0
101.67629169338213,3.104791028089285,21/06/2025,"AVANTAS RESIDENCE,GEMILANG INDAH KONDO,PPR KG LIMAU,VIVO RESIDENTIAL SUITES @ 9 SEPUTEH CONDOMINIUM",WILAYAH PERSEKUTUAN,4,75.33333333333333,27.5,0.0
101.64503910468493,3.113037959061648,21/06/2025,"E10. BG SEK 12 (TERES 4) [JLN 12/14,12/14A-4D,12/16,12/16A,12/16B,12/16C]",SELANGOR,1,76.625,27.4,0.0
101.6594206360274,3.117701236609591,21/06/2025,UM (KOLEJ KEDIAMAN 1),WILAYAH PERSEKUTUAN,1,75.33333333333333,27.4,0.0
101.67084892489044,3.124181020972601,21/06/2025,BANGSAR HEIGHT KONDO,WILAYAH PERSEKUTUAN,1,75.33333333333333,27.3,0.0
101.6803136182849,3.1261310918488374,21/06/2025,"BANGUNAN SRI LAYANG,KOMPLEKS KEDIAMAN KAKITANGAN AWAM BRICKFIELD,RESIDENSI BRICKFIELDS",WILAYAH PERSEKUTUAN,3,75.33333333333333,27.5,0.0
101.6282015879178,3.128919889657533,21/06/2025,E9. KT SS 2 (KEN DAMANSARA KONDO 2),SELANGOR,1,76.625,27.4,0.0
101.69635329336776,3.152303843032258,21/06/2025,"MALAYAN MANSION,PERUMAHAN BANDAR DBKL (JALAN TUNKU ABDUL RAHMAN)",WILAYAH PERSEKUTUAN,2,75.33333333333333,27.4,0.0
101.64228201959332,3.166833875726669,21/06/2025,"MONT KIARA (KIARAMAS CENDANA),MONT KIARA (KIARAMAS DANAI)",WILAYAH PERSEKUTUAN,2,75.66666666666667,26.5,0.0
101.68896273009376,3.0787527424500025,22/06/2025,"LE YUAN RESIDENCE,TAMAN BUKIT INTAN (JALAN SELESA RIA,JALAN SELESA RIA 1-4)",WILAYAH PERSEKUTUAN,2,69.33333333333333,28.4,0.0
101.6155877065528,3.07922311974534,22/06/2025,"E11. SRI PJS 6 FLAT DESA MENTARI 1 (BLOK 1 , 2 , 3),E11. SRI PJS 6 FLAT DESA MENTARI 2 (BLOK 4 , 5 , 6)",SELANGOR,2,70.91666666666667,28.6,0.0
101.684256709545,3.088118239075001,22/06/2025,"FLAT TAMAN KUCHAI JAYA (BLOK A,B,C,D),TAMAN CONTINENTAL A (JLN RUKUN 1-6, JLN 1/128B),TAMAN GEMBIRA C(SBHG JLNSELESA,JLNSUKACITA&2-4,SBG JLNSELESA 1,JLN SELESA 2-10)",WILAYAH PERSEKUTUAN,3,69.375,28.6,0.0
101.6640482380136,3.103611242013608,22/06/2025,KONDO RAKYAT,WILAYAH PERSEKUTUAN,1,69.66666666666667,28.3,0.0
101.67629169338213,3.104791028089285,22/06/2025,"AVANTAS RESIDENCE,GEMILANG INDAH KONDO,PPR KG LIMAU,VIVO RESIDENTIAL SUITES @ 9 SEPUTEH CONDOMINIUM",WILAYAH PERSEKUTUAN,4,69.70833333333333,28.6,0.0
101.64503910468493,3.113037959061648,22/06/2025,"E10. BG SEK 12 (TERES 4) [JLN 12/14,12/14A-4D,12/16,12/16A,12/16B,12/16C]",SELANGOR,1,70.45833333333333,28.5,0.0
101.6594206360274,3.117701236609591,22/06/2025,UM (KOLEJ KEDIAMAN 1),WILAYAH PERSEKUTUAN,1,69.70833333333333,28.5,0.0
101.67084892489044,3.124181020972601,22/06/2025,BANGSAR HEIGHT KONDO,WILAYAH PERSEKUTUAN,1,69.66666666666667,28.4,0.0
101.6803136182849,3.1261310918488374,22/06/2025,"BANGUNAN SRI LAYANG,KOMPLEKS KEDIAMAN KAKITANGAN AWAM BRICKFIELD,RESIDENSI BRICKFIELDS",WILAYAH PERSEKUTUAN,3,69.70833333333333,28.5,0.0
101.69635329336776,3.152303843032258,22/06/2025,"MALAYAN MANSION,PERUMAHAN BANDAR DBKL (JALAN TUNKU ABDUL RAHMAN)",WILAYAH PERSEKUTUAN,2,69.70833333333333,28.5,0.0
101.6423053741579,3.166790654493423,22/06/2025,"MONT KIARA (KIARAMAS CENDANA),MONT KIARA (KIARAMAS DANAI)",WILAYAH PERSEKUTUAN,2,69.20833333333333,27.8,0.0
101.68896273009376,3.0787527424500025,23/06/2025,"LE YUAN RESIDENCE,TAMAN BUKIT INTAN (JALAN SELESA RIA,JALAN SELESA RIA 1-4)",WILAYAH PERSEKUTUAN,2,66.04166666666667,29.3,0.0
101.6155877065528,3.07922311974534,23/06/2025,"E11. SRI PJS 6 FLAT DESA MENTARI 1 (BLOK 1 , 2 , 3),E11. SRI PJS 6 FLAT DESA MENTARI 2 (BLOK 4 , 5 , 6)",SELANGOR,2,67.58333333333333,29.4,0.0
101.684256709545,3.088118239075001,23/06/2025,"FLAT TAMAN KUCHAI JAYA (BLOK A,B,C,D),TAMAN CONTINENTAL A (JLN RUKUN 1-6, JLN 1/128B),TAMAN GEMBIRA C(SBHG JLNSELESA,JLNSUKACITA&2-4,SBG JLNSELESA 1,JLN SELESA 2-10)",WILAYAH PERSEKUTUAN,3,66.125,29.5,0.0
101.6640482380136,3.103611242013608,23/06/2025,KONDO RAKYAT,WILAYAH PERSEKUTUAN,1,66.04166666666667,29.2,0.0
101.67629169338213,3.104791028089285,23/06/2025,"AVANTAS RESIDENCE,GEMILANG INDAH KONDO,PPR KG LIMAU,VIVO RESIDENTIAL SUITES @ 9 SEPUTEH CONDOMINIUM",WILAYAH PERSEKUTUAN,4,66.08333333333333,29.5,0.0
101.6439062512538,3.1115338593959403,23/06/2025,"E10. BG SEK 11 (TERES 1) [JLN 11/4,11/4A-4F,11/5,11/7,11/9,11/10,11/12],E10. BG SEK 11 EHSAN RIA KONDO,E10. BG SEK 12 (TERES 4) [JLN 12/14,12/14A-4D,12/16,12/16A,12/16B,12/16C]",SELANGOR,3,64.75,29.6,0.0
101.6594206360274,3.117701236609591,23/06/2025,UM (KOLEJ KEDIAMAN 1),WILAYAH PERSEKUTUAN,1,66.04166666666667,29.4,0.0
101.67084892489044,3.124181020972601,23/06/2025,BANGSAR HEIGHT KONDO,WILAYAH PERSEKUTUAN,1,66.04166666666667,29.3,0.0
101.6803136182849,3.1261310918488374,23/06/2025,"BANGUNAN SRI LAYANG,KOMPLEKS KEDIAMAN KAKITANGAN AWAM BRICKFIELD,RESIDENSI BRICKFIELDS",WILAYAH PERSEKUTUAN,3,66.04166666666667,29.4,0.0
101.69635329336776,3.152303843032258,23/06/2025,"MALAYAN MANSION,PERUMAHAN BANDAR DBKL (JALAN TUNKU ABDUL RAHMAN)",WILAYAH PERSEKUTUAN,2,66.04166666666667,29.4,0.0
101.64232335969736,3.1668258878355275,23/06/2025,"MONT KIARA (KIARAMAS CENDANA),MONT KIARA (KIARAMAS DANAI)",WILAYAH PERSEKUTUAN,2,66.375,28.5,0.0
101.68896273009376,3.0787527424500025,24/06/2025,"LE YUAN RESIDENCE,TAMAN BUKIT INTAN (JALAN SELESA RIA,JALAN SELESA RIA 1-4)",WILAYAH PERSEKUTUAN,2,65.45833333333333,29.5,0.0
101.6155877065528,3.07922311974534,24/06/2025,"E11. SRI PJS 6 FLAT DESA MENTARI 1 (BLOK 1 , 2 , 3),E11. SRI PJS 6 FLAT DESA MENTARI 2 (BLOK 4 , 5 , 6)",SELANGOR,2,66.5,29.5,0.0
101.684256709545,3.088118239075001,24/06/2025,"FLAT TAMAN KUCHAI JAYA (BLOK A,B,C,D),TAMAN CONTINENTAL A (JLN RUKUN 1-6, JLN 1/128B),TAMAN GEMBIRA C(SBHG JLNSELESA,JLNSUKACITA&2-4,SBG JLNSELESA 1,JLN SELESA 2-10)",WILAYAH PERSEKUTUAN,3,65.5,29.6,0.0
101.6640482380136,3.103611242013608,24/06/2025,KONDO RAKYAT,WILAYAH PERSEKUTUAN,1,65.91666666666667,29.3,0.0
101.67608098057067,3.1074777510202027,24/06/2025,"GEMILANG INDAH KONDO,PPR KG LIMAU,VIVO RESIDENTIAL SUITES @ 9 SEPUTEH CONDOMINIUM",WILAYAH PERSEKUTUAN,3,66.04166666666667,29.6,0.0
101.64301681120372,3.110564204820989,24/06/2025,"E10. BG SEK 11 (TERES 1) [JLN 11/4,11/4A-4F,11/5,11/7,11/9,11/10,11/12],E10. BG SEK 11 EHSAN RIA KONDO",SELANGOR,2,64.33333333333333,29.6,0.0
101.6594206360274,3.117701236609591,24/06/2025,UM (KOLEJ KEDIAMAN 1),WILAYAH PERSEKUTUAN,1,65.91666666666667,29.5,0.0
101.6803136182849,3.1261310918488374,24/06/2025,"BANGUNAN SRI LAYANG,KOMPLEKS KEDIAMAN KAKITANGAN AWAM BRICKFIELD,RESIDENSI BRICKFIELDS",WILAYAH PERSEKUTUAN,3,65.91666666666667,29.5,0.0
101.61830195660562,3.1514745157042228,24/06/2025,"TTDI (LRG AMINUDDIN BAKI 2,  LRG AMINUDDIN BAKI 1, JLN AMINUDDIN BAKI )",WILAYAH PERSEKUTUAN,1,64.33333333333333,29.6,0.0
101.69635329336776,3.152303843032258,24/06/2025,"MALAYAN MANSION,PERUMAHAN BANDAR DBKL (JALAN TUNKU ABDUL RAHMAN)",WILAYAH PERSEKUTUAN,2,65.91666666666667,29.5,0.0
101.64297655915117,3.1671030579709294,24/06/2025,"KIARAMAS SUTERA, JALAN DESA KIARA 1,MONT KIARA (KIARAMAS CENDANA),MONT KIARA (KIARAMAS DANAI)",WILAYAH PERSEKUTUAN,3,64.83333333333333,28.7,0.0
101.68896273009376,3.0787527424500025,25/06/2025,"LE YUAN RESIDENCE,TAMAN BUKIT INTAN (JALAN SELESA RIA,JALAN SELESA RIA 1-4)",WILAYAH PERSEKUTUAN,2,65.375,29.5,0.1
101.6155877065528,3.07922311974534,25/06/2025,"E11. SRI PJS 6 FLAT DESA MENTARI 1 (BLOK 1 , 2 , 3),E11. SRI PJS 6 FLAT DESA MENTARI 2 (BLOK 4 , 5 , 6)",SELANGOR,2,66.20833333333333,29.7,0.1
101.68262789220002,3.08899930334667,25/06/2025,"FLAT TAMAN KUCHAI JAYA (BLOK A,B,C,D),TAMAN CONTINENTAL A (JLN RUKUN 1-6, JLN 1/128B)",WILAYAH PERSEKUTUAN,2,65.41666666666667,29.6,0.1
101.6640482380136,3.103611242013608,25/06/2025,KONDO RAKYAT,WILAYAH PERSEKUTUAN,1,67.25,29.3,1.0
101.67608098057067,3.1074777510202027,25/06/2025,"GEMILANG INDAH KONDO,PPR KG LIMAU,VIVO RESIDENTIAL SUITES @ 9 SEPUTEH CONDOMINIUM",WILAYAH PERSEKUTUAN,3,67.29166666666667,29.7,1.0
101.64301681120372,3.110564204820989,25/06/2025,"E10. BG SEK 11 (TERES 1) [JLN 11/4,11/4A-4F,11/5,11/7,11/9,11/10,11/12],E10. BG SEK 11 EHSAN RIA KONDO",SELANGOR,2,63.79166666666666,29.9,0.1
101.6594206360274,3.117701236609591,25/06/2025,UM (KOLEJ KEDIAMAN 1),WILAYAH PERSEKUTUAN,1,67.29166666666667,29.5,1.0
101.6803136182849,3.1261310918488374,25/06/2025,"BANGUNAN SRI LAYANG,KOMPLEKS KEDIAMAN KAKITANGAN AWAM BRICKFIELD,RESIDENSI BRICKFIELDS",WILAYAH PERSEKUTUAN,3,67.29166666666667,29.6,1.0
101.61830195660562,3.1514745157042228,25/06/2025,"TTDI (LRG AMINUDDIN BAKI 2,  LRG AMINUDDIN BAKI 1, JLN AMINUDDIN BAKI )",WILAYAH PERSEKUTUAN,1,63.79166666666666,29.8,0.1
101.69635329336776,3.152303843032258,25/06/2025,"MALAYAN MANSION,PERUMAHAN BANDAR DBKL (JALAN TUNKU ABDUL RAHMAN)",WILAYAH PERSEKUTUAN,2,67.29166666666667,29.5,1.0
101.64297655915117,3.1671030579709294,25/06/2025,"KIARAMAS SUTERA, JALAN DESA KIARA 1,MONT KIARA (KIARAMAS CENDANA),MONT KIARA (KIARAMAS DANAI)",WILAYAH PERSEKUTUAN,3,63.833333333333336,29.2,0.2
101.68896273009376,3.0787527424500025,26/06/2025,"LE YUAN RESIDENCE,TAMAN BUKIT INTAN (JALAN SELESA RIA,JALAN SELESA RIA 1-4)",WILAYAH PERSEKUTUAN,2,63.625,29.7,0.3
101.68262789220002,3.08899930334667,26/06/2025,"FLAT TAMAN KUCHAI JAYA (BLOK A,B,C,D),TAMAN CONTINENTAL A (JLN RUKUN 1-6, JLN 1/128B)",WILAYAH PERSEKUTUAN,2,63.625,29.8,0.3
101.6640482380136,3.103611242013608,26/06/2025,KONDO RAKYAT,WILAYAH PERSEKUTUAN,1,66.79166666666667,29.3,0.1
101.67608098057067,3.1074777510202027,26/06/2025,"GEMILANG INDAH KONDO,PPR KG LIMAU,VIVO RESIDENTIAL SUITES @ 9 SEPUTEH CONDOMINIUM",WILAYAH PERSEKUTUAN,3,66.875,29.7,0.1
101.64301681120372,3.110564204820989,26/06/2025,"E10. BG SEK 11 (TERES 1) [JLN 11/4,11/4A-4F,11/5,11/7,11/9,11/10,11/12],E10. BG SEK 11 EHSAN RIA KONDO",SELANGOR,2,63.333333333333336,29.8,0.2
101.6594206360274,3.117701236609591,26/06/2025,UM (KOLEJ KEDIAMAN 1),WILAYAH PERSEKUTUAN,1,66.875,29.5,0.1
101.6803136182849,3.1261310918488374,26/06/2025,"BANGUNAN SRI LAYANG,KOMPLEKS KEDIAMAN KAKITANGAN AWAM BRICKFIELD,RESIDENSI BRICKFIELDS",WILAYAH PERSEKUTUAN,3,66.875,29.6,0.1
101.61830195660562,3.1514745157042228,26/06/2025,"TTDI (LRG AMINUDDIN BAKI 2,  LRG AMINUDDIN BAKI 1, JLN AMINUDDIN BAKI )",WILAYAH PERSEKUTUAN,1,63.333333333333336,29.8,0.2
101.69263993445696,3.164004485403976,26/06/2025,"REGALIA CONDOMINIUM,REGALIA SUITES",WILAYAH PERSEKUTUAN,2,64.41666666666667,29.7,1.0
101.64297655915117,3.1671030579709294,26/06/2025,"KIARAMAS SUTERA, JALAN DESA KIARA 1,MONT KIARA (KIARAMAS CENDANA),MONT KIARA (KIARAMAS DANAI)",WILAYAH PERSEKUTUAN,3,63.708333333333336,29.1,0.3
101.68896273009376,3.0787527424500025,27/06/2025,"LE YUAN RESIDENCE,TAMAN BUKIT INTAN (JALAN SELESA RIA,JALAN SELESA RIA 1-4)",WILAYAH PERSEKUTUAN,2,68.95833333333333,29.1,2.1
101.68262789220002,3.08899930334667,27/06/2025,"FLAT TAMAN KUCHAI JAYA (BLOK A,B,C,D),TAMAN CONTINENTAL A (JLN RUKUN 1-6, JLN 1/128B)",WILAYAH PERSEKUTUAN,2,68.95833333333333,29.3,2.1
101.6640482380136,3.103611242013608,27/06/2025,KONDO RAKYAT,WILAYAH PERSEKUTUAN,1,72.33333333333333,28.5,2.4
101.67607147602028,3.107460758406092,27/06/2025,"GEMILANG INDAH KONDO,PPR KG LIMAU,VIVO RESIDENTIAL SUITES @ 9 SEPUTEH CONDOMINIUM",WILAYAH PERSEKUTUAN,3,72.41666666666667,28.9,2.4
101.64301681120372,3.110564204820989,27/06/2025,"E10. BG SEK 11 (TERES 1) [JLN 11/4,11/4A-4F,11/5,11/7,11/9,11/10,11/12],E10. BG SEK 11 EHSAN RIA KONDO",SELANGOR,2,67.79166666666667,29.3,0.6
101.6594206360274,3.117701236609591,27/06/2025,UM (KOLEJ KEDIAMAN 1),WILAYAH PERSEKUTUAN,1,72.375,28.7,2.4
101.68021275762965,3.126499150302469,27/06/2025,"BANGUNAN SRI LAYANG,KOMPLEKS KEDIAMAN KAKITANGAN AWAM BRICKFIELD",WILAYAH PERSEKUTUAN,2,72.41666666666667,28.8,2.4
101.6185048105906,3.1515018082416097,27/06/2025,"TTDI (JALAN BURHANUDDIN HELMI (RUMAH & RUMAH KEDAKI)),TTDI (LRG AMINUDDIN BAKI 2,  LRG AMINUDDIN BAKI 1, JLN AMINUDDIN BAKI )",WILAYAH PERSEKUTUAN,2,67.79166666666667,29.3,0.6
101.69263993445696,3.164004485403976,27/06/2025,"REGALIA CONDOMINIUM,REGALIA SUITES",WILAYAH PERSEKUTUAN,2,73.66666666666667,28.4,2.0
101.64297655915117,3.1671030579709294,27/06/2025,"KIARAMAS SUTERA, JALAN DESA KIARA 1,MONT KIARA (KIARAMAS CENDANA),MONT KIARA (KIARAMAS DANAI)",WILAYAH PERSEKUTUAN,3,70.20833333333333,28.2,1.1
101.68896273009376,3.0787527424500025,28/06/2025,"LE YUAN RESIDENCE,TAMAN BUKIT INTAN (JALAN SELESA RIA,JALAN SELESA RIA 1-4)",WILAYAH PERSEKUTUAN,2,68.45833333333333,28.9,0.3
101.68262789220002,3.08899930334667,28/06/2025,"FLAT TAMAN KUCHAI JAYA (BLOK A,B,C,D),TAMAN CONTINENTAL A (JLN RUKUN 1-6, JLN 1/128B)",WILAYAH PERSEKUTUAN,2,68.5,29.1,0.3
101.6640482380136,3.103611242013608,28/06/2025,KONDO RAKYAT,WILAYAH PERSEKUTUAN,1,69.29166666666667,28.4,3.3
101.67607147602028,3.107460758406092,28/06/2025,"GEMILANG INDAH KONDO,PPR KG LIMAU,VIVO RESIDENTIAL SUITES @ 9 SEPUTEH CONDOMINIUM",WILAYAH PERSEKUTUAN,3,69.33333333333333,28.8,3.3
101.64301681120372,3.110564204820989,28/06/2025,"E10. BG SEK 11 (TERES 1) [JLN 11/4,11/4A-4F,11/5,11/7,11/9,11/10,11/12],E10. BG SEK 11 EHSAN RIA KONDO",SELANGOR,2,68.375,28.8,2.2
101.6594206360274,3.117701236609591,28/06/2025,UM (KOLEJ KEDIAMAN 1),WILAYAH PERSEKUTUAN,1,69.29166666666667,28.6,3.3
101.68021275762965,3.126499150302469,28/06/2025,"BANGUNAN SRI LAYANG,KOMPLEKS KEDIAMAN KAKITANGAN AWAM BRICKFIELD",WILAYAH PERSEKUTUAN,2,69.29166666666667,28.6,3.3
101.61867518347744,3.151514768870967,28/06/2025,"TTDI (JALAN BURHANUDDIN HELMI (RUMAH & RUMAH KEDAKI)),TTDI (LRG AMINUDDIN BAKI 2,  LRG AMINUDDIN BAKI 1, JLN AMINUDDIN BAKI )",WILAYAH PERSEKUTUAN,2,68.375,28.7,2.2
101.69263993445696,3.164004485403976,28/06/2025,"REGALIA CONDOMINIUM,REGALIA SUITES",WILAYAH PERSEKUTUAN,2,68.875,28.4,3.3
101.64297655915117,3.1671030579709294,28/06/2025,"KIARAMAS SUTERA, JALAN DESA KIARA 1,MONT KIARA (KIARAMAS CENDANA),MONT KIARA (KIARAMAS DANAI),MONT KIARA (KIARAMAS SUTERA)",WILAYAH PERSEKUTUAN,4,69.54166666666667,27.7,4.2
101.68896273009376,3.0787527424500025,29/06/2025,"LE YUAN RESIDENCE,TAMAN BUKIT INTAN (JALAN SELESA RIA,JALAN SELESA RIA 1-4)",WILAYAH PERSEKUTUAN,2,62.958333333333336,29.5,0.0
101.6640482380136,3.103611242013608,29/06/2025,KONDO RAKYAT,WILAYAH PERSEKUTUAN,1,60.583333333333336,29.9,0.6
101.67607147602028,3.107460758406092,29/06/2025,"GEMILANG INDAH KONDO,PPR KG LIMAU,VIVO RESIDENTIAL SUITES @ 9 SEPUTEH CONDOMINIUM",WILAYAH PERSEKUTUAN,3,60.75,30.3,0.6
101.64301681120372,3.110564204820989,29/06/2025,"E10. BG SEK 11 (TERES 1) [JLN 11/4,11/4A-4F,11/5,11/7,11/9,11/10,11/12],E10. BG SEK 11 EHSAN RIA KONDO",SELANGOR,2,60.833333333333336,29.9,0.0
101.6594206360274,3.117701236609591,29/06/2025,UM (KOLEJ KEDIAMAN 1),WILAYAH PERSEKUTUAN,1,60.66666666666666,30.1,0.6
101.68021275762965,3.126499150302469,29/06/2025,"BANGUNAN SRI LAYANG,KOMPLEKS KEDIAMAN KAKITANGAN AWAM BRICKFIELD",WILAYAH PERSEKUTUAN,2,60.66666666666666,30.1,0.6
101.61867518347744,3.151514768870967,29/06/2025,"TTDI (JALAN BURHANUDDIN HELMI (RUMAH & RUMAH KEDAKI)),TTDI (LRG AMINUDDIN BAKI 2,  LRG AMINUDDIN BAKI 1, JLN AMINUDDIN BAKI )",WILAYAH PERSEKUTUAN,2,60.833333333333336,29.9,0.0
101.69263993445696,3.164004485403976,29/06/2025,"REGALIA CONDOMINIUM,REGALIA SUITES",WILAYAH PERSEKUTUAN,2,60.583333333333336,30.0,0.5
101.64302543429883,3.167164473885056,29/06/2025,"KIARAMAS SUTERA, JALAN DESA KIARA 1,MONT KIARA (KIARAMAS CENDANA),MONT KIARA (KIARAMAS DANAI),MONT KIARA (KIARAMAS SUTERA)",WILAYAH PERSEKUTUAN,4,60.875,29.3,0.1
101.68879338510624,3.0794132120625,30/06/2025,"DESA GEMBIRA KONDO,LE YUAN RESIDENCE",WILAYAH PERSEKUTUAN,2,62.958333333333336,29.5,1.8
101.68300716247684,3.0898643765562905,30/06/2025,"TAMAN KUCHAI JAYA A (RUMAH PANGSA KUCHAI JAYA BLOK A,B,C,D)",WILAYAH PERSEKUTUAN,1,62.958333333333336,29.7,1.8
101.6640482380136,3.103611242013608,30/06/2025,KONDO RAKYAT,WILAYAH PERSEKUTUAN,1,59.125,30.0,1.5
101.67496419675658,3.1085677251250026,30/06/2025,PPR KG LIMAU,WILAYAH PERSEKUTUAN,1,59.208333333333336,30.2,1.5
101.64301681120372,3.110564204820989,30/06/2025,"E10. BG SEK 11 (TERES 1) [JLN 11/4,11/4A-4F,11/5,11/7,11/9,11/10,11/12],E10. BG SEK 11 EHSAN RIA KONDO",SELANGOR,2,60.375,30.0,1.8
101.6594206360274,3.117701236609591,30/06/2025,UM (KOLEJ KEDIAMAN 1),WILAYAH PERSEKUTUAN,1,59.208333333333336,30.2,1.5
101.61867518347744,3.151514768870967,30/06/2025,"TTDI (JALAN BURHANUDDIN HELMI (RUMAH & RUMAH KEDAKI)),TTDI (LRG AMINUDDIN BAKI 2,  LRG AMINUDDIN BAKI 1, JLN AMINUDDIN BAKI )",WILAYAH PERSEKUTUAN,2,60.375,30.0,1.8
101.69263993445696,3.164004485403976,30/06/2025,"REGALIA CONDOMINIUM,REGALIA SUITES",WILAYAH PERSEKUTUAN,2,58.333333333333336,30.2,0.6
101.64302543429883,3.167164473885056,30/06/2025,"KIARAMAS SUTERA, JALAN DESA KIARA 1,MONT KIARA (KIARAMAS CENDANA),MONT KIARA (KIARAMAS DANAI),MONT KIARA (KIARAMAS SUTERA)",WILAYAH PERSEKUTUAN,4,60.16666666666666,29.4,0.8
101.68879338510624,3.0794132120625,01/07/2025,"DESA GEMBIRA KONDO,LE YUAN RESIDENCE",WILAYAH PERSEKUTUAN,2,61.375,30.2,0.1
101.6831110772795,3.0895173885838507,01/07/2025,"TAMAN KUCHAI JAYA A (RUMAH PANGSA KUCHAI JAYA BLOK A,B,C,D)",WILAYAH PERSEKUTUAN,1,61.375,30.4,0.1
101.6640482380136,3.103611242013608,01/07/2025,KONDO RAKYAT,WILAYAH PERSEKUTUAN,1,59.5,30.3,0.2
101.67493374685333,3.108582851079999,01/07/2025,PPR KG LIMAU,WILAYAH PERSEKUTUAN,1,59.5,30.5,0.2
101.6594206360274,3.117701236609591,01/07/2025,UM (KOLEJ KEDIAMAN 1),WILAYAH PERSEKUTUAN,1,59.5,30.5,0.2
101.61867518347744,3.151514768870967,01/07/2025,"TTDI (JALAN BURHANUDDIN HELMI (RUMAH & RUMAH KEDAKI)),TTDI (LRG AMINUDDIN BAKI 2,  LRG AMINUDDIN BAKI 1, JLN AMINUDDIN BAKI )",WILAYAH PERSEKUTUAN,2,60.0,30.5,0.0
101.69263993445696,3.164004485403976,01/07/2025,"REGALIA CONDOMINIUM,REGALIA SUITES",WILAYAH PERSEKUTUAN,2,60.375,30.3,0.1
101.64302543429883,3.167164473885056,01/07/2025,"KIARAMAS SUTERA, JALAN DESA KIARA 1,MONT KIARA (KIARAMAS CENDANA),MONT KIARA (KIARAMAS DANAI),MONT KIARA (KIARAMAS SUTERA)",WILAYAH PERSEKUTUAN,4,60.0,29.8,0.0
101.68879338510624,3.0794132120625,02/07/2025,"DESA GEMBIRA KONDO,LE YUAN RESIDENCE",WILAYAH PERSEKUTUAN,2,69.04166666666667,28.9,1.9
101.6831110772795,3.0895173885838507,02/07/2025,"TAMAN KUCHAI JAYA A (RUMAH PANGSA KUCHAI JAYA BLOK A,B,C,D)",WILAYAH PERSEKUTUAN,1,69.08333333333333,29.1,1.9
101.6640482380136,3.103611242013608,02/07/2025,KONDO RAKYAT,WILAYAH PERSEKUTUAN,1,67.25,29.1,0.9
101.67493374685333,3.108582851079999,02/07/2025,PPR KG LIMAU,WILAYAH PERSEKUTUAN,1,67.33333333333333,29.3,0.9
101.6594206360274,3.117701236609591,02/07/2025,UM (KOLEJ KEDIAMAN 1),WILAYAH PERSEKUTUAN,1,67.33333333333333,29.3,0.9
101.61867518347744,3.151514768870967,02/07/2025,"TTDI (JALAN BURHANUDDIN HELMI (RUMAH & RUMAH KEDAKI)),TTDI (LRG AMINUDDIN BAKI 2,  LRG AMINUDDIN BAKI 1, JLN AMINUDDIN BAKI )",WILAYAH PERSEKUTUAN,2,66.5,29.4,0.2
101.69263993445696,3.164004485403976,02/07/2025,"REGALIA CONDOMINIUM,REGALIA SUITES",WILAYAH PERSEKUTUAN,2,69.33333333333333,28.9,0.4
101.64302543429883,3.167164473885056,02/07/2025,"KIARAMAS SUTERA, JALAN DESA KIARA 1,MONT KIARA (KIARAMAS CENDANA),MONT KIARA (KIARAMAS DANAI),MONT KIARA (KIARAMAS SUTERA)",WILAYAH PERSEKUTUAN,4,68.16666666666667,28.5,0.4
101.68879338510624,3.0794132120625,03/07/2025,"DESA GEMBIRA KONDO,LE YUAN RESIDENCE",WILAYAH PERSEKUTUAN,2,70.5,28.8,0.3
101.6831110772795,3.0895173885838507,03/07/2025,"TAMAN KUCHAI JAYA A (RUMAH PANGSA KUCHAI JAYA BLOK A,B,C,D)",WILAYAH PERSEKUTUAN,1,70.58333333333333,28.9,0.3
101.6640482380136,3.103611242013608,03/07/2025,KONDO RAKYAT,WILAYAH PERSEKUTUAN,1,70.91666666666667,28.7,0.1
101.67478159524116,3.10934839673529,03/07/2025,"PPR KG LIMAU,RUMAH KONGSI RIVER PARK BANGSAR SOUTH",WILAYAH PERSEKUTUAN,2,70.95833333333333,28.9,0.1
101.61867518347744,3.151514768870967,03/07/2025,"TTDI (JALAN BURHANUDDIN HELMI (RUMAH & RUMAH KEDAKI)),TTDI (LRG AMINUDDIN BAKI 2,  LRG AMINUDDIN BAKI 1, JLN AMINUDDIN BAKI )",WILAYAH PERSEKUTUAN,2,70.29166666666667,28.9,0.0
101.69263993445696,3.164004485403976,03/07/2025,"REGALIA CONDOMINIUM,REGALIA SUITES",WILAYAH PERSEKUTUAN,2,71.16666666666667,28.8,0.0
101.64302543429883,3.167164473885056,03/07/2025,"KIARAMAS SUTERA, JALAN DESA KIARA 1,MONT KIARA (KIARAMAS CENDANA),MONT KIARA (KIARAMAS DANAI),MONT KIARA (KIARAMAS SUTERA)",WILAYAH PERSEKUTUAN,4,72.125,28.2,0.8
101.68879338510624,3.0794132120625,04/07/2025,"DESA GEMBIRA KONDO,LE YUAN RESIDENCE",WILAYAH PERSEKUTUAN,2,68.41666666666667,28.8,1.8
101.6831110772795,3.0895173885838507,04/07/2025,"TAMAN KUCHAI JAYA A (RUMAH PANGSA KUCHAI JAYA BLOK A,B,C,D)",WILAYAH PERSEKUTUAN,1,68.58333333333333,29.0,1.8
101.67478159524116,3.10934839673529,04/07/2025,"PPR KG LIMAU,RUMAH KONGSI RIVER PARK BANGSAR SOUTH",WILAYAH PERSEKUTUAN,2,70.08333333333333,28.8,2.8
101.618689421,3.151502172898732,04/07/2025,"TTDI (JALAN BURHANUDDIN HELMI (RUMAH & RUMAH KEDAKI)),TTDI (LRG AMINUDDIN BAKI 2,  LRG AMINUDDIN BAKI 1, JLN AMINUDDIN BAKI )",WILAYAH PERSEKUTUAN,2,66.58333333333333,29.0,1.4
101.69263993445696,3.164004485403976,04/07/2025,"REGALIA CONDOMINIUM,REGALIA SUITES",WILAYAH PERSEKUTUAN,2,73.79166666666667,28.2,1.9
101.64302543429883,3.167164473885056,04/07/2025,"KIARAMAS SUTERA, JALAN DESA KIARA 1,MONT KIARA (KIARAMAS CENDANA),MONT KIARA (KIARAMAS DANAI),MONT KIARA (KIARAMAS SUTERA)",WILAYAH PERSEKUTUAN,4,71.25,27.9,5.1
101.68879338510624,3.0794132120625,05/07/2025,"DESA GEMBIRA KONDO,LE YUAN RESIDENCE",WILAYAH PERSEKUTUAN,2,65.75,29.1,2.0
101.6831110772795,3.0895173885838507,05/07/2025,"TAMAN KUCHAI JAYA A (RUMAH PANGSA KUCHAI JAYA BLOK A,B,C,D)",WILAYAH PERSEKUTUAN,1,65.83333333333333,29.3,2.0
101.6749797193904,3.108554472321918,05/07/2025,PPR KG LIMAU,WILAYAH PERSEKUTUAN,1,68.95833333333333,29.1,0.9
101.63320483634229,3.140902032536913,05/07/2025,TTDI (RUMAH PANJANG BUKIT KIARA),WILAYAH PERSEKUTUAN,1,65.79166666666667,29.3,1.3
101.618689421,3.151502172898732,05/07/2025,"TTDI (JALAN BURHANUDDIN HELMI (RUMAH & RUMAH KEDAKI)),TTDI (LRG AMINUDDIN BAKI 2,  LRG AMINUDDIN BAKI 1, JLN AMINUDDIN BAKI )",WILAYAH PERSEKUTUAN,2,65.875,29.4,1.3
101.69263993445696,3.164004485403976,05/07/2025,"REGALIA CONDOMINIUM,REGALIA SUITES",WILAYAH PERSEKUTUAN,2,74.25,28.2,0.2
101.68879338510624,3.0794132120625,06/07/2025,"DESA GEMBIRA KONDO,LE YUAN RESIDENCE",WILAYAH PERSEKUTUAN,2,67.04166666666667,29.1,1.7
101.6831110772795,3.0895173885838507,06/07/2025,"TAMAN KUCHAI JAYA A (RUMAH PANGSA KUCHAI JAYA BLOK A,B,C,D)",WILAYAH PERSEKUTUAN,1,67.04166666666667,29.3,1.7
101.6749797193904,3.108554472321918,06/07/2025,PPR KG LIMAU,WILAYAH PERSEKUTUAN,1,67.29166666666667,29.1,1.3
101.63320483634229,3.140902032536913,06/07/2025,TTDI (RUMAH PANJANG BUKIT KIARA),WILAYAH PERSEKUTUAN,1,67.08333333333333,29.3,2.1
101.618689421,3.151502172898732,06/07/2025,"TTDI (JALAN BURHANUDDIN HELMI (RUMAH & RUMAH KEDAKI)),TTDI (LRG AMINUDDIN BAKI 2,  LRG AMINUDDIN BAKI 1, JLN AMINUDDIN BAKI )",WILAYAH PERSEKUTUAN,2,67.125,29.4,2.1
101.69263993445696,3.164004485403976,06/07/2025,"REGALIA CONDOMINIUM,REGALIA SUITES",WILAYAH PERSEKUTUAN,2,74.58333333333333,28.2,3.1
101.68879338510624,3.0794132120625,07/07/2025,"DESA GEMBIRA KONDO,LE YUAN RESIDENCE",WILAYAH PERSEKUTUAN,2,60.29166666666666,30.0,0.5
101.6831110772795,3.0895173885838507,07/07/2025,"TAMAN KUCHAI JAYA A (RUMAH PANGSA KUCHAI JAYA BLOK A,B,C,D)",WILAYAH PERSEKUTUAN,1,60.29166666666666,30.2,0.5
101.63320483634229,3.140902032536913,07/07/2025,TTDI (RUMAH PANJANG BUKIT KIARA),WILAYAH PERSEKUTUAN,1,56.5,30.5,0.4
101.61880165860644,3.151528729445162,07/07/2025,"TTDI (JALAN BURHANUDDIN HELMI (RUMAH & RUMAH KEDAKI)),TTDI (LRG AMINUDDIN BAKI 2,  LRG AMINUDDIN BAKI 1, JLN AMINUDDIN BAKI )",WILAYAH PERSEKUTUAN,2,56.5,30.5,0.4
101.68879338510624,3.0794132120625,08/07/2025,"DESA GEMBIRA KONDO,LE YUAN RESIDENCE",WILAYAH PERSEKUTUAN,2,69.58333333333333,28.6,3.7
101.68295051667648,3.0892928105058832,08/07/2025,"TAMAN CONTINENTAL A (JLN RUKUN 1-6, JLN 1/128B),TAMAN KUCHAI JAYA A (RUMAH PANGSA KUCHAI JAYA BLOK A,B,C,D)",WILAYAH PERSEKUTUAN,2,69.58333333333333,28.7,3.7
101.63320483634229,3.140902032536913,08/07/2025,TTDI (RUMAH PANJANG BUKIT KIARA),WILAYAH PERSEKUTUAN,1,67.875,28.7,4.0
101.61880165860644,3.151528729445162,08/07/2025,"TTDI (JALAN BURHANUDDIN HELMI (RUMAH & RUMAH KEDAKI)),TTDI (LRG AMINUDDIN BAKI 2,  LRG AMINUDDIN BAKI 1, JLN AMINUDDIN BAKI )",WILAYAH PERSEKUTUAN,2,67.875,28.8,4.0
101.68879338510624,3.0794132120625,09/07/2025,"DESA GEMBIRA KONDO,LE YUAN RESIDENCE",WILAYAH PERSEKUTUAN,2,62.333333333333336,29.7,0.0
101.68295051667648,3.0892928105058832,09/07/2025,"TAMAN CONTINENTAL A (JLN RUKUN 1-6, JLN 1/128B),TAMAN KUCHAI JAYA A (RUMAH PANGSA KUCHAI JAYA BLOK A,B,C,D)",WILAYAH PERSEKUTUAN,2,62.375,29.9,0.0
101.63320483634229,3.140902032536913,09/07/2025,TTDI (RUMAH PANJANG BUKIT KIARA),WILAYAH PERSEKUTUAN,1,70.58333333333333,29.0,0.1
101.61880165860644,3.151528729445162,09/07/2025,"TTDI (JALAN BURHANUDDIN HELMI (RUMAH & RUMAH KEDAKI)),TTDI (LRG AMINUDDIN BAKI 2,  LRG AMINUDDIN BAKI 1, JLN AMINUDDIN BAKI )",WILAYAH PERSEKUTUAN,2,70.58333333333333,29.0,0.1
101.68879338510624,3.0794132120625,10/07/2025,"DESA GEMBIRA KONDO,LE YUAN RESIDENCE",WILAYAH PERSEKUTUAN,2,57.16666666666666,30.2,0.4
101.68295051667648,3.0892928105058832,10/07/2025,"TAMAN CONTINENTAL A (JLN RUKUN 1-6, JLN 1/128B),TAMAN KUCHAI JAYA A (RUMAH PANGSA KUCHAI JAYA BLOK A,B,C,D)",WILAYAH PERSEKUTUAN,2,57.29166666666666,30.3,0.4
101.66395947331412,3.109651193865387,10/07/2025,"INVITO RESIDENCE & HOTEL BANGSAR SOUTH,THE GOODWOOD RESIDENCE",WILAYAH PERSEKUTUAN,2,58.125,29.9,0.1
101.63320483634229,3.140902032536913,10/07/2025,TTDI (RUMAH PANJANG BUKIT KIARA),WILAYAH PERSEKUTUAN,1,65.20833333333333,29.2,0.2
101.61880165860644,3.151528729445162,10/07/2025,"TTDI (JALAN BURHANUDDIN HELMI (RUMAH & RUMAH KEDAKI)),TTDI (LRG AMINUDDIN BAKI 2,  LRG AMINUDDIN BAKI 1, JLN AMINUDDIN BAKI )",WILAYAH PERSEKUTUAN,2,65.20833333333333,29.3,0.2
101.68879338510624,3.0794132120625,11/07/2025,"DESA GEMBIRA KONDO,LE YUAN RESIDENCE",WILAYAH PERSEKUTUAN,2,57.333333333333336,31.1,0.2
101.68311656774392,3.089414162115854,11/07/2025,"TAMAN KUCHAI JAYA A (RUMAH PANGSA KUCHAI JAYA BLOK A,B,C,D)",WILAYAH PERSEKUTUAN,1,57.333333333333336,31.3,0.2
101.66395947331412,3.109651193865387,11/07/2025,"INVITO RESIDENCE & HOTEL BANGSAR SOUTH,THE GOODWOOD RESIDENCE",WILAYAH PERSEKUTUAN,2,56.54166666666666,30.7,0.1
101.63320483634229,3.140902032536913,11/07/2025,TTDI (RUMAH PANJANG BUKIT KIARA),WILAYAH PERSEKUTUAN,1,62.125,30.2,0.0
101.61880165860644,3.151528729445162,11/07/2025,"TTDI (JALAN BURHANUDDIN HELMI (RUMAH & RUMAH KEDAKI)),TTDI (LRG AMINUDDIN BAKI 2,  LRG AMINUDDIN BAKI 1, JLN AMINUDDIN BAKI )",WILAYAH PERSEKUTUAN,2,62.125,30.3,0.0
101.68165218786956,3.088737603700482,12/07/2025,"CONTINENTAL HEIGHT KONDO,TAMAN CONTINENTAL A (JLN RUKUN 1-6, JLN 1/128B),TAMAN KUCHAI JAYA A (RUMAH PANGSA KUCHAI JAYA BLOK A,B,C,D)",WILAYAH PERSEKUTUAN,3,75.08333333333333,28.1,16.9
101.66395947331412,3.109651193865387,12/07/2025,"INVITO RESIDENCE & HOTEL BANGSAR SOUTH,THE GOODWOOD RESIDENCE",WILAYAH PERSEKUTUAN,2,77.58333333333333,27.7,17.9
101.63320483634229,3.140902032536913,12/07/2025,TTDI (RUMAH PANJANG BUKIT KIARA),WILAYAH PERSEKUTUAN,1,77.79166666666667,27.8,18.9
101.61880165860644,3.151528729445162,12/07/2025,"TTDI (JALAN BURHANUDDIN HELMI (RUMAH & RUMAH KEDAKI)),TTDI (LRG AMINUDDIN BAKI 2,  LRG AMINUDDIN BAKI 1, JLN AMINUDDIN BAKI )",WILAYAH PERSEKUTUAN,2,77.79166666666667,27.8,18.9
101.611120440552,3.080593838775997,13/07/2025,"E11. SRI PJS 6 FLAT DESA MENTARI 1 (BLOK 1 , 2 , 3),E11. SRI PJS 6 FLAT DESA MENTARI 2 (BLOK 4 , 5 , 6),E11. SRI PJS 8 MENTARI COURT",SELANGOR,3,77.29166666666667,28.3,3.1
101.6815752596583,3.0883902788844217,13/07/2025,"CONTINENTAL HEIGHT KONDO,TAMAN CONTINENTAL A (JLN RUKUN 1-6, JLN 1/128B),TAMAN KUCHAI JAYA A (RUMAH PANGSA KUCHAI JAYA BLOK A,B,C,D)",WILAYAH PERSEKUTUAN,3,77.0,28.2,2.9
101.66395947331412,3.109651193865387,13/07/2025,"INVITO RESIDENCE & HOTEL BANGSAR SOUTH,THE GOODWOOD RESIDENCE",WILAYAH PERSEKUTUAN,2,80.04166666666667,27.6,5.3
101.63320483634229,3.140902032536913,13/07/2025,TTDI (RUMAH PANJANG BUKIT KIARA),WILAYAH PERSEKUTUAN,1,79.625,27.8,1.4
101.61880165860644,3.151528729445162,13/07/2025,"TTDI (JALAN BURHANUDDIN HELMI (RUMAH & RUMAH KEDAKI)),TTDI (LRG AMINUDDIN BAKI 2,  LRG AMINUDDIN BAKI 1, JLN AMINUDDIN BAKI )",WILAYAH PERSEKUTUAN,2,79.625,27.9,1.4
101.61068668430076,3.080287431421051,14/07/2025,"E11. SRI PJS 6 FLAT DESA MENTARI 1 (BLOK 1 , 2 , 3),E11. SRI PJS 6 FLAT DESA MENTARI 2 (BLOK 4 , 5 , 6),E11. SRI PJS 8 APT DAMAI,E11. SRI PJS 8 MENTARI COURT",SELANGOR,4,75.375,28.5,0.4
101.6815553071414,3.088369683777777,14/07/2025,"CONTINENTAL HEIGHT KONDO,TAMAN CONTINENTAL A (JLN RUKUN 1-6, JLN 1/128B),TAMAN KUCHAI JAYA A (RUMAH PANGSA KUCHAI JAYA BLOK A,B,C,D)",WILAYAH PERSEKUTUAN,3,74.0,28.4,0.8
101.66403096905884,3.1112933189411733,14/07/2025,"INVITO RESIDENCE & HOTEL BANGSAR SOUTH,RESIDENCE  KERINCHI,SOUTH VIEW APARTMENT,THE GOODWOOD RESIDENCE",WILAYAH PERSEKUTUAN,4,76.41666666666667,27.9,1.1
101.63320483634229,3.140902032536913,14/07/2025,TTDI (RUMAH PANJANG BUKIT KIARA),WILAYAH PERSEKUTUAN,1,76.54166666666667,28.0,0.5
101.6200228347192,3.1527306448719203,14/07/2025,"TTDI (AMINUDDIN BAKI 3 (66-150),TTDI (JALAN BURHANUDDIN HELMI (RUMAH & RUMAH KEDAKI)),TTDI (LRG AMINUDDIN BAKI 2,  LRG AMINUDDIN BAKI 1, JLN AMINUDDIN BAKI )",WILAYAH PERSEKUTUAN,3,76.54166666666667,28.1,0.5
101.61068668430076,3.080287431421051,15/07/2025,"E11. SRI PJS 6 FLAT DESA MENTARI 1 (BLOK 1 , 2 , 3),E11. SRI PJS 6 FLAT DESA MENTARI 2 (BLOK 4 , 5 , 6),E11. SRI PJS 8 APT DAMAI,E11. SRI PJS 8 MENTARI COURT",SELANGOR,4,68.0,29.1,0.1
101.6815553071414,3.088369683777777,15/07/2025,"CONTINENTAL HEIGHT KONDO,TAMAN CONTINENTAL A (JLN RUKUN 1-6, JLN 1/128B),TAMAN KUCHAI JAYA A (RUMAH PANGSA KUCHAI JAYA BLOK A,B,C,D)",WILAYAH PERSEKUTUAN,3,64.41666666666667,29.3,0.0
101.66403096905884,3.1112933189411733,15/07/2025,"INVITO RESIDENCE & HOTEL BANGSAR SOUTH,RESIDENCE  KERINCHI,SOUTH VIEW APARTMENT,THE GOODWOOD RESIDENCE",WILAYAH PERSEKUTUAN,4,68.04166666666667,28.7,0.0
101.63320483634229,3.140902032536913,15/07/2025,TTDI (RUMAH PANJANG BUKIT KIARA),WILAYAH PERSEKUTUAN,1,69.04166666666667,28.6,0.0
101.6200228347192,3.1527306448719203,15/07/2025,"TTDI (AMINUDDIN BAKI 3 (66-150),TTDI (JALAN BURHANUDDIN HELMI (RUMAH & RUMAH KEDAKI)),TTDI (LRG AMINUDDIN BAKI 2,  LRG AMINUDDIN BAKI 1, JLN AMINUDDIN BAKI )",WILAYAH PERSEKUTUAN,3,69.04166666666667,28.7,0.0
101.61068668430076,3.080287431421051,16/07/2025,"E11. SRI PJS 6 FLAT DESA MENTARI 1 (BLOK 1 , 2 , 3),E11. SRI PJS 6 FLAT DESA MENTARI 2 (BLOK 4 , 5 , 6),E11. SRI PJS 8 APT DAMAI,E11. SRI PJS 8 MENTARI COURT",SELANGOR,4,60.708333333333336,30.5,0.1
101.6815553071414,3.088369683777777,16/07/2025,"CONTINENTAL HEIGHT KONDO,TAMAN CONTINENTAL A (JLN RUKUN 1-6, JLN 1/128B),TAMAN KUCHAI JAYA A (RUMAH PANGSA KUCHAI JAYA BLOK A,B,C,D)",WILAYAH PERSEKUTUAN,3,58.5,30.6,0.0
101.66430858020452,3.1118090404636343,16/07/2025,"INVITO RESIDENCE & HOTEL BANGSAR SOUTH,KOMUNE LIVING BANGSAR SOUTH,RESIDENCE  KERINCHI,SOUTH VIEW APARTMENT,THE GOODWOOD RESIDENCE",WILAYAH PERSEKUTUAN,5,62.208333333333336,30.0,0.0
101.63320483634229,3.140902032536913,16/07/2025,TTDI (RUMAH PANJANG BUKIT KIARA),WILAYAH PERSEKUTUAN,1,62.04166666666666,30.0,0.0
101.62144950117124,3.154124795712326,16/07/2025,TTDI (AMINUDDIN BAKI 3 (66-150),WILAYAH PERSEKUTUAN,1,62.0,30.0,0.0
101.61068668430076,3.080287431421051,17/07/2025,"E11. SRI PJS 6 FLAT DESA MENTARI 1 (BLOK 1 , 2 , 3),E11. SRI PJS 6 FLAT DESA MENTARI 2 (BLOK 4 , 5 , 6),E11. SRI PJS 8 APT DAMAI,E11. SRI PJS 8 MENTARI COURT",SELANGOR,4,53.333333333333336,31.1,0.0
101.68153366685571,3.0885774086119406,17/07/2025,"CONTINENTAL HEIGHT KONDO,TAMAN CONTINENTAL A (JLN RUKUN 1-6, JLN 1/128B),TAMAN KUCHAI JAYA A (RUMAH PANGSA KUCHAI JAYA BLOK A,B,C,D)",WILAYAH PERSEKUTUAN,3,52.583333333333336,30.9,0.0
101.66430858020452,3.1118090404636343,17/07/2025,"INVITO RESIDENCE & HOTEL BANGSAR SOUTH,KOMUNE LIVING BANGSAR SOUTH,RESIDENCE  KERINCHI,SOUTH VIEW APARTMENT,THE GOODWOOD RESIDENCE",WILAYAH PERSEKUTUAN,5,53.16666666666666,30.6,0.0
101.6919939811899,3.1209731178354434,17/07/2025,LE CHATEAU CONDO,WILAYAH PERSEKUTUAN,1,53.16666666666666,30.6,0.0
101.63320483634229,3.140902032536913,17/07/2025,TTDI (RUMAH PANJANG BUKIT KIARA),WILAYAH PERSEKUTUAN,1,52.54166666666666,30.7,0.0
101.62144950117124,3.154124795712326,17/07/2025,TTDI (AMINUDDIN BAKI 3 (66-150),WILAYAH PERSEKUTUAN,1,52.54166666666666,30.7,0.0
101.61068668430076,3.080287431421051,18/07/2025,"E11. SRI PJS 6 FLAT DESA MENTARI 1 (BLOK 1 , 2 , 3),E11. SRI PJS 6 FLAT DESA MENTARI 2 (BLOK 4 , 5 , 6),E11. SRI PJS 8 APT DAMAI,E11. SRI PJS 8 MENTARI COURT",SELANGOR,4,50.04166666666666,30.9,0.0
101.68153366685571,3.0885774086119406,18/07/2025,"CONTINENTAL HEIGHT KONDO,TAMAN CONTINENTAL A (JLN RUKUN 1-6, JLN 1/128B),TAMAN KUCHAI JAYA A (RUMAH PANGSA KUCHAI JAYA BLOK A,B,C,D)",WILAYAH PERSEKUTUAN,3,50.75,30.8,0.0
101.66430858020452,3.1118090404636343,18/07/2025,"INVITO RESIDENCE & HOTEL BANGSAR SOUTH,KOMUNE LIVING BANGSAR SOUTH,RESIDENCE  KERINCHI,SOUTH VIEW APARTMENT,THE GOODWOOD RESIDENCE",WILAYAH PERSEKUTUAN,5,49.5,30.8,0.0
101.6919939811899,3.1209731178354434,18/07/2025,LE CHATEAU CONDO,WILAYAH PERSEKUTUAN,1,49.5,30.8,0.0
101.63320483634229,3.140902032536913,18/07/2025,TTDI (RUMAH PANJANG BUKIT KIARA),WILAYAH PERSEKUTUAN,1,51.125,30.7,0.0
101.62144950117124,3.154124795712326,18/07/2025,TTDI (AMINUDDIN BAKI 3 (66-150),WILAYAH PERSEKUTUAN,1,51.125,30.7,0.0
101.61068668430076,3.080287431421051,19/07/2025,"E11. SRI PJS 6 FLAT DESA MENTARI 1 (BLOK 1 , 2 , 3),E11. SRI PJS 6 FLAT DESA MENTARI 2 (BLOK 4 , 5 , 6),E11. SRI PJS 8 APT DAMAI,E11. SRI PJS 8 MENTARI COURT",SELANGOR,4,51.0,31.3,0.0
101.68153366685571,3.0885774086119406,19/07/2025,"CONTINENTAL HEIGHT KONDO,TAMAN CONTINENTAL A (JLN RUKUN 1-6, JLN 1/128B),TAMAN KUCHAI JAYA A (RUMAH PANGSA KUCHAI JAYA BLOK A,B,C,D)",WILAYAH PERSEKUTUAN,3,49.25,31.1,0.0
101.66430858020452,3.1118090404636343,19/07/2025,"INVITO RESIDENCE & HOTEL BANGSAR SOUTH,KOMUNE LIVING BANGSAR SOUTH,RESIDENCE  KERINCHI,SOUTH VIEW APARTMENT,THE GOODWOOD RESIDENCE",WILAYAH PERSEKUTUAN,5,46.875,31.1,0.0
101.6919939811899,3.1209731178354434,19/07/2025,LE CHATEAU CONDO,WILAYAH PERSEKUTUAN,1,46.875,31.1,0.0
101.63320593917808,3.1407517410410986,19/07/2025,RUMAH PANJANG BUKIT KIARA,WILAYAH PERSEKUTUAN,1,47.833333333333336,31.2,0.0
101.62144950117124,3.154124795712326,19/07/2025,TTDI (AMINUDDIN BAKI 3 (66-150),WILAYAH PERSEKUTUAN,1,47.833333333333336,31.1,0.0
101.61068668430076,3.080287431421051,20/07/2025,"E11. SRI PJS 6 FLAT DESA MENTARI 1 (BLOK 1 , 2 , 3),E11. SRI PJS 6 FLAT DESA MENTARI 2 (BLOK 4 , 5 , 6),E11. SRI PJS 8 APT DAMAI,E11. SRI PJS 8 MENTARI COURT",SELANGOR,4,53.708333333333336,31.1,0.0
101.68153366685571,3.0885774086119406,20/07/2025,"CONTINENTAL HEIGHT KONDO,TAMAN CONTINENTAL A (JLN RUKUN 1-6, JLN 1/128B),TAMAN KUCHAI JAYA A (RUMAH PANGSA KUCHAI JAYA BLOK A,B,C,D)",WILAYAH PERSEKUTUAN,3,53.66666666666666,30.9,0.0
101.66430858020452,3.1118090404636343,20/07/2025,"INVITO RESIDENCE & HOTEL BANGSAR SOUTH,KOMUNE LIVING BANGSAR SOUTH,RESIDENCE  KERINCHI,SOUTH VIEW APARTMENT,THE GOODWOOD RESIDENCE",WILAYAH PERSEKUTUAN,5,52.708333333333336,30.9,0.0
101.6919939811899,3.1209731178354434,20/07/2025,LE CHATEAU CONDO,WILAYAH PERSEKUTUAN,1,52.708333333333336,30.9,0.0
101.63320593917808,3.1407517410410986,20/07/2025,RUMAH PANJANG BUKIT KIARA,WILAYAH PERSEKUTUAN,1,53.875,30.9,0.0
101.62144950117124,3.154124795712326,20/07/2025,TTDI (AMINUDDIN BAKI 3 (66-150),WILAYAH PERSEKUTUAN,1,53.833333333333336,30.9,0.0
101.63049582493828,3.080464625518518,21/07/2025,"E12. TM PJS 2C APT MEDAN CAHAYA 2 (BLOK D , E , F),E12. TM PJS 2C TMN MEDAN (TERES 5) [JLN PJS 2C/5,1,2,4,6,8,10,PJS 2/2,1]",SELANGOR,2,59.125,30.8,0.1
101.61068668430076,3.080287431421051,21/07/2025,"E11. SRI PJS 6 FLAT DESA MENTARI 1 (BLOK 1 , 2 , 3),E11. SRI PJS 6 FLAT DESA MENTARI 2 (BLOK 4 , 5 , 6),E11. SRI PJS 8 APT DAMAI,E11. SRI PJS 8 MENTARI COURT",SELANGOR,4,59.125,30.8,0.1
101.68153366685571,3.0885774086119406,21/07/2025,"CONTINENTAL HEIGHT KONDO,TAMAN CONTINENTAL A (JLN RUKUN 1-6, JLN 1/128B),TAMAN KUCHAI JAYA A (RUMAH PANGSA KUCHAI JAYA BLOK A,B,C,D)",WILAYAH PERSEKUTUAN,3,58.708333333333336,30.7,0.0
101.64389606409756,3.1095350847560983,21/07/2025,"E10. BG SEK 11 (TERES 1) [JLN 11/4,11/4A-4F,11/5,11/7,11/9,11/10,11/12],E10. BG SEK 52 (LORONG UTARA)",SELANGOR,2,58.125,30.8,0.0
101.66430858020452,3.1118090404636343,21/07/2025,"INVITO RESIDENCE & HOTEL BANGSAR SOUTH,KOMUNE LIVING BANGSAR SOUTH,RESIDENCE  KERINCHI,SOUTH VIEW APARTMENT,THE GOODWOOD RESIDENCE",WILAYAH PERSEKUTUAN,5,57.458333333333336,30.8,0.1
101.6919939811899,3.1209731178354434,21/07/2025,LE CHATEAU CONDO,WILAYAH PERSEKUTUAN,1,57.458333333333336,30.8,0.1
101.63320593917808,3.1407517410410986,21/07/2025,RUMAH PANJANG BUKIT KIARA,WILAYAH PERSEKUTUAN,1,58.125,30.7,0.0
101.62144950117124,3.154124795712326,21/07/2025,TTDI (AMINUDDIN BAKI 3 (66-150),WILAYAH PERSEKUTUAN,1,58.125,30.7,0.0
101.63049582493828,3.080464625518518,22/07/2025,"E12. TM PJS 2C APT MEDAN CAHAYA 2 (BLOK D , E , F),E12. TM PJS 2C TMN MEDAN (TERES 5) [JLN PJS 2C/5,1,2,4,6,8,10,PJS 2/2,1]",SELANGOR,2,65.75,29.4,2.3
101.61068668430076,3.080287431421051,22/07/2025,"E11. SRI PJS 6 FLAT DESA MENTARI 1 (BLOK 1 , 2 , 3),E11. SRI PJS 6 FLAT DESA MENTARI 2 (BLOK 4 , 5 , 6),E11. SRI PJS 8 APT DAMAI,E11. SRI PJS 8 MENTARI COURT",SELANGOR,4,65.75,29.5,2.3
101.68153366685571,3.0885774086119406,22/07/2025,"CONTINENTAL HEIGHT KONDO,TAMAN CONTINENTAL A (JLN RUKUN 1-6, JLN 1/128B),TAMAN KUCHAI JAYA A (RUMAH PANGSA KUCHAI JAYA BLOK A,B,C,D)",WILAYAH PERSEKUTUAN,3,64.66666666666667,29.3,2.4
101.64389606409756,3.1095350847560983,22/07/2025,"E10. BG SEK 11 (TERES 1) [JLN 11/4,11/4A-4F,11/5,11/7,11/9,11/10,11/12],E10. BG SEK 52 (LORONG UTARA)",SELANGOR,2,64.70833333333333,29.3,2.7
101.66430858020452,3.1118090404636343,22/07/2025,"INVITO RESIDENCE & HOTEL BANGSAR SOUTH,KOMUNE LIVING BANGSAR SOUTH,RESIDENCE  KERINCHI,SOUTH VIEW APARTMENT,THE GOODWOOD RESIDENCE",WILAYAH PERSEKUTUAN,5,63.625,29.2,3.5
101.62121138512924,3.114826183673468,22/07/2025,"E9. KT SS 2 (6) [JLN SS 2/24, 2/26 - 2/38]",SELANGOR,1,64.70833333333333,29.2,2.7
101.6919939811899,3.1209731178354434,22/07/2025,LE CHATEAU CONDO,WILAYAH PERSEKUTUAN,1,63.625,29.2,3.5
101.63320593917808,3.1407517410410986,22/07/2025,RUMAH PANJANG BUKIT KIARA,WILAYAH PERSEKUTUAN,1,64.70833333333333,29.2,2.7
101.62144950117124,3.154124795712326,22/07/2025,TTDI (AMINUDDIN BAKI 3 (66-150),WILAYAH PERSEKUTUAN,1,64.70833333333333,29.2,2.7
101.63049582493828,3.080464625518518,23/07/2025,"E12. TM PJS 2C APT MEDAN CAHAYA 2 (BLOK D , E , F),E12. TM PJS 2C TMN MEDAN (TERES 5) [JLN PJS 2C/5,1,2,4,6,8,10,PJS 2/2,1]",SELANGOR,2,67.79166666666667,29.5,0.8
101.61068668430076,3.080287431421051,23/07/2025,"E11. SRI PJS 6 FLAT DESA MENTARI 1 (BLOK 1 , 2 , 3),E11. SRI PJS 6 FLAT DESA MENTARI 2 (BLOK 4 , 5 , 6),E11. SRI PJS 8 APT DAMAI,E11. SRI PJS 8 MENTARI COURT",SELANGOR,4,67.79166666666667,29.5,0.8
101.68164449130096,3.088746291461164,23/07/2025,"CONTINENTAL HEIGHT KONDO,TAMAN CONTINENTAL A (JLN RUKUN 1-6, JLN 1/128B),TAMAN KUCHAI JAYA A (RUMAH PANGSA KUCHAI JAYA BLOK A,B,C,D)",WILAYAH PERSEKUTUAN,3,67.375,29.4,0.9
101.64389606409756,3.1095350847560983,23/07/2025,"E10. BG SEK 11 (TERES 1) [JLN 11/4,11/4A-4F,11/5,11/7,11/9,11/10,11/12],E10. BG SEK 52 (LORONG UTARA)",SELANGOR,2,64.20833333333333,29.9,0.2
101.66402801734957,3.1116812975486705,23/07/2025,"KOMUNE LIVING BANGSAR SOUTH,PANTAI PANORAMA KONDO,RESIDENCE  KERINCHI,SOUTH VIEW APARTMENT,THE GOODWOOD RESIDENCE",WILAYAH PERSEKUTUAN,5,62.125,29.9,0.1
101.62121138512924,3.114826183673468,23/07/2025,"E9. KT SS 2 (6) [JLN SS 2/24, 2/26 - 2/38]",SELANGOR,1,64.16666666666667,29.8,0.2
101.6919939811899,3.1209731178354434,23/07/2025,LE CHATEAU CONDO,WILAYAH PERSEKUTUAN,1,62.125,29.9,0.1
101.63320593917808,3.1407517410410986,23/07/2025,RUMAH PANJANG BUKIT KIARA,WILAYAH PERSEKUTUAN,1,64.16666666666667,29.8,0.2
101.62144950117124,3.154124795712326,23/07/2025,TTDI (AMINUDDIN BAKI 3 (66-150),WILAYAH PERSEKUTUAN,1,64.16666666666667,29.8,0.2
101.63049582493828,3.080464625518518,24/07/2025,"E12. TM PJS 2C APT MEDAN CAHAYA 2 (BLOK D , E , F),E12. TM PJS 2C TMN MEDAN (TERES 5) [JLN PJS 2C/5,1,2,4,6,8,10,PJS 2/2,1]",SELANGOR,2,69.83333333333333,29.5,0.9
101.61068917011283,3.080302415206224,24/07/2025,"E11. SRI PJS 6 FLAT DESA MENTARI 1 (BLOK 1 , 2 , 3),E11. SRI PJS 6 FLAT DESA MENTARI 2 (BLOK 4 , 5 , 6),E11. SRI PJS 8 APT DAMAI,E11. SRI PJS 8 MENTARI COURT",SELANGOR,4,69.83333333333333,29.5,0.9
101.68153366685571,3.0885774086119406,24/07/2025,"CONTINENTAL HEIGHT KONDO,TAMAN CONTINENTAL A (JLN RUKUN 1-6, JLN 1/128B),TAMAN KUCHAI JAYA A (RUMAH PANGSA KUCHAI JAYA BLOK A,B,C,D)",WILAYAH PERSEKUTUAN,3,68.54166666666667,29.4,1.4
101.64389606409756,3.1095350847560983,24/07/2025,"E10. BG SEK 11 (TERES 1) [JLN 11/4,11/4A-4F,11/5,11/7,11/9,11/10,11/12],E10. BG SEK 52 (LORONG UTARA)",SELANGOR,2,69.54166666666667,29.4,3.5
101.66402801734957,3.1116812975486705,24/07/2025,"KOMUNE LIVING BANGSAR SOUTH,PANTAI PANORAMA KONDO,RESIDENCE  KERINCHI,SOUTH VIEW APARTMENT,THE GOODWOOD RESIDENCE",WILAYAH PERSEKUTUAN,5,67.625,29.5,1.4
101.62121138512924,3.114826183673468,24/07/2025,"E9. KT SS 2 (6) [JLN SS 2/24, 2/26 - 2/38]",SELANGOR,1,69.5,29.3,3.5
101.6919939811899,3.1209731178354434,24/07/2025,LE CHATEAU CONDO,WILAYAH PERSEKUTUAN,1,67.625,29.5,1.4
101.63320593917808,3.1407517410410986,24/07/2025,RUMAH PANJANG BUKIT KIARA,WILAYAH PERSEKUTUAN,1,69.5,29.3,3.5
101.62144950117124,3.154124795712326,24/07/2025,TTDI (AMINUDDIN BAKI 3 (66-150),WILAYAH PERSEKUTUAN,1,69.5,29.3,3.5
101.63049582493828,3.080464625518518,25/07/2025,"E12. TM PJS 2C APT MEDAN CAHAYA 2 (BLOK D , E , F),E12. TM PJS 2C TMN MEDAN (TERES 5) [JLN PJS 2C/5,1,2,4,6,8,10,PJS 2/2,1]",SELANGOR,2,74.79166666666667,28.3,3.1
101.61068917011283,3.080302415206224,25/07/2025,"E11. SRI PJS 6 FLAT DESA MENTARI 1 (BLOK 1 , 2 , 3),E11. SRI PJS 6 FLAT DESA MENTARI 2 (BLOK 4 , 5 , 6),E11. SRI PJS 8 APT DAMAI,E11. SRI PJS 8 MENTARI COURT",SELANGOR,4,74.79166666666667,28.3,3.1
101.68207210526026,3.0897296995411003,25/07/2025,"TAMAN CONTINENTAL A (JLN RUKUN 1-6, JLN 1/128B)",WILAYAH PERSEKUTUAN,1,77.08333333333333,28.0,2.6
101.64389606409756,3.1095350847560983,25/07/2025,"E10. BG SEK 11 (TERES 1) [JLN 11/4,11/4A-4F,11/5,11/7,11/9,11/10,11/12],E10. BG SEK 52 (LORONG UTARA)",SELANGOR,2,74.625,28.1,2.6
101.66414292251557,3.111618097831109,25/07/2025,"KOMUNE LIVING BANGSAR SOUTH,PANTAI PANORAMA KONDO,SOUTH VIEW APARTMENT,THE GOODWOOD RESIDENCE",WILAYAH PERSEKUTUAN,4,74.45833333333333,28.1,1.9
101.62121138512924,3.114826183673468,25/07/2025,"E9. KT SS 2 (6) [JLN SS 2/24, 2/26 - 2/38]",SELANGOR,1,74.625,28.0,2.6
101.6919939811899,3.1209731178354434,25/07/2025,LE CHATEAU CONDO,WILAYAH PERSEKUTUAN,1,74.5,28.1,1.9
101.63320593917808,3.1407517410410986,25/07/2025,RUMAH PANJANG BUKIT KIARA,WILAYAH PERSEKUTUAN,1,74.625,28.0,2.6
101.62144950117124,3.154124795712326,25/07/2025,TTDI (AMINUDDIN BAKI 3 (66-150),WILAYAH PERSEKUTUAN,1,74.625,28.0,2.6
101.63049582493828,3.080464625518518,26/07/2025,"E12. TM PJS 2C APT MEDAN CAHAYA 2 (BLOK D , E , F),E12. TM PJS 2C TMN MEDAN (TERES 5) [JLN PJS 2C/5,1,2,4,6,8,10,PJS 2/2,1]",SELANGOR,2,77.5,27.9,6.1
101.68207210526026,3.0897296995411003,26/07/2025,"TAMAN CONTINENTAL A (JLN RUKUN 1-6, JLN 1/128B)",WILAYAH PERSEKUTUAN,1,79.375,27.6,8.3
101.66322698986956,3.109427027565216,26/07/2025,"PANTAI PANORAMA KONDO,THE GOODWOOD RESIDENCE",WILAYAH PERSEKUTUAN,2,76.08333333333333,27.6,9.9
101.64389606409756,3.1095350847560983,26/07/2025,"E10. BG SEK 11 (TERES 1) [JLN 11/4,11/4A-4F,11/5,11/7,11/9,11/10,11/12],E10. BG SEK 52 (LORONG UTARA)",SELANGOR,2,76.0,27.9,6.6
101.62121138512924,3.114826183673468,26/07/2025,"E9. KT SS 2 (6) [JLN SS 2/24, 2/26 - 2/38]",SELANGOR,1,75.95833333333333,27.8,6.6
101.6919939811899,3.1209731178354434,26/07/2025,LE CHATEAU CONDO,WILAYAH PERSEKUTUAN,1,76.16666666666667,27.9,9.9
101.68288478059156,3.1238375107183134,26/07/2025,"KEM SG.BESI (JALAN LABUAN) BLOK G4,G5,G6,G7,G8,G9",WILAYAH PERSEKUTUAN,1,76.20833333333333,28.1,9.9
101.63320593917808,3.1407517410410986,26/07/2025,RUMAH PANJANG BUKIT KIARA,WILAYAH PERSEKUTUAN,1,75.95833333333333,27.8,6.6
101.61997775056992,3.15487541468912,26/07/2025,"TTDI (AMINUDDIN BAKI 3 (66-150),TTDI (JALAN RAHIM KAJAI (28-80), LORONG RAHIM KAJAI 3,4,5,6,7),TTDI (JLN RAHIM KAJAI, LENGKOK AMINUDDIN BAKI,LRG. AMINUDDIN BAKI 3 (66-150)",WILAYAH PERSEKUTUAN,3,75.91666666666667,27.8,6.6
101.63049582493828,3.080464625518518,27/07/2025,"E12. TM PJS 2C APT MEDAN CAHAYA 2 (BLOK D , E , F),E12. TM PJS 2C TMN MEDAN (TERES 5) [JLN PJS 2C/5,1,2,4,6,8,10,PJS 2/2,1]",SELANGOR,2,76.41666666666667,28.6,1.4
101.68207210526026,3.0897296995411003,27/07/2025,"TAMAN CONTINENTAL A (JLN RUKUN 1-6, JLN 1/128B)",WILAYAH PERSEKUTUAN,1,78.29166666666667,28.2,3.1
101.66322698986956,3.109427027565216,27/07/2025,"PANTAI PANORAMA KONDO,THE GOODWOOD RESIDENCE",WILAYAH PERSEKUTUAN,2,76.41666666666667,28.1,1.6
101.64389606409756,3.1095350847560983,27/07/2025,"E10. BG SEK 11 (TERES 1) [JLN 11/4,11/4A-4F,11/5,11/7,11/9,11/10,11/12],E10. BG SEK 52 (LORONG UTARA)",SELANGOR,2,76.33333333333333,28.5,2.3
101.62121138512924,3.114826183673468,27/07/2025,"E9. KT SS 2 (6) [JLN SS 2/24, 2/26 - 2/38]",SELANGOR,1,76.33333333333333,28.4,2.3
101.6919939811899,3.1209731178354434,27/07/2025,LE CHATEAU CONDO,WILAYAH PERSEKUTUAN,1,76.41666666666667,28.3,1.6
101.68288478059156,3.1238375107183134,27/07/2025,"KEM SG.BESI (JALAN LABUAN) BLOK G4,G5,G6,G7,G8,G9",WILAYAH PERSEKUTUAN,1,76.45833333333333,28.5,1.6
101.63320593917808,3.1407517410410986,27/07/2025,RUMAH PANJANG BUKIT KIARA,WILAYAH PERSEKUTUAN,1,76.33333333333333,28.4,2.3
101.61910969009875,3.155454224049383,27/07/2025,"TTDI (JALAN RAHIM KAJAI (28-80), LORONG RAHIM KAJAI 3,4,5,6,7),TTDI (JLN RAHIM KAJAI, LENGKOK AMINUDDIN BAKI,LRG. AMINUDDIN BAKI 3 (66-150)",WILAYAH PERSEKUTUAN,2,76.33333333333333,28.4,2.3
101.63049582493828,3.080464625518518,28/07/2025,"E12. TM PJS 2C APT MEDAN CAHAYA 2 (BLOK D , E , F),E12. TM PJS 2C TMN MEDAN (TERES 5) [JLN PJS 2C/5,1,2,4,6,8,10,PJS 2/2,1]",SELANGOR,2,69.54166666666667,29.7,0.2
101.68207210526026,3.0897296995411003,28/07/2025,"TAMAN CONTINENTAL A (JLN RUKUN 1-6, JLN 1/128B)",WILAYAH PERSEKUTUAN,1,72.16666666666667,29.1,0.2
101.66322698986956,3.109427027565216,28/07/2025,"PANTAI PANORAMA KONDO,THE GOODWOOD RESIDENCE",WILAYAH PERSEKUTUAN,2,69.0,29.1,0.0
101.64389606409756,3.1095350847560983,28/07/2025,"E10. BG SEK 11 (TERES 1) [JLN 11/4,11/4A-4F,11/5,11/7,11/9,11/10,11/12],E10. BG SEK 52 (LORONG UTARA)",SELANGOR,2,69.20833333333333,29.6,0.1
101.62121138512924,3.114826183673468,28/07/2025,"E9. KT SS 2 (6) [JLN SS 2/24, 2/26 - 2/38]",SELANGOR,1,69.20833333333333,29.4,0.1
101.6919939811899,3.1209731178354434,28/07/2025,LE CHATEAU CONDO,WILAYAH PERSEKUTUAN,1,69.04166666666667,29.4,0.0
101.61021479759157,3.122121373690143,28/07/2025,"E8. BU SS 23 (2) [JLN SS 23/6 , 23/6A - 23/6F, 23/28]",SELANGOR,1,69.20833333333333,29.5,0.1
101.68288478059156,3.1238375107183134,28/07/2025,"KEM SG.BESI (JALAN LABUAN) BLOK G4,G5,G6,G7,G8,G9",WILAYAH PERSEKUTUAN,1,69.04166666666667,29.6,0.0
101.63320593917808,3.1407517410410986,28/07/2025,RUMAH PANJANG BUKIT KIARA,WILAYAH PERSEKUTUAN,1,69.20833333333333,29.5,0.1
101.61910969009875,3.155454224049383,28/07/2025,"TTDI (JALAN RAHIM KAJAI (28-80), LORONG RAHIM KAJAI 3,4,5,6,7),TTDI (JLN RAHIM KAJAI, LENGKOK AMINUDDIN BAKI,LRG. AMINUDDIN BAKI 3 (66-150)",WILAYAH PERSEKUTUAN,2,69.16666666666667,29.4,0.1
101.63049582493828,3.080464625518518,29/07/2025,"E12. TM PJS 2C APT MEDAN CAHAYA 2 (BLOK D , E , F),E12. TM PJS 2C TMN MEDAN (TERES 5) [JLN PJS 2C/5,1,2,4,6,8,10,PJS 2/2,1]",SELANGOR,2,65.58333333333333,30.7,1.0
101.68207210526026,3.0897296995411003,29/07/2025,"TAMAN CONTINENTAL A (JLN RUKUN 1-6, JLN 1/128B)",WILAYAH PERSEKUTUAN,1,69.54166666666667,30.0,0.5
101.66322698986956,3.109427027565216,29/07/2025,"PANTAI PANORAMA KONDO,THE GOODWOOD RESIDENCE",WILAYAH PERSEKUTUAN,2,63.75,30.4,0.3
101.64389606409756,3.1095350847560983,29/07/2025,"E10. BG SEK 11 (TERES 1) [JLN 11/4,11/4A-4F,11/5,11/7,11/9,11/10,11/12],E10. BG SEK 52 (LORONG UTARA)",SELANGOR,2,63.875,30.8,0.3
101.62121138512924,3.114826183673468,29/07/2025,"E9. KT SS 2 (6) [JLN SS 2/24, 2/26 - 2/38]",SELANGOR,1,63.75,30.7,0.3
101.61021479759157,3.122121373690143,29/07/2025,"E8. BU SS 23 (2) [JLN SS 23/6 , 23/6A - 23/6F, 23/28]",SELANGOR,1,63.833333333333336,30.7,0.3
101.68288478059156,3.1238375107183134,29/07/2025,"KEM SG.BESI (JALAN LABUAN) BLOK G4,G5,G6,G7,G8,G9",WILAYAH PERSEKUTUAN,1,63.79166666666666,30.8,0.3
101.63320593917808,3.1407517410410986,29/07/2025,RUMAH PANJANG BUKIT KIARA,WILAYAH PERSEKUTUAN,1,63.75,30.7,0.3
101.61910969009875,3.155454224049383,29/07/2025,"TTDI (JALAN RAHIM KAJAI (28-80), LORONG RAHIM KAJAI 3,4,5,6,7),TTDI (JLN RAHIM KAJAI, LENGKOK AMINUDDIN BAKI,LRG. AMINUDDIN BAKI 3 (66-150)",WILAYAH PERSEKUTUAN,2,63.75,30.6,0.3
101.6301345436932,3.0808529930397737,30/07/2025,"E12. TM PJS 2C APT MEDAN CAHAYA 2 (BLOK D , E , F),E12. TM PJS 2C TMN MEDAN (TERES 5) [JLN PJS 2C/5,1,2,4,6,8,10,PJS 2/2,1]",SELANGOR,2,69.875,29.4,0.6
101.66322698986956,3.109427027565216,30/07/2025,"PANTAI PANORAMA KONDO,THE GOODWOOD RESIDENCE",WILAYAH PERSEKUTUAN,2,71.375,28.7,3.0
101.64389606409756,3.1095350847560983,30/07/2025,"E10. BG SEK 11 (TERES 1) [JLN 11/4,11/4A-4F,11/5,11/7,11/9,11/10,11/12],E10. BG SEK 52 (LORONG UTARA)",SELANGOR,2,67.54166666666667,29.6,0.5
101.62121138512924,3.114826183673468,30/07/2025,"E9. KT SS 2 (6) [JLN SS 2/24, 2/26 - 2/38]",SELANGOR,1,67.54166666666667,29.5,0.5
101.61021479759157,3.122121373690143,30/07/2025,"E8. BU SS 23 (2) [JLN SS 23/6 , 23/6A - 23/6F, 23/28]",SELANGOR,1,67.54166666666667,29.6,0.5
101.68288478059156,3.1238375107183134,30/07/2025,"KEM SG.BESI (JALAN LABUAN) BLOK G4,G5,G6,G7,G8,G9",WILAYAH PERSEKUTUAN,1,71.375,29.2,3.0
101.63320593917808,3.1407517410410986,30/07/2025,RUMAH PANJANG BUKIT KIARA,WILAYAH PERSEKUTUAN,1,67.54166666666667,29.5,0.5
101.61910969009875,3.155454224049383,30/07/2025,"TTDI (JALAN RAHIM KAJAI (28-80), LORONG RAHIM KAJAI 3,4,5,6,7),TTDI (JLN RAHIM KAJAI, LENGKOK AMINUDDIN BAKI,LRG. AMINUDDIN BAKI 3 (66-150)",WILAYAH PERSEKUTUAN,2,67.54166666666667,29.5,0.5
101.6301345436932,3.0808529930397737,31/07/2025,"E12. TM PJS 2C APT MEDAN CAHAYA 2 (BLOK D , E , F),E12. TM PJS 2C TMN MEDAN (TERES 5) [JLN PJS 2C/5,1,2,4,6,8,10,PJS 2/2,1]",SELANGOR,2,68.45833333333333,30.0,0.2
101.66322698986956,3.109427027565216,31/07/2025,"PANTAI PANORAMA KONDO,THE GOODWOOD RESIDENCE",WILAYAH PERSEKUTUAN,2,70.08333333333333,29.2,0.3
101.64389606409756,3.1095350847560983,31/07/2025,"E10. BG SEK 11 (TERES 1) [JLN 11/4,11/4A-4F,11/5,11/7,11/9,11/10,11/12],E10. BG SEK 52 (LORONG UTARA)",SELANGOR,2,66.41666666666667,30.1,0.2
101.62121138512924,3.114826183673468,31/07/2025,"E9. KT SS 2 (6) [JLN SS 2/24, 2/26 - 2/38]",SELANGOR,1,66.41666666666667,30.0,0.2
101.61021479759157,3.122121373690143,31/07/2025,"E8. BU SS 23 (2) [JLN SS 23/6 , 23/6A - 23/6F, 23/28]",SELANGOR,1,66.41666666666667,30.1,0.2
101.68288478059156,3.1238375107183134,31/07/2025,"KEM SG.BESI (JALAN LABUAN) BLOK G4,G5,G6,G7,G8,G9",WILAYAH PERSEKUTUAN,1,70.16666666666667,29.6,0.3
101.63320593917808,3.1407517410410986,31/07/2025,RUMAH PANJANG BUKIT KIARA,WILAYAH PERSEKUTUAN,1,66.41666666666667,30.0,0.2
101.61910969009875,3.155454224049383,31/07/2025,"TTDI (JALAN RAHIM KAJAI (28-80), LORONG RAHIM KAJAI 3,4,5,6,7),TTDI (JLN RAHIM KAJAI, LENGKOK AMINUDDIN BAKI,LRG. AMINUDDIN BAKI 3 (66-150)",WILAYAH PERSEKUTUAN,2,66.41666666666667,30.0,0.2
101.6427521971278,3.167162140683334,31/07/2025,"BUKIT KIARA (SENADA RESIDENCY) RUMAH KONGSI TAPAK BINA,MONT KIARA (KIARAMAS AYURIA),MONT KIARA (KIARAMAS CENDANA)",WILAYAH PERSEKUTUAN,3,67.125,29.3,0.1
101.6301345436932,3.0808529930397737,01/08/2025,"E12. TM PJS 2C APT MEDAN CAHAYA 2 (BLOK D , E , F),E12. TM PJS 2C TMN MEDAN (TERES 5) [JLN PJS 2C/5,1,2,4,6,8,10,PJS 2/2,1]",SELANGOR,2,65.95833333333333,30.2,1.0
101.66322698986956,3.109427027565216,01/08/2025,"PANTAI PANORAMA KONDO,THE GOODWOOD RESIDENCE",WILAYAH PERSEKUTUAN,2,69.875,29.1,3.5
101.64389606409756,3.1095350847560983,01/08/2025,"E10. BG SEK 11 (TERES 1) [JLN 11/4,11/4A-4F,11/5,11/7,11/9,11/10,11/12],E10. BG SEK 52 (LORONG UTARA)",SELANGOR,2,64.95833333333333,30.2,0.4
101.62121138512924,3.114826183673468,01/08/2025,"E9. KT SS 2 (6) [JLN SS 2/24, 2/26 - 2/38]",SELANGOR,1,64.95833333333333,30.1,0.4
101.61021479759157,3.122121373690143,01/08/2025,"E8. BU SS 23 (2) [JLN SS 23/6 , 23/6A - 23/6F, 23/28]",SELANGOR,1,64.95833333333333,30.1,0.4
101.68288478059156,3.1238375107183134,01/08/2025,"KEM SG.BESI (JALAN LABUAN) BLOK G4,G5,G6,G7,G8,G9",WILAYAH PERSEKUTUAN,1,69.875,29.6,3.5
101.63320593917808,3.1407517410410986,01/08/2025,RUMAH PANJANG BUKIT KIARA,WILAYAH PERSEKUTUAN,1,64.95833333333333,30.1,0.4
101.61910969009875,3.155454224049383,01/08/2025,"TTDI (JALAN RAHIM KAJAI (28-80), LORONG RAHIM KAJAI 3,4,5,6,7),TTDI (JLN RAHIM KAJAI, LENGKOK AMINUDDIN BAKI,LRG. AMINUDDIN BAKI 3 (66-150)",WILAYAH PERSEKUTUAN,2,64.95833333333333,30.0,0.4
101.6427521971278,3.167162140683334,01/08/2025,"BUKIT KIARA (SENADA RESIDENCY) RUMAH KONGSI TAPAK BINA,MONT KIARA (KIARAMAS AYURIA),MONT KIARA (KIARAMAS CENDANA)",WILAYAH PERSEKUTUAN,3,66.75,29.0,1.8
101.62973726625316,3.081445525215189,02/08/2025,"E12. TM PJS 2C APT MEDAN CAHAYA 2 (BLOK D , E , F)",SELANGOR,1,70.95833333333333,29.2,2.4
101.66322698986956,3.109427027565216,02/08/2025,"PANTAI PANORAMA KONDO,THE GOODWOOD RESIDENCE",WILAYAH PERSEKUTUAN,2,70.75,28.8,6.5
101.62121138512924,3.114826183673468,02/08/2025,"E9. KT SS 2 (6) [JLN SS 2/24, 2/26 - 2/38]",SELANGOR,1,68.125,29.5,1.1
101.61021479759157,3.122121373690143,02/08/2025,"E8. BU SS 23 (2) [JLN SS 23/6 , 23/6A - 23/6F, 23/28]",SELANGOR,1,68.125,29.5,1.1
101.68288478059156,3.1238375107183134,02/08/2025,"KEM SG.BESI (JALAN LABUAN) BLOK G4,G5,G6,G7,G8,G9",WILAYAH PERSEKUTUAN,1,70.83333333333333,29.3,6.5
101.61853178832092,3.153580825451164,02/08/2025,"TTDI (JALAN RAHIM KAJAI (28-80), LORONG RAHIM KAJAI 3,4,5,6,7),TTDI (JLN RAHIM KAJAI, LENGKOK AMINUDDIN BAKI,LRG. AMINUDDIN BAKI 3 (66-150),TTDI (LORONG AMINUDDIN BAKI),TTDI (LRG AMINUDDIN BAKI 2,  LRG AMINUDDIN BAKI 1, JLN AMINUDDIN BAKI )",WILAYAH PERSEKUTUAN,4,68.125,29.4,1.1
101.6427521971278,3.167162140683334,02/08/2025,"BUKIT KIARA (SENADA RESIDENCY) RUMAH KONGSI TAPAK BINA,MONT KIARA (KIARAMAS AYURIA),MONT KIARA (KIARAMAS CENDANA)",WILAYAH PERSEKUTUAN,3,66.45833333333333,29.1,0.5
101.62973726625316,3.081445525215189,03/08/2025,"E12. TM PJS 2C APT MEDAN CAHAYA 2 (BLOK D , E , F)",SELANGOR,1,68.95833333333333,29.4,1.4
101.66322698986956,3.109427027565216,03/08/2025,"PANTAI PANORAMA KONDO,THE GOODWOOD RESIDENCE",WILAYAH PERSEKUTUAN,2,65.25,29.3,0.1
101.62121138512924,3.114826183673468,03/08/2025,"E9. KT SS 2 (6) [JLN SS 2/24, 2/26 - 2/38]",SELANGOR,1,64.08333333333333,29.9,0.3
101.60813882251466,3.1197454516234315,03/08/2025,"E8. BU SS 23 (2) [JLN SS 23/6 , 23/6A - 23/6F, 23/28],E8. BU SS 26 (1) [JLN SS 26/1,2,3,3A,3B,3C,4,5,6,26/11,26/13,26/15]",SELANGOR,2,64.08333333333333,30.0,0.3
101.68288478059156,3.1238375107183134,03/08/2025,"KEM SG.BESI (JALAN LABUAN) BLOK G4,G5,G6,G7,G8,G9",WILAYAH PERSEKUTUAN,1,65.25,29.8,0.1
101.61853178832092,3.153580825451164,03/08/2025,"TTDI (JALAN RAHIM KAJAI (28-80), LORONG RAHIM KAJAI 3,4,5,6,7),TTDI (JLN RAHIM KAJAI, LENGKOK AMINUDDIN BAKI,LRG. AMINUDDIN BAKI 3 (66-150),TTDI (LORONG AMINUDDIN BAKI),TTDI (LRG AMINUDDIN BAKI 2,  LRG AMINUDDIN BAKI 1, JLN AMINUDDIN BAKI )",WILAYAH PERSEKUTUAN,4,64.08333333333333,29.8,0.3
101.6427521971278,3.167162140683334,03/08/2025,"BUKIT KIARA (SENADA RESIDENCY) RUMAH KONGSI TAPAK BINA,MONT KIARA (KIARAMAS AYURIA),MONT KIARA (KIARAMAS CENDANA)",WILAYAH PERSEKUTUAN,3,63.29166666666666,29.3,0.4
101.62973726625316,3.081445525215189,04/08/2025,"E12. TM PJS 2C APT MEDAN CAHAYA 2 (BLOK D , E , F)",SELANGOR,1,79.95833333333333,27.2,32.4
101.66322698986956,3.109427027565216,04/08/2025,"PANTAI PANORAMA KONDO,THE GOODWOOD RESIDENCE",WILAYAH PERSEKUTUAN,2,79.41666666666667,26.6,28.4
101.62121138512924,3.114826183673468,04/08/2025,"E9. KT SS 2 (6) [JLN SS 2/24, 2/26 - 2/38]",SELANGOR,1,77.79166666666667,27.2,29.4
101.60813882251466,3.1197454516234315,04/08/2025,"E8. BU SS 23 (2) [JLN SS 23/6 , 23/6A - 23/6F, 23/28],E8. BU SS 26 (1) [JLN SS 26/1,2,3,3A,3B,3C,4,5,6,26/11,26/13,26/15]",SELANGOR,2,77.79166666666667,27.3,29.4
101.68288478059156,3.1238375107183134,04/08/2025,"KEM SG.BESI (JALAN LABUAN) BLOK G4,G5,G6,G7,G8,G9",WILAYAH PERSEKUTUAN,1,79.58333333333333,27.0,28.4
101.61853178832092,3.153580825451164,04/08/2025,"TTDI (JALAN RAHIM KAJAI (28-80), LORONG RAHIM KAJAI 3,4,5,6,7),TTDI (JLN RAHIM KAJAI, LENGKOK AMINUDDIN BAKI,LRG. AMINUDDIN BAKI 3 (66-150),TTDI (LORONG AMINUDDIN BAKI),TTDI (LRG AMINUDDIN BAKI 2,  LRG AMINUDDIN BAKI 1, JLN AMINUDDIN BAKI )",WILAYAH PERSEKUTUAN,4,77.79166666666667,27.1,29.4
101.6427521971278,3.167162140683334,04/08/2025,"BUKIT KIARA (SENADA RESIDENCY) RUMAH KONGSI TAPAK BINA,MONT KIARA (KIARAMAS AYURIA),MONT KIARA (KIARAMAS CENDANA)",WILAYAH PERSEKUTUAN,3,79.0,26.5,30.7
101.62973726625316,3.081445525215189,05/08/2025,"E12. TM PJS 2C APT MEDAN CAHAYA 2 (BLOK D , E , F)",SELANGOR,1,76.58333333333333,27.5,0.2
101.60813882251466,3.1197454516234315,05/08/2025,"E8. BU SS 23 (2) [JLN SS 23/6 , 23/6A - 23/6F, 23/28],E8. BU SS 26 (1) [JLN SS 26/1,2,3,3A,3B,3C,4,5,6,26/11,26/13,26/15]",SELANGOR,2,75.875,27.3,0.1
101.68288478059156,3.1238375107183134,05/08/2025,"KEM SG.BESI (JALAN LABUAN) BLOK G4,G5,G6,G7,G8,G9",WILAYAH PERSEKUTUAN,1,75.70833333333333,27.4,0.0
101.61853178832092,3.153580825451164,05/08/2025,"TTDI (JALAN RAHIM KAJAI (28-80), LORONG RAHIM KAJAI 3,4,5,6,7),TTDI (JLN RAHIM KAJAI, LENGKOK AMINUDDIN BAKI,LRG. AMINUDDIN BAKI 3 (66-150),TTDI (LORONG AMINUDDIN BAKI),TTDI (LRG AMINUDDIN BAKI 2,  LRG AMINUDDIN BAKI 1, JLN AMINUDDIN BAKI )",WILAYAH PERSEKUTUAN,4,75.875,27.2,0.1
101.6427521971278,3.167162140683334,05/08/2025,"BUKIT KIARA (SENADA RESIDENCY) RUMAH KONGSI TAPAK BINA,MONT KIARA (KIARAMAS AYURIA),MONT KIARA (KIARAMAS CENDANA)",WILAYAH PERSEKUTUAN,3,75.375,26.6,0.0
101.62973726625316,3.081445525215189,06/08/2025,"E12. TM PJS 2C APT MEDAN CAHAYA 2 (BLOK D , E , F)",SELANGOR,1,79.29166666666667,27.8,3.9
101.60813882251466,3.1197454516234315,06/08/2025,"E8. BU SS 23 (2) [JLN SS 23/6 , 23/6A - 23/6F, 23/28],E8. BU SS 26 (1) [JLN SS 26/1,2,3,3A,3B,3C,4,5,6,26/11,26/13,26/15]",SELANGOR,2,80.20833333333333,27.4,1.3
101.68288478059156,3.1238375107183134,06/08/2025,"KEM SG.BESI (JALAN LABUAN) BLOK G4,G5,G6,G7,G8,G9",WILAYAH PERSEKUTUAN,1,79.70833333333333,27.5,1.7
101.61853178832092,3.153580825451164,06/08/2025,"TTDI (JALAN RAHIM KAJAI (28-80), LORONG RAHIM KAJAI 3,4,5,6,7),TTDI (JLN RAHIM KAJAI, LENGKOK AMINUDDIN BAKI,LRG. AMINUDDIN BAKI 3 (66-150),TTDI (LORONG AMINUDDIN BAKI),TTDI (LRG AMINUDDIN BAKI 2,  LRG AMINUDDIN BAKI 1, JLN AMINUDDIN BAKI )",WILAYAH PERSEKUTUAN,4,80.20833333333333,27.3,1.3
101.6427521971278,3.167162140683334,06/08/2025,"BUKIT KIARA (SENADA RESIDENCY) RUMAH KONGSI TAPAK BINA,MONT KIARA (KIARAMAS AYURIA),MONT KIARA (KIARAMAS CENDANA)",WILAYAH PERSEKUTUAN,3,79.83333333333333,26.7,1.4
101.62973726625316,3.081445525215189,07/08/2025,"E12. TM PJS 2C APT MEDAN CAHAYA 2 (BLOK D , E , F)",SELANGOR,1,76.95833333333333,28.1,2.6
101.60813882251466,3.1197454516234315,07/08/2025,"E8. BU SS 23 (2) [JLN SS 23/6 , 23/6A - 23/6F, 23/28],E8. BU SS 26 (1) [JLN SS 26/1,2,3,3A,3B,3C,4,5,6,26/11,26/13,26/15]",SELANGOR,2,79.375,27.7,1.2
101.68288478059156,3.1238375107183134,07/08/2025,"KEM SG.BESI (JALAN LABUAN) BLOK G4,G5,G6,G7,G8,G9",WILAYAH PERSEKUTUAN,1,80.0,27.5,1.5
101.61853178832092,3.153580825451164,07/08/2025,"TTDI (JALAN RAHIM KAJAI (28-80), LORONG RAHIM KAJAI 3,4,5,6,7),TTDI (JLN RAHIM KAJAI, LENGKOK AMINUDDIN BAKI,LRG. AMINUDDIN BAKI 3 (66-150),TTDI (LORONG AMINUDDIN BAKI),TTDI (LRG AMINUDDIN BAKI 2,  LRG AMINUDDIN BAKI 1, JLN AMINUDDIN BAKI )",WILAYAH PERSEKUTUAN,4,79.375,27.5,1.2
101.64285679696874,3.166425192856252,07/08/2025,"BUKIT KIARA (SENADA RESIDENCY) RUMAH KONGSI TAPAK BINA,MONT KIARA (KIARAMAS CENDANA)",WILAYAH PERSEKUTUAN,2,79.29166666666667,26.8,6.2
101.62973726625316,3.081445525215189,08/08/2025,"E12. TM PJS 2C APT MEDAN CAHAYA 2 (BLOK D , E , F)",SELANGOR,1,75.95833333333333,27.7,2.3
101.6632805115697,3.109270100181817,08/08/2025,"PANTAI PANORAMA KONDO,THE GOODWOOD RESIDENCE",WILAYAH PERSEKUTUAN,2,78.16666666666667,27.1,3.4
101.60813882251466,3.1197454516234315,08/08/2025,"E8. BU SS 23 (2) [JLN SS 23/6 , 23/6A - 23/6F, 23/28],E8. BU SS 26 (1) [JLN SS 26/1,2,3,3A,3B,3C,4,5,6,26/11,26/13,26/15]",SELANGOR,2,78.95833333333333,27.4,2.0
101.61853178832092,3.153580825451164,08/08/2025,"TTDI (JALAN RAHIM KAJAI (28-80), LORONG RAHIM KAJAI 3,4,5,6,7),TTDI (JLN RAHIM KAJAI, LENGKOK AMINUDDIN BAKI,LRG. AMINUDDIN BAKI 3 (66-150),TTDI (LORONG AMINUDDIN BAKI),TTDI (LRG AMINUDDIN BAKI 2,  LRG AMINUDDIN BAKI 1, JLN AMINUDDIN BAKI )",WILAYAH PERSEKUTUAN,4,78.875,27.3,2.0
101.64285679696874,3.166425192856252,08/08/2025,"BUKIT KIARA (SENADA RESIDENCY) RUMAH KONGSI TAPAK BINA,MONT KIARA (KIARAMAS CENDANA)",WILAYAH PERSEKUTUAN,2,80.0,26.7,5.4
101.62973726625316,3.081445525215189,09/08/2025,"E12. TM PJS 2C APT MEDAN CAHAYA 2 (BLOK D , E , F)",SELANGOR,1,78.0,28.1,0.4
101.6632805115697,3.109270100181817,09/08/2025,"PANTAI PANORAMA KONDO,THE GOODWOOD RESIDENCE",WILAYAH PERSEKUTUAN,2,78.66666666666667,27.4,0.7
101.61809639571952,3.151748913432928,09/08/2025,"TTDI (LORONG AMINUDDIN BAKI),TTDI (LRG AMINUDDIN BAKI 2,  LRG AMINUDDIN BAKI 1, JLN AMINUDDIN BAKI )",WILAYAH PERSEKUTUAN,2,79.75,27.6,1.2
101.64285679696874,3.166425192856252,09/08/2025,"BUKIT KIARA (SENADA RESIDENCY) RUMAH KONGSI TAPAK BINA,MONT KIARA (KIARAMAS CENDANA)",WILAYAH PERSEKUTUAN,2,79.0,27.1,0.6
101.62973726625316,3.081445525215189,10/08/2025,"E12. TM PJS 2C APT MEDAN CAHAYA 2 (BLOK D , E , F)",SELANGOR,1,84.75,26.4,7.7
101.68314527793588,3.088824361076924,10/08/2025,"PALACE COURT CONDOMINIUM,TAMAN KUCHAI JAYA A (RUMAH PANGSA KUCHAI JAYA BLOK A,B,C,D)",WILAYAH PERSEKUTUAN,2,84.45833333333333,26.2,23.3
101.6632805115697,3.109270100181817,10/08/2025,"PANTAI PANORAMA KONDO,THE GOODWOOD RESIDENCE",WILAYAH PERSEKUTUAN,2,85.95833333333333,25.6,9.1
101.61809639571952,3.151748913432928,10/08/2025,"TTDI (LORONG AMINUDDIN BAKI),TTDI (LRG AMINUDDIN BAKI 2,  LRG AMINUDDIN BAKI 1, JLN AMINUDDIN BAKI )",WILAYAH PERSEKUTUAN,2,85.625,26.0,18.6
101.64285679696874,3.166425192856252,10/08/2025,"BUKIT KIARA (SENADA RESIDENCY) RUMAH KONGSI TAPAK BINA,MONT KIARA (KIARAMAS CENDANA)",WILAYAH PERSEKUTUAN,2,86.0,25.4,10.5
101.68314527793588,3.088824361076924,11/08/2025,"PALACE COURT CONDOMINIUM,TAMAN KUCHAI JAYA A (RUMAH PANGSA KUCHAI JAYA BLOK A,B,C,D)",WILAYAH PERSEKUTUAN,2,82.79166666666667,26.5,4.4
101.6632805115697,3.109270100181817,11/08/2025,"PANTAI PANORAMA KONDO,THE GOODWOOD RESIDENCE",WILAYAH PERSEKUTUAN,2,82.08333333333333,26.2,1.8
101.61809639571952,3.151748913432928,11/08/2025,"TTDI (LORONG AMINUDDIN BAKI),TTDI (LRG AMINUDDIN BAKI 2,  LRG AMINUDDIN BAKI 1, JLN AMINUDDIN BAKI )",WILAYAH PERSEKUTUAN,2,81.79166666666667,26.3,4.1
101.64285679696874,3.166425192856252,11/08/2025,"BUKIT KIARA (SENADA RESIDENCY) RUMAH KONGSI TAPAK BINA,MONT KIARA (KIARAMAS CENDANA)",WILAYAH PERSEKUTUAN,2,81.08333333333333,25.7,2.0
101.68334635628668,3.0886040120733327,12/08/2025,"PALACE COURT CONDOMINIUM,TAMAN KUCHAI JAYA A (RUMAH PANGSA KUCHAI JAYA BLOK A,B,C,D)",WILAYAH PERSEKUTUAN,2,75.25,27.9,1.0
101.6632805115697,3.109270100181817,12/08/2025,"PANTAI PANORAMA KONDO,THE GOODWOOD RESIDENCE",WILAYAH PERSEKUTUAN,2,76.08333333333333,27.6,0.4
101.61809639571952,3.151748913432928,12/08/2025,"TTDI (LORONG AMINUDDIN BAKI),TTDI (LRG AMINUDDIN BAKI 2,  LRG AMINUDDIN BAKI 1, JLN AMINUDDIN BAKI )",WILAYAH PERSEKUTUAN,2,77.0,27.6,1.1
101.64285679696874,3.166425192856252,12/08/2025,"BUKIT KIARA (SENADA RESIDENCY) RUMAH KONGSI TAPAK BINA,MONT KIARA (KIARAMAS CENDANA)",WILAYAH PERSEKUTUAN,2,76.70833333333333,27.1,0.2
101.68338365662328,3.088481105931505,13/08/2025,PALACE COURT CONDOMINIUM,WILAYAH PERSEKUTUAN,1,71.83333333333333,28.1,0.0
101.6632805115697,3.109270100181817,13/08/2025,"PANTAI PANORAMA KONDO,THE GOODWOOD RESIDENCE",WILAYAH PERSEKUTUAN,2,72.33333333333333,27.7,0.0
101.61809639571952,3.151748913432928,13/08/2025,"TTDI (LORONG AMINUDDIN BAKI),TTDI (LRG AMINUDDIN BAKI 2,  LRG AMINUDDIN BAKI 1, JLN AMINUDDIN BAKI )",WILAYAH PERSEKUTUAN,2,73.41666666666667,27.8,0.0
101.68338365662328,3.088481105931505,14/08/2025,PALACE COURT CONDOMINIUM,WILAYAH PERSEKUTUAN,1,76.91666666666667,27.4,1.7
101.647312799,3.0802804100410985,15/08/2025,E12. TM PJS 1 PANGSAPURI PERMAI [JLN PJS 1/25],SELANGOR,1,78.54166666666667,27.0,8.6
101.68338365662328,3.088481105931505,15/08/2025,PALACE COURT CONDOMINIUM,WILAYAH PERSEKUTUAN,1,78.54166666666667,26.9,8.6
101.647312799,3.0802804100410985,16/08/2025,E12. TM PJS 1 PANGSAPURI PERMAI [JLN PJS 1/25],SELANGOR,1,78.54166666666667,27.4,3.3
101.68338365662328,3.088481105931505,16/08/2025,PALACE COURT CONDOMINIUM,WILAYAH PERSEKUTUAN,1,78.54166666666667,27.2,3.3
101.647312799,3.0802804100410985,17/08/2025,E12. TM PJS 1 PANGSAPURI PERMAI [JLN PJS 1/25],SELANGOR,1,74.375,28.2,0.3
101.68338365662328,3.088481105931505,17/08/2025,PALACE COURT CONDOMINIUM,WILAYAH PERSEKUTUAN,1,74.375,28.1,0.3
101.61901850480822,3.1520146811643843,17/08/2025,"TTDI (LRG AMINUDDIN BAKI 2,  LRG AMINUDDIN BAKI 1, JLN AMINUDDIN BAKI )",WILAYAH PERSEKUTUAN,1,73.875,28.1,0.2
101.647312799,3.0802804100410985,18/08/2025,E12. TM PJS 1 PANGSAPURI PERMAI [JLN PJS 1/25],SELANGOR,1,72.79166666666667,28.0,2.3
101.68338365662328,3.088481105931505,18/08/2025,PALACE COURT CONDOMINIUM,WILAYAH PERSEKUTUAN,1,72.75,27.8,2.3
101.61901850480822,3.1520146811643843,18/08/2025,"TTDI (LRG AMINUDDIN BAKI 2,  LRG AMINUDDIN BAKI 1, JLN AMINUDDIN BAKI )",WILAYAH PERSEKUTUAN,1,73.875,27.7,3.5
101.647312799,3.0802804100410985,19/08/2025,E12. TM PJS 1 PANGSAPURI PERMAI [JLN PJS 1/25],SELANGOR,1,74.45833333333333,27.3,2.1
101.68338365662328,3.088481105931505,19/08/2025,PALACE COURT CONDOMINIUM,WILAYAH PERSEKUTUAN,1,74.41666666666667,27.2,2.1
101.61901850480822,3.1520146811643843,19/08/2025,"TTDI (LRG AMINUDDIN BAKI 2,  LRG AMINUDDIN BAKI 1, JLN AMINUDDIN BAKI )",WILAYAH PERSEKUTUAN,1,74.41666666666667,27.3,1.2
101.6162571367974,3.079548987411763,20/08/2025,"E11. SRI PJS 6 FLAT DESA MENTARI 1 (BLOK 1 , 2 , 3),E11. SRI PJS 6 FLAT DESA MENTARI 2 (BLOK 4 , 5 , 6)",SELANGOR,2,79.16666666666667,27.3,2.6
101.647312799,3.0802804100410985,20/08/2025,E12. TM PJS 1 PANGSAPURI PERMAI [JLN PJS 1/25],SELANGOR,1,80.75,27.1,3.3
101.68338365662328,3.088481105931505,20/08/2025,PALACE COURT CONDOMINIUM,WILAYAH PERSEKUTUAN,1,80.75,27.0,3.3
101.61901850480822,3.1520146811643843,20/08/2025,"TTDI (LRG AMINUDDIN BAKI 2,  LRG AMINUDDIN BAKI 1, JLN AMINUDDIN BAKI )",WILAYAH PERSEKUTUAN,1,75.5,27.5,0.9
101.6162571367974,3.079548987411763,21/08/2025,"E11. SRI PJS 6 FLAT DESA MENTARI 1 (BLOK 1 , 2 , 3),E11. SRI PJS 6 FLAT DESA MENTARI 2 (BLOK 4 , 5 , 6)",SELANGOR,2,78.70833333333333,26.5,2.6
101.647312799,3.0802804100410985,21/08/2025,E12. TM PJS 1 PANGSAPURI PERMAI [JLN PJS 1/25],SELANGOR,1,79.29166666666667,26.5,2.1
101.68338365662328,3.088481105931505,21/08/2025,PALACE COURT CONDOMINIUM,WILAYAH PERSEKUTUAN,1,79.25,26.4,2.1
101.61901850480822,3.1520146811643843,21/08/2025,"TTDI (LRG AMINUDDIN BAKI 2,  LRG AMINUDDIN BAKI 1, JLN AMINUDDIN BAKI )",WILAYAH PERSEKUTUAN,1,75.70833333333333,26.5,5.1
101.6162571367974,3.079548987411763,22/08/2025,"E11. SRI PJS 6 FLAT DESA MENTARI 1 (BLOK 1 , 2 , 3),E11. SRI PJS 6 FLAT DESA MENTARI 2 (BLOK 4 , 5 , 6)",SELANGOR,2,60.5,29.4,0.0
101.647312799,3.0802804100410985,22/08/2025,E12. TM PJS 1 PANGSAPURI PERMAI [JLN PJS 1/25],SELANGOR,1,63.29166666666666,29.0,0.0
101.68338365662328,3.088481105931505,22/08/2025,PALACE COURT CONDOMINIUM,WILAYAH PERSEKUTUAN,1,63.25,28.8,0.0
101.61901850480822,3.1520146811643843,22/08/2025,"TTDI (LRG AMINUDDIN BAKI 2,  LRG AMINUDDIN BAKI 1, JLN AMINUDDIN BAKI )",WILAYAH PERSEKUTUAN,1,59.41666666666666,29.3,0.0
101.6162571367974,3.079548987411763,23/08/2025,"E11. SRI PJS 6 FLAT DESA MENTARI 1 (BLOK 1 , 2 , 3),E11. SRI PJS 6 FLAT DESA MENTARI 2 (BLOK 4 , 5 , 6)",SELANGOR,2,59.75,29.8,2.5
101.647312799,3.0802804100410985,23/08/2025,E12. TM PJS 1 PANGSAPURI PERMAI [JLN PJS 1/25],SELANGOR,1,60.5,29.8,8.8
101.68338365662328,3.088481105931505,23/08/2025,PALACE COURT CONDOMINIUM,WILAYAH PERSEKUTUAN,1,60.458333333333336,29.7,8.8
101.66355666873416,3.103700072499999,23/08/2025,KONDO RAKYAT,WILAYAH PERSEKUTUAN,1,56.333333333333336,30.0,7.9
101.61901850480822,3.1520146811643843,23/08/2025,"TTDI (LRG AMINUDDIN BAKI 2,  LRG AMINUDDIN BAKI 1, JLN AMINUDDIN BAKI )",WILAYAH PERSEKUTUAN,1,59.79166666666666,29.7,9.6
101.6162571367974,3.079548987411763,24/08/2025,"E11. SRI PJS 6 FLAT DESA MENTARI 1 (BLOK 1 , 2 , 3),E11. SRI PJS 6 FLAT DESA MENTARI 2 (BLOK 4 , 5 , 6)",SELANGOR,2,75.375,27.5,5.0
101.647312799,3.0802804100410985,24/08/2025,E12. TM PJS 1 PANGSAPURI PERMAI [JLN PJS 1/25],SELANGOR,1,73.20833333333333,27.9,6.1
101.68338365662328,3.088481105931505,24/08/2025,PALACE COURT CONDOMINIUM,WILAYAH PERSEKUTUAN,1,73.20833333333333,27.7,6.1
101.66355666873416,3.103700072499999,24/08/2025,KONDO RAKYAT,WILAYAH PERSEKUTUAN,1,69.5,28.0,1.2
101.61901850480822,3.1520146811643843,24/08/2025,"TTDI (LRG AMINUDDIN BAKI 2,  LRG AMINUDDIN BAKI 1, JLN AMINUDDIN BAKI )",WILAYAH PERSEKUTUAN,1,72.875,27.5,2.3
101.6162571367974,3.079548987411763,25/08/2025,"E11. SRI PJS 6 FLAT DESA MENTARI 1 (BLOK 1 , 2 , 3),E11. SRI PJS 6 FLAT DESA MENTARI 2 (BLOK 4 , 5 , 6)",SELANGOR,2,72.125,28.4,0.0
101.647312799,3.0802804100410985,25/08/2025,E12. TM PJS 1 PANGSAPURI PERMAI [JLN PJS 1/25],SELANGOR,1,69.875,28.6,0.1
101.68338365662328,3.088481105931505,25/08/2025,PALACE COURT CONDOMINIUM,WILAYAH PERSEKUTUAN,1,69.875,28.5,0.1
101.66355666873416,3.103700072499999,25/08/2025,KONDO RAKYAT,WILAYAH PERSEKUTUAN,1,67.29166666666667,28.6,0.0
101.61901850480822,3.1520146811643843,25/08/2025,"TTDI (LRG AMINUDDIN BAKI 2,  LRG AMINUDDIN BAKI 1, JLN AMINUDDIN BAKI )",WILAYAH PERSEKUTUAN,1,70.83333333333333,28.3,0.0
101.6162571367974,3.079548987411763,26/08/2025,"E11. SRI PJS 6 FLAT DESA MENTARI 1 (BLOK 1 , 2 , 3),E11. SRI PJS 6 FLAT DESA MENTARI 2 (BLOK 4 , 5 , 6)",SELANGOR,2,65.83333333333333,29.3,0.0
101.647312799,3.0802804100410985,26/08/2025,E12. TM PJS 1 PANGSAPURI PERMAI [JLN PJS 1/25],SELANGOR,1,64.91666666666667,29.4,0.0
101.66355666873416,3.103700072499999,26/08/2025,KONDO RAKYAT,WILAYAH PERSEKUTUAN,1,61.29166666666666,29.4,0.0
101.61901850480822,3.1520146811643843,26/08/2025,"TTDI (LRG AMINUDDIN BAKI 2,  LRG AMINUDDIN BAKI 1, JLN AMINUDDIN BAKI )",WILAYAH PERSEKUTUAN,1,63.75,29.3,0.0
101.65812739561268,3.1595673956971835,26/08/2025,"BUKIT DAMANSARA (LORONG BERUAS,JALAN CHEMPENAI),MONT KIARA (TIFFANI KIARA)",WILAYAH PERSEKUTUAN,2,61.208333333333336,29.2,0.0
101.6162571367974,3.079548987411763,27/08/2025,"E11. SRI PJS 6 FLAT DESA MENTARI 1 (BLOK 1 , 2 , 3),E11. SRI PJS 6 FLAT DESA MENTARI 2 (BLOK 4 , 5 , 6)",SELANGOR,2,66.875,29.1,2.4
101.647312799,3.0802804100410985,27/08/2025,E12. TM PJS 1 PANGSAPURI PERMAI [JLN PJS 1/25],SELANGOR,1,65.75,29.3,4.1
101.66355666873416,3.103700072499999,27/08/2025,KONDO RAKYAT,WILAYAH PERSEKUTUAN,1,65.45833333333333,29.1,7.5
101.61901850480822,3.1520146811643843,27/08/2025,"TTDI (LRG AMINUDDIN BAKI 2,  LRG AMINUDDIN BAKI 1, JLN AMINUDDIN BAKI )",WILAYAH PERSEKUTUAN,1,65.54166666666667,29.1,5.3
101.65812739561268,3.1595673956971835,27/08/2025,"BUKIT DAMANSARA (LORONG BERUAS,JALAN CHEMPENAI),MONT KIARA (TIFFANI KIARA)",WILAYAH PERSEKUTUAN,2,65.375,28.8,7.5
101.61550540663698,3.1668190226849324,27/08/2025,E6. BL PJU 8 EMPIRE CITY (MY LOFT ) BLOK D,SELANGOR,1,66.625,28.9,9.6
101.6162571367974,3.079548987411763,28/08/2025,"E11. SRI PJS 6 FLAT DESA MENTARI 1 (BLOK 1 , 2 , 3),E11. SRI PJS 6 FLAT DESA MENTARI 2 (BLOK 4 , 5 , 6)",SELANGOR,2,80.875,25.8,29.4
101.66355666873416,3.103700072499999,28/08/2025,KONDO RAKYAT,WILAYAH PERSEKUTUAN,1,80.29166666666667,25.6,20.6
101.61901850480822,3.1520146811643843,28/08/2025,"TTDI (LRG AMINUDDIN BAKI 2,  LRG AMINUDDIN BAKI 1, JLN AMINUDDIN BAKI )",WILAYAH PERSEKUTUAN,1,80.79166666666667,25.6,21.6
101.65812739561268,3.1595673956971835,28/08/2025,"BUKIT DAMANSARA (LORONG BERUAS,JALAN CHEMPENAI),MONT KIARA (TIFFANI KIARA)",WILAYAH PERSEKUTUAN,2,80.16666666666667,25.4,20.6
101.61550540663698,3.1668190226849324,28/08/2025,E6. BL PJU 8 EMPIRE CITY (MY LOFT ) BLOK D,SELANGOR,1,81.125,25.7,12.6
101.65448273624204,3.1669480989872625,28/08/2025,MONT KIARA (MONT KIARA PINES),WILAYAH PERSEKUTUAN,1,81.125,25.5,12.6
101.613023269628,3.080171145363999,29/08/2025,"E11. SRI PJS 6 FLAT DESA MENTARI 1 (BLOK 1 , 2 , 3),E11. SRI PJS 6 FLAT DESA MENTARI 2 (BLOK 4 , 5 , 6),E11. SRI PJS 8 APT DAMAI,E11. SRI PJS 8 MENTARI COURT",SELANGOR,4,81.66666666666667,27.1,7.7
101.66361067806876,3.103727332243748,29/08/2025,KONDO RAKYAT,WILAYAH PERSEKUTUAN,1,82.875,26.7,4.8
101.61901850480822,3.1520146811643843,29/08/2025,"TTDI (LRG AMINUDDIN BAKI 2,  LRG AMINUDDIN BAKI 1, JLN AMINUDDIN BAKI )",WILAYAH PERSEKUTUAN,1,81.70833333333333,26.8,6.9
101.65812739561268,3.1595673956971835,29/08/2025,"BUKIT DAMANSARA (LORONG BERUAS,JALAN CHEMPENAI),MONT KIARA (TIFFANI KIARA)",WILAYAH PERSEKUTUAN,2,82.875,26.4,4.8
101.61550540663698,3.1668190226849324,29/08/2025,E6. BL PJU 8 EMPIRE CITY (MY LOFT ) BLOK D,SELANGOR,1,80.41666666666667,26.9,3.4
101.65448273624204,3.1669480989872625,29/08/2025,MONT KIARA (MONT KIARA PINES),WILAYAH PERSEKUTUAN,1,80.41666666666667,26.7,3.4
101.613023269628,3.080171145363999,30/08/2025,"E11. SRI PJS 6 FLAT DESA MENTARI 1 (BLOK 1 , 2 , 3),E11. SRI PJS 6 FLAT DESA MENTARI 2 (BLOK 4 , 5 , 6),E11. SRI PJS 8 APT DAMAI,E11. SRI PJS 8 MENTARI COURT",SELANGOR,4,75.83333333333333,27.8,0.0
101.63659283705265,3.0807526532105274,30/08/2025,"E12. TM TMN DATO HARUN (TERES 4) [JLN 2/1,3,LRG 7A,7C, PJS 2C/1,2,3,4,5,6,8,10]",SELANGOR,1,75.83333333333333,27.9,0.0
101.66361067806876,3.103727332243748,30/08/2025,KONDO RAKYAT,WILAYAH PERSEKUTUAN,1,77.29166666666667,27.3,0.1
101.62005295547203,3.130331281490688,30/08/2025,"E8. BU SS 22 (4) [JLN SS 22/12,13,14,15,16,17,18,20,20A,20B,22]",SELANGOR,1,76.33333333333333,27.5,0.1
101.65812739561268,3.1595673956971835,30/08/2025,"BUKIT DAMANSARA (LORONG BERUAS,JALAN CHEMPENAI),MONT KIARA (TIFFANI KIARA)",WILAYAH PERSEKUTUAN,2,77.29166666666667,27.0,0.1
101.61550540663698,3.1668190226849324,30/08/2025,E6. BL PJU 8 EMPIRE CITY (MY LOFT ) BLOK D,SELANGOR,1,74.58333333333333,27.4,0.1
101.65448273624204,3.1669480989872625,30/08/2025,MONT KIARA (MONT KIARA PINES),WILAYAH PERSEKUTUAN,1,74.58333333333333,27.2,0.1
101.613023269628,3.080171145363999,31/08/2025,"E11. SRI PJS 6 FLAT DESA MENTARI 1 (BLOK 1 , 2 , 3),E11. SRI PJS 6 FLAT DESA MENTARI 2 (BLOK 4 , 5 , 6),E11. SRI PJS 8 APT DAMAI,E11. SRI PJS 8 MENTARI COURT",SELANGOR,4,77.83333333333333,28.3,2.3
101.63659283705265,3.0807526532105274,31/08/2025,"E12. TM TMN DATO HARUN (TERES 4) [JLN 2/1,3,LRG 7A,7C, PJS 2C/1,2,3,4,5,6,8,10]",SELANGOR,1,77.875,28.3,2.3
101.66361067806876,3.103727332243748,31/08/2025,KONDO RAKYAT,WILAYAH PERSEKUTUAN,1,79.91666666666667,27.6,1.4
101.62005295547203,3.130331281490688,31/08/2025,"E8. BU SS 22 (4) [JLN SS 22/12,13,14,15,16,17,18,20,20A,20B,22]",SELANGOR,1,79.375,27.8,2.4
101.65812739561268,3.1595673956971835,31/08/2025,"BUKIT DAMANSARA (LORONG BERUAS,JALAN CHEMPENAI),MONT KIARA (TIFFANI KIARA)",WILAYAH PERSEKUTUAN,2,79.83333333333333,27.3,1.4
101.61550540663698,3.1668190226849324,31/08/2025,E6. BL PJU 8 EMPIRE CITY (MY LOFT ) BLOK D,SELANGOR,1,78.20833333333333,27.7,0.0
101.65448273624204,3.1669480989872625,31/08/2025,MONT KIARA (MONT KIARA PINES),WILAYAH PERSEKUTUAN,1,78.08333333333333,27.5,0.0
101.613023269628,3.080171145363999,01/09/2025,"E11. SRI PJS 6 FLAT DESA MENTARI 1 (BLOK 1 , 2 , 3),E11. SRI PJS 6 FLAT DESA MENTARI 2 (BLOK 4 , 5 , 6),E11. SRI PJS 8 APT DAMAI,E11. SRI PJS 8 MENTARI COURT",SELANGOR,4,80.66666666666667,28.0,3.3
101.63659283705265,3.0807526532105274,01/09/2025,"E12. TM TMN DATO HARUN (TERES 4) [JLN 2/1,3,LRG 7A,7C, PJS 2C/1,2,3,4,5,6,8,10]",SELANGOR,1,80.66666666666667,28.0,3.3
101.66361067806876,3.103727332243748,01/09/2025,KONDO RAKYAT,WILAYAH PERSEKUTUAN,1,80.66666666666667,27.700000000000003,3.3
101.62005295547203,3.130331281490688,01/09/2025,"E8. BU SS 22 (4) [JLN SS 22/12,13,14,15,16,17,18,20,20A,20B,22]",SELANGOR,1,80.66666666666667,27.799999999999997,3.3
101.60982223657618,3.1476165352251653,01/09/2025,"E8. BU PJU 6 BU 3 (TERES 1) [JLN 3/1 - 3/7],E8. BU PJU 6 BU 6 (TERES 1) [JLN 2 - 6/12]",SELANGOR,2,80.66666666666667,27.799999999999997,3.3
101.65812739561268,3.1595673956971835,01/09/2025,"BUKIT DAMANSARA (LORONG BERUAS,JALAN CHEMPENAI),MONT KIARA (TIFFANI KIARA)",WILAYAH PERSEKUTUAN,2,80.66666666666667,27.4,3.3
101.61550540663698,3.1668190226849324,01/09/2025,E6. BL PJU 8 EMPIRE CITY (MY LOFT ) BLOK D,SELANGOR,1,80.66666666666667,27.799999999999997,3.3
101.65448273624204,3.1669480989872625,01/09/2025,MONT KIARA (MONT KIARA PINES),WILAYAH PERSEKUTUAN,1,80.66666666666667,27.6,3.3
101.61020630234148,3.080727340134146,02/09/2025,"E11. SRI PJS 8 APT DAMAI,E11. SRI PJS 8 MENTARI COURT",SELANGOR,2,84.20833333333333,27.75,0.3
101.63659283705265,3.0807526532105274,02/09/2025,"E12. TM TMN DATO HARUN (TERES 4) [JLN 2/1,3,LRG 7A,7C, PJS 2C/1,2,3,4,5,6,8,10]",SELANGOR,1,84.20833333333333,27.75,0.3
101.69760159404127,3.093688959224768,02/09/2025,"FLAT TAMAN SG BESI (BLOK 12,14,16&18),FLAT TAMAN SG BESI (BLOK 2,4,6,8,10),FLAT TAMAN SG BESI (BLOK 22,24,26,28),THE VYNE SUNGAI BESI",WILAYAH PERSEKUTUAN,4,84.20833333333333,27.85,0.3
101.66361067806876,3.103727332243748,02/09/2025,KONDO RAKYAT,WILAYAH PERSEKUTUAN,1,84.20833333333333,27.45,0.3
101.62000502677108,3.1301335919216915,02/09/2025,"E8. BU SS 22 (4) [JLN SS 22/12,13,14,15,16,17,18,20,20A,20B,22]",SELANGOR,1,84.20833333333333,27.55,0.3
101.60982223657618,3.1476165352251653,02/09/2025,"E8. BU PJU 6 BU 3 (TERES 1) [JLN 3/1 - 3/7],E8. BU PJU 6 BU 6 (TERES 1) [JLN 2 - 6/12]",SELANGOR,2,84.20833333333333,27.55,0.3
101.65812739561268,3.1595673956971835,02/09/2025,"BUKIT DAMANSARA (LORONG BERUAS,JALAN CHEMPENAI),MONT KIARA (TIFFANI KIARA)",WILAYAH PERSEKUTUAN,2,84.20833333333333,27.15,0.3
101.61567485275974,3.166562309311688,02/09/2025,"E6. BL PJU 8 EMPIRE CITY (CROWN TOWER) MARRIOT RESIDENCE-BLOCK E,E6. BL PJU 8 EMPIRE CITY (MY LOFT ) BLOK D",SELANGOR,2,84.20833333333333,27.55,0.3
101.65448273624204,3.1669480989872625,02/09/2025,MONT KIARA (MONT KIARA PINES),WILAYAH PERSEKUTUAN,1,84.20833333333333,27.35,0.3
101.61020630234147,3.080727340134146,04/09/2025,"E11. SRI PJS 8 APT DAMAI,E11. SRI PJS 8 MENTARI COURT",SELANGOR,2,79.16666666666667,28.799999999999997,2.8
101.63659283705265,3.0807526532105274,04/09/2025,"E12. TM TMN DATO HARUN (TERES 4) [JLN 2/1,3,LRG 7A,7C, PJS 2C/1,2,3,4,5,6,8,10]",SELANGOR,1,79.16666666666667,28.700000000000003,2.8
101.69781058349122,3.09398639971491,04/09/2025,"FLAT TAMAN SG BESI (BLOK 12,14,16&18),FLAT TAMAN SG BESI (BLOK 2,4,6,8,10),FLAT TAMAN SG BESI (BLOK 22,24,26,28),THE VYNE SUNGAI BESI",WILAYAH PERSEKUTUAN,4,79.16666666666667,28.799999999999997,2.8
101.6764326420637,3.1007283284968143,04/09/2025,"AVANTAS RESIDENCE,SOUTH BANK SERVICE APARTMENT",WILAYAH PERSEKUTUAN,2,79.16666666666667,28.700000000000003,2.8
101.66361067806875,3.1037273322437473,04/09/2025,KONDO RAKYAT,WILAYAH PERSEKUTUAN,1,79.16666666666667,28.4,2.8
101.61958263859891,3.1296541264395645,04/09/2025,"E8. BU SS 22 (4) [JLN SS 22/12,13,14,15,16,17,18,20,20A,20B,22]",SELANGOR,1,79.16666666666667,28.5,2.8
101.60982223657618,3.1476165352251653,04/09/2025,"E8. BU PJU 6 BU 3 (TERES 1) [JLN 3/1 - 3/7],E8. BU PJU 6 BU 6 (TERES 1) [JLN 2 - 6/12]",SELANGOR,2,79.16666666666667,28.5,2.8
101.65812739561268,3.1595673956971835,04/09/2025,"BUKIT DAMANSARA (LORONG BERUAS,JALAN CHEMPENAI),MONT KIARA (TIFFANI KIARA)",WILAYAH PERSEKUTUAN,2,79.16666666666667,28.1,2.8
101.61567485275974,3.1665623093116873,04/09/2025,"E6. BL PJU 8 EMPIRE CITY (CROWN TOWER) MARRIOT RESIDENCE-BLOCK E,E6. BL PJU 8 EMPIRE CITY (MY LOFT ) BLOK D",SELANGOR,2,79.16666666666667,28.5,2.8
101.65448273624203,3.1669480989872625,04/09/2025,MONT KIARA (MONT KIARA PINES),WILAYAH PERSEKUTUAN,1,79.16666666666667,28.299999999999997,2.8
101.61020630234147,3.080727340134146,04/09/2025,"E11. SRI PJS 8 APT DAMAI,E11. SRI PJS 8 MENTARI COURT",SELANGOR,2,79.08333333333333,28.549999999999997,4.1
101.63659283705265,3.0807526532105274,04/09/2025,"E12. TM TMN DATO HARUN (TERES 4) [JLN 2/1,3,LRG 7A,7C, PJS 2C/1,2,3,4,5,6,8,10]",SELANGOR,1,79.08333333333333,28.549999999999997,4.1
101.69781058349122,3.09398639971491,04/09/2025,"FLAT TAMAN SG BESI (BLOK 12,14,16&18),FLAT TAMAN SG BESI (BLOK 2,4,6,8,10),FLAT TAMAN SG BESI (BLOK 22,24,26,28),THE VYNE SUNGAI BESI",WILAYAH PERSEKUTUAN,4,79.08333333333333,28.65,4.1
101.6764326420637,3.1007283284968143,04/09/2025,"AVANTAS RESIDENCE,SOUTH BANK SERVICE APARTMENT",WILAYAH PERSEKUTUAN,2,79.08333333333333,28.549999999999997,4.1
101.66361067806875,3.1037273322437473,04/09/2025,KONDO RAKYAT,WILAYAH PERSEKUTUAN,1,79.08333333333333,28.25,4.1
101.61958263859891,3.1296541264395645,04/09/2025,"E8. BU SS 22 (4) [JLN SS 22/12,13,14,15,16,17,18,20,20A,20B,22]",SELANGOR,1,79.08333333333333,28.35,4.1
101.60982223657618,3.1476165352251653,04/09/2025,"E8. BU PJU 6 BU 3 (TERES 1) [JLN 3/1 - 3/7],E8. BU PJU 6 BU 6 (TERES 1) [JLN 2 - 6/12]",SELANGOR,2,79.08333333333333,28.35,4.1
101.65812739561268,3.1595673956971835,04/09/2025,"BUKIT DAMANSARA (LORONG BERUAS,JALAN CHEMPENAI),MONT KIARA (TIFFANI KIARA)",WILAYAH PERSEKUTUAN,2,79.08333333333333,27.950000000000003,4.1
101.61567485275974,3.1665623093116873,04/09/2025,"E6. BL PJU 8 EMPIRE CITY (CROWN TOWER) MARRIOT RESIDENCE-BLOCK E,E6. BL PJU 8 EMPIRE CITY (MY LOFT ) BLOK D",SELANGOR,2,79.08333333333333,28.35,4.1
101.65448273624203,3.1669480989872625,04/09/2025,MONT KIARA (MONT KIARA PINES),WILAYAH PERSEKUTUAN,1,79.08333333333333,28.15,4.1
101.61020630234147,3.080727340134146,05/09/2025,"E11. SRI PJS 8 APT DAMAI,E11. SRI PJS 8 MENTARI COURT",SELANGOR,2,81.70833333333333,28.299999999999997,2.6
101.63659283705265,3.0807526532105274,05/09/2025,"E12. TM TMN DATO HARUN (TERES 4) [JLN 2/1,3,LRG 7A,7C, PJS 2C/1,2,3,4,5,6,8,10]",SELANGOR,1,81.70833333333333,28.25,2.6
101.6764326420637,3.1007283284968143,05/09/2025,"AVANTAS RESIDENCE,SOUTH BANK SERVICE APARTMENT",WILAYAH PERSEKUTUAN,2,81.70833333333333,28.25,2.6
101.66415811793836,3.1035801486164365,05/09/2025,KONDO RAKYAT,WILAYAH PERSEKUTUAN,1,81.70833333333333,28.0,2.6
101.61958263859891,3.1296541264395645,05/09/2025,"E8. BU SS 22 (4) [JLN SS 22/12,13,14,15,16,17,18,20,20A,20B,22]",SELANGOR,1,81.70833333333333,28.05,2.6
101.60982223657618,3.1476165352251653,05/09/2025,"E8. BU PJU 6 BU 3 (TERES 1) [JLN 3/1 - 3/7],E8. BU PJU 6 BU 6 (TERES 1) [JLN 2 - 6/12]",SELANGOR,2,81.70833333333333,28.05,2.6
101.65962771437158,3.159794992666668,05/09/2025,"BUKIT DAMANSARA (JALAN CHEMPERAI),BUKIT DAMANSARA (LORONG BERUAS,JALAN CHEMPENAI),MONT KIARA (TIFFANI KIARA)",WILAYAH PERSEKUTUAN,3,81.70833333333333,27.7,2.6
101.61567485275974,3.1665623093116873,05/09/2025,"E6. BL PJU 8 EMPIRE CITY (CROWN TOWER) MARRIOT RESIDENCE-BLOCK E,E6. BL PJU 8 EMPIRE CITY (MY LOFT ) BLOK D",SELANGOR,2,81.70833333333333,28.05,2.6
101.65448273624203,3.1669480989872625,05/09/2025,MONT KIARA (MONT KIARA PINES),WILAYAH PERSEKUTUAN,1,81.70833333333333,27.85,2.6
101.61020630234147,3.080727340134146,06/09/2025,"E11. SRI PJS 8 APT DAMAI,E11. SRI PJS 8 MENTARI COURT",SELANGOR,2,76.79166666666667,28.75,0.9
101.63659283705265,3.0807526532105274,06/09/2025,"E12. TM TMN DATO HARUN (TERES 4) [JLN 2/1,3,LRG 7A,7C, PJS 2C/1,2,3,4,5,6,8,10]",SELANGOR,1,76.79166666666667,28.700000000000003,0.9
101.6764326420637,3.1007283284968143,06/09/2025,"AVANTAS RESIDENCE,SOUTH BANK SERVICE APARTMENT",WILAYAH PERSEKUTUAN,2,76.79166666666667,28.700000000000003,0.9
101.66415811793836,3.1035801486164365,06/09/2025,KONDO RAKYAT,WILAYAH PERSEKUTUAN,1,76.79166666666667,28.45,0.9
101.61958263859891,3.1296541264395645,06/09/2025,"E8. BU SS 22 (4) [JLN SS 22/12,13,14,15,16,17,18,20,20A,20B,22]",SELANGOR,1,76.79166666666667,28.5,0.9
101.60982223657618,3.1476165352251653,06/09/2025,"E8. BU PJU 6 BU 3 (TERES 1) [JLN 3/1 - 3/7],E8. BU PJU 6 BU 6 (TERES 1) [JLN 2 - 6/12]",SELANGOR,2,76.79166666666667,28.5,0.9
101.65962771437158,3.159794992666668,06/09/2025,"BUKIT DAMANSARA (JALAN CHEMPERAI),BUKIT DAMANSARA (LORONG BERUAS,JALAN CHEMPENAI),MONT KIARA (TIFFANI KIARA)",WILAYAH PERSEKUTUAN,3,76.79166666666667,28.15,0.9
101.61567485275974,3.1665623093116873,06/09/2025,"E6. BL PJU 8 EMPIRE CITY (CROWN TOWER) MARRIOT RESIDENCE-BLOCK E,E6. BL PJU 8 EMPIRE CITY (MY LOFT ) BLOK D",SELANGOR,2,76.79166666666667,28.5,0.9
101.65448273624203,3.1669480989872625,06/09/2025,MONT KIARA (MONT KIARA PINES),WILAYAH PERSEKUTUAN,1,76.79166666666667,28.299999999999997,0.9
101.61020630234147,3.080727340134146,07/09/2025,"E11. SRI PJS 8 APT DAMAI,E11. SRI PJS 8 MENTARI COURT",SELANGOR,2,75.125,28.4,2.8
101.63659283705265,3.0807526532105274,07/09/2025,"E12. TM TMN DATO HARUN (TERES 4) [JLN 2/1,3,LRG 7A,7C, PJS 2C/1,2,3,4,5,6,8,10]",SELANGOR,1,75.125,28.35,2.8
101.6978977066919,3.0955816722324334,07/09/2025,"FLAT TAMAN SG BESI (BLOK 12,14,16&18),FLAT TAMAN SG BESI (BLOK 2,4,6,8,10),FLAT TAMAN SG BESI (BLOK 22,24,26,28)",WILAYAH PERSEKUTUAN,3,75.125,28.4,2.8
101.6764326420637,3.1007283284968143,07/09/2025,"AVANTAS RESIDENCE,SOUTH BANK SERVICE APARTMENT",WILAYAH PERSEKUTUAN,2,75.125,28.35,2.8
101.66415811793836,3.1035801486164365,07/09/2025,KONDO RAKYAT,WILAYAH PERSEKUTUAN,1,75.125,28.1,2.8
101.62241734627207,3.130625404393387,07/09/2025,"E8. BU SS 20 (1) [JLN SS 20/1 - SS 20/20],E8. BU SS 22 (4) [JLN SS 22/12,13,14,15,16,17,18,20,20A,20B,22]",SELANGOR,2,75.125,28.15,2.8
101.61584491146452,3.1423155154774145,07/09/2025,"E8. BU PJU 6A PELANGI UTAMA KONDO,E8. BU SS 21 (2) [JLN SS 21/15,17,19,21,22,24,26,28,30,32,34,36,38,40,42A]",SELANGOR,2,75.125,28.25,2.8
101.60982223657618,3.1476165352251653,07/09/2025,"E8. BU PJU 6 BU 3 (TERES 1) [JLN 3/1 - 3/7],E8. BU PJU 6 BU 6 (TERES 1) [JLN 2 - 6/12]",SELANGOR,2,75.125,28.15,2.8
101.65962771437158,3.159794992666668,07/09/2025,"BUKIT DAMANSARA (JALAN CHEMPERAI),BUKIT DAMANSARA (LORONG BERUAS,JALAN CHEMPENAI),MONT KIARA (TIFFANI KIARA)",WILAYAH PERSEKUTUAN,3,75.125,27.799999999999997,2.8
101.61567485275974,3.1665623093116873,07/09/2025,"E6. BL PJU 8 EMPIRE CITY (CROWN TOWER) MARRIOT RESIDENCE-BLOCK E,E6. BL PJU 8 EMPIRE CITY (MY LOFT ) BLOK D",SELANGOR,2,75.125,28.15,2.8
101.65448273624203,3.1669480989872625,07/09/2025,MONT KIARA (MONT KIARA PINES),WILAYAH PERSEKUTUAN,1,75.125,27.950000000000003,2.8
101.61020630234147,3.080727340134146,08/09/2025,"E11. SRI PJS 8 APT DAMAI,E11. SRI PJS 8 MENTARI COURT",SELANGOR,2,72.625,29.3,2.5
101.63659283705265,3.0807526532105274,08/09/2025,"E12. TM TMN DATO HARUN (TERES 4) [JLN 2/1,3,LRG 7A,7C, PJS 2C/1,2,3,4,5,6,8,10]",SELANGOR,1,72.625,29.25,2.5
101.69775882412716,3.0961113702947958,08/09/2025,"FLAT TAMAN SG BESI (BLOK 12,14,16&18),FLAT TAMAN SG BESI (BLOK 22,24,26,28)",WILAYAH PERSEKUTUAN,2,72.625,29.35,2.5
101.6764326420637,3.1007283284968143,08/09/2025,"AVANTAS RESIDENCE,SOUTH BANK SERVICE APARTMENT",WILAYAH PERSEKUTUAN,2,72.625,29.25,2.5
101.66415811793836,3.1035801486164365,08/09/2025,KONDO RAKYAT,WILAYAH PERSEKUTUAN,1,72.625,29.0,2.5
101.62241734627207,3.130625404393387,08/09/2025,"E8. BU SS 20 (1) [JLN SS 20/1 - SS 20/20],E8. BU SS 22 (4) [JLN SS 22/12,13,14,15,16,17,18,20,20A,20B,22]",SELANGOR,2,72.625,29.049999999999997,2.5
101.61584491146452,3.1423155154774145,08/09/2025,"E8. BU PJU 6A PELANGI UTAMA KONDO,E8. BU SS 21 (2) [JLN SS 21/15,17,19,21,22,24,26,28,30,32,34,36,38,40,42A]",SELANGOR,2,72.625,29.15,2.5
101.60982223657618,3.1476165352251653,08/09/2025,"E8. BU PJU 6 BU 3 (TERES 1) [JLN 3/1 - 3/7],E8. BU PJU 6 BU 6 (TERES 1) [JLN 2 - 6/12]",SELANGOR,2,72.625,29.049999999999997,2.5
101.65962771437158,3.159794992666668,08/09/2025,"BUKIT DAMANSARA (JALAN CHEMPERAI),BUKIT DAMANSARA (LORONG BERUAS,JALAN CHEMPENAI),MONT KIARA (TIFFANI KIARA)",WILAYAH PERSEKUTUAN,3,72.625,28.700000000000003,2.5
101.61567485275974,3.1665623093116873,08/09/2025,"E6. BL PJU 8 EMPIRE CITY (CROWN TOWER) MARRIOT RESIDENCE-BLOCK E,E6. BL PJU 8 EMPIRE CITY (MY LOFT ) BLOK D",SELANGOR,2,72.625,29.049999999999997,2.5
101.65448273624203,3.1669480989872625,08/09/2025,MONT KIARA (MONT KIARA PINES),WILAYAH PERSEKUTUAN,1,72.625,28.85,2.5
101.61020630234147,3.080727340134146,09/09/2025,"E11. SRI PJS 8 APT DAMAI,E11. SRI PJS 8 MENTARI COURT",SELANGOR,2,74.125,29.400000000000002,7.3
101.63659283705265,3.0807526532105274,09/09/2025,"E12. TM TMN DATO HARUN (TERES 4) [JLN 2/1,3,LRG 7A,7C, PJS 2C/1,2,3,4,5,6,8,10]",SELANGOR,1,74.125,29.3,7.3
101.62183136023751,3.0935098417625015,09/09/2025,"E12. TM SEK 51A (TERES),E12. TM SEK 51A FLAT IMPIAN BAIDURI",SELANGOR,2,74.125,29.2,7.3
101.6764326420637,3.1007283284968143,09/09/2025,"AVANTAS RESIDENCE,SOUTH BANK SERVICE APARTMENT",WILAYAH PERSEKUTUAN,2,74.125,29.3,7.3
101.66415811793836,3.1035801486164365,09/09/2025,KONDO RAKYAT,WILAYAH PERSEKUTUAN,1,74.125,29.1,7.3
101.62241734627207,3.130625404393387,09/09/2025,"E8. BU SS 20 (1) [JLN SS 20/1 - SS 20/20],E8. BU SS 22 (4) [JLN SS 22/12,13,14,15,16,17,18,20,20A,20B,22]",SELANGOR,2,74.125,29.1,7.3
101.61710312081578,3.1426483427421035,09/09/2025,"E8. BU PJU 6A PELANGI UTAMA KONDO,E8. BU SS 21 (2) [JLN SS 21/15,17,19,21,22,24,26,28,30,32,34,36,38,40,42A]",SELANGOR,2,74.125,29.2,7.3
101.60982223657618,3.1476165352251653,09/09/2025,"E8. BU PJU 6 BU 3 (TERES 1) [JLN 3/1 - 3/7],E8. BU PJU 6 BU 6 (TERES 1) [JLN 2 - 6/12]",SELANGOR,2,74.125,29.1,7.3
101.66098828788355,3.1598996430547968,09/09/2025,BUKIT DAMANSARA (JALAN CHEMPERAI),WILAYAH PERSEKUTUAN,1,74.125,28.6,7.3
101.61568077230466,3.166518247860927,09/09/2025,"E6. BL PJU 8 EMPIRE CITY (CROWN TOWER) MARRIOT RESIDENCE-BLOCK E,E6. BL PJU 8 EMPIRE CITY (MY LOFT ) BLOK D",SELANGOR,2,74.125,29.1,7.3
101.65448273624203,3.1669480989872625,09/09/2025,MONT KIARA (MONT KIARA PINES),WILAYAH PERSEKUTUAN,1,74.125,28.900000000000002,7.3
101.63659283705265,3.0807526532105274,10/09/2025,"E12. TM TMN DATO HARUN (TERES 4) [JLN 2/1,3,LRG 7A,7C, PJS 2C/1,2,3,4,5,6,8,10]",SELANGOR,1,78.45833333333333,28.799999999999997,5.0
101.62183136023751,3.0935098417625015,10/09/2025,"E12. TM SEK 51A (TERES),E12. TM SEK 51A FLAT IMPIAN BAIDURI",SELANGOR,2,78.45833333333333,28.6,5.0
101.6764326420637,3.1007283284968143,10/09/2025,"AVANTAS RESIDENCE,SOUTH BANK SERVICE APARTMENT",WILAYAH PERSEKUTUAN,2,78.45833333333333,28.799999999999997,5.0
101.66415811793836,3.1035801486164365,10/09/2025,KONDO RAKYAT,WILAYAH PERSEKUTUAN,1,78.45833333333333,28.5,5.0
101.62241734627207,3.130625404393387,10/09/2025,"E8. BU SS 20 (1) [JLN SS 20/1 - SS 20/20],E8. BU SS 22 (4) [JLN SS 22/12,13,14,15,16,17,18,20,20A,20B,22]",SELANGOR,2,78.45833333333333,28.6,5.0
101.61715500283769,3.142640430937172,10/09/2025,"E8. BU PJU 6A PELANGI UTAMA KONDO,E8. BU SS 21 (2) [JLN SS 21/15,17,19,21,22,24,26,28,30,32,34,36,38,40,42A]",SELANGOR,2,78.45833333333333,28.700000000000003,5.0
101.60982223657618,3.1476165352251653,10/09/2025,"E8. BU PJU 6 BU 3 (TERES 1) [JLN 3/1 - 3/7],E8. BU PJU 6 BU 6 (TERES 1) [JLN 2 - 6/12]",SELANGOR,2,78.45833333333333,28.6,5.0
101.66098828788355,3.1598996430547968,10/09/2025,BUKIT DAMANSARA (JALAN CHEMPERAI),WILAYAH PERSEKUTUAN,1,78.45833333333333,28.1,5.0
101.61566322673548,3.166613770541935,10/09/2025,"E6. BL PJU 8 EMPIRE CITY (CROWN TOWER) MARRIOT RESIDENCE-BLOCK E,E6. BL PJU 8 EMPIRE CITY (MY LOFT ) BLOK D,E6. BL PJU 8 EMPIRE CITY(COLONIAL LOFT )",SELANGOR,3,78.45833333333333,28.6,5.0
101.62183136023751,3.0935098417625015,11/09/2025,"E12. TM SEK 51A (TERES),E12. TM SEK 51A FLAT IMPIAN BAIDURI",SELANGOR,2,85.66666666666667,27.2,42.0
101.6764326420637,3.1007283284968143,11/09/2025,"AVANTAS RESIDENCE,SOUTH BANK SERVICE APARTMENT",WILAYAH PERSEKUTUAN,2,85.66666666666667,27.4,42.0
101.66415811793836,3.1035801486164365,11/09/2025,KONDO RAKYAT,WILAYAH PERSEKUTUAN,1,85.66666666666667,27.1,42.0
101.62241734627207,3.130625404393387,11/09/2025,"E8. BU SS 20 (1) [JLN SS 20/1 - SS 20/20],E8. BU SS 22 (4) [JLN SS 22/12,13,14,15,16,17,18,20,20A,20B,22]",SELANGOR,2,85.66666666666667,27.2,42.0
101.61715500283769,3.142640430937172,11/09/2025,"E8. BU PJU 6A PELANGI UTAMA KONDO,E8. BU SS 21 (2) [JLN SS 21/15,17,19,21,22,24,26,28,30,32,34,36,38,40,42A]",SELANGOR,2,85.66666666666667,27.3,42.0
101.60982223657618,3.1476165352251653,11/09/2025,"E8. BU PJU 6 BU 3 (TERES 1) [JLN 3/1 - 3/7],E8. BU PJU 6 BU 6 (TERES 1) [JLN 2 - 6/12]",SELANGOR,2,85.66666666666667,27.2,42.0
101.66098828788355,3.1598996430547968,11/09/2025,BUKIT DAMANSARA (JALAN CHEMPERAI),WILAYAH PERSEKUTUAN,1,85.66666666666667,26.7,42.0
101.61566322673548,3.166613770541935,11/09/2025,"E6. BL PJU 8 EMPIRE CITY (CROWN TOWER) MARRIOT RESIDENCE-BLOCK E,E6. BL PJU 8 EMPIRE CITY (MY LOFT ) BLOK D,E6. BL PJU 8 EMPIRE CITY(COLONIAL LOFT )",SELANGOR,3,85.66666666666667,27.2,42.0
101.62183136023751,3.0935098417625015,12/09/2025,"E12. TM SEK 51A (TERES),E12. TM SEK 51A FLAT IMPIAN BAIDURI",SELANGOR,2,89.875,25.85,44.3
101.6764326420637,3.1007283284968143,12/09/2025,"AVANTAS RESIDENCE,SOUTH BANK SERVICE APARTMENT",WILAYAH PERSEKUTUAN,2,89.875,26.05,44.3
101.62241734627207,3.130625404393387,12/09/2025,"E8. BU SS 20 (1) [JLN SS 20/1 - SS 20/20],E8. BU SS 22 (4) [JLN SS 22/12,13,14,15,16,17,18,20,20A,20B,22]",SELANGOR,2,89.875,25.85,44.3
101.61715500283769,3.142640430937172,12/09/2025,"E8. BU PJU 6A PELANGI UTAMA KONDO,E8. BU SS 21 (2) [JLN SS 21/15,17,19,21,22,24,26,28,30,32,34,36,38,40,42A]",SELANGOR,2,89.875,25.95,44.3
101.60982223657618,3.1476165352251653,12/09/2025,"E8. BU PJU 6 BU 3 (TERES 1) [JLN 3/1 - 3/7],E8. BU PJU 6 BU 6 (TERES 1) [JLN 2 - 6/12]",SELANGOR,2,89.875,25.85,44.3
101.66098828788355,3.1598996430547968,12/09/2025,BUKIT DAMANSARA (JALAN CHEMPERAI),WILAYAH PERSEKUTUAN,1,89.875,25.35,44.3
101.65429207797547,3.166309008337422,12/09/2025,"MONT KIARA (IZEN KIARA 1),MONT KIARA (MONT KIARA PINES)",WILAYAH PERSEKUTUAN,2,89.875,25.55,44.3
101.61531733123594,3.167382764853933,12/09/2025,"E6. BL PJU 8 EMPIRE CITY (CROWN TOWER) MARRIOT RESIDENCE-BLOCK E,E6. BL PJU 8 EMPIRE CITY (MY LOFT ) BLOK D,E6. BL PJU 8 EMPIRE CITY(COLONIAL LOFT )",SELANGOR,3,89.875,25.85,44.3
101.62238750112778,3.0940534185055553,13/09/2025,"E12. TM SEK 51A (TERES),E12. TM SEK 51A FLAT IMPIAN BAIDURI",SELANGOR,2,80.29166666666667,27.950000000000003,0.8
101.6764326420637,3.1007283284968143,13/09/2025,"AVANTAS RESIDENCE,SOUTH BANK SERVICE APARTMENT",WILAYAH PERSEKUTUAN,2,80.29166666666667,28.1,0.8
101.62241734627207,3.130625404393387,13/09/2025,"E8. BU SS 20 (1) [JLN SS 20/1 - SS 20/20],E8. BU SS 22 (4) [JLN SS 22/12,13,14,15,16,17,18,20,20A,20B,22]",SELANGOR,2,80.29166666666667,27.9,0.8
101.61724893937821,3.142563069424868,13/09/2025,"E8. BU PJU 6A PELANGI UTAMA KONDO,E8. BU SS 21 (2) [JLN SS 21/15,17,19,21,22,24,26,28,30,32,34,36,38,40,42A]",SELANGOR,2,80.29166666666667,28.0,0.8
101.66098828788355,3.1598996430547968,13/09/2025,BUKIT DAMANSARA (JALAN CHEMPERAI),WILAYAH PERSEKUTUAN,1,80.29166666666667,27.4,0.8
101.61531733123594,3.167382764853933,13/09/2025,"E6. BL PJU 8 EMPIRE CITY (CROWN TOWER) MARRIOT RESIDENCE-BLOCK E,E6. BL PJU 8 EMPIRE CITY (MY LOFT ) BLOK D,E6. BL PJU 8 EMPIRE CITY(COLONIAL LOFT )",SELANGOR,3,80.29166666666667,27.9,0.8
101.68673401616364,3.0813486042363674,14/09/2025,"FLAT TAMAN GEMBIRA JLN 6/127A (BLOK 1,2,3,4,5&6),GEMBIRA RESIDENCE KONDO",WILAYAH PERSEKUTUAN,2,85.79166666666667,26.9,6.9
101.62238750112778,3.0940534185055553,14/09/2025,"E12. TM SEK 51A (TERES),E12. TM SEK 51A FLAT IMPIAN BAIDURI",SELANGOR,2,85.79166666666667,27.0,6.9
101.6764326420637,3.1007283284968143,14/09/2025,"AVANTAS RESIDENCE,SOUTH BANK SERVICE APARTMENT",WILAYAH PERSEKUTUAN,2,85.79166666666667,27.1,6.9
101.62262375934202,3.130413948851303,14/09/2025,"E8. BU SS 20 (1) [JLN SS 20/1 - SS 20/20],E8. BU SS 22 (4) [JLN SS 22/12,13,14,15,16,17,18,20,20A,20B,22]",SELANGOR,2,85.79166666666667,26.9,6.9
101.61724893937821,3.142563069424868,14/09/2025,"E8. BU PJU 6A PELANGI UTAMA KONDO,E8. BU SS 21 (2) [JLN SS 21/15,17,19,21,22,24,26,28,30,32,34,36,38,40,42A]",SELANGOR,2,85.79166666666667,27.0,6.9
101.66098828788355,3.1598996430547968,14/09/2025,BUKIT DAMANSARA (JALAN CHEMPERAI),WILAYAH PERSEKUTUAN,1,85.79166666666667,26.4,6.9
101.61531733123594,3.167382764853933,14/09/2025,"E6. BL PJU 8 EMPIRE CITY (CROWN TOWER) MARRIOT RESIDENCE-BLOCK E,E6. BL PJU 8 EMPIRE CITY (MY LOFT ) BLOK D,E6. BL PJU 8 EMPIRE CITY(COLONIAL LOFT )",SELANGOR,3,85.79166666666667,26.9,6.9
101.68673401616364,3.0813486042363674,15/09/2025,"FLAT TAMAN GEMBIRA JLN 6/127A (BLOK 1,2,3,4,5&6),GEMBIRA RESIDENCE KONDO",WILAYAH PERSEKUTUAN,2,75.16666666666667,28.549999999999997,10.8
101.62238750112778,3.0940534185055553,15/09/2025,"E12. TM SEK 51A (TERES),E12. TM SEK 51A FLAT IMPIAN BAIDURI",SELANGOR,2,75.16666666666667,28.65,10.8
101.6764326420637,3.1007283284968143,15/09/2025,"AVANTAS RESIDENCE,SOUTH BANK SERVICE APARTMENT",WILAYAH PERSEKUTUAN,2,75.16666666666667,28.75,10.8
101.62262375934202,3.130413948851303,15/09/2025,"E8. BU SS 20 (1) [JLN SS 20/1 - SS 20/20],E8. BU SS 22 (4) [JLN SS 22/12,13,14,15,16,17,18,20,20A,20B,22]",SELANGOR,2,75.16666666666667,28.549999999999997,10.8
101.61724893937821,3.142563069424868,15/09/2025,"E8. BU PJU 6A PELANGI UTAMA KONDO,E8. BU SS 21 (2) [JLN SS 21/15,17,19,21,22,24,26,28,30,32,34,36,38,40,42A]",SELANGOR,2,75.16666666666667,28.65,10.8
101.66098828788355,3.1598996430547968,15/09/2025,BUKIT DAMANSARA (JALAN CHEMPERAI),WILAYAH PERSEKUTUAN,1,75.16666666666667,28.049999999999997,10.8
101.68673401616364,3.0813486042363674,16/09/2025,"FLAT TAMAN GEMBIRA JLN 6/127A (BLOK 1,2,3,4,5&6),GEMBIRA RESIDENCE KONDO",WILAYAH PERSEKUTUAN,2,69.66666666666667,29.450000000000003,0.0
101.62238750112778,3.0940534185055553,16/09/2025,"E12. TM SEK 51A (TERES),E12. TM SEK 51A FLAT IMPIAN BAIDURI",SELANGOR,2,69.66666666666667,29.549999999999997,0.0
101.62621615077701,3.1318955708310847,16/09/2025,E8. BU SS 20 (1) [JLN SS 20/1 - SS 20/20],SELANGOR,1,69.66666666666667,29.549999999999997,0.0
101.61724893937821,3.142563069424868,16/09/2025,"E8. BU PJU 6A PELANGI UTAMA KONDO,E8. BU SS 21 (2) [JLN SS 21/15,17,19,21,22,24,26,28,30,32,34,36,38,40,42A]",SELANGOR,2,69.66666666666667,29.65,0.0
101.66098828788355,3.1598996430547968,16/09/2025,BUKIT DAMANSARA (JALAN CHEMPERAI),WILAYAH PERSEKUTUAN,1,69.66666666666667,29.049999999999997,0.0
101.61556250915648,3.166895304891156,16/09/2025,"E6. BL PJU 8 EMPIRE CITY (MY LOFT ) BLOK D,E6. BL PJU 8 EMPIRE CITY(COLONIAL LOFT )",SELANGOR,2,69.66666666666667,29.549999999999997,0.0
101.68673401616364,3.0813486042363674,18/09/2025,"FLAT TAMAN GEMBIRA JLN 6/127A (BLOK 1,2,3,4,5&6),GEMBIRA RESIDENCE KONDO",WILAYAH PERSEKUTUAN,2,77.08333333333333,28.3,0.6
101.62220353743433,3.09343396459091,18/09/2025,"E12. TM SEK 51A (TERES),E12. TM SEK 51A FLAT IMPIAN BAIDURI,E12. TM SEK 51A RESIDENCE PARK 51",SELANGOR,3,77.08333333333333,28.4,0.6
101.62621615077701,3.1318955708310847,18/09/2025,E8. BU SS 20 (1) [JLN SS 20/1 - SS 20/20],SELANGOR,1,77.08333333333333,28.35,0.6
101.61724893937821,3.142563069424868,18/09/2025,"E8. BU PJU 6A PELANGI UTAMA KONDO,E8. BU SS 21 (2) [JLN SS 21/15,17,19,21,22,24,26,28,30,32,34,36,38,40,42A]",SELANGOR,2,77.08333333333333,28.45,0.6
101.66098828788355,3.1598996430547968,18/09/2025,BUKIT DAMANSARA (JALAN CHEMPERAI),WILAYAH PERSEKUTUAN,1,77.08333333333333,27.85,0.6
101.61556250915648,3.166895304891156,18/09/2025,"E6. BL PJU 8 EMPIRE CITY (MY LOFT ) BLOK D,E6. BL PJU 8 EMPIRE CITY(COLONIAL LOFT )",SELANGOR,2,77.08333333333333,28.35,0.6
101.68673401616364,3.0813486042363674,19/09/2025,"FLAT TAMAN GEMBIRA JLN 6/127A (BLOK 1,2,3,4,5&6),GEMBIRA RESIDENCE KONDO",WILAYAH PERSEKUTUAN,2,76.45833333333333,28.3,1.7
101.62220353743433,3.09343396459091,19/09/2025,"E12. TM SEK 51A (TERES),E12. TM SEK 51A FLAT IMPIAN BAIDURI,E12. TM SEK 51A RESIDENCE PARK 51",SELANGOR,3,76.45833333333333,28.4,1.7
101.62621615077701,3.1318955708310847,19/09/2025,E8. BU SS 20 (1) [JLN SS 20/1 - SS 20/20],SELANGOR,1,76.45833333333333,28.4,1.7
101.61724893937821,3.142563069424868,19/09/2025,"E8. BU PJU 6A PELANGI UTAMA KONDO,E8. BU SS 21 (2) [JLN SS 21/15,17,19,21,22,24,26,28,30,32,34,36,38,40,42A]",SELANGOR,2,76.45833333333333,28.5,1.7
101.66098828788355,3.1598996430547968,19/09/2025,BUKIT DAMANSARA (JALAN CHEMPERAI),WILAYAH PERSEKUTUAN,1,76.45833333333333,27.9,1.7
101.61556250915648,3.166895304891156,19/09/2025,"E6. BL PJU 8 EMPIRE CITY (MY LOFT ) BLOK D,E6. BL PJU 8 EMPIRE CITY(COLONIAL LOFT )",SELANGOR,2,76.45833333333333,28.4,1.7
101.68673401616364,3.0813486042363674,20/09/2025,"FLAT TAMAN GEMBIRA JLN 6/127A (BLOK 1,2,3,4,5&6),GEMBIRA RESIDENCE KONDO",WILAYAH PERSEKUTUAN,2,77.33333333333333,29.15,1.7
101.62220353743433,3.09343396459091,20/09/2025,"E12. TM SEK 51A (TERES),E12. TM SEK 51A FLAT IMPIAN BAIDURI,E12. TM SEK 51A RESIDENCE PARK 51",SELANGOR,3,77.33333333333333,29.25,1.7
101.62621615077701,3.1318955708310847,20/09/2025,E8. BU SS 20 (1) [JLN SS 20/1 - SS 20/20],SELANGOR,1,77.33333333333333,29.25,1.7
101.61724893937821,3.142563069424868,20/09/2025,"E8. BU PJU 6A PELANGI UTAMA KONDO,E8. BU SS 21 (2) [JLN SS 21/15,17,19,21,22,24,26,28,30,32,34,36,38,40,42A]",SELANGOR,2,77.33333333333333,29.35,1.7
101.66098828788355,3.1598996430547968,20/09/2025,BUKIT DAMANSARA (JALAN CHEMPERAI),WILAYAH PERSEKUTUAN,1,77.33333333333333,28.75,1.7
101.61556250915648,3.166895304891156,20/09/2025,"E6. BL PJU 8 EMPIRE CITY (MY LOFT ) BLOK D,E6. BL PJU 8 EMPIRE CITY(COLONIAL LOFT )",SELANGOR,2,77.33333333333333,29.25,1.7
101.68673401616364,3.0813486042363674,21/09/2025,"FLAT TAMAN GEMBIRA JLN 6/127A (BLOK 1,2,3,4,5&6),GEMBIRA RESIDENCE KONDO",WILAYAH PERSEKUTUAN,2,72.66666666666667,29.9,0.9
101.62220353743433,3.09343396459091,21/09/2025,"E12. TM SEK 51A (TERES),E12. TM SEK 51A FLAT IMPIAN BAIDURI,E12. TM SEK 51A RESIDENCE PARK 51",SELANGOR,3,72.66666666666667,30.0,0.9
101.66256818830065,3.105996776013072,21/09/2025,"PANTAI HILL PARK FASA 3,PANTAI HILL PARK FASA 5",WILAYAH PERSEKUTUAN,2,72.66666666666667,29.75,0.9
101.61838310011873,3.14275273415,21/09/2025,"E8. BU SS 21 (2) [JLN SS 21/15,17,19,21,22,24,26,28,30,32,34,36,38,40,42A]",SELANGOR,1,72.66666666666667,30.05,0.9
101.61556250915648,3.166895304891156,21/09/2025,"E6. BL PJU 8 EMPIRE CITY (MY LOFT ) BLOK D,E6. BL PJU 8 EMPIRE CITY(COLONIAL LOFT )",SELANGOR,2,72.66666666666667,29.950000000000003,0.9
101.68673401616364,3.0813486042363674,22/09/2025,"FLAT TAMAN GEMBIRA JLN 6/127A (BLOK 1,2,3,4,5&6),GEMBIRA RESIDENCE KONDO",WILAYAH PERSEKUTUAN,2,79.54166666666667,28.65,2.4
101.62220353743433,3.09343396459091,22/09/2025,"E12. TM SEK 51A (TERES),E12. TM SEK 51A FLAT IMPIAN BAIDURI,E12. TM SEK 51A RESIDENCE PARK 51",SELANGOR,3,79.54166666666667,28.75,2.4
101.66256818830065,3.105996776013072,22/09/2025,"PANTAI HILL PARK FASA 3,PANTAI HILL PARK FASA 5",WILAYAH PERSEKUTUAN,2,79.54166666666667,28.5,2.4
101.61867803616339,3.1427580530849664,22/09/2025,"E8. BU SS 21 (2) [JLN SS 21/15,17,19,21,22,24,26,28,30,32,34,36,38,40,42A]",SELANGOR,1,79.54166666666667,28.8,2.4
101.61556250915648,3.166895304891156,22/09/2025,"E6. BL PJU 8 EMPIRE CITY (MY LOFT ) BLOK D,E6. BL PJU 8 EMPIRE CITY(COLONIAL LOFT )",SELANGOR,2,79.54166666666667,28.7,2.4
101.69788660767973,3.079374750313722,23/09/2025,"FLAT TAMAN NAGA EMAS F1 ( BLOK 32,34,36,38),FLAT TAMAN NAGA EMAS F2 (BLOK 40,42,44,46)",WILAYAH PERSEKUTUAN,2,74.375,29.7,0.3
101.68673401616364,3.0813486042363674,23/09/2025,"FLAT TAMAN GEMBIRA JLN 6/127A (BLOK 1,2,3,4,5&6),GEMBIRA RESIDENCE KONDO",WILAYAH PERSEKUTUAN,2,74.375,29.5,0.3
101.62220353743433,3.09343396459091,23/09/2025,"E12. TM SEK 51A (TERES),E12. TM SEK 51A FLAT IMPIAN BAIDURI,E12. TM SEK 51A RESIDENCE PARK 51",SELANGOR,3,74.375,29.599999999999998,0.3
101.66256818830065,3.105996776013072,23/09/2025,"PANTAI HILL PARK FASA 3,PANTAI HILL PARK FASA 5",WILAYAH PERSEKUTUAN,2,74.375,29.4,0.3
101.61870288663334,3.142734553879998,23/09/2025,"E8. BU SS 21 (2) [JLN SS 21/15,17,19,21,22,24,26,28,30,32,34,36,38,40,42A]",SELANGOR,1,74.375,29.7,0.3
101.69788660767973,3.079374750313722,24/09/2025,"FLAT TAMAN NAGA EMAS F1 ( BLOK 32,34,36,38),FLAT TAMAN NAGA EMAS F2 (BLOK 40,42,44,46)",WILAYAH PERSEKUTUAN,2,77.75,28.3,0.8
101.68673401616364,3.0813486042363674,24/09/2025,"FLAT TAMAN GEMBIRA JLN 6/127A (BLOK 1,2,3,4,5&6),GEMBIRA RESIDENCE KONDO",WILAYAH PERSEKUTUAN,2,77.75,28.15,0.8
101.62220353743433,3.09343396459091,24/09/2025,"E12. TM SEK 51A (TERES),E12. TM SEK 51A FLAT IMPIAN BAIDURI,E12. TM SEK 51A RESIDENCE PARK 51",SELANGOR,3,77.75,28.25,0.8
101.66256818830065,3.105996776013072,24/09/2025,"PANTAI HILL PARK FASA 3,PANTAI HILL PARK FASA 5",WILAYAH PERSEKUTUAN,2,77.75,28.0,0.8
101.65017041025342,3.1133791427191793,24/09/2025,E10. BG SEK 11 UNIVERSITY TOWER,SELANGOR,1,77.75,28.25,0.8
101.61835347344375,3.1427627153124993,24/09/2025,"E8. BU SS 21 (2) [JLN SS 21/15,17,19,21,22,24,26,28,30,32,34,36,38,40,42A]",SELANGOR,1,77.75,28.3,0.8
101.69788660767973,3.079374750313722,25/09/2025,"FLAT TAMAN NAGA EMAS F1 ( BLOK 32,34,36,38),FLAT TAMAN NAGA EMAS F2 (BLOK 40,42,44,46)",WILAYAH PERSEKUTUAN,2,74.625,29.2,1.8
101.68673401616364,3.0813486042363674,25/09/2025,"FLAT TAMAN GEMBIRA JLN 6/127A (BLOK 1,2,3,4,5&6),GEMBIRA RESIDENCE KONDO",WILAYAH PERSEKUTUAN,2,74.625,29.049999999999997,1.8
101.62220353743433,3.09343396459091,25/09/2025,"E12. TM SEK 51A (TERES),E12. TM SEK 51A FLAT IMPIAN BAIDURI,E12. TM SEK 51A RESIDENCE PARK 51",SELANGOR,3,74.625,29.15,1.8
101.66256818830065,3.105996776013072,25/09/2025,"PANTAI HILL PARK FASA 3,PANTAI HILL PARK FASA 5",WILAYAH PERSEKUTUAN,2,74.625,28.900000000000002,1.8
101.65017041025342,3.1133791427191793,25/09/2025,E10. BG SEK 11 UNIVERSITY TOWER,SELANGOR,1,74.625,29.15,1.8
101.61835347344375,3.1427627153124993,25/09/2025,"E8. BU SS 21 (2) [JLN SS 21/15,17,19,21,22,24,26,28,30,32,34,36,38,40,42A]",SELANGOR,1,74.625,29.2,1.8
101.68792492779917,3.0837195740532803,26/09/2025,"FLAT TAMAN GEMBIRA JLN 6/127A (BLOK 1,2,3,4,5&6),GEMBIRA RESIDENCE KONDO,SRI DESA APPT,SRI DESA KONDO FASA 2 (BLOK 7,9,11)",WILAYAH PERSEKUTUAN,4,70.33333333333333,30.3,0.6
101.6217620305528,3.092245165726714,26/09/2025,"E12. TM SEK 51A (TERES),E12. TM SEK 51A RESIDENCE PARK 51",SELANGOR,2,70.33333333333333,30.3,0.6
101.66256818830065,3.105996776013072,26/09/2025,"PANTAI HILL PARK FASA 3,PANTAI HILL PARK FASA 5",WILAYAH PERSEKUTUAN,2,70.33333333333333,30.0,0.6
101.65017041025342,3.1133791427191793,26/09/2025,E10. BG SEK 11 UNIVERSITY TOWER,SELANGOR,1,70.33333333333333,30.3,0.6
101.61797523465542,3.1428403752229728,26/09/2025,"E8. BU SS 21 (2) [JLN SS 21/15,17,19,21,22,24,26,28,30,32,34,36,38,40,42A]",SELANGOR,1,70.33333333333333,30.3,0.6
101.68926642391096,3.086698261431507,27/09/2025,"SRI DESA APPT,SRI DESA KONDO FASA 2 (BLOK 7,9,11)",WILAYAH PERSEKUTUAN,2,78.16666666666667,29.35,11.2
101.6217620305528,3.092245165726714,27/09/2025,"E12. TM SEK 51A (TERES),E12. TM SEK 51A RESIDENCE PARK 51",SELANGOR,2,78.16666666666667,29.25,11.2
101.66256818830065,3.105996776013072,27/09/2025,"PANTAI HILL PARK FASA 3,PANTAI HILL PARK FASA 5",WILAYAH PERSEKUTUAN,2,78.16666666666667,29.05,11.2
101.65017041025342,3.1133791427191793,27/09/2025,E10. BG SEK 11 UNIVERSITY TOWER,SELANGOR,1,78.16666666666667,29.25,11.2
101.61797523465542,3.1428403752229728,27/09/2025,"E8. BU SS 21 (2) [JLN SS 21/15,17,19,21,22,24,26,28,30,32,34,36,38,40,42A]",SELANGOR,1,78.16666666666667,29.35,11.2
101.68926642391096,3.086698261431507,28/09/2025,"SRI DESA APPT,SRI DESA KONDO FASA 2 (BLOK 7,9,11)",WILAYAH PERSEKUTUAN,2,80.0,27.9,1.2
101.6217620305528,3.092245165726714,28/09/2025,"E12. TM SEK 51A (TERES),E12. TM SEK 51A RESIDENCE PARK 51",SELANGOR,2,80.0,27.799999999999997,1.2
101.66256818830065,3.105996776013072,28/09/2025,"PANTAI HILL PARK FASA 3,PANTAI HILL PARK FASA 5",WILAYAH PERSEKUTUAN,2,80.0,27.6,1.2
101.65017041025342,3.1133791427191793,28/09/2025,E10. BG SEK 11 UNIVERSITY TOWER,SELANGOR,1,80.0,27.799999999999997,1.2
101.61593801217391,3.1428312072898548,28/09/2025,"E8. BU SS 21 (2) [JLN SS 21/15,17,19,21,22,24,26,28,30,32,34,36,38,40,42A]",SELANGOR,1,80.0,27.9,1.2
101.68926642391096,3.086698261431507,29/09/2025,"SRI DESA APPT,SRI DESA KONDO FASA 2 (BLOK 7,9,11)",WILAYAH PERSEKUTUAN,2,80.0,28.5,0.4
101.6217620305528,3.092245165726714,29/09/2025,"E12. TM SEK 51A (TERES),E12. TM SEK 51A RESIDENCE PARK 51",SELANGOR,2,80.0,28.4,0.4
101.66256818830065,3.105996776013072,29/09/2025,"PANTAI HILL PARK FASA 3,PANTAI HILL PARK FASA 5",WILAYAH PERSEKUTUAN,2,80.0,28.1,0.4
101.65017041025342,3.1133791427191793,29/09/2025,E10. BG SEK 11 UNIVERSITY TOWER,SELANGOR,1,80.0,28.4,0.4
101.61593801217391,3.1428312072898548,29/09/2025,"E8. BU SS 21 (2) [JLN SS 21/15,17,19,21,22,24,26,28,30,32,34,36,38,40,42A]",SELANGOR,1,80.0,28.4,0.4
101.68926642391096,3.086698261431507,30/09/2025,"SRI DESA APPT,SRI DESA KONDO FASA 2 (BLOK 7,9,11)",WILAYAH PERSEKUTUAN,2,76.70833333333333,29.3,0.8
101.6217620305528,3.092245165726714,30/09/2025,"E12. TM SEK 51A (TERES),E12. TM SEK 51A RESIDENCE PARK 51",SELANGOR,2,76.70833333333333,29.2,0.8
101.66256818830065,3.105996776013072,30/09/2025,"PANTAI HILL PARK FASA 3,PANTAI HILL PARK FASA 5",WILAYAH PERSEKUTUAN,2,76.70833333333333,29.0,0.8
101.65017041025342,3.1133791427191793,30/09/2025,E10. BG SEK 11 UNIVERSITY TOWER,SELANGOR,1,76.70833333333333,29.2,0.8
101.61593801217391,3.1428312072898548,30/09/2025,"E8. BU SS 21 (2) [JLN SS 21/15,17,19,21,22,24,26,28,30,32,34,36,38,40,42A]",SELANGOR,1,76.70833333333333,29.3,0.8
101.69782060750632,3.1491315618860742,30/09/2025,JALAN TUN H.S. LEE,WILAYAH PERSEKUTUAN,1,76.70833333333333,29.4,0.8
101.68926642391096,3.086698261431507,01/10/2025,"SRI DESA APPT,SRI DESA KONDO FASA 2 (BLOK 7,9,11)",WILAYAH PERSEKUTUAN,2,73.41666666666667,30.4,32.3
101.66256818830065,3.105996776013072,01/10/2025,"PANTAI HILL PARK FASA 3,PANTAI HILL PARK FASA 5",WILAYAH PERSEKUTUAN,2,73.41666666666667,30.0,32.3
101.65017041025342,3.1133791427191793,01/10/2025,E10. BG SEK 11 UNIVERSITY TOWER,SELANGOR,1,73.41666666666667,30.299999999999997,32.3
101.61593801217391,3.1428312072898548,01/10/2025,"E8. BU SS 21 (2) [JLN SS 21/15,17,19,21,22,24,26,28,30,32,34,36,38,40,42A]",SELANGOR,1,73.41666666666667,30.299999999999997,32.3
101.69782060750632,3.1491315618860742,01/10/2025,JALAN TUN H.S. LEE,WILAYAH PERSEKUTUAN,1,73.41666666666667,30.5,32.3
101.6189847304863,3.080051615534246,02/10/2025,"E11. SRI PJS 6 FLAT DESA MENTARI 1 (BLOK 1 , 2 , 3)",SELANGOR,1,80.91666666666667,28.65,6.2
101.68926642391096,3.086698261431507,02/10/2025,"SRI DESA APPT,SRI DESA KONDO FASA 2 (BLOK 7,9,11)",WILAYAH PERSEKUTUAN,2,80.91666666666667,28.55,6.2
101.66256818830065,3.105996776013072,02/10/2025,"PANTAI HILL PARK FASA 3,PANTAI HILL PARK FASA 5",WILAYAH PERSEKUTUAN,2,80.91666666666667,28.200000000000003,6.2
101.65017041025342,3.1133791427191793,02/10/2025,E10. BG SEK 11 UNIVERSITY TOWER,SELANGOR,1,80.91666666666667,28.45,6.2
101.61594836920673,3.142715774447116,02/10/2025,"E8. BU PJU 6A TMN KAYU ARA INDAH,E8. BU SS 21 (2) [JLN SS 21/15,17,19,21,22,24,26,28,30,32,34,36,38,40,42A]",SELANGOR,2,80.91666666666667,28.5,6.2
101.69782060750632,3.1491315618860742,02/10/2025,JALAN TUN H.S. LEE,WILAYAH PERSEKUTUAN,1,80.91666666666667,28.65,6.2
101.6189847304863,3.080051615534246,03/10/2025,"E11. SRI PJS 6 FLAT DESA MENTARI 1 (BLOK 1 , 2 , 3)",SELANGOR,1,82.20833333333333,27.700000000000003,35.5
101.68979679582822,3.0864004919079764,03/10/2025,"SRI DESA APPT,SRI DESA ENTREPRENEUR PARK,SRI DESA KONDO FASA 2 (BLOK 7,9,11)",WILAYAH PERSEKUTUAN,3,82.20833333333333,27.6,35.5
101.66156068807545,3.112366844704402,03/10/2025,"VISTA ANGKASA (BLOK 1 & 2),VISTA ANGKASA (BLOK 3,4,5,6,7,8)",WILAYAH PERSEKUTUAN,2,82.20833333333333,27.4,35.5
101.65021098054055,3.113359927135134,03/10/2025,E10. BG SEK 11 UNIVERSITY TOWER,SELANGOR,1,82.20833333333333,27.5,35.5
101.62343756636986,3.126588642719181,03/10/2025,"E9. KT SS 2 (1) [JLN SS 2/1-2/4, 2/4A,4B, 2/5-2/23, 2/25, 2/25A]",SELANGOR,1,82.20833333333333,27.450000000000003,35.5
101.61594836920673,3.142715774447116,03/10/2025,"E8. BU PJU 6A TMN KAYU ARA INDAH,E8. BU SS 21 (2) [JLN SS 21/15,17,19,21,22,24,26,28,30,32,34,36,38,40,42A]",SELANGOR,2,82.20833333333333,27.549999999999997,35.5
101.69782060750632,3.1491315618860742,03/10/2025,JALAN TUN H.S. LEE,WILAYAH PERSEKUTUAN,1,82.20833333333333,27.700000000000003,35.5
101.65088004275611,3.078031311652439,04/10/2025,"E12. TM PJS 1 APT DAMAI SENJA,E12. TM PJS 1 APT PJS  ONE",SELANGOR,2,77.58333333333333,28.5,0.0
101.6189847304863,3.080051615534246,04/10/2025,"E11. SRI PJS 6 FLAT DESA MENTARI 1 (BLOK 1 , 2 , 3)",SELANGOR,1,77.58333333333333,28.55,0.0
101.68979679582822,3.0864004919079764,04/10/2025,"SRI DESA APPT,SRI DESA ENTREPRENEUR PARK,SRI DESA KONDO FASA 2 (BLOK 7,9,11)",WILAYAH PERSEKUTUAN,3,77.58333333333333,28.45,0.0
101.66156068807545,3.112366844704402,04/10/2025,"VISTA ANGKASA (BLOK 1 & 2),VISTA ANGKASA (BLOK 3,4,5,6,7,8)",WILAYAH PERSEKUTUAN,2,77.58333333333333,28.25,0.0
101.65021098054055,3.113359927135134,04/10/2025,E10. BG SEK 11 UNIVERSITY TOWER,SELANGOR,1,77.58333333333333,28.35,0.0
101.62343756636986,3.126588642719181,04/10/2025,"E9. KT SS 2 (1) [JLN SS 2/1-2/4, 2/4A,4B, 2/5-2/23, 2/25, 2/25A]",SELANGOR,1,77.58333333333333,28.299999999999997,0.0
101.61594836920673,3.142715774447116,04/10/2025,"E8. BU PJU 6A TMN KAYU ARA INDAH,E8. BU SS 21 (2) [JLN SS 21/15,17,19,21,22,24,26,28,30,32,34,36,38,40,42A]",SELANGOR,2,77.58333333333333,28.4,0.0
101.69782060750632,3.1491315618860742,04/10/2025,JALAN TUN H.S. LEE,WILAYAH PERSEKUTUAN,1,77.58333333333333,28.55,0.0
101.65088004275611,3.078031311652439,05/10/2025,"E12. TM PJS 1 APT DAMAI SENJA,E12. TM PJS 1 APT PJS  ONE",SELANGOR,2,74.66666666666667,29.200000000000003,0.1
101.6189847304863,3.080051615534246,05/10/2025,"E11. SRI PJS 6 FLAT DESA MENTARI 1 (BLOK 1 , 2 , 3)",SELANGOR,1,74.66666666666667,29.299999999999997,0.1
101.69008798722437,3.088019988687805,05/10/2025,"KUCHAI ENTREPRENEURS PARK (JALAN 2/116B),KUCHAI ENTREPRENEURS PARK (JLN KUCHAI MAJU 13,14,15,16,18,19 & JLN 6/116B),SRI DESA APPT,SRI DESA ENTREPRENEUR PARK,SRI DESA KONDO FASA 2 (BLOK 7,9,11)",WILAYAH PERSEKUTUAN,5,74.66666666666667,29.200000000000003,0.1
101.66156015524527,3.112362800069183,05/10/2025,"VISTA ANGKASA (BLOK 1 & 2),VISTA ANGKASA (BLOK 3,4,5,6,7,8)",WILAYAH PERSEKUTUAN,2,74.66666666666667,29.0,0.1
101.65021098054055,3.113359927135134,05/10/2025,E10. BG SEK 11 UNIVERSITY TOWER,SELANGOR,1,74.66666666666667,29.1,0.1
101.62343756636986,3.126588642719181,05/10/2025,"E9. KT SS 2 (1) [JLN SS 2/1-2/4, 2/4A,4B, 2/5-2/23, 2/25, 2/25A]",SELANGOR,1,74.66666666666667,29.0,0.1
101.61594836920673,3.142715774447116,05/10/2025,"E8. BU PJU 6A TMN KAYU ARA INDAH,E8. BU SS 21 (2) [JLN SS 21/15,17,19,21,22,24,26,28,30,32,34,36,38,40,42A]",SELANGOR,2,74.66666666666667,29.1,0.1
101.69801199807317,3.1490448495609744,05/10/2025,"JALAN HANG LEKIU,JALAN TUN H.S. LEE",WILAYAH PERSEKUTUAN,2,74.66666666666667,29.299999999999997,0.1
101.65088004275611,3.078031311652439,06/10/2025,"E12. TM PJS 1 APT DAMAI SENJA,E12. TM PJS 1 APT PJS  ONE",SELANGOR,2,79.375,28.45,11.6
101.6189847304863,3.080051615534246,06/10/2025,"E11. SRI PJS 6 FLAT DESA MENTARI 1 (BLOK 1 , 2 , 3)",SELANGOR,1,79.375,28.5,11.6
101.69008798722437,3.088019988687805,06/10/2025,"KUCHAI ENTREPRENEURS PARK (JALAN 2/116B),KUCHAI ENTREPRENEURS PARK (JLN KUCHAI MAJU 13,14,15,16,18,19 & JLN 6/116B),SRI DESA APPT,SRI DESA ENTREPRENEUR PARK,SRI DESA KONDO FASA 2 (BLOK 7,9,11)",WILAYAH PERSEKUTUAN,5,79.375,28.45,11.6
101.66156015524527,3.112362800069183,06/10/2025,"VISTA ANGKASA (BLOK 1 & 2),VISTA ANGKASA (BLOK 3,4,5,6,7,8)",WILAYAH PERSEKUTUAN,2,79.375,28.200000000000003,11.6
101.65021098054055,3.113359927135134,06/10/2025,E10. BG SEK 11 UNIVERSITY TOWER,SELANGOR,1,79.375,28.299999999999997,11.6
101.62343756636986,3.126588642719181,06/10/2025,"E9. KT SS 2 (1) [JLN SS 2/1-2/4, 2/4A,4B, 2/5-2/23, 2/25, 2/25A]",SELANGOR,1,79.375,28.25,11.6
101.61529030279999,3.1424636550631595,06/10/2025,"E8. BU PJU 6A TMN KAYU ARA INDAH,E8. BU SS 21 (2) [JLN SS 21/15,17,19,21,22,24,26,28,30,32,34,36,38,40,42A]",SELANGOR,2,79.375,28.35,11.6
101.69801199807317,3.1490448495609744,06/10/2025,"JALAN HANG LEKIU,JALAN TUN H.S. LEE",WILAYAH PERSEKUTUAN,2,79.375,28.5,11.6
101.65088004275611,3.078031311652439,07/10/2025,"E12. TM PJS 1 APT DAMAI SENJA,E12. TM PJS 1 APT PJS  ONE",SELANGOR,2,82.04166666666667,27.700000000000003,9.8
101.6189847304863,3.080051615534246,07/10/2025,"E11. SRI PJS 6 FLAT DESA MENTARI 1 (BLOK 1 , 2 , 3)",SELANGOR,1,82.04166666666667,27.700000000000003,9.8
101.69008798722437,3.088019988687805,07/10/2025,"KUCHAI ENTREPRENEURS PARK (JALAN 2/116B),KUCHAI ENTREPRENEURS PARK (JLN KUCHAI MAJU 13,14,15,16,18,19 & JLN 6/116B),SRI DESA APPT,SRI DESA ENTREPRENEUR PARK,SRI DESA KONDO FASA 2 (BLOK 7,9,11)",WILAYAH PERSEKUTUAN,5,82.04166666666667,27.700000000000003,9.8
101.64090289980892,3.093657339388533,07/10/2025,"E10. BG SEK 4 (TERES 2) [JLN 4/33,47,47A-D,49A-E,50,52,53,53A,53B,54A,54B]",SELANGOR,1,82.04166666666667,27.700000000000003,9.8
101.66156015524527,3.112362800069183,07/10/2025,"VISTA ANGKASA (BLOK 1 & 2),VISTA ANGKASA (BLOK 3,4,5,6,7,8)",WILAYAH PERSEKUTUAN,2,82.04166666666667,27.4,9.8
101.65021098054055,3.113359927135134,07/10/2025,E10. BG SEK 11 UNIVERSITY TOWER,SELANGOR,1,82.04166666666667,27.5,9.8
101.62343756636986,3.126588642719181,07/10/2025,"E9. KT SS 2 (1) [JLN SS 2/1-2/4, 2/4A,4B, 2/5-2/23, 2/25, 2/25A]",SELANGOR,1,82.04166666666667,27.5,9.8
101.61529030279999,3.1424636550631595,07/10/2025,"E8. BU PJU 6A TMN KAYU ARA INDAH,E8. BU SS 21 (2) [JLN SS 21/15,17,19,21,22,24,26,28,30,32,34,36,38,40,42A]",SELANGOR,2,82.04166666666667,27.6,9.8
101.69801199807317,3.1490448495609744,07/10/2025,"JALAN HANG LEKIU,JALAN TUN H.S. LEE",WILAYAH PERSEKUTUAN,2,82.04166666666667,27.700000000000003,9.8
101.65088004275611,3.078031311652439,08/10/2025,"E12. TM PJS 1 APT DAMAI SENJA,E12. TM PJS 1 APT PJS  ONE",SELANGOR,2,76.91666666666667,28.549999999999997,2.5
101.6189847304863,3.080051615534246,08/10/2025,"E11. SRI PJS 6 FLAT DESA MENTARI 1 (BLOK 1 , 2 , 3)",SELANGOR,1,76.91666666666667,28.549999999999997,2.5
101.60836846910274,3.0809392896780823,08/10/2025,E11. SRI PJS 8 MENTARI COURT,SELANGOR,1,76.91666666666667,28.549999999999997,2.5
101.69015253739605,3.0880622723069306,08/10/2025,"KUCHAI ENTREPRENEURS PARK (JALAN 2/116B),KUCHAI ENTREPRENEURS PARK (JLN KUCHAI MAJU 13,14,15,16,18,19 & JLN 6/116B),SRI DESA APPT,SRI DESA ENTREPRENEUR PARK",WILAYAH PERSEKUTUAN,4,76.91666666666667,28.549999999999997,2.5
101.64090289980892,3.093657339388533,08/10/2025,"E10. BG SEK 4 (TERES 2) [JLN 4/33,47,47A-D,49A-E,50,52,53,53A,53B,54A,54B]",SELANGOR,1,76.91666666666667,28.549999999999997,2.5
101.66156015524527,3.112362800069183,08/10/2025,"VISTA ANGKASA (BLOK 1 & 2),VISTA ANGKASA (BLOK 3,4,5,6,7,8)",WILAYAH PERSEKUTUAN,2,76.91666666666667,28.25,2.5
101.65019281011644,3.113313932075342,08/10/2025,E10. BG SEK 11 UNIVERSITY TOWER,SELANGOR,1,76.91666666666667,28.35,2.5
101.62343756636986,3.126588642719181,08/10/2025,"E9. KT SS 2 (1) [JLN SS 2/1-2/4, 2/4A,4B, 2/5-2/23, 2/25, 2/25A]",SELANGOR,1,76.91666666666667,28.35,2.5
101.61529030279999,3.1424636550631595,08/10/2025,"E8. BU PJU 6A TMN KAYU ARA INDAH,E8. BU SS 21 (2) [JLN SS 21/15,17,19,21,22,24,26,28,30,32,34,36,38,40,42A]",SELANGOR,2,76.91666666666667,28.450000000000003,2.5
101.69801199807317,3.1490448495609744,08/10/2025,"JALAN HANG LEKIU,JALAN TUN H.S. LEE",WILAYAH PERSEKUTUAN,2,76.91666666666667,28.549999999999997,2.5
101.65088004275611,3.078031311652439,09/10/2025,"E12. TM PJS 1 APT DAMAI SENJA,E12. TM PJS 1 APT PJS  ONE",SELANGOR,2,74.33333333333333,28.65,1.7
101.6189847304863,3.080051615534246,09/10/2025,"E11. SRI PJS 6 FLAT DESA MENTARI 1 (BLOK 1 , 2 , 3)",SELANGOR,1,74.33333333333333,28.75,1.7
101.60836846910274,3.0809392896780823,09/10/2025,E11. SRI PJS 8 MENTARI COURT,SELANGOR,1,74.33333333333333,28.75,1.7
101.69015253739605,3.0880622723069306,09/10/2025,"KUCHAI ENTREPRENEURS PARK (JALAN 2/116B),KUCHAI ENTREPRENEURS PARK (JLN KUCHAI MAJU 13,14,15,16,18,19 & JLN 6/116B),SRI DESA APPT,SRI DESA ENTREPRENEUR PARK",WILAYAH PERSEKUTUAN,4,74.33333333333333,28.65,1.7
101.64090289980892,3.093657339388533,09/10/2025,"E10. BG SEK 4 (TERES 2) [JLN 4/33,47,47A-D,49A-E,50,52,53,53A,53B,54A,54B]",SELANGOR,1,74.33333333333333,28.65,1.7
101.66156015524527,3.112362800069183,09/10/2025,"VISTA ANGKASA (BLOK 1 & 2),VISTA ANGKASA (BLOK 3,4,5,6,7,8)",WILAYAH PERSEKUTUAN,2,74.33333333333333,28.450000000000003,1.7
101.65019281011644,3.113313932075342,09/10/2025,E10. BG SEK 11 UNIVERSITY TOWER,SELANGOR,1,74.33333333333333,28.549999999999997,1.7
101.62343756636986,3.126588642719181,09/10/2025,"E9. KT SS 2 (1) [JLN SS 2/1-2/4, 2/4A,4B, 2/5-2/23, 2/25, 2/25A]",SELANGOR,1,74.33333333333333,28.450000000000003,1.7
101.61541233179487,3.142298306574361,09/10/2025,"E8. BU PJU 6A PELANGI UTAMA KONDO,E8. BU PJU 6A TMN KAYU ARA INDAH,E8. BU SS 21 (2) [JLN SS 21/15,17,19,21,22,24,26,28,30,32,34,36,38,40,42A]",SELANGOR,3,74.33333333333333,28.549999999999997,1.7
101.69801199807317,3.1490448495609744,09/10/2025,"JALAN HANG LEKIU,JALAN TUN H.S. LEE",WILAYAH PERSEKUTUAN,2,74.33333333333333,28.75,1.7
101.61553247014383,3.16689359878082,09/10/2025,"E6. BL PJU 8 EMPIRE CITY,E6. BL PJU 8 EMPIRE CITY (MY LOFT ) BLOK D",SELANGOR,2,74.33333333333333,28.450000000000003,1.7
101.65088004275611,3.078031311652439,10/10/2025,"E12. TM PJS 1 APT DAMAI SENJA,E12. TM PJS 1 APT PJS  ONE",SELANGOR,2,73.625,28.75,0.3
101.6189847304863,3.080051615534246,10/10/2025,"E11. SRI PJS 6 FLAT DESA MENTARI 1 (BLOK 1 , 2 , 3)",SELANGOR,1,73.625,28.8,0.3
101.60836846910274,3.0809392896780823,10/10/2025,E11. SRI PJS 8 MENTARI COURT,SELANGOR,1,73.625,28.8,0.3
101.69015253739605,3.0880622723069306,10/10/2025,"KUCHAI ENTREPRENEURS PARK (JALAN 2/116B),KUCHAI ENTREPRENEURS PARK (JLN KUCHAI MAJU 13,14,15,16,18,19 & JLN 6/116B),SRI DESA APPT,SRI DESA ENTREPRENEUR PARK",WILAYAH PERSEKUTUAN,4,73.625,28.75,0.3
101.64090289980892,3.093657339388533,10/10/2025,"E10. BG SEK 4 (TERES 2) [JLN 4/33,47,47A-D,49A-E,50,52,53,53A,53B,54A,54B]",SELANGOR,1,73.625,28.75,0.3
101.66156015524527,3.112362800069183,10/10/2025,"VISTA ANGKASA (BLOK 1 & 2),VISTA ANGKASA (BLOK 3,4,5,6,7,8)",WILAYAH PERSEKUTUAN,2,73.625,28.5,0.3
101.65021313697973,3.1133625531351337,10/10/2025,E10. BG SEK 11 UNIVERSITY TOWER,SELANGOR,1,73.625,28.6,0.3
101.62343756636986,3.126588642719181,10/10/2025,"E9. KT SS 2 (1) [JLN SS 2/1-2/4, 2/4A,4B, 2/5-2/23, 2/25, 2/25A]",SELANGOR,1,73.625,28.549999999999997,0.3
101.61587787354443,3.1418697509277824,10/10/2025,"E8. BU PJU 6A PELANGI UTAMA KONDO,E8. BU PJU 6A TMN KAYU ARA INDAH,E8. BU SS 21 (2) [JLN SS 21/15,17,19,21,22,24,26,28,30,32,34,36,38,40,42A]",SELANGOR,3,73.625,28.65,0.3
101.69801199807317,3.1490448495609744,10/10/2025,"JALAN HANG LEKIU,JALAN TUN H.S. LEE",WILAYAH PERSEKUTUAN,2,73.625,28.8,0.3
101.61553247014383,3.16689359878082,10/10/2025,"E6. BL PJU 8 EMPIRE CITY,E6. BL PJU 8 EMPIRE CITY (MY LOFT ) BLOK D",SELANGOR,2,73.625,28.549999999999997,0.3
101.65088004275611,3.078031311652439,11/10/2025,"E12. TM PJS 1 APT DAMAI SENJA,E12. TM PJS 1 APT PJS  ONE",SELANGOR,2,79.75,27.8,1.6
101.6189847304863,3.080051615534246,11/10/2025,"E11. SRI PJS 6 FLAT DESA MENTARI 1 (BLOK 1 , 2 , 3)",SELANGOR,1,79.75,27.85,1.6
101.60836846910274,3.0809392896780823,11/10/2025,E11. SRI PJS 8 MENTARI COURT,SELANGOR,1,79.75,27.85,1.6
101.69015253739605,3.0880622723069306,11/10/2025,"KUCHAI ENTREPRENEURS PARK (JALAN 2/116B),KUCHAI ENTREPRENEURS PARK (JLN KUCHAI MAJU 13,14,15,16,18,19 & JLN 6/116B),SRI DESA APPT,SRI DESA ENTREPRENEUR PARK",WILAYAH PERSEKUTUAN,4,79.75,27.8,1.6
101.64090289980892,3.093657339388533,11/10/2025,"E10. BG SEK 4 (TERES 2) [JLN 4/33,47,47A-D,49A-E,50,52,53,53A,53B,54A,54B]",SELANGOR,1,79.75,27.8,1.6
101.66156015524527,3.112362800069183,11/10/2025,"VISTA ANGKASA (BLOK 1 & 2),VISTA ANGKASA (BLOK 3,4,5,6,7,8)",WILAYAH PERSEKUTUAN,2,79.75,27.549999999999997,1.6
101.65021313697973,3.1133625531351337,11/10/2025,E10. BG SEK 11 UNIVERSITY TOWER,SELANGOR,1,79.75,27.65,1.6
101.62343756636986,3.126588642719181,11/10/2025,"E9. KT SS 2 (1) [JLN SS 2/1-2/4, 2/4A,4B, 2/5-2/23, 2/25, 2/25A]",SELANGOR,1,79.75,27.6,1.6
101.61587787354443,3.1418697509277824,11/10/2025,"E8. BU PJU 6A PELANGI UTAMA KONDO,E8. BU PJU 6A TMN KAYU ARA INDAH,E8. BU SS 21 (2) [JLN SS 21/15,17,19,21,22,24,26,28,30,32,34,36,38,40,42A]",SELANGOR,3,79.75,27.7,1.6
101.61553247014383,3.16689359878082,11/10/2025,"E6. BL PJU 8 EMPIRE CITY,E6. BL PJU 8 EMPIRE CITY (MY LOFT ) BLOK D",SELANGOR,2,79.75,27.6,1.6
101.6189847304863,3.080051615534246,12/10/2025,"E11. SRI PJS 6 FLAT DESA MENTARI 1 (BLOK 1 , 2 , 3)",SELANGOR,1,77.875,28.65,5.3
101.60991768926704,3.0815493229267026,12/10/2025,E11. SRI PJS 8 MENTARI COURT,SELANGOR,1,77.875,28.65,5.3
101.69015253739605,3.0880622723069306,12/10/2025,"KUCHAI ENTREPRENEURS PARK (JALAN 2/116B),KUCHAI ENTREPRENEURS PARK (JLN KUCHAI MAJU 13,14,15,16,18,19 & JLN 6/116B),SRI DESA APPT,SRI DESA ENTREPRENEUR PARK",WILAYAH PERSEKUTUAN,4,77.875,28.599999999999998,5.3
101.64090289980892,3.093657339388533,12/10/2025,"E10. BG SEK 4 (TERES 2) [JLN 4/33,47,47A-D,49A-E,50,52,53,53A,53B,54A,54B]",SELANGOR,1,77.875,28.599999999999998,5.3
101.62161327286987,3.0945984133287623,12/10/2025,E12. TM SEK 51A FLAT IMPIAN BAIDURI,SELANGOR,1,77.875,28.450000000000003,5.3
101.66156015524527,3.112362800069183,12/10/2025,"VISTA ANGKASA (BLOK 1 & 2),VISTA ANGKASA (BLOK 3,4,5,6,7,8)",WILAYAH PERSEKUTUAN,2,77.875,28.35,5.3
101.65021313697973,3.1133625531351337,12/10/2025,E10. BG SEK 11 UNIVERSITY TOWER,SELANGOR,1,77.875,28.450000000000003,5.3
101.6201131064,3.1167562773874993,12/10/2025,"E9. KT SS 2 (2) [JLN SS 2/45,2/46,2/47,2/48,2/49,2/50,2/51,2/52,2/53,2/55]",SELANGOR,1,77.875,28.4,5.3
101.62343756636986,3.126588642719181,12/10/2025,"E9. KT SS 2 (1) [JLN SS 2/1-2/4, 2/4A,4B, 2/5-2/23, 2/25, 2/25A]",SELANGOR,1,77.875,28.4,5.3
101.61587787354443,3.1418697509277824,12/10/2025,"E8. BU PJU 6A PELANGI UTAMA KONDO,E8. BU PJU 6A TMN KAYU ARA INDAH,E8. BU SS 21 (2) [JLN SS 21/15,17,19,21,22,24,26,28,30,32,34,36,38,40,42A]",SELANGOR,3,77.875,28.5,5.3
101.61553247014383,3.16689359878082,12/10/2025,"E6. BL PJU 8 EMPIRE CITY,E6. BL PJU 8 EMPIRE CITY (MY LOFT ) BLOK D",SELANGOR,2,77.875,28.4,5.3
101.6189847304863,3.080051615534246,13/10/2025,"E11. SRI PJS 6 FLAT DESA MENTARI 1 (BLOK 1 , 2 , 3)",SELANGOR,1,76.08333333333333,29.1,1.3
101.60991768926704,3.0815493229267026,13/10/2025,E11. SRI PJS 8 MENTARI COURT,SELANGOR,1,76.08333333333333,29.1,1.3
101.69015253739605,3.0880622723069306,13/10/2025,"KUCHAI ENTREPRENEURS PARK (JALAN 2/116B),KUCHAI ENTREPRENEURS PARK (JLN KUCHAI MAJU 13,14,15,16,18,19 & JLN 6/116B),SRI DESA APPT,SRI DESA ENTREPRENEUR PARK",WILAYAH PERSEKUTUAN,4,76.08333333333333,29.049999999999997,1.3
101.64090289980892,3.093657339388533,13/10/2025,"E10. BG SEK 4 (TERES 2) [JLN 4/33,47,47A-D,49A-E,50,52,53,53A,53B,54A,54B]",SELANGOR,1,76.08333333333333,29.049999999999997,1.3
101.62156026191892,3.0946083754189173,13/10/2025,E12. TM SEK 51A FLAT IMPIAN BAIDURI,SELANGOR,1,76.08333333333333,28.900000000000002,1.3
101.66156015524527,3.112362800069183,13/10/2025,"VISTA ANGKASA (BLOK 1 & 2),VISTA ANGKASA (BLOK 3,4,5,6,7,8)",WILAYAH PERSEKUTUAN,2,76.08333333333333,28.8,1.3
101.65021313697973,3.1133625531351337,13/10/2025,E10. BG SEK 11 UNIVERSITY TOWER,SELANGOR,1,76.08333333333333,28.900000000000002,1.3
101.6201131064,3.1167562773874993,13/10/2025,"E9. KT SS 2 (2) [JLN SS 2/45,2/46,2/47,2/48,2/49,2/50,2/51,2/52,2/53,2/55]",SELANGOR,1,76.08333333333333,28.85,1.3
101.62343756636986,3.126588642719181,13/10/2025,"E9. KT SS 2 (1) [JLN SS 2/1-2/4, 2/4A,4B, 2/5-2/23, 2/25, 2/25A]",SELANGOR,1,76.08333333333333,28.85,1.3
101.61587787354443,3.1418697509277824,13/10/2025,"E8. BU PJU 6A PELANGI UTAMA KONDO,E8. BU PJU 6A TMN KAYU ARA INDAH,E8. BU SS 21 (2) [JLN SS 21/15,17,19,21,22,24,26,28,30,32,34,36,38,40,42A]",SELANGOR,3,76.08333333333333,28.950000000000003,1.3
101.61623551879651,3.1673976226569747,13/10/2025,"E6. BL PJU 8 EMPIRE CITY,E6. BL PJU 8 EMPIRE CITY (HALO SUNDAY) BLOK A & B,E6. BL PJU 8 EMPIRE CITY (MOSSAZ SUITES) BLOK WEST COURT,E6. BL PJU 8 EMPIRE CITY (MY LOFT ) BLOK D",SELANGOR,4,76.08333333333333,28.85,1.3
101.6189847304863,3.080051615534246,14/10/2025,"E11. SRI PJS 6 FLAT DESA MENTARI 1 (BLOK 1 , 2 , 3)",SELANGOR,1,76.125,29.55,8.8
101.60991768926704,3.0815493229267026,14/10/2025,E11. SRI PJS 8 MENTARI COURT,SELANGOR,1,76.125,29.55,8.8
101.69015253739605,3.0880622723069306,14/10/2025,"KUCHAI ENTREPRENEURS PARK (JALAN 2/116B),KUCHAI ENTREPRENEURS PARK (JLN KUCHAI MAJU 13,14,15,16,18,19 & JLN 6/116B),SRI DESA APPT,SRI DESA ENTREPRENEUR PARK",WILAYAH PERSEKUTUAN,4,76.125,29.45,8.8
101.64090289980892,3.093657339388533,14/10/2025,"E10. BG SEK 4 (TERES 2) [JLN 4/33,47,47A-D,49A-E,50,52,53,53A,53B,54A,54B]",SELANGOR,1,76.125,29.45,8.8
101.62156026191892,3.0946083754189173,14/10/2025,E12. TM SEK 51A FLAT IMPIAN BAIDURI,SELANGOR,1,76.125,29.349999999999998,8.8
101.66156015524527,3.112362800069183,14/10/2025,"VISTA ANGKASA (BLOK 1 & 2),VISTA ANGKASA (BLOK 3,4,5,6,7,8)",WILAYAH PERSEKUTUAN,2,76.125,29.25,8.8
101.65021313697973,3.1133625531351337,14/10/2025,E10. BG SEK 11 UNIVERSITY TOWER,SELANGOR,1,76.125,29.349999999999998,8.8
101.6201131064,3.1167562773874993,14/10/2025,"E9. KT SS 2 (2) [JLN SS 2/45,2/46,2/47,2/48,2/49,2/50,2/51,2/52,2/53,2/55]",SELANGOR,1,76.125,29.25,8.8
101.62343756636986,3.126588642719181,14/10/2025,"E9. KT SS 2 (1) [JLN SS 2/1-2/4, 2/4A,4B, 2/5-2/23, 2/25, 2/25A]",SELANGOR,1,76.125,29.25,8.8
101.61587787354443,3.1418697509277824,14/10/2025,"E8. BU PJU 6A PELANGI UTAMA KONDO,E8. BU PJU 6A TMN KAYU ARA INDAH,E8. BU SS 21 (2) [JLN SS 21/15,17,19,21,22,24,26,28,30,32,34,36,38,40,42A]",SELANGOR,3,76.125,29.349999999999998,8.8
101.61623551879651,3.1673976226569747,14/10/2025,"E6. BL PJU 8 EMPIRE CITY,E6. BL PJU 8 EMPIRE CITY (HALO SUNDAY) BLOK A & B,E6. BL PJU 8 EMPIRE CITY (MOSSAZ SUITES) BLOK WEST COURT,E6. BL PJU 8 EMPIRE CITY (MY LOFT ) BLOK D",SELANGOR,4,76.125,29.25,8.8
101.64766406622093,3.077765661468992,15/10/2025,"E12. TM PJS 1 APT DAMAI SENJA,E12. TM PJS 1 APT PETALING PERDANA 2 (BLOK I - P],E12. TM PJS 1 APT PJS  ONE,E12. TM PJS 1 PARK AVENUE KONDO",SELANGOR,4,74.83333333333333,30.35,12.2
101.60991768926704,3.0815493229267026,15/10/2025,E11. SRI PJS 8 MENTARI COURT,SELANGOR,1,74.83333333333333,30.4,12.2
101.69036693839189,3.08999646897297,15/10/2025,"KUCHAI ENTREPRENEURS PARK (JALAN 2/116B),KUCHAI ENTREPRENEURS PARK (JLN KUCHAI MAJU 13,14,15,16,18,19 & JLN 6/116B)",WILAYAH PERSEKUTUAN,2,74.83333333333333,30.4,12.2
101.64090289980892,3.093657339388533,15/10/2025,"E10. BG SEK 4 (TERES 2) [JLN 4/33,47,47A-D,49A-E,50,52,53,53A,53B,54A,54B]",SELANGOR,1,74.83333333333333,30.35,12.2
101.62156026191892,3.0946083754189173,15/10/2025,E12. TM SEK 51A FLAT IMPIAN BAIDURI,SELANGOR,1,74.83333333333333,30.2,12.2
101.66156015524527,3.112362800069183,15/10/2025,"VISTA ANGKASA (BLOK 1 & 2),VISTA ANGKASA (BLOK 3,4,5,6,7,8)",WILAYAH PERSEKUTUAN,2,74.83333333333333,30.099999999999998,12.2
101.6201131064,3.1167562773874993,15/10/2025,"E9. KT SS 2 (2) [JLN SS 2/45,2/46,2/47,2/48,2/49,2/50,2/51,2/52,2/53,2/55]",SELANGOR,1,74.83333333333333,30.15,12.2
101.62343756636986,3.126588642719181,15/10/2025,"E9. KT SS 2 (1) [JLN SS 2/1-2/4, 2/4A,4B, 2/5-2/23, 2/25, 2/25A]",SELANGOR,1,74.83333333333333,30.15,12.2
101.6157361402,3.141745449537147,15/10/2025,"E8. BU PJU 6A PELANGI UTAMA KONDO,E8. BU PJU 6A TMN KAYU ARA INDAH,E8. BU SS 21 (2) [JLN SS 21/15,17,19,21,22,24,26,28,30,32,34,36,38,40,42A]",SELANGOR,3,74.83333333333333,30.25,12.2
101.64766406622093,3.077765661468992,16/10/2025,"E12. TM PJS 1 APT DAMAI SENJA,E12. TM PJS 1 APT PETALING PERDANA 2 (BLOK I - P],E12. TM PJS 1 APT PJS  ONE,E12. TM PJS 1 PARK AVENUE KONDO",SELANGOR,4,79.79166666666667,28.95,3.0
101.60991768926704,3.0815493229267026,16/10/2025,E11. SRI PJS 8 MENTARI COURT,SELANGOR,1,79.79166666666667,29.0,3.0
101.69036693839189,3.08999646897297,16/10/2025,"KUCHAI ENTREPRENEURS PARK (JALAN 2/116B),KUCHAI ENTREPRENEURS PARK (JLN KUCHAI MAJU 13,14,15,16,18,19 & JLN 6/116B)",WILAYAH PERSEKUTUAN,2,79.79166666666667,29.0,3.0
101.64090289980892,3.093657339388533,16/10/2025,"E10. BG SEK 4 (TERES 2) [JLN 4/33,47,47A-D,49A-E,50,52,53,53A,53B,54A,54B]",SELANGOR,1,79.79166666666667,28.95,3.0
101.62156026191892,3.0946083754189173,16/10/2025,E12. TM SEK 51A FLAT IMPIAN BAIDURI,SELANGOR,1,79.79166666666667,28.8,3.0
101.66156015524527,3.112362800069183,16/10/2025,"VISTA ANGKASA (BLOK 1 & 2),VISTA ANGKASA (BLOK 3,4,5,6,7,8)",WILAYAH PERSEKUTUAN,2,79.79166666666667,28.7,3.0
101.62165693636966,3.1157456153222727,16/10/2025,"E9. KT SS 2 (2) [JLN SS 2/45,2/46,2/47,2/48,2/49,2/50,2/51,2/52,2/53,2/55],E9. KT SS 2 (7) [JLN SS 2/39,2/40,2/41,2/42,2/43,2/44,2/54,2/57,2/58,2/59]",SELANGOR,2,79.79166666666667,28.75,3.0
101.6157361402,3.141745449537147,16/10/2025,"E8. BU PJU 6A PELANGI UTAMA KONDO,E8. BU PJU 6A TMN KAYU ARA INDAH,E8. BU SS 21 (2) [JLN SS 21/15,17,19,21,22,24,26,28,30,32,34,36,38,40,42A]",SELANGOR,3,79.79166666666667,28.85,3.0
101.64766406622093,3.077765661468992,17/10/2025,"E12. TM PJS 1 APT DAMAI SENJA,E12. TM PJS 1 APT PETALING PERDANA 2 (BLOK I - P],E12. TM PJS 1 APT PJS  ONE,E12. TM PJS 1 PARK AVENUE KONDO",SELANGOR,4,83.0,27.85,5.8
101.60991768926704,3.0815493229267026,17/10/2025,E11. SRI PJS 8 MENTARI COURT,SELANGOR,1,83.0,27.95,5.8
101.69036693839189,3.08999646897297,17/10/2025,"KUCHAI ENTREPRENEURS PARK (JALAN 2/116B),KUCHAI ENTREPRENEURS PARK (JLN KUCHAI MAJU 13,14,15,16,18,19 & JLN 6/116B)",WILAYAH PERSEKUTUAN,2,83.0,27.95,5.8
101.64090289980892,3.093657339388533,17/10/2025,"E10. BG SEK 4 (TERES 2) [JLN 4/33,47,47A-D,49A-E,50,52,53,53A,53B,54A,54B]",SELANGOR,1,83.0,27.85,5.8
101.62156026191892,3.0946083754189173,17/10/2025,E12. TM SEK 51A FLAT IMPIAN BAIDURI,SELANGOR,1,83.0,27.75,5.8
101.66156015524527,3.112362800069183,17/10/2025,"VISTA ANGKASA (BLOK 1 & 2),VISTA ANGKASA (BLOK 3,4,5,6,7,8)",WILAYAH PERSEKUTUAN,2,83.0,27.65,5.8
101.62165693636966,3.1157456153222727,17/10/2025,"E9. KT SS 2 (2) [JLN SS 2/45,2/46,2/47,2/48,2/49,2/50,2/51,2/52,2/53,2/55],E9. KT SS 2 (7) [JLN SS 2/39,2/40,2/41,2/42,2/43,2/44,2/54,2/57,2/58,2/59]",SELANGOR,2,83.0,27.65,5.8
101.6157361402,3.141745449537147,17/10/2025,"E8. BU PJU 6A PELANGI UTAMA KONDO,E8. BU PJU 6A TMN KAYU ARA INDAH,E8. BU SS 21 (2) [JLN SS 21/15,17,19,21,22,24,26,28,30,32,34,36,38,40,42A]",SELANGOR,3,83.0,27.75,5.8
101.60921952712796,3.0820031652559265,18/10/2025,E11. SRI PJS 8 MENTARI COURT,SELANGOR,1,83.20833333333333,28.2,10.8
101.64090289980892,3.093657339388533,18/10/2025,"E10. BG SEK 4 (TERES 2) [JLN 4/33,47,47A-D,49A-E,50,52,53,53A,53B,54A,54B]",SELANGOR,1,83.20833333333333,28.2,10.8
101.62226086745834,3.094824472625002,18/10/2025,E12. TM SEK 51A FLAT IMPIAN BAIDURI,SELANGOR,1,83.20833333333333,28.1,10.8
101.62165693636966,3.1157456153222727,18/10/2025,"E9. KT SS 2 (2) [JLN SS 2/45,2/46,2/47,2/48,2/49,2/50,2/51,2/52,2/53,2/55],E9. KT SS 2 (7) [JLN SS 2/39,2/40,2/41,2/42,2/43,2/44,2/54,2/57,2/58,2/59]",SELANGOR,2,83.20833333333333,28.0,10.8
101.6157361402,3.141745449537147,18/10/2025,"E8. BU PJU 6A PELANGI UTAMA KONDO,E8. BU PJU 6A TMN KAYU ARA INDAH,E8. BU SS 21 (2) [JLN SS 21/15,17,19,21,22,24,26,28,30,32,34,36,38,40,42A]",SELANGOR,3,83.20833333333333,28.1,10.8
101.60921952712796,3.0820031652559265,19/10/2025,E11. SRI PJS 8 MENTARI COURT,SELANGOR,1,83.125,28.15,6.3
101.64090289980892,3.093657339388533,19/10/2025,"E10. BG SEK 4 (TERES 2) [JLN 4/33,47,47A-D,49A-E,50,52,53,53A,53B,54A,54B]",SELANGOR,1,83.125,28.15,6.3
101.6228163245699,3.0951533665483857,19/10/2025,E12. TM SEK 51A FLAT IMPIAN BAIDURI,SELANGOR,1,83.125,27.95,6.3
101.62165693636966,3.1157456153222727,19/10/2025,"E9. KT SS 2 (2) [JLN SS 2/45,2/46,2/47,2/48,2/49,2/50,2/51,2/52,2/53,2/55],E9. KT SS 2 (7) [JLN SS 2/39,2/40,2/41,2/42,2/43,2/44,2/54,2/57,2/58,2/59]",SELANGOR,2,83.125,27.95,6.3
101.6157361402,3.141745449537147,19/10/2025,"E8. BU PJU 6A PELANGI UTAMA KONDO,E8. BU PJU 6A TMN KAYU ARA INDAH,E8. BU SS 21 (2) [JLN SS 21/15,17,19,21,22,24,26,28,30,32,34,36,38,40,42A]",SELANGOR,3,83.125,28.05,6.3
101.60921952712796,3.0820031652559265,20/10/2025,E11. SRI PJS 8 MENTARI COURT,SELANGOR,1,85,27.3,3.7
101.6228163245699,3.0951533665483857,20/10/2025,E12. TM SEK 51A FLAT IMPIAN BAIDURI,SELANGOR,1,85,27.1,3.7
101.62165693636966,3.1157456153222727,20/10/2025,"E9. KT SS 2 (2) [JLN SS 2/45,2/46,2/47,2/48,2/49,2/50,2/51,2/52,2/53,2/55],E9. KT SS 2 (7) [JLN SS 2/39,2/40,2/41,2/42,2/43,2/44,2/54,2/57,2/58,2/59]",SELANGOR,2,85,27.1,3.7
101.61652224560265,3.141364870582783,20/10/2025,"E8. BU PJU 6A TMN KAYU ARA INDAH,E8. BU SS 21 (2) [JLN SS 21/15,17,19,21,22,24,26,28,30,32,34,36,38,40,42A]",SELANGOR,2,85,27.2,3.7
101.61301089366864,3.081057051156807,21/10/2025,"E11. SRI PJS 6 FLAT DESA MENTARI 1 (BLOK 1 , 2 , 3),E11. SRI PJS 6 FLAT DESA MENTARI 2 (BLOK 4 , 5 , 6),E11. SRI PJS 8 MENTARI COURT",SELANGOR,3,76,28.4,0.1
101.6228163245699,3.0951533665483857,21/10/2025,E12. TM SEK 51A FLAT IMPIAN BAIDURI,SELANGOR,1,76,28.3,0.1
101.6500983599589,3.1135825627671228,21/10/2025,E10. BG SEK 11 UNIVERSITY TOWER,SELANGOR,1,76,28.3,0.1
101.62165693636966,3.1157456153222727,21/10/2025,"E9. KT SS 2 (2) [JLN SS 2/45,2/46,2/47,2/48,2/49,2/50,2/51,2/52,2/53,2/55],E9. KT SS 2 (7) [JLN SS 2/39,2/40,2/41,2/42,2/43,2/44,2/54,2/57,2/58,2/59]",SELANGOR,2,76,28.3,0.1
101.61652224560265,3.141364870582783,21/10/2025,"E8. BU PJU 6A TMN KAYU ARA INDAH,E8. BU SS 21 (2) [JLN SS 21/15,17,19,21,22,24,26,28,30,32,34,36,38,40,42A]",SELANGOR,2,76,28.4,0.1
101.61591009465687,3.1673759375392154,21/10/2025,"E6. BL PJU 8 EMPIRE CITY (HALO SUNDAY) BLOK A & B,E6. BL PJU 8 EMPIRE CITY (MOSSAZ SUITES) BLOK WEST COURT,E6. BL PJU 8 EMPIRE CITY(COLONIAL LOFT )",SELANGOR,3,76,28.3,0.1
101.61591009465687,3.1673759375392154,21/10/2025,BUKIT LANJAN (JALAN BUKIT LANJAN 6),WILAYAH PERSEKUTUAN,1,76,28.3,0.1
101.61301089366864,3.081057051156807,22/10/2025,"E11. SRI PJS 6 FLAT DESA MENTARI 1 (BLOK 1 , 2 , 3),E11. SRI PJS 6 FLAT DESA MENTARI 2 (BLOK 4 , 5 , 6),E11. SRI PJS 8 MENTARI COURT",SELANGOR,3,80,27.1,0.0
101.6228163245699,3.0951533665483857,22/10/2025,E12. TM SEK 51A FLAT IMPIAN BAIDURI,SELANGOR,1,80,27.1,0.0
101.6500983599589,3.1135825627671228,22/10/2025,E10. BG SEK 11 UNIVERSITY TOWER,SELANGOR,1,80,27.1,0.0
101.62165693636966,3.1157456153222727,22/10/2025,"E9. KT SS 2 (2) [JLN SS 2/45,2/46,2/47,2/48,2/49,2/50,2/51,2/52,2/53,2/55],E9. KT SS 2 (7) [JLN SS 2/39,2/40,2/41,2/42,2/43,2/44,2/54,2/57,2/58,2/59]",SELANGOR,2,80,27.1,0.0
101.61652224560265,3.141364870582783,22/10/2025,"E8. BU PJU 6A TMN KAYU ARA INDAH,E8. BU SS 21 (2) [JLN SS 21/15,17,19,21,22,24,26,28,30,32,34,36,38,40,42A]",SELANGOR,2,80,27.2,0.0
101.61591009465687,3.1673759375392154,22/10/2025,"E6. BL PJU 8 EMPIRE CITY (HALO SUNDAY) BLOK A & B,E6. BL PJU 8 EMPIRE CITY (MOSSAZ SUITES) BLOK WEST COURT,E6. BL PJU 8 EMPIRE CITY(COLONIAL LOFT )",SELANGOR,3,80,27.0,0.0
101.61591009465687,3.1673759375392154,22/10/2025,BUKIT LANJAN (JALAN BUKIT LANJAN 6),WILAYAH PERSEKUTUAN,1,80,27.0,0.0
101.61301089366864,3.081057051156807,23/10/2025,"E11. SRI PJS 6 FLAT DESA MENTARI 1 (BLOK 1 , 2 , 3),E11. SRI PJS 6 FLAT DESA MENTARI 2 (BLOK 4 , 5 , 6),E11. SRI PJS 8 MENTARI COURT",SELANGOR,3,86,25.5,33.0
101.6228163245699,3.0951533665483857,23/10/2025,E12. TM SEK 51A FLAT IMPIAN BAIDURI,SELANGOR,1,86,25.5,33.0
101.6500983599589,3.1135825627671228,23/10/2025,E10. BG SEK 11 UNIVERSITY TOWER,SELANGOR,1,86,25.5,33.0
101.62165693636966,3.1157456153222727,23/10/2025,"E9. KT SS 2 (2) [JLN SS 2/45,2/46,2/47,2/48,2/49,2/50,2/51,2/52,2/53,2/55],E9. KT SS 2 (7) [JLN SS 2/39,2/40,2/41,2/42,2/43,2/44,2/54,2/57,2/58,2/59]",SELANGOR,2,86,25.4,33.0
101.61652224560265,3.141364870582783,23/10/2025,"E8. BU PJU 6A TMN KAYU ARA INDAH,E8. BU SS 21 (2) [JLN SS 21/15,17,19,21,22,24,26,28,30,32,34,36,38,40,42A]",SELANGOR,2,86,25.5,33.0
101.61591009465687,3.1673759375392154,23/10/2025,"E6. BL PJU 8 EMPIRE CITY (HALO SUNDAY) BLOK A & B,E6. BL PJU 8 EMPIRE CITY (MOSSAZ SUITES) BLOK WEST COURT,E6. BL PJU 8 EMPIRE CITY(COLONIAL LOFT )",SELANGOR,3,86,25.4,33.0
101.61591009465687,3.1673759375392154,23/10/2025,BUKIT LANJAN (JALAN BUKIT LANJAN 6),WILAYAH PERSEKUTUAN,1,86,25.4,33.0
101.61301089366864,3.081057051156807,24/10/2025,"E11. SRI PJS 6 FLAT DESA MENTARI 1 (BLOK 1 , 2 , 3),E11. SRI PJS 6 FLAT DESA MENTARI 2 (BLOK 4 , 5 , 6),E11. SRI PJS 8 MENTARI COURT",SELANGOR,3,88,26.1,5.4
101.6228163245699,3.0951533665483857,24/10/2025,E12. TM SEK 51A FLAT IMPIAN BAIDURI,SELANGOR,1,88,26.1,5.4
101.6500983599589,3.1135825627671228,24/10/2025,E10. BG SEK 11 UNIVERSITY TOWER,SELANGOR,1,88,26.1,5.4
101.62165693636966,3.1157456153222727,24/10/2025,"E9. KT SS 2 (2) [JLN SS 2/45,2/46,2/47,2/48,2/49,2/50,2/51,2/52,2/53,2/55],E9. KT SS 2 (7) [JLN SS 2/39,2/40,2/41,2/42,2/43,2/44,2/54,2/57,2/58,2/59]",SELANGOR,2,88,26.1,5.4
101.61652224560265,3.141364870582783,24/10/2025,"E8. BU PJU 6A TMN KAYU ARA INDAH,E8. BU SS 21 (2) [JLN SS 21/15,17,19,21,22,24,26,28,30,32,34,36,38,40,42A]",SELANGOR,2,88,26.2,5.4
101.61591009465687,3.1673759375392154,24/10/2025,"E6. BL PJU 8 EMPIRE CITY (HALO SUNDAY) BLOK A & B,E6. BL PJU 8 EMPIRE CITY (MOSSAZ SUITES) BLOK WEST COURT,E6. BL PJU 8 EMPIRE CITY(COLONIAL LOFT )",SELANGOR,3,88,26.1,5.4
101.61591009465687,3.1673759375392154,24/10/2025,BUKIT LANJAN (JALAN BUKIT LANJAN 6),WILAYAH PERSEKUTUAN,1,88,26.1,5.4
101.61826580984663,3.0796957786380386,25/10/2025,"E11. SRI PJS 6 FLAT DESA MENTARI 1 (BLOK 1 , 2 , 3),E11. SRI PJS 6 FLAT DESA MENTARI 2 (BLOK 4 , 5 , 6)",SELANGOR,2,83,26.9,0.1
101.67507226510273,3.081457290904112,25/10/2025,"TAMAN UNITED H ( JLN SEPAKAT 4,5,6,7,8,9 )",WILAYAH PERSEKUTUAN,1,83,26.8,0.1
101.69059455209334,3.0897342854733294,25/10/2025,"JALAN KUCHAI MAJU 14 ( 3/116B),KUCHAI ENTREPRENEURS PARK (JLN KUCHAI MAJU 13,14,15,16,18,19 & JLN 6/116B)",WILAYAH PERSEKUTUAN,2,83,26.9,0.1
101.62284562191304,3.095202576309783,25/10/2025,E12. TM SEK 51A FLAT IMPIAN BAIDURI,SELANGOR,1,83,26.7,0.1
101.6500983599589,3.1135825627671228,25/10/2025,E10. BG SEK 11 UNIVERSITY TOWER,SELANGOR,1,83,26.7,0.1
101.62352038657419,3.1148010138709643,25/10/2025,"E9. KT SS 2 (7) [JLN SS 2/39,2/40,2/41,2/42,2/43,2/44,2/54,2/57,2/58,2/59]",SELANGOR,1,83,26.7,0.1
101.67234577210813,3.1252229385621635,25/10/2025,"ASRAMA UNIKL ( JLN TANDUK ),LUCKY GARDEN (JALAN TEMPINIS)",WILAYAH PERSEKUTUAN,2,83,26.8,0.1
101.61794790725476,3.126628105305732,25/10/2025,"E8. BU SS 22 (2) [JLN SS 22/27,27A,29,31,32,33,34,35,36,38,40,42,44,46]",SELANGOR,1,83,26.8,0.1
101.62837274113699,3.1442503544589044,25/10/2025,"TTDI (LENGKOK ZAABA (1-29),LENGKOK ZAABA 1(2-28), LENGKOK ZAABA 2 (2-24)),TTDI(PGGRN ZAABA (2-86) LENGKOK ZAABA(2-78) PGGRN ZAABA(262-274))",WILAYAH PERSEKUTUAN,2,83,26.7,0.1
101.64757357195919,3.1548577713945596,25/10/2025,SRI HARTAMAS (SUNWAY PALAZZIO CONDO)),WILAYAH PERSEKUTUAN,1,83,26.4,0.1
101.61591009465687,3.1673759375392154,25/10/2025,"E6. BL PJU 8 EMPIRE CITY,E6. BL PJU 8 EMPIRE CITY (HALO SUNDAY) BLOK A & B,E6. BL PJU 8 EMPIRE CITY (MOSSAZ SUITES) BLOK WEST COURT,E6. BL PJU 8 EMPIRE CITY(COLONIAL LOFT )",SELANGOR,4,83,26.7,0.1
101.61591009465687,3.1673759375392154,25/10/2025,BUKIT LANJAN (JALAN BUKIT LANJAN 6),WILAYAH PERSEKUTUAN,1,83,26.7,0.1
101.67507226510273,3.081457290904112,26/10/2025,"TAMAN UNITED H ( JLN SEPAKAT 4,5,6,7,8,9 )",WILAYAH PERSEKUTUAN,1,76,28.2,0.0
101.62366560929374,3.0954439057937515,26/10/2025,E12. TM SEK 51A FLAT IMPIAN BAIDURI,SELANGOR,1,76,28.2,0.0
101.6500983599589,3.1135825627671228,26/10/2025,E10. BG SEK 11 UNIVERSITY TOWER,SELANGOR,1,76,28.2,0.0
101.62352038657419,3.1148010138709643,26/10/2025,"E9. KT SS 2 (7) [JLN SS 2/39,2/40,2/41,2/42,2/43,2/44,2/54,2/57,2/58,2/59]",SELANGOR,1,76,28.2,0.0
101.67241841353227,3.125271060177419,26/10/2025,"ASRAMA UNIKL ( JLN TANDUK ),LUCKY GARDEN (JALAN TEMPINIS),TAMAN TAIPING(JALAN TANDUK)",WILAYAH PERSEKUTUAN,3,76,28.2,0.0
101.61794790725476,3.126628105305732,26/10/2025,"E8. BU SS 22 (2) [JLN SS 22/27,27A,29,31,32,33,34,35,36,38,40,42,44,46]",SELANGOR,1,76,28.2,0.0
101.62617633460967,3.1474364298512993,26/10/2025,"TTDI (JALAN ATHINAHAPAN (20-112),TTDI (LENGKOK ZAABA (1-29),LENGKOK ZAABA 1(2-28), LENGKOK ZAABA 2 (2-24)),TTDI (LORONG BURHANUDDIN HELMI 3),TTDI(PGGRN ZAABA (2-86) LENGKOK ZAABA(2-78) PGGRN ZAABA(262-274))",WILAYAH PERSEKUTUAN,4,76,28.2,0.0
101.64757357195919,3.1548577713945596,26/10/2025,SRI HARTAMAS (SUNWAY PALAZZIO CONDO)),WILAYAH PERSEKUTUAN,1,76,27.9,0.0
101.67507226510273,3.081457290904112,27/10/2025,"TAMAN UNITED H ( JLN SEPAKAT 4,5,6,7,8,9 )",WILAYAH PERSEKUTUAN,1,72,28.8,0.0
101.61800357083888,3.080640288633337,27/10/2025,"E11. SRI PJS 5 FLAT DESA MENTARI (BLOK 7 , 8),E11. SRI PJS 6 FLAT DESA MENTARI 1 (BLOK 1 , 2 , 3),E11. SRI PJS 6 FLAT DESA MENTARI 2 (BLOK 4 , 5 , 6)",SELANGOR,3,72,29.0,0.0
101.62366560929374,3.0954439057937515,27/10/2025,E12. TM SEK 51A FLAT IMPIAN BAIDURI,SELANGOR,1,72,28.8,0.0
101.6500983599589,3.1135825627671228,27/10/2025,E10. BG SEK 11 UNIVERSITY TOWER,SELANGOR,1,72,28.8,0.0
101.62352038657419,3.1148010138709643,27/10/2025,"E9. KT SS 2 (7) [JLN SS 2/39,2/40,2/41,2/42,2/43,2/44,2/54,2/57,2/58,2/59]",SELANGOR,1,72,28.8,0.0
101.67241841353227,3.125271060177419,27/10/2025,"ASRAMA UNIKL ( JLN TANDUK ),LUCKY GARDEN (JALAN TEMPINIS),TAMAN TAIPING(JALAN TANDUK)",WILAYAH PERSEKUTUAN,3,72,28.8,0.0
101.61794790725476,3.126628105305732,27/10/2025,"E8. BU SS 22 (2) [JLN SS 22/27,27A,29,31,32,33,34,35,36,38,40,42,44,46]",SELANGOR,1,72,28.8,0.0
101.67007823043039,3.134353563139241,27/10/2025,"BANGSAR BARU (JALAN TERASEK 7-8),BANGSAR BARU (JLN TERASEK 4-6)",WILAYAH PERSEKUTUAN,2,72,28.7,0.0
101.62617633460967,3.1474364298512993,27/10/2025,"TTDI (JALAN ATHINAHAPAN (20-112),TTDI (LENGKOK ZAABA (1-29),LENGKOK ZAABA 1(2-28), LENGKOK ZAABA 2 (2-24)),TTDI (LORONG BURHANUDDIN HELMI 3),TTDI(PGGRN ZAABA (2-86) LENGKOK ZAABA(2-78) PGGRN ZAABA(262-274))",WILAYAH PERSEKUTUAN,4,72,28.8,0.0
101.64757357195919,3.1548577713945596,27/10/2025,SRI HARTAMAS (SUNWAY PALAZZIO CONDO)),WILAYAH PERSEKUTUAN,1,72,28.5,0.0
101.67507226510273,3.081457290904112,28/10/2025,"TAMAN UNITED H ( JLN SEPAKAT 4,5,6,7,8,9 )",WILAYAH PERSEKUTUAN,1,76,28.7,0.5
101.61800357083888,3.080640288633337,28/10/2025,"E11. SRI PJS 5 FLAT DESA MENTARI (BLOK 7 , 8),E11. SRI PJS 6 FLAT DESA MENTARI 1 (BLOK 1 , 2 , 3),E11. SRI PJS 6 FLAT DESA MENTARI 2 (BLOK 4 , 5 , 6)",SELANGOR,3,76,28.9,0.5
101.67338499442953,3.0902020692684586,28/10/2025,MILLERZ SQUARE OLD KLANG ROAD,WILAYAH PERSEKUTUAN,1,76,28.8,0.5
101.62366560929374,3.0954439057937515,28/10/2025,E12. TM SEK 51A FLAT IMPIAN BAIDURI,SELANGOR,1,76,28.7,0.5
101.6500983599589,3.1135825627671228,28/10/2025,E10. BG SEK 11 UNIVERSITY TOWER,SELANGOR,1,76,28.7,0.5
101.62352038657419,3.1148010138709643,28/10/2025,"E9. KT SS 2 (7) [JLN SS 2/39,2/40,2/41,2/42,2/43,2/44,2/54,2/57,2/58,2/59]",SELANGOR,1,76,28.7,0.5
101.67241841353227,3.125271060177419,28/10/2025,"ASRAMA UNIKL ( JLN TANDUK ),LUCKY GARDEN (JALAN TEMPINIS),TAMAN TAIPING(JALAN TANDUK)",WILAYAH PERSEKUTUAN,3,76,28.7,0.5
101.61794790725476,3.126628105305732,28/10/2025,"E8. BU SS 22 (2) [JLN SS 22/27,27A,29,31,32,33,34,35,36,38,40,42,44,46]",SELANGOR,1,76,28.7,0.5
101.67007823043039,3.134353563139241,28/10/2025,"BANGSAR BARU (JALAN TERASEK 7-8),BANGSAR BARU (JLN TERASEK 4-6)",WILAYAH PERSEKUTUAN,2,76,28.6,0.5
101.62617633460967,3.1474364298512993,28/10/2025,"TTDI (JALAN ATHINAHAPAN (20-112),TTDI (LENGKOK ZAABA (1-29),LENGKOK ZAABA 1(2-28), LENGKOK ZAABA 2 (2-24)),TTDI (LORONG BURHANUDDIN HELMI 3),TTDI(PGGRN ZAABA (2-86) LENGKOK ZAABA(2-78) PGGRN ZAABA(262-274))",WILAYAH PERSEKUTUAN,4,76,28.7,0.5
101.64757357195919,3.1548577713945596,28/10/2025,SRI HARTAMAS (SUNWAY PALAZZIO CONDO)),WILAYAH PERSEKUTUAN,1,76,28.3,0.5
101.61798826265067,3.167409596664381,28/10/2025,BUKIT LANJAN (JALAN BUKIT LANJAN 6),WILAYAH PERSEKUTUAN,1,76,28.7,0.5
101.67507226510273,3.081457290904112,29/10/2025,"TAMAN UNITED H ( JLN SEPAKAT 4,5,6,7,8,9 )",WILAYAH PERSEKUTUAN,1,73,28.7,0.0
101.61800357083888,3.080640288633337,29/10/2025,"E11. SRI PJS 5 FLAT DESA MENTARI (BLOK 7 , 8),E11. SRI PJS 6 FLAT DESA MENTARI 1 (BLOK 1 , 2 , 3),E11. SRI PJS 6 FLAT DESA MENTARI 2 (BLOK 4 , 5 , 6)",SELANGOR,3,73,28.8,0.0
101.67338499442953,3.0902020692684586,29/10/2025,MILLERZ SQUARE OLD KLANG ROAD,WILAYAH PERSEKUTUAN,1,73,28.8,0.0
101.62366560929374,3.0954439057937515,29/10/2025,E12. TM SEK 51A FLAT IMPIAN BAIDURI,SELANGOR,1,73,28.6,0.0
101.6500983599589,3.1135825627671228,29/10/2025,E10. BG SEK 11 UNIVERSITY TOWER,SELANGOR,1,73,28.6,0.0
101.67241841353227,3.125271060177419,29/10/2025,"ASRAMA UNIKL ( JLN TANDUK ),LUCKY GARDEN (JALAN TEMPINIS),TAMAN TAIPING(JALAN TANDUK)",WILAYAH PERSEKUTUAN,3,73,28.7,0.0
101.61794790725476,3.126628105305732,29/10/2025,"E8. BU SS 22 (2) [JLN SS 22/27,27A,29,31,32,33,34,35,36,38,40,42,44,46]",SELANGOR,1,73,28.7,0.0
101.67007823043039,3.134353563139241,29/10/2025,"BANGSAR BARU (JALAN TERASEK 7-8),BANGSAR BARU (JLN TERASEK 4-6)",WILAYAH PERSEKUTUAN,2,73,28.5,0.0
101.62604798117255,3.1473473843058812,29/10/2025,"LENGKOK ZAABA 2 (1-31),  LENGKOK ZAABA  (33-53), PERSIARAN ZAABA (27-33) & (284-,TTDI (JALAN ATHINAHAPAN (20-112),TTDI (LENGKOK ZAABA (1-29),LENGKOK ZAABA 1(2-28), LENGKOK ZAABA 2 (2-24)),TTDI (LORONG BURHANUDDIN HELMI 3),TTDI(PGGRN ZAABA (2-86) LENGKOK ZAABA(2-78) PGGRN ZAABA(262-274))",WILAYAH PERSEKUTUAN,5,73,28.6,0.0
101.64757357195919,3.1548577713945596,29/10/2025,SRI HARTAMAS (SUNWAY PALAZZIO CONDO)),WILAYAH PERSEKUTUAN,1,73,28.3,0.0
101.61798826265067,3.167409596664381,29/10/2025,BUKIT LANJAN (JALAN BUKIT LANJAN 6),WILAYAH PERSEKUTUAN,1,73,28.6,0.0
101.63845388746103,3.081313544616881,30/10/2025,"E12. TM PJS 2 APT MAJU JAYA,E12. TM TMN DATO HARUN (TERES 2) [JLN PJS 2/12 , 2/16 , 2/21A , 2/21B , 2/27B]",SELANGOR,2,75,28.7,0.8
101.67507226510273,3.081457290904112,30/10/2025,"TAMAN UNITED H ( JLN SEPAKAT 4,5,6,7,8,9 )",WILAYAH PERSEKUTUAN,1,75,28.6,0.8
101.61800357083888,3.080640288633337,30/10/2025,"E11. SRI PJS 5 FLAT DESA MENTARI (BLOK 7 , 8),E11. SRI PJS 6 FLAT DESA MENTARI 1 (BLOK 1 , 2 , 3),E11. SRI PJS 6 FLAT DESA MENTARI 2 (BLOK 4 , 5 , 6)",SELANGOR,3,75,28.7,0.8
101.67338499442953,3.0902020692684586,30/10/2025,MILLERZ SQUARE OLD KLANG ROAD,WILAYAH PERSEKUTUAN,1,75,28.7,0.8
101.62366560929374,3.0954439057937515,30/10/2025,E12. TM SEK 51A FLAT IMPIAN BAIDURI,SELANGOR,1,75,28.6,0.8
101.6500983599589,3.1135825627671228,30/10/2025,E10. BG SEK 11 UNIVERSITY TOWER,SELANGOR,1,75,28.6,0.8
101.67241841353227,3.125271060177419,30/10/2025,"ASRAMA UNIKL ( JLN TANDUK ),LUCKY GARDEN (JALAN TEMPINIS),TAMAN TAIPING(JALAN TANDUK)",WILAYAH PERSEKUTUAN,3,75,28.6,0.8
101.61794790725476,3.126628105305732,30/10/2025,"E8. BU SS 22 (2) [JLN SS 22/27,27A,29,31,32,33,34,35,36,38,40,42,44,46]",SELANGOR,1,75,28.6,0.8
101.67007823043039,3.134353563139241,30/10/2025,"BANGSAR BARU (JALAN TERASEK 7-8),BANGSAR BARU (JLN TERASEK 4-6)",WILAYAH PERSEKUTUAN,2,75,28.4,0.8
101.62604798117255,3.1473473843058812,30/10/2025,"LENGKOK ZAABA 2 (1-31),  LENGKOK ZAABA  (33-53), PERSIARAN ZAABA (27-33) & (284-,TTDI (JALAN ATHINAHAPAN (20-112),TTDI (LENGKOK ZAABA (1-29),LENGKOK ZAABA 1(2-28), LENGKOK ZAABA 2 (2-24)),TTDI (LORONG BURHANUDDIN HELMI 3),TTDI(PGGRN ZAABA (2-86) LENGKOK ZAABA(2-78) PGGRN ZAABA(262-274))",WILAYAH PERSEKUTUAN,5,75,28.5,0.8
101.64757357195919,3.1548577713945596,30/10/2025,SRI HARTAMAS (SUNWAY PALAZZIO CONDO)),WILAYAH PERSEKUTUAN,1,75,28.2,0.8
101.63845388746103,3.081313544616881,31/10/2025,"E12. TM PJS 2 APT MAJU JAYA,E12. TM TMN DATO HARUN (TERES 2) [JLN PJS 2/12 , 2/16 , 2/21A , 2/21B , 2/27B]",SELANGOR,2,71,29.5,0.0
101.67507226510273,3.081457290904112,31/10/2025,"TAMAN UNITED H ( JLN SEPAKAT 4,5,6,7,8,9 )",WILAYAH PERSEKUTUAN,1,71,29.3,0.0
101.61800357083888,3.080640288633337,31/10/2025,"E11. SRI PJS 5 FLAT DESA MENTARI (BLOK 7 , 8),E11. SRI PJS 6 FLAT DESA MENTARI 1 (BLOK 1 , 2 , 3),E11. SRI PJS 6 FLAT DESA MENTARI 2 (BLOK 4 , 5 , 6)",SELANGOR,3,71,29.5,0.0
101.67338499442953,3.0902020692684586,31/10/2025,MILLERZ SQUARE OLD KLANG ROAD,WILAYAH PERSEKUTUAN,1,71,29.5,0.0
101.65016706368,3.1134830094599986,31/10/2025,E10. BG SEK 11 UNIVERSITY TOWER,SELANGOR,1,71,29.3,0.0
101.67241841353227,3.125271060177419,31/10/2025,"ASRAMA UNIKL ( JLN TANDUK ),LUCKY GARDEN (JALAN TEMPINIS),TAMAN TAIPING(JALAN TANDUK)",WILAYAH PERSEKUTUAN,3,71,29.3,0.0
101.61794790725476,3.126628105305732,31/10/2025,"E8. BU SS 22 (2) [JLN SS 22/27,27A,29,31,32,33,34,35,36,38,40,42,44,46]",SELANGOR,1,71,29.3,0.0
101.67007823043039,3.134353563139241,31/10/2025,"BANGSAR BARU (JALAN TERASEK 7-8),BANGSAR BARU (JLN TERASEK 4-6)",WILAYAH PERSEKUTUAN,2,71,29.2,0.0
101.62604798117255,3.1473473843058812,31/10/2025,"LENGKOK ZAABA 2 (1-31),  LENGKOK ZAABA  (33-53), PERSIARAN ZAABA (27-33) & (284-,TTDI (JALAN ATHINAHAPAN (20-112),TTDI (LENGKOK ZAABA (1-29),LENGKOK ZAABA 1(2-28), LENGKOK ZAABA 2 (2-24)),TTDI (LORONG BURHANUDDIN HELMI 3),TTDI(PGGRN ZAABA (2-86) LENGKOK ZAABA(2-78) PGGRN ZAABA(262-274))",WILAYAH PERSEKUTUAN,5,71,29.3,0.0
101.64757357195919,3.1548577713945596,31/10/2025,SRI HARTAMAS (SUNWAY PALAZZIO CONDO)),WILAYAH PERSEKUTUAN,1,71,29.0,0.0
101.63845388746103,3.081313544616881,02/11/2025,"E12. TM PJS 2 APT MAJU JAYA,E12. TM TMN DATO HARUN (TERES 2) [JLN PJS 2/12 , 2/16 , 2/21A , 2/21B , 2/27B]",SELANGOR,2,83,28.0,5.6
101.67507226510273,3.081457290904112,02/11/2025,"TAMAN UNITED H ( JLN SEPAKAT 4,5,6,7,8,9 )",WILAYAH PERSEKUTUAN,1,83,27.8,5.6
101.61456566670847,3.081051996386441,02/11/2025,"E11. SRI PJS 5 FLAT DESA MENTARI (BLOK 7 , 8),E11. SRI PJS 6 FLAT DESA MENTARI 1 (BLOK 1 , 2 , 3),E11. SRI PJS 6 FLAT DESA MENTARI 2 (BLOK 4 , 5 , 6),E11. SRI PJS 8 MENTARI COURT",SELANGOR,4,83,28.0,5.6
101.69082748516382,3.0890116230677966,02/11/2025,"FLAT K.E.P (1-5),FLAT K.E.P (6-8),KUCHAI ENTREPRENEURS PARK (JLN KUCHAI MAJU 13,14,15,16,18,19 & JLN 6/116B)",WILAYAH PERSEKUTUAN,3,83,28.0,5.6
101.67338499442953,3.0902020692684586,02/11/2025,MILLERZ SQUARE OLD KLANG ROAD,WILAYAH PERSEKUTUAN,1,83,28.0,5.6
101.65016706368,3.1134830094599986,02/11/2025,E10. BG SEK 11 UNIVERSITY TOWER,SELANGOR,1,83,27.8,5.6
101.66335335759877,3.114053788481481,02/11/2025,"KL GATEWAY (KL GATEWAY MALL DAN KL GATEWAY RESIDENCE),RUMAH KONGSI TAPAK BINA SOLARVEST",WILAYAH PERSEKUTUAN,2,83,27.9,5.6
101.67241841353227,3.125271060177419,02/11/2025,"ASRAMA UNIKL ( JLN TANDUK ),LUCKY GARDEN (JALAN TEMPINIS),TAMAN TAIPING(JALAN TANDUK)",WILAYAH PERSEKUTUAN,3,83,27.8,5.6
101.61794790725476,3.126628105305732,02/11/2025,"E8. BU SS 22 (2) [JLN SS 22/27,27A,29,31,32,33,34,35,36,38,40,42,44,46]",SELANGOR,1,83,27.8,5.6
101.67007823043039,3.134353563139241,02/11/2025,"BANGSAR BARU (JALAN TERASEK 7-8),BANGSAR BARU (JLN TERASEK 4-6)",WILAYAH PERSEKUTUAN,2,83,27.7,5.6
101.6976203740387,3.1488512625935474,02/11/2025,"JALAN TUN H.S. LEE,JALAN TUN PERAK",WILAYAH PERSEKUTUAN,2,83,28.0,5.6
101.62604798117255,3.1473473843058812,02/11/2025,"LENGKOK ZAABA 2 (1-31),  LENGKOK ZAABA  (33-53), PERSIARAN ZAABA (27-33) & (284-,TTDI (JALAN ATHINAHAPAN (20-112),TTDI (LENGKOK ZAABA (1-29),LENGKOK ZAABA 1(2-28), LENGKOK ZAABA 2 (2-24)),TTDI (LORONG BURHANUDDIN HELMI 3),TTDI(PGGRN ZAABA (2-86) LENGKOK ZAABA(2-78) PGGRN ZAABA(262-274))",WILAYAH PERSEKUTUAN,5,83,27.8,5.6
101.64757357195919,3.1548577713945596,02/11/2025,SRI HARTAMAS (SUNWAY PALAZZIO CONDO)),WILAYAH PERSEKUTUAN,1,83,27.5,5.6
101.63845388746103,3.081313544616881,02/11/2025,"E12. TM PJS 2 APT MAJU JAYA,E12. TM TMN DATO HARUN (TERES 2) [JLN PJS 2/12 , 2/16 , 2/21A , 2/21B , 2/27B]",SELANGOR,2,83,28.1,8.6
101.67507226510273,3.081457290904112,02/11/2025,"TAMAN UNITED H ( JLN SEPAKAT 4,5,6,7,8,9 )",WILAYAH PERSEKUTUAN,1,83,27.9,8.6
101.61456566670847,3.081051996386441,02/11/2025,"E11. SRI PJS 5 FLAT DESA MENTARI (BLOK 7 , 8),E11. SRI PJS 6 FLAT DESA MENTARI 1 (BLOK 1 , 2 , 3),E11. SRI PJS 6 FLAT DESA MENTARI 2 (BLOK 4 , 5 , 6),E11. SRI PJS 8 MENTARI COURT",SELANGOR,4,83,28.1,8.6
101.69082748516382,3.0890116230677966,02/11/2025,"FLAT K.E.P (1-5),FLAT K.E.P (6-8),KUCHAI ENTREPRENEURS PARK (JLN KUCHAI MAJU 13,14,15,16,18,19 & JLN 6/116B)",WILAYAH PERSEKUTUAN,3,83,28.1,8.6
101.67338499442953,3.0902020692684586,02/11/2025,MILLERZ SQUARE OLD KLANG ROAD,WILAYAH PERSEKUTUAN,1,83,28.1,8.6
101.65016706368,3.1134830094599986,02/11/2025,E10. BG SEK 11 UNIVERSITY TOWER,SELANGOR,1,83,27.9,8.6
101.66335335759877,3.114053788481481,02/11/2025,"KL GATEWAY (KL GATEWAY MALL DAN KL GATEWAY RESIDENCE),RUMAH KONGSI TAPAK BINA SOLARVEST",WILAYAH PERSEKUTUAN,2,83,28.0,8.6
101.67241841353227,3.125271060177419,02/11/2025,"ASRAMA UNIKL ( JLN TANDUK ),LUCKY GARDEN (JALAN TEMPINIS),TAMAN TAIPING(JALAN TANDUK)",WILAYAH PERSEKUTUAN,3,83,27.9,8.6
101.61794790725476,3.126628105305732,02/11/2025,"E8. BU SS 22 (2) [JLN SS 22/27,27A,29,31,32,33,34,35,36,38,40,42,44,46]",SELANGOR,1,83,27.9,8.6
101.67007823043039,3.134353563139241,02/11/2025,"BANGSAR BARU (JALAN TERASEK 7-8),BANGSAR BARU (JLN TERASEK 4-6)",WILAYAH PERSEKUTUAN,2,83,27.8,8.6
101.6976203740387,3.1488512625935474,02/11/2025,"JALAN TUN H.S. LEE,JALAN TUN PERAK",WILAYAH PERSEKUTUAN,2,83,28.2,8.6
101.62604798117255,3.1473473843058812,02/11/2025,"LENGKOK ZAABA 2 (1-31),  LENGKOK ZAABA  (33-53), PERSIARAN ZAABA (27-33) & (284-,TTDI (JALAN ATHINAHAPAN (20-112),TTDI (LENGKOK ZAABA (1-29),LENGKOK ZAABA 1(2-28), LENGKOK ZAABA 2 (2-24)),TTDI (LORONG BURHANUDDIN HELMI 3),TTDI(PGGRN ZAABA (2-86) LENGKOK ZAABA(2-78) PGGRN ZAABA(262-274))",WILAYAH PERSEKUTUAN,5,83,27.9,8.6
101.64757357195919,3.1548577713945596,02/11/2025,SRI HARTAMAS (SUNWAY PALAZZIO CONDO)),WILAYAH PERSEKUTUAN,1,83,27.6,8.6
101.63845388746103,3.081313544616881,03/11/2025,"E12. TM PJS 2 APT MAJU JAYA,E12. TM TMN DATO HARUN (TERES 2) [JLN PJS 2/12 , 2/16 , 2/21A , 2/21B , 2/27B]",SELANGOR,2,83,28.2,10.6
101.67507226510273,3.081457290904112,03/11/2025,"TAMAN UNITED H ( JLN SEPAKAT 4,5,6,7,8,9 )",WILAYAH PERSEKUTUAN,1,83,28.0,10.6
101.61456566670847,3.081051996386441,03/11/2025,"E11. SRI PJS 5 FLAT DESA MENTARI (BLOK 7 , 8),E11. SRI PJS 6 FLAT DESA MENTARI 1 (BLOK 1 , 2 , 3),E11. SRI PJS 6 FLAT DESA MENTARI 2 (BLOK 4 , 5 , 6),E11. SRI PJS 8 MENTARI COURT",SELANGOR,4,83,28.2,10.6
101.69082748516382,3.0890116230677966,03/11/2025,"FLAT K.E.P (1-5),FLAT K.E.P (6-8),KUCHAI ENTREPRENEURS PARK (JLN KUCHAI MAJU 13,14,15,16,18,19 & JLN 6/116B)",WILAYAH PERSEKUTUAN,3,83,28.2,10.6
101.67338499442953,3.0902020692684586,03/11/2025,MILLERZ SQUARE OLD KLANG ROAD,WILAYAH PERSEKUTUAN,1,83,28.1,10.6
101.6501550001892,3.1134346704662157,03/11/2025,E10. BG SEK 11 UNIVERSITY TOWER,SELANGOR,1,83,28.0,10.6
101.66335335759877,3.114053788481481,03/11/2025,"KL GATEWAY (KL GATEWAY MALL DAN KL GATEWAY RESIDENCE),RUMAH KONGSI TAPAK BINA SOLARVEST",WILAYAH PERSEKUTUAN,2,83,28.0,10.6
101.67241841353227,3.125271060177419,03/11/2025,"ASRAMA UNIKL ( JLN TANDUK ),LUCKY GARDEN (JALAN TEMPINIS),TAMAN TAIPING(JALAN TANDUK)",WILAYAH PERSEKUTUAN,3,83,28.0,10.6
101.61794790725476,3.126628105305732,03/11/2025,"E8. BU SS 22 (2) [JLN SS 22/27,27A,29,31,32,33,34,35,36,38,40,42,44,46]",SELANGOR,1,83,28.0,10.6
101.67007823043039,3.134353563139241,03/11/2025,"BANGSAR BARU (JALAN TERASEK 7-8),BANGSAR BARU (JLN TERASEK 4-6)",WILAYAH PERSEKUTUAN,2,83,27.9,10.6
101.6976203740387,3.1488512625935474,03/11/2025,"JALAN TUN H.S. LEE,JALAN TUN PERAK",WILAYAH PERSEKUTUAN,2,83,28.2,10.6
101.62604798117255,3.1473473843058812,03/11/2025,"LENGKOK ZAABA 2 (1-31),  LENGKOK ZAABA  (33-53), PERSIARAN ZAABA (27-33) & (284-,TTDI (JALAN ATHINAHAPAN (20-112),TTDI (LENGKOK ZAABA (1-29),LENGKOK ZAABA 1(2-28), LENGKOK ZAABA 2 (2-24)),TTDI (LORONG BURHANUDDIN HELMI 3),TTDI(PGGRN ZAABA (2-86) LENGKOK ZAABA(2-78) PGGRN ZAABA(262-274))",WILAYAH PERSEKUTUAN,5,83,27.9,10.6
101.64757357195919,3.1548577713945596,03/11/2025,SRI HARTAMAS (SUNWAY PALAZZIO CONDO)),WILAYAH PERSEKUTUAN,1,83,27.6,10.6
101.63845388746103,3.081313544616881,04/11/2025,"E12. TM PJS 2 APT MAJU JAYA,E12. TM TMN DATO HARUN (TERES 2) [JLN PJS 2/12 , 2/16 , 2/21A , 2/21B , 2/27B]",SELANGOR,2,78,28.4,1.6
101.67507226510273,3.081457290904112,04/11/2025,"TAMAN UNITED H ( JLN SEPAKAT 4,5,6,7,8,9 )",WILAYAH PERSEKUTUAN,1,78,28.2,1.6
101.61455712653547,3.0811943144078016,04/11/2025,"E11. SRI PJS 5 FLAT DESA MENTARI (BLOK 7 , 8),E11. SRI PJS 6 FLAT DESA MENTARI 1 (BLOK 1 , 2 , 3),E11. SRI PJS 6 FLAT DESA MENTARI 2 (BLOK 4 , 5 , 6),E11. SRI PJS 8  LEISURE COMMERCE SQUARE,E11. SRI PJS 8 MENTARI COURT,E11. SRI PJS 8 YOLO SIGNATURE SUITES",SELANGOR,6,78,28.4,1.6
101.64521913156628,3.085804818915661,04/11/2025,"E10. BG SEK 1 (TERES 1) [1/2,4,5,6,8,9,10,12,14,15,17,19,21,26],E10. BG SEK 2 (TERES 1) [JLN 2/23,23A,25,27,28,29,29A,30,32,34,36,38]",SELANGOR,2,78,28.4,1.6
101.69082748516382,3.0890116230677966,04/11/2025,"FLAT K.E.P (1-5),FLAT K.E.P (6-8),KUCHAI ENTREPRENEURS PARK (JLN KUCHAI MAJU 13,14,15,16,18,19 & JLN 6/116B)",WILAYAH PERSEKUTUAN,3,78,28.4,1.6
101.67338499442953,3.0902020692684586,04/11/2025,MILLERZ SQUARE OLD KLANG ROAD,WILAYAH PERSEKUTUAN,1,78,28.3,1.6
101.6501550001892,3.1134346704662157,04/11/2025,E10. BG SEK 11 UNIVERSITY TOWER,SELANGOR,1,78,28.2,1.6
101.66335335759877,3.114053788481481,04/11/2025,"KL GATEWAY (KL GATEWAY MALL DAN KL GATEWAY RESIDENCE),RUMAH KONGSI TAPAK BINA SOLARVEST",WILAYAH PERSEKUTUAN,2,78,28.2,1.6
101.6724684503583,3.1252749936631,04/11/2025,"ASRAMA UNIKL ( JLN TANDUK ),LUCKY GARDEN (JALAN TEMPINIS),TAMAN TAIPING(JALAN TANDUK)",WILAYAH PERSEKUTUAN,3,78,28.2,1.6
101.61794790725476,3.126628105305732,04/11/2025,"E8. BU SS 22 (2) [JLN SS 22/27,27A,29,31,32,33,34,35,36,38,40,42,44,46]",SELANGOR,1,78,28.2,1.6
101.67007823043039,3.134353563139241,04/11/2025,"BANGSAR BARU (JALAN TERASEK 7-8),BANGSAR BARU (JLN TERASEK 4-6)",WILAYAH PERSEKUTUAN,2,78,28.1,1.6
101.6976203740387,3.1488512625935474,04/11/2025,"JALAN TUN H.S. LEE,JALAN TUN PERAK",WILAYAH PERSEKUTUAN,2,78,28.4,1.6
101.62502728767441,3.148321349493022,04/11/2025,"LENGKOK ZAABA 2 (1-31),  LENGKOK ZAABA  (33-53), PERSIARAN ZAABA (27-33) & (284-,TTDI (JALAN ATHINAHAPAN (20-112),TTDI (LORONG BURHANUDDIN HELMI 3)",WILAYAH PERSEKUTUAN,3,78,28.2,1.6
101.64757357195919,3.1548577713945596,04/11/2025,SRI HARTAMAS (SUNWAY PALAZZIO CONDO)),WILAYAH PERSEKUTUAN,1,78,27.8,1.6
101.63845388746103,3.081313544616881,05/11/2025,"E12. TM PJS 2 APT MAJU JAYA,E12. TM TMN DATO HARUN (TERES 2) [JLN PJS 2/12 , 2/16 , 2/21A , 2/21B , 2/27B]",SELANGOR,2,75,28.8,0.1
101.67507226510273,3.081457290904112,05/11/2025,"TAMAN UNITED H ( JLN SEPAKAT 4,5,6,7,8,9 )",WILAYAH PERSEKUTUAN,1,75,28.6,0.1
101.61455712653547,3.0811943144078016,05/11/2025,"E11. SRI PJS 5 FLAT DESA MENTARI (BLOK 7 , 8),E11. SRI PJS 6 FLAT DESA MENTARI 1 (BLOK 1 , 2 , 3),E11. SRI PJS 6 FLAT DESA MENTARI 2 (BLOK 4 , 5 , 6),E11. SRI PJS 8  LEISURE COMMERCE SQUARE,E11. SRI PJS 8 MENTARI COURT,E11. SRI PJS 8 YOLO SIGNATURE SUITES",SELANGOR,6,75,28.8,0.1
101.64521913156628,3.085804818915661,05/11/2025,"E10. BG SEK 1 (TERES 1) [1/2,4,5,6,8,9,10,12,14,15,17,19,21,26],E10. BG SEK 2 (TERES 1) [JLN 2/23,23A,25,27,28,29,29A,30,32,34,36,38]",SELANGOR,2,75,28.8,0.1
101.6908257624382,3.088987101786516,05/11/2025,"FLAT K.E.P (1-5),FLAT K.E.P (6-8),KUCHAI ENTREPRENEURS PARK (JLN KUCHAI MAJU 13,14,15,16,18,19 & JLN 6/116B)",WILAYAH PERSEKUTUAN,3,75,28.8,0.1
101.67338499442953,3.0902020692684586,05/11/2025,MILLERZ SQUARE OLD KLANG ROAD,WILAYAH PERSEKUTUAN,1,75,28.7,0.1
101.68774376065191,3.1101495317721506,05/11/2025,TAMAN BUKIT DESA (JALAN BUKIT DESA 1-7) & SBHGN JALAN TAMAN BUKIT DESA,WILAYAH PERSEKUTUAN,1,75,28.7,0.1
101.6501550001892,3.1134346704662157,05/11/2025,E10. BG SEK 11 UNIVERSITY TOWER,SELANGOR,1,75,28.6,0.1
101.66335335759877,3.114053788481481,05/11/2025,"KL GATEWAY (KL GATEWAY MALL DAN KL GATEWAY RESIDENCE),RUMAH KONGSI TAPAK BINA SOLARVEST",WILAYAH PERSEKUTUAN,2,75,28.6,0.1
101.6734721593077,3.12467011229487,05/11/2025,"ASRAMA UNIKL ( JLN TANDUK ),TAMAN TAIPING(JALAN TANDUK)",WILAYAH PERSEKUTUAN,2,75,28.7,0.1
101.67007823043039,3.134353563139241,05/11/2025,"BANGSAR BARU (JALAN TERASEK 7-8),BANGSAR BARU (JLN TERASEK 4-6)",WILAYAH PERSEKUTUAN,2,75,28.5,0.1
101.62008304196576,3.1386377692191796,05/11/2025,"E8. BU SS 21 (2) [JLN SS 21/15,17,19,21,22,24,26,28,30,32,34,36,38,40,42A]",SELANGOR,1,75,28.6,0.1
101.6976203740387,3.1488512625935474,05/11/2025,"JALAN TUN H.S. LEE,JALAN TUN PERAK",WILAYAH PERSEKUTUAN,2,75,28.8,0.1
101.62502728767441,3.148321349493022,05/11/2025,"LENGKOK ZAABA 2 (1-31),  LENGKOK ZAABA  (33-53), PERSIARAN ZAABA (27-33) & (284-,TTDI (JALAN ATHINAHAPAN (20-112),TTDI (LORONG BURHANUDDIN HELMI 3)",WILAYAH PERSEKUTUAN,3,75,28.6,0.1
101.63845388746103,3.081313544616881,06/11/2025,"E12. TM PJS 2 APT MAJU JAYA,E12. TM TMN DATO HARUN (TERES 2) [JLN PJS 2/12 , 2/16 , 2/21A , 2/21B , 2/27B]",SELANGOR,2,74,29.0,0.2
101.61455712653547,3.0811943144078016,06/11/2025,"E11. SRI PJS 5 FLAT DESA MENTARI (BLOK 7 , 8),E11. SRI PJS 6 FLAT DESA MENTARI 1 (BLOK 1 , 2 , 3),E11. SRI PJS 6 FLAT DESA MENTARI 2 (BLOK 4 , 5 , 6),E11. SRI PJS 8  LEISURE COMMERCE SQUARE,E11. SRI PJS 8 MENTARI COURT,E11. SRI PJS 8 YOLO SIGNATURE SUITES",SELANGOR,6,74,29.1,0.2
101.64521913156628,3.085804818915661,06/11/2025,"E10. BG SEK 1 (TERES 1) [1/2,4,5,6,8,9,10,12,14,15,17,19,21,26],E10. BG SEK 2 (TERES 1) [JLN 2/23,23A,25,27,28,29,29A,30,32,34,36,38]",SELANGOR,2,74,29.0,0.2
101.6907982902356,3.0884449146596844,06/11/2025,"FLAT K.E.P (1-5),FLAT K.E.P (6-8),KUCHAI ENTREPRENEURS PARK (JLN KUCHAI MAJU 13,14,15,16,18,19 & JLN 6/116B),SPRING AVENUE SERVICE RESIDENCES",WILAYAH PERSEKUTUAN,4,74,29.1,0.2
101.67338499442953,3.0902020692684586,06/11/2025,MILLERZ SQUARE OLD KLANG ROAD,WILAYAH PERSEKUTUAN,1,74,29.0,0.2
101.68859919757746,3.098051825746477,06/11/2025,"KEM SG.BESI (JALAN LABUAN) BLOK E1, E2, F1, F2,KEM SG.BESI (JALAN LABUAN) BLOK G4,G5,G6,G7,G8,G9",WILAYAH PERSEKUTUAN,2,74,29.1,0.2
101.68774376065191,3.1101495317721506,06/11/2025,TAMAN BUKIT DESA (JALAN BUKIT DESA 1-7) & SBHGN JALAN TAMAN BUKIT DESA,WILAYAH PERSEKUTUAN,1,74,28.9,0.2
101.6501550001892,3.1134346704662157,06/11/2025,E10. BG SEK 11 UNIVERSITY TOWER,SELANGOR,1,74,28.9,0.2
101.66335335759877,3.114053788481481,06/11/2025,"KL GATEWAY (KL GATEWAY MALL DAN KL GATEWAY RESIDENCE),RUMAH KONGSI TAPAK BINA SOLARVEST",WILAYAH PERSEKUTUAN,2,74,28.9,0.2
101.6734721593077,3.12467011229487,06/11/2025,"ASRAMA UNIKL ( JLN TANDUK ),TAMAN TAIPING(JALAN TANDUK)",WILAYAH PERSEKUTUAN,2,74,28.9,0.2
101.67007823043039,3.134353563139241,06/11/2025,"BANGSAR BARU (JALAN TERASEK 7-8),BANGSAR BARU (JLN TERASEK 4-6)",WILAYAH PERSEKUTUAN,2,74,28.7,0.2
101.62008304196576,3.1386377692191796,06/11/2025,"E8. BU SS 21 (2) [JLN SS 21/15,17,19,21,22,24,26,28,30,32,34,36,38,40,42A]",SELANGOR,1,74,28.8,0.2
101.6976203740387,3.1488512625935474,06/11/2025,"JALAN TUN H.S. LEE,JALAN TUN PERAK",WILAYAH PERSEKUTUAN,2,74,29.1,0.2
101.62502728767441,3.148321349493022,06/11/2025,"LENGKOK ZAABA 2 (1-31),  LENGKOK ZAABA  (33-53), PERSIARAN ZAABA (27-33) & (284-,TTDI (JALAN ATHINAHAPAN (20-112),TTDI (LORONG BURHANUDDIN HELMI 3)",WILAYAH PERSEKUTUAN,3,74,28.8,0.2
101.61455712653547,3.0811943144078016,07/11/2025,"E11. SRI PJS 5 FLAT DESA MENTARI (BLOK 7 , 8),E11. SRI PJS 6 FLAT DESA MENTARI 1 (BLOK 1 , 2 , 3),E11. SRI PJS 6 FLAT DESA MENTARI 2 (BLOK 4 , 5 , 6),E11. SRI PJS 8  LEISURE COMMERCE SQUARE,E11. SRI PJS 8 MENTARI COURT,E11. SRI PJS 8 YOLO SIGNATURE SUITES",SELANGOR,6,73,29.2,0.0
101.64187781715535,3.0838126209611643,07/11/2025,"E10. BG SEK 1 (TERES 1) [1/2,4,5,6,8,9,10,12,14,15,17,19,21,26],E10. BG SEK 2 (TERES 1) [JLN 2/23,23A,25,27,28,29,29A,30,32,34,36,38],E12. TM PJS 2 APT MAJU JAYA,E12. TM TMN DATO HARUN (TERES 1) [JLN PJS 2/2A , PJS 2/2B , PJS 2/3 , PJS 2/5],E12. TM TMN DATO HARUN (TERES 2) [JLN PJS 2/12 , 2/16 , 2/21A , 2/21B , 2/27B]",SELANGOR,5,73,29.2,0.0
101.69041811787191,3.088159941256157,07/11/2025,"FLAT K.E.P (1-5),FLAT K.E.P (6-8),KUCHAI ENTREPRENEURS PARK (JLN KUCHAI MAJU 13,14,15,16,18,19 & JLN 6/116B),SPRING AVENUE SERVICE RESIDENCES,SRI DESA KONDOMINIUM",WILAYAH PERSEKUTUAN,5,73,29.2,0.0
101.67338499442953,3.0902020692684586,07/11/2025,MILLERZ SQUARE OLD KLANG ROAD,WILAYAH PERSEKUTUAN,1,73,29.2,0.0
101.68859919757746,3.098051825746477,07/11/2025,"KEM SG.BESI (JALAN LABUAN) BLOK E1, E2, F1, F2,KEM SG.BESI (JALAN LABUAN) BLOK G4,G5,G6,G7,G8,G9",WILAYAH PERSEKUTUAN,2,73,29.3,0.0
101.68774376065191,3.1101495317721506,07/11/2025,TAMAN BUKIT DESA (JALAN BUKIT DESA 1-7) & SBHGN JALAN TAMAN BUKIT DESA,WILAYAH PERSEKUTUAN,1,73,29.1,0.0
101.6501550001892,3.1134346704662157,07/11/2025,E10. BG SEK 11 UNIVERSITY TOWER,SELANGOR,1,73,29.0,0.0
101.66330177795732,3.1140421966829273,07/11/2025,"KL GATEWAY (KL GATEWAY MALL DAN KL GATEWAY RESIDENCE),RUMAH KONGSI TAPAK BINA SOLARVEST",WILAYAH PERSEKUTUAN,2,73,29.1,0.0
101.6734721593077,3.12467011229487,07/11/2025,"ASRAMA UNIKL ( JLN TANDUK ),TAMAN TAIPING(JALAN TANDUK)",WILAYAH PERSEKUTUAN,2,73,29.1,0.0
101.67007823043039,3.134353563139241,07/11/2025,"BANGSAR BARU (JALAN TERASEK 7-8),BANGSAR BARU (JLN TERASEK 4-6)",WILAYAH PERSEKUTUAN,2,73,28.9,0.0
101.62008304196576,3.1386377692191796,07/11/2025,"E8. BU SS 21 (2) [JLN SS 21/15,17,19,21,22,24,26,28,30,32,34,36,38,40,42A]",SELANGOR,1,73,29.0,0.0
101.62609919760564,3.145874539683101,07/11/2025,"LENGKOK ZAABA 2 (1-31),  LENGKOK ZAABA  (33-53), PERSIARAN ZAABA (27-33) & (284-",WILAYAH PERSEKUTUAN,1,73,29.0,0.0
101.6976203740387,3.1488512625935474,07/11/2025,"JALAN TUN H.S. LEE,JALAN TUN PERAK",WILAYAH PERSEKUTUAN,2,73,29.3,0.0
101.61455712653547,3.0811943144078016,08/11/2025,"E11. SRI PJS 5 FLAT DESA MENTARI (BLOK 7 , 8),E11. SRI PJS 6 FLAT DESA MENTARI 1 (BLOK 1 , 2 , 3),E11. SRI PJS 6 FLAT DESA MENTARI 2 (BLOK 4 , 5 , 6),E11. SRI PJS 8  LEISURE COMMERCE SQUARE,E11. SRI PJS 8 MENTARI COURT,E11. SRI PJS 8 YOLO SIGNATURE SUITES",SELANGOR,6,73,29.1,0.0
101.64187781715535,3.0838126209611643,08/11/2025,"E10. BG SEK 1 (TERES 1) [1/2,4,5,6,8,9,10,12,14,15,17,19,21,26],E10. BG SEK 2 (TERES 1) [JLN 2/23,23A,25,27,28,29,29A,30,32,34,36,38],E12. TM PJS 2 APT MAJU JAYA,E12. TM TMN DATO HARUN (TERES 1) [JLN PJS 2/2A , PJS 2/2B , PJS 2/3 , PJS 2/5],E12. TM TMN DATO HARUN (TERES 2) [JLN PJS 2/12 , 2/16 , 2/21A , 2/21B , 2/27B]",SELANGOR,5,73,29.1,0.0
101.69041811787191,3.088159941256157,08/11/2025,"FLAT K.E.P (1-5),FLAT K.E.P (6-8),KUCHAI ENTREPRENEURS PARK (JLN KUCHAI MAJU 13,14,15,16,18,19 & JLN 6/116B),SPRING AVENUE SERVICE RESIDENCES,SRI DESA KONDOMINIUM",WILAYAH PERSEKUTUAN,5,73,29.1,0.0
101.67338499442953,3.0902020692684586,08/11/2025,MILLERZ SQUARE OLD KLANG ROAD,WILAYAH PERSEKUTUAN,1,73,29.1,0.0
101.68859919757746,3.098051825746477,08/11/2025,"KEM SG.BESI (JALAN LABUAN) BLOK E1, E2, F1, F2,KEM SG.BESI (JALAN LABUAN) BLOK G4,G5,G6,G7,G8,G9",WILAYAH PERSEKUTUAN,2,73,29.2,0.0
101.68774376065191,3.1101495317721506,08/11/2025,TAMAN BUKIT DESA (JALAN BUKIT DESA 1-7) & SBHGN JALAN TAMAN BUKIT DESA,WILAYAH PERSEKUTUAN,1,73,29.0,0.0
101.6501550001892,3.1134346704662157,08/11/2025,E10. BG SEK 11 UNIVERSITY TOWER,SELANGOR,1,73,28.9,0.0
101.66330177795732,3.1140421966829273,08/11/2025,"KL GATEWAY (KL GATEWAY MALL DAN KL GATEWAY RESIDENCE),RUMAH KONGSI TAPAK BINA SOLARVEST",WILAYAH PERSEKUTUAN,2,73,28.9,0.0
101.6734721593077,3.12467011229487,08/11/2025,"ASRAMA UNIKL ( JLN TANDUK ),TAMAN TAIPING(JALAN TANDUK)",WILAYAH PERSEKUTUAN,2,73,29.0,0.0
101.67007823043039,3.134353563139241,08/11/2025,"BANGSAR BARU (JALAN TERASEK 7-8),BANGSAR BARU (JLN TERASEK 4-6)",WILAYAH PERSEKUTUAN,2,73,28.8,0.0
101.62008304196576,3.1386377692191796,08/11/2025,"E8. BU SS 21 (2) [JLN SS 21/15,17,19,21,22,24,26,28,30,32,34,36,38,40,42A]",SELANGOR,1,73,28.9,0.0
101.62609919760564,3.145874539683101,08/11/2025,"LENGKOK ZAABA 2 (1-31),  LENGKOK ZAABA  (33-53), PERSIARAN ZAABA (27-33) & (284-",WILAYAH PERSEKUTUAN,1,73,28.9,0.0
101.6976203740387,3.1488512625935474,08/11/2025,"JALAN TUN H.S. LEE,JALAN TUN PERAK",WILAYAH PERSEKUTUAN,2,73,29.1,0.0
101.61455712653547,3.0811943144078016,09/11/2025,"E11. SRI PJS 5 FLAT DESA MENTARI (BLOK 7 , 8),E11. SRI PJS 6 FLAT DESA MENTARI 1 (BLOK 1 , 2 , 3),E11. SRI PJS 6 FLAT DESA MENTARI 2 (BLOK 4 , 5 , 6),E11. SRI PJS 8  LEISURE COMMERCE SQUARE,E11. SRI PJS 8 MENTARI COURT,E11. SRI PJS 8 YOLO SIGNATURE SUITES",SELANGOR,6,77,29.0,2.8
101.64187781715535,3.0838126209611643,09/11/2025,"E10. BG SEK 1 (TERES 1) [1/2,4,5,6,8,9,10,12,14,15,17,19,21,26],E10. BG SEK 2 (TERES 1) [JLN 2/23,23A,25,27,28,29,29A,30,32,34,36,38],E12. TM PJS 2 APT MAJU JAYA,E12. TM TMN DATO HARUN (TERES 1) [JLN PJS 2/2A , PJS 2/2B , PJS 2/3 , PJS 2/5],E12. TM TMN DATO HARUN (TERES 2) [JLN PJS 2/12 , 2/16 , 2/21A , 2/21B , 2/27B]",SELANGOR,5,77,28.9,2.8
101.69041811787191,3.088159941256157,09/11/2025,"FLAT K.E.P (1-5),FLAT K.E.P (6-8),KUCHAI ENTREPRENEURS PARK (JLN KUCHAI MAJU 13,14,15,16,18,19 & JLN 6/116B),SPRING AVENUE SERVICE RESIDENCES,SRI DESA KONDOMINIUM",WILAYAH PERSEKUTUAN,5,77,28.9,2.8
101.67338499442953,3.0902020692684586,09/11/2025,MILLERZ SQUARE OLD KLANG ROAD,WILAYAH PERSEKUTUAN,1,77,28.9,2.8
101.68859919757746,3.098051825746477,09/11/2025,"KEM SG.BESI (JALAN LABUAN) BLOK E1, E2, F1, F2,KEM SG.BESI (JALAN LABUAN) BLOK G4,G5,G6,G7,G8,G9",WILAYAH PERSEKUTUAN,2,77,29.0,2.8
101.68774376065191,3.1101495317721506,09/11/2025,TAMAN BUKIT DESA (JALAN BUKIT DESA 1-7) & SBHGN JALAN TAMAN BUKIT DESA,WILAYAH PERSEKUTUAN,1,77,28.8,2.8
101.6501550001892,3.1134346704662157,09/11/2025,E10. BG SEK 11 UNIVERSITY TOWER,SELANGOR,1,77,28.8,2.8
101.66330177795732,3.1140421966829273,09/11/2025,"KL GATEWAY (KL GATEWAY MALL DAN KL GATEWAY RESIDENCE),RUMAH KONGSI TAPAK BINA SOLARVEST",WILAYAH PERSEKUTUAN,2,77,28.8,2.8
101.6734721593077,3.12467011229487,09/11/2025,"ASRAMA UNIKL ( JLN TANDUK ),TAMAN TAIPING(JALAN TANDUK)",WILAYAH PERSEKUTUAN,2,77,28.9,2.8
101.67007823043039,3.134353563139241,09/11/2025,"BANGSAR BARU (JALAN TERASEK 7-8),BANGSAR BARU (JLN TERASEK 4-6)",WILAYAH PERSEKUTUAN,2,77,28.7,2.8
101.62008304196576,3.1386377692191796,09/11/2025,"E8. BU SS 21 (2) [JLN SS 21/15,17,19,21,22,24,26,28,30,32,34,36,38,40,42A]",SELANGOR,1,77,28.8,2.8
101.62609919760564,3.145874539683101,09/11/2025,"LENGKOK ZAABA 2 (1-31),  LENGKOK ZAABA  (33-53), PERSIARAN ZAABA (27-33) & (284-",WILAYAH PERSEKUTUAN,1,77,28.7,2.8
101.6976203740387,3.1488512625935474,09/11/2025,"JALAN TUN H.S. LEE,JALAN TUN PERAK",WILAYAH PERSEKUTUAN,2,77,29.0,2.8
101.61455712653547,3.0811943144078016,10/11/2025,"E11. SRI PJS 5 FLAT DESA MENTARI (BLOK 7 , 8),E11. SRI PJS 6 FLAT DESA MENTARI 1 (BLOK 1 , 2 , 3),E11. SRI PJS 6 FLAT DESA MENTARI 2 (BLOK 4 , 5 , 6),E11. SRI PJS 8  LEISURE COMMERCE SQUARE,E11. SRI PJS 8 MENTARI COURT,E11. SRI PJS 8 YOLO SIGNATURE SUITES",SELANGOR,6,79,28.4,8.2
101.64187781715535,3.0838126209611643,10/11/2025,"E10. BG SEK 1 (TERES 1) [1/2,4,5,6,8,9,10,12,14,15,17,19,21,26],E10. BG SEK 2 (TERES 1) [JLN 2/23,23A,25,27,28,29,29A,30,32,34,36,38],E12. TM PJS 2 APT MAJU JAYA,E12. TM TMN DATO HARUN (TERES 1) [JLN PJS 2/2A , PJS 2/2B , PJS 2/3 , PJS 2/5],E12. TM TMN DATO HARUN (TERES 2) [JLN PJS 2/12 , 2/16 , 2/21A , 2/21B , 2/27B]",SELANGOR,5,79,28.4,8.2
101.69041811787191,3.088159941256157,10/11/2025,"FLAT K.E.P (1-5),FLAT K.E.P (6-8),KUCHAI ENTREPRENEURS PARK (JLN KUCHAI MAJU 13,14,15,16,18,19 & JLN 6/116B),SPRING AVENUE SERVICE RESIDENCES,SRI DESA KONDOMINIUM",WILAYAH PERSEKUTUAN,5,79,28.4,8.2
101.67338499442953,3.0902020692684586,10/11/2025,MILLERZ SQUARE OLD KLANG ROAD,WILAYAH PERSEKUTUAN,1,79,28.4,8.2
101.68859919757746,3.098051825746477,10/11/2025,"KEM SG.BESI (JALAN LABUAN) BLOK E1, E2, F1, F2,KEM SG.BESI (JALAN LABUAN) BLOK G4,G5,G6,G7,G8,G9",WILAYAH PERSEKUTUAN,2,79,28.5,8.2
101.68774376065191,3.1101495317721506,10/11/2025,TAMAN BUKIT DESA (JALAN BUKIT DESA 1-7) & SBHGN JALAN TAMAN BUKIT DESA,WILAYAH PERSEKUTUAN,1,79,28.3,8.2
101.6501550001892,3.1134346704662157,10/11/2025,E10. BG SEK 11 UNIVERSITY TOWER,SELANGOR,1,79,28.2,8.2
101.66330177795732,3.1140421966829273,10/11/2025,"KL GATEWAY (KL GATEWAY MALL DAN KL GATEWAY RESIDENCE),RUMAH KONGSI TAPAK BINA SOLARVEST",WILAYAH PERSEKUTUAN,2,79,28.3,8.2
101.6734721593077,3.12467011229487,10/11/2025,"ASRAMA UNIKL ( JLN TANDUK ),TAMAN TAIPING(JALAN TANDUK)",WILAYAH PERSEKUTUAN,2,79,28.3,8.2
101.67007823043039,3.134353563139241,10/11/2025,"BANGSAR BARU (JALAN TERASEK 7-8),BANGSAR BARU (JLN TERASEK 4-6)",WILAYAH PERSEKUTUAN,2,79,28.1,8.2
101.62008304196576,3.1386377692191796,10/11/2025,"E8. BU SS 21 (2) [JLN SS 21/15,17,19,21,22,24,26,28,30,32,34,36,38,40,42A]",SELANGOR,1,79,28.2,8.2
101.62609919760564,3.145874539683101,10/11/2025,"LENGKOK ZAABA 2 (1-31),  LENGKOK ZAABA  (33-53), PERSIARAN ZAABA (27-33) & (284-",WILAYAH PERSEKUTUAN,1,79,28.2,8.2
101.6976203740387,3.1488512625935474,10/11/2025,"JALAN TUN H.S. LEE,JALAN TUN PERAK",WILAYAH PERSEKUTUAN,2,79,28.5,8.2
101.61207218008049,3.0802625961207406,11/11/2025,"E11. SRI PJS 10 RIDZUAN KONDO,E11. SRI PJS 5 FLAT DESA MENTARI (BLOK 7 , 8),E11. SRI PJS 6 FLAT DESA MENTARI 2 (BLOK 4 , 5 , 6),E11. SRI PJS 8  LEISURE COMMERCE SQUARE,E11. SRI PJS 8 APT DAMAI,E11. SRI PJS 8 MENTARI COURT,E11. SRI PJS 8 YOLO SIGNATURE SUITES",SELANGOR,7,80,28.0,6.5
101.64187781715535,3.0838126209611643,11/11/2025,"E10. BG SEK 1 (TERES 1) [1/2,4,5,6,8,9,10,12,14,15,17,19,21,26],E10. BG SEK 2 (TERES 1) [JLN 2/23,23A,25,27,28,29,29A,30,32,34,36,38],E12. TM PJS 2 APT MAJU JAYA,E12. TM TMN DATO HARUN (TERES 1) [JLN PJS 2/2A , PJS 2/2B , PJS 2/3 , PJS 2/5],E12. TM TMN DATO HARUN (TERES 2) [JLN PJS 2/12 , 2/16 , 2/21A , 2/21B , 2/27B]",SELANGOR,5,80,28.0,6.5
101.61846693224224,3.0890057194472043,11/11/2025,"E9. KT SS 9A 1 (JLN 9A/3,5,6,7,8,9,10,11,12,17,20 ),E9. KT SS 9A 2 ( JLN 9A/1,2,4,13,14,15,16,18,19 )",SELANGOR,2,80,27.9,6.5
101.69037616139047,3.0880570570238097,11/11/2025,"FLAT K.E.P (1-5),FLAT K.E.P (6-8),KUCHAI ENTREPRENEURS PARK (JLN KUCHAI MAJU 13,14,15,16,18,19 & JLN 6/116B),SPRING AVENUE SERVICE RESIDENCES,SRI DESA KONDOMINIUM",WILAYAH PERSEKUTUAN,5,80,28.0,6.5
101.68859919757746,3.098051825746477,11/11/2025,"KEM SG.BESI (JALAN LABUAN) BLOK E1, E2, F1, F2,KEM SG.BESI (JALAN LABUAN) BLOK G4,G5,G6,G7,G8,G9",WILAYAH PERSEKUTUAN,2,80,28.1,6.5
101.68774376065191,3.1101495317721506,11/11/2025,TAMAN BUKIT DESA (JALAN BUKIT DESA 1-7) & SBHGN JALAN TAMAN BUKIT DESA,WILAYAH PERSEKUTUAN,1,80,27.9,6.5
101.6501550001892,3.1134346704662157,11/11/2025,E10. BG SEK 11 UNIVERSITY TOWER,SELANGOR,1,80,27.8,6.5
101.66171819098948,3.112408808957896,11/11/2025,"KL GATEWAY (KL GATEWAY MALL DAN KL GATEWAY RESIDENCE),THE ESTATE BANGSAR SOUTH",WILAYAH PERSEKUTUAN,2,80,27.8,6.5
101.67340151117122,3.124385741020549,11/11/2025,ASRAMA UNIKL ( JLN TANDUK ),WILAYAH PERSEKUTUAN,1,80,27.9,6.5
101.62008304196576,3.1386377692191796,11/11/2025,"E8. BU SS 21 (2) [JLN SS 21/15,17,19,21,22,24,26,28,30,32,34,36,38,40,42A]",SELANGOR,1,80,27.8,6.5
101.69758773963463,3.1488726896089734,11/11/2025,"JALAN TUN H.S. LEE,JALAN TUN PERAK,LEBUH AMPANG",WILAYAH PERSEKUTUAN,3,80,28.0,6.5
101.61207218008049,3.0802625961207406,12/11/2025,"E11. SRI PJS 10 RIDZUAN KONDO,E11. SRI PJS 5 FLAT DESA MENTARI (BLOK 7 , 8),E11. SRI PJS 6 FLAT DESA MENTARI 2 (BLOK 4 , 5 , 6),E11. SRI PJS 8  LEISURE COMMERCE SQUARE,E11. SRI PJS 8 APT DAMAI,E11. SRI PJS 8 MENTARI COURT,E11. SRI PJS 8 YOLO SIGNATURE SUITES",SELANGOR,7,83,27.3,9.4
101.64187781715535,3.0838126209611643,12/11/2025,"E10. BG SEK 1 (TERES 1) [1/2,4,5,6,8,9,10,12,14,15,17,19,21,26],E10. BG SEK 2 (TERES 1) [JLN 2/23,23A,25,27,28,29,29A,30,32,34,36,38],E12. TM PJS 2 APT MAJU JAYA,E12. TM TMN DATO HARUN (TERES 1) [JLN PJS 2/2A , PJS 2/2B , PJS 2/3 , PJS 2/5],E12. TM TMN DATO HARUN (TERES 2) [JLN PJS 2/12 , 2/16 , 2/21A , 2/21B , 2/27B]",SELANGOR,5,83,27.3,9.4
101.61846693224224,3.0890057194472043,12/11/2025,"E9. KT SS 9A 1 (JLN 9A/3,5,6,7,8,9,10,11,12,17,20 ),E9. KT SS 9A 2 ( JLN 9A/1,2,4,13,14,15,16,18,19 )",SELANGOR,2,83,27.2,9.4
101.68902033479402,3.085343801926912,12/11/2025,"FLAT K.E.P (1-5),FLAT K.E.P (6-8),FLAT TAMAN GEMBIRA JLN 1/127A (BLOK 1,2,3,4,5&7),FLAT TAMAN GEMBIRA JLN 6/127A (BLOK 1,2,3,4,5&6),GEMBIRA RESIDENCE KONDO,KUCHAI ENTREPRENEURS PARK (JLN KUCHAI MAJU 13,14,15,16,18,19 & JLN 6/116B),SPRING AVENUE SERVICE RESIDENCES,SRI DESA KONDOMINIUM",WILAYAH PERSEKUTUAN,8,83,27.2,9.4
101.68859919757746,3.098051825746477,12/11/2025,"KEM SG.BESI (JALAN LABUAN) BLOK E1, E2, F1, F2,KEM SG.BESI (JALAN LABUAN) BLOK G4,G5,G6,G7,G8,G9",WILAYAH PERSEKUTUAN,2,83,27.4,9.4
101.68774376065191,3.1101495317721506,12/11/2025,TAMAN BUKIT DESA (JALAN BUKIT DESA 1-7) & SBHGN JALAN TAMAN BUKIT DESA,WILAYAH PERSEKUTUAN,1,83,27.2,9.4
101.6501550001892,3.1134346704662157,12/11/2025,E10. BG SEK 11 UNIVERSITY TOWER,SELANGOR,1,83,27.1,9.4
101.66171819098948,3.112408808957896,12/11/2025,"KL GATEWAY (KL GATEWAY MALL DAN KL GATEWAY RESIDENCE),THE ESTATE BANGSAR SOUTH",WILAYAH PERSEKUTUAN,2,83,27.1,9.4
101.67340151117122,3.124385741020549,12/11/2025,ASRAMA UNIKL ( JLN TANDUK ),WILAYAH PERSEKUTUAN,1,83,27.2,9.4
101.62008304196576,3.1386377692191796,12/11/2025,"E8. BU SS 21 (2) [JLN SS 21/15,17,19,21,22,24,26,28,30,32,34,36,38,40,42A]",SELANGOR,1,83,27.1,9.4
101.69758773963463,3.1488726896089734,12/11/2025,"JALAN TUN H.S. LEE,JALAN TUN PERAK,LEBUH AMPANG",WILAYAH PERSEKUTUAN,3,83,27.4,9.4
101.61207218008049,3.0802625961207406,13/11/2025,"E11. SRI PJS 10 RIDZUAN KONDO,E11. SRI PJS 5 FLAT DESA MENTARI (BLOK 7 , 8),E11. SRI PJS 6 FLAT DESA MENTARI 2 (BLOK 4 , 5 , 6),E11. SRI PJS 8  LEISURE COMMERCE SQUARE,E11. SRI PJS 8 APT DAMAI,E11. SRI PJS 8 MENTARI COURT,E11. SRI PJS 8 YOLO SIGNATURE SUITES",SELANGOR,7,83,27.3,9.4
101.64184262868211,3.0839590133344355,13/11/2025,"E10. BG SEK 1 (TERES 1) [1/2,4,5,6,8,9,10,12,14,15,17,19,21,26],E10. BG SEK 2 (TERES 1) [JLN 2/23,23A,25,27,28,29,29A,30,32,34,36,38],E12. TM PJS 2 APT MAJU JAYA,E12. TM TMN DATO HARUN (TERES 1) [JLN PJS 2/2A , PJS 2/2B , PJS 2/3 , PJS 2/5]",SELANGOR,4,83,27.3,9.4
101.61846693224224,3.0890057194472043,13/11/2025,"E9. KT SS 9A 1 (JLN 9A/3,5,6,7,8,9,10,11,12,17,20 ),E9. KT SS 9A 2 ( JLN 9A/1,2,4,13,14,15,16,18,19 )",SELANGOR,2,83,27.2,9.4
101.68902033479402,3.085343801926912,13/11/2025,"FLAT K.E.P (1-5),FLAT K.E.P (6-8),FLAT TAMAN GEMBIRA JLN 1/127A (BLOK 1,2,3,4,5&7),FLAT TAMAN GEMBIRA JLN 6/127A (BLOK 1,2,3,4,5&6),GEMBIRA RESIDENCE KONDO,KUCHAI ENTREPRENEURS PARK (JLN KUCHAI MAJU 13,14,15,16,18,19 & JLN 6/116B),SPRING AVENUE SERVICE RESIDENCES,SRI DESA KONDOMINIUM",WILAYAH PERSEKUTUAN,8,83,27.2,9.4
101.68859919757746,3.098051825746477,13/11/2025,"KEM SG.BESI (JALAN LABUAN) BLOK E1, E2, F1, F2,KEM SG.BESI (JALAN LABUAN) BLOK G4,G5,G6,G7,G8,G9",WILAYAH PERSEKUTUAN,2,83,27.4,9.4
101.68774376065191,3.1101495317721506,13/11/2025,TAMAN BUKIT DESA (JALAN BUKIT DESA 1-7) & SBHGN JALAN TAMAN BUKIT DESA,WILAYAH PERSEKUTUAN,1,83,27.2,9.4
101.66171819098948,3.112408808957896,13/11/2025,"KL GATEWAY (KL GATEWAY MALL DAN KL GATEWAY RESIDENCE),THE ESTATE BANGSAR SOUTH",WILAYAH PERSEKUTUAN,2,83,27.1,9.4
101.67340151117122,3.124385741020549,13/11/2025,ASRAMA UNIKL ( JLN TANDUK ),WILAYAH PERSEKUTUAN,1,83,27.2,9.4
101.62008304196576,3.1386377692191796,13/11/2025,"E8. BU SS 21 (2) [JLN SS 21/15,17,19,21,22,24,26,28,30,32,34,36,38,40,42A]",SELANGOR,1,83,27.1,9.4
101.697688473588,3.1519054711519994,13/11/2025,"JALAN TUN H.S. LEE,JALAN TUN PERAK,LEBUH AMPANG,MENARA CITY ONE",WILAYAH PERSEKUTUAN,4,83,27.3,9.4
101.611910015625,3.0800792141531232,14/11/2025,"E11. SRI PJS 10 RIDZUAN KONDO,E11. SRI PJS 6 FLAT DESA MENTARI 2 (BLOK 4 , 5 , 6),E11. SRI PJS 8  LEISURE COMMERCE SQUARE,E11. SRI PJS 8 APT DAMAI,E11. SRI PJS 8 MENTARI COURT,E11. SRI PJS 8 YOLO SIGNATURE SUITES",SELANGOR,6,83,27.5,12.6
101.64184262868211,3.0839590133344355,14/11/2025,"E10. BG SEK 1 (TERES 1) [1/2,4,5,6,8,9,10,12,14,15,17,19,21,26],E10. BG SEK 2 (TERES 1) [JLN 2/23,23A,25,27,28,29,29A,30,32,34,36,38],E12. TM PJS 2 APT MAJU JAYA,E12. TM TMN DATO HARUN (TERES 1) [JLN PJS 2/2A , PJS 2/2B , PJS 2/3 , PJS 2/5]",SELANGOR,4,83,27.5,12.6
101.61846693224224,3.0890057194472043,14/11/2025,"E9. KT SS 9A 1 (JLN 9A/3,5,6,7,8,9,10,11,12,17,20 ),E9. KT SS 9A 2 ( JLN 9A/1,2,4,13,14,15,16,18,19 )",SELANGOR,2,83,27.4,12.6
101.68774376065191,3.1101495317721506,14/11/2025,TAMAN BUKIT DESA (JALAN BUKIT DESA 1-7) & SBHGN JALAN TAMAN BUKIT DESA,WILAYAH PERSEKUTUAN,1,83,27.4,12.6
101.6617697494293,3.1123915545654466,14/11/2025,"KL GATEWAY (KL GATEWAY MALL DAN KL GATEWAY RESIDENCE),THE ESTATE BANGSAR SOUTH",WILAYAH PERSEKUTUAN,2,83,27.3,12.6
101.67340151117122,3.124385741020549,14/11/2025,ASRAMA UNIKL ( JLN TANDUK ),WILAYAH PERSEKUTUAN,1,83,27.4,12.6
101.62008304196576,3.1386377692191796,14/11/2025,"E8. BU SS 21 (2) [JLN SS 21/15,17,19,21,22,24,26,28,30,32,34,36,38,40,42A]",SELANGOR,1,83,27.3,12.6
101.697688473588,3.1519054711519994,14/11/2025,"JALAN TUN H.S. LEE,JALAN TUN PERAK,LEBUH AMPANG,MENARA CITY ONE",WILAYAH PERSEKUTUAN,4,83,27.6,12.6
101.61190180457098,3.0800342289043194,15/11/2025,"E11. SRI PJS 10 RIDZUAN KONDO,E11. SRI PJS 6 FLAT DESA MENTARI 2 (BLOK 4 , 5 , 6),E11. SRI PJS 8  LEISURE COMMERCE SQUARE,E11. SRI PJS 8 APT DAMAI,E11. SRI PJS 8 YOLO SIGNATURE SUITES",SELANGOR,5,84,27.3,23.5
101.64184262868211,3.0839590133344355,15/11/2025,"E10. BG SEK 1 (TERES 1) [1/2,4,5,6,8,9,10,12,14,15,17,19,21,26],E10. BG SEK 2 (TERES 1) [JLN 2/23,23A,25,27,28,29,29A,30,32,34,36,38],E12. TM PJS 2 APT MAJU JAYA,E12. TM TMN DATO HARUN (TERES 1) [JLN PJS 2/2A , PJS 2/2B , PJS 2/3 , PJS 2/5]",SELANGOR,4,84,27.3,23.5
101.61846693224224,3.0890057194472043,15/11/2025,"E9. KT SS 9A 1 (JLN 9A/3,5,6,7,8,9,10,11,12,17,20 ),E9. KT SS 9A 2 ( JLN 9A/1,2,4,13,14,15,16,18,19 )",SELANGOR,2,84,27.2,23.5
101.68774376065191,3.1101495317721506,15/11/2025,TAMAN BUKIT DESA (JALAN BUKIT DESA 1-7) & SBHGN JALAN TAMAN BUKIT DESA,WILAYAH PERSEKUTUAN,1,84,27.2,23.5
101.6617697494293,3.1123915545654466,15/11/2025,"KL GATEWAY (KL GATEWAY MALL DAN KL GATEWAY RESIDENCE),THE ESTATE BANGSAR SOUTH",WILAYAH PERSEKUTUAN,2,84,27.2,23.5
101.67340151117122,3.124385741020549,15/11/2025,ASRAMA UNIKL ( JLN TANDUK ),WILAYAH PERSEKUTUAN,1,84,27.2,23.5
101.61775021789386,3.1330819052405676,15/11/2025,"E8. BU PJU 6A (10 BOULEVARD : KAYU ARA BUSINESS CENTER, BLOK ABCD),E8. BU PJU 6A KG SG KAYU ARA 3 [JLN KENANGA, ANGGERIK, CEMPAKA],E8. BU SS 21 (2) [JLN SS 21/15,17,19,21,22,24,26,28,30,32,34,36,38,40,42A],E8. BU SS 22 (2) [JLN SS 22/27,27A,29,31,32,33,34,35,36,38,40,42,44,46]",SELANGOR,4,84,27.2,23.5
101.697688473588,3.1519054711519994,15/11/2025,"JALAN TUN H.S. LEE,JALAN TUN PERAK,LEBUH AMPANG,MENARA CITY ONE",WILAYAH PERSEKUTUAN,4,84,27.4,23.5
101.61190180457098,3.0800342289043194,16/11/2025,"E11. SRI PJS 10 RIDZUAN KONDO,E11. SRI PJS 6 FLAT DESA MENTARI 2 (BLOK 4 , 5 , 6),E11. SRI PJS 8  LEISURE COMMERCE SQUARE,E11. SRI PJS 8 APT DAMAI,E11. SRI PJS 8 YOLO SIGNATURE SUITES",SELANGOR,5,87,26.7,58.3
101.64184262868211,3.0839590133344355,16/11/2025,"E10. BG SEK 1 (TERES 1) [1/2,4,5,6,8,9,10,12,14,15,17,19,21,26],E10. BG SEK 2 (TERES 1) [JLN 2/23,23A,25,27,28,29,29A,30,32,34,36,38],E12. TM PJS 2 APT MAJU JAYA,E12. TM TMN DATO HARUN (TERES 1) [JLN PJS 2/2A , PJS 2/2B , PJS 2/3 , PJS 2/5]",SELANGOR,4,87,26.7,58.3
101.61846693224224,3.0890057194472043,16/11/2025,"E9. KT SS 9A 1 (JLN 9A/3,5,6,7,8,9,10,11,12,17,20 ),E9. KT SS 9A 2 ( JLN 9A/1,2,4,13,14,15,16,18,19 )",SELANGOR,2,87,26.6,58.3
101.68774376065191,3.1101495317721506,16/11/2025,TAMAN BUKIT DESA (JALAN BUKIT DESA 1-7) & SBHGN JALAN TAMAN BUKIT DESA,WILAYAH PERSEKUTUAN,1,87,26.6,58.3
101.6617697494293,3.1123915545654466,16/11/2025,"KL GATEWAY (KL GATEWAY MALL DAN KL GATEWAY RESIDENCE),THE ESTATE BANGSAR SOUTH",WILAYAH PERSEKUTUAN,2,87,26.6,58.3
101.67340151117122,3.124385741020549,16/11/2025,ASRAMA UNIKL ( JLN TANDUK ),WILAYAH PERSEKUTUAN,1,87,26.6,58.3
101.61775021789386,3.1330819052405676,16/11/2025,"E8. BU PJU 6A (10 BOULEVARD : KAYU ARA BUSINESS CENTER, BLOK ABCD),E8. BU PJU 6A KG SG KAYU ARA 3 [JLN KENANGA, ANGGERIK, CEMPAKA],E8. BU SS 21 (2) [JLN SS 21/15,17,19,21,22,24,26,28,30,32,34,36,38,40,42A],E8. BU SS 22 (2) [JLN SS 22/27,27A,29,31,32,33,34,35,36,38,40,42,44,46]",SELANGOR,4,87,26.6,58.3
101.697688473588,3.1519054711519994,16/11/2025,"JALAN TUN H.S. LEE,JALAN TUN PERAK,LEBUH AMPANG,MENARA CITY ONE",WILAYAH PERSEKUTUAN,4,87,26.8,58.3
101.61716140301901,3.0791733619683526,17/11/2025,"E11. SRI PJS 6 FLAT DESA MENTARI 2 (BLOK 4 , 5 , 6)",SELANGOR,1,84,27.8,11.4
101.61846693224224,3.0890057194472043,17/11/2025,"E9. KT SS 9A 1 (JLN 9A/3,5,6,7,8,9,10,11,12,17,20 ),E9. KT SS 9A 2 ( JLN 9A/1,2,4,13,14,15,16,18,19 )",SELANGOR,2,84,27.7,11.4
101.68774376065191,3.1101495317721506,17/11/2025,TAMAN BUKIT DESA (JALAN BUKIT DESA 1-7) & SBHGN JALAN TAMAN BUKIT DESA,WILAYAH PERSEKUTUAN,1,84,27.7,11.4
101.6617697494293,3.1123915545654466,17/11/2025,"KL GATEWAY (KL GATEWAY MALL DAN KL GATEWAY RESIDENCE),THE ESTATE BANGSAR SOUTH",WILAYAH PERSEKUTUAN,2,84,27.6,11.4
101.67340445391096,3.124346344445208,17/11/2025,ASRAMA UNIKL ( JLN TANDUK ),WILAYAH PERSEKUTUAN,1,84,27.7,11.4
101.61775021789386,3.1330819052405676,17/11/2025,"E8. BU PJU 6A (10 BOULEVARD : KAYU ARA BUSINESS CENTER, BLOK ABCD),E8. BU PJU 6A KG SG KAYU ARA 3 [JLN KENANGA, ANGGERIK, CEMPAKA],E8. BU SS 21 (2) [JLN SS 21/15,17,19,21,22,24,26,28,30,32,34,36,38,40,42A],E8. BU SS 22 (2) [JLN SS 22/27,27A,29,31,32,33,34,35,36,38,40,42,44,46]",SELANGOR,4,84,27.6,11.4
101.697688473588,3.1519054711519994,17/11/2025,"JALAN TUN H.S. LEE,JALAN TUN PERAK,LEBUH AMPANG,MENARA CITY ONE",WILAYAH PERSEKUTUAN,4,84,27.8,11.4
101.67999593095455,3.0856867778571466,18/11/2025,"RESIDENSI GEMBIRA 737,TAMAN GEMBIRA B (SBHG JLN SELESA 1,9-12,JLN RIANG 11-15,SBHG JLN SELESA),TAMAN UNITED H ( JLN SEPAKAT 4,5,6,7,8,9 )",WILAYAH PERSEKUTUAN,3,86,27.2,10.0
101.63286425799586,3.079318988216132,18/11/2025,"E10. BG SEK 2 (TERES 1) [JLN 2/23,23A,25,27,28,29,29A,30,32,34,36,38],E11. SRI PJS 5 FLAT DESA RIA (A,B,C,D,E,F),E11. SRI PJS 5 FLAT DESA RIA (G,J,K,L,M,N,O,P),E11. SRI PJS 6 FLAT DESA MENTARI 2 (BLOK 4 , 5 , 6),E12. TM PJS 1 APT PETALING PERDANA 2 (BLOK I - P],E12. TM PJS 2 APPT TAMAN MEDAN JAYA,E12. TM PJS 2 APT MAJU JAYA,E12. TM PJS 2C APT MEDAN JAYA (BLOK I),E12. TM PJS 2D FLAT DESA MENTARI (BLOK 11),E12. TM PJS 3 APT SURIA,E12. TM PJS 3 FLAT SRI MANJA (BLOK A , B , C) [JLN PJS 3/55],E12. TM PJS 3 RESIDENCE MEDAN (JLN PJS 3/54),E12. TM PJS 3 TMN MEDAN BARU (TERES 3) [JLN MEDAN 11,12,13,14,15,22,23],E12. TM PJS4 TMN INDAH JAYA(TERES 1)[JLN PJS 4/8,10,12,16,18,20,22A,25,27,27A,B],E12. TM TMN DATO HARUN (TERES 1) [JLN PJS 2/2A , PJS 2/2B , PJS 2/3 , PJS 2/5]",SELANGOR,15,86,27.3,10.0
101.61846693224224,3.0890057194472043,18/11/2025,"E9. KT SS 9A 1 (JLN 9A/3,5,6,7,8,9,10,11,12,17,20 ),E9. KT SS 9A 2 ( JLN 9A/1,2,4,13,14,15,16,18,19 )",SELANGOR,2,86,27.2,10.0
101.68774376065191,3.1101495317721506,18/11/2025,TAMAN BUKIT DESA (JALAN BUKIT DESA 1-7) & SBHGN JALAN TAMAN BUKIT DESA,WILAYAH PERSEKUTUAN,1,86,27.2,10.0
101.6617697494293,3.1123915545654466,18/11/2025,"KL GATEWAY (KL GATEWAY MALL DAN KL GATEWAY RESIDENCE),THE ESTATE BANGSAR SOUTH",WILAYAH PERSEKUTUAN,2,86,27.1,10.0
101.67340445391096,3.124346344445208,18/11/2025,ASRAMA UNIKL ( JLN TANDUK ),WILAYAH PERSEKUTUAN,1,86,27.2,10.0
101.6165739772709,3.130575509197326,18/11/2025,"E8. BU PJU 6A (10 BOULEVARD : KAYU ARA BUSINESS CENTER, BLOK ABCD),E8. BU PJU 6A KG SG KAYU ARA 3 [JLN KENANGA, ANGGERIK, CEMPAKA],E8. BU SS 22 (2) [JLN SS 22/27,27A,29,31,32,33,34,35,36,38,40,42,44,46]",SELANGOR,3,86,27.1,10.0
101.697688473588,3.1519054711519994,18/11/2025,"JALAN TUN H.S. LEE,JALAN TUN PERAK,LEBUH AMPANG,MENARA CITY ONE",WILAYAH PERSEKUTUAN,4,86,27.3,10.0
101.67999593095455,3.0856867778571466,19/11/2025,"RESIDENSI GEMBIRA 737,TAMAN GEMBIRA B (SBHG JLN SELESA 1,9-12,JLN RIANG 11-15,SBHG JLN SELESA),TAMAN UNITED H ( JLN SEPAKAT 4,5,6,7,8,9 )",WILAYAH PERSEKUTUAN,3,85,26.9,5.8
101.63286425799586,3.079318988216132,19/11/2025,"E10. BG SEK 2 (TERES 1) [JLN 2/23,23A,25,27,28,29,29A,30,32,34,36,38],E11. SRI PJS 5 FLAT DESA RIA (A,B,C,D,E,F),E11. SRI PJS 5 FLAT DESA RIA (G,J,K,L,M,N,O,P),E11. SRI PJS 6 FLAT DESA MENTARI 2 (BLOK 4 , 5 , 6),E12. TM PJS 1 APT PETALING PERDANA 2 (BLOK I - P],E12. TM PJS 2 APPT TAMAN MEDAN JAYA,E12. TM PJS 2 APT MAJU JAYA,E12. TM PJS 2C APT MEDAN JAYA (BLOK I),E12. TM PJS 2D FLAT DESA MENTARI (BLOK 11),E12. TM PJS 3 APT SURIA,E12. TM PJS 3 FLAT SRI MANJA (BLOK A , B , C) [JLN PJS 3/55],E12. TM PJS 3 RESIDENCE MEDAN (JLN PJS 3/54),E12. TM PJS 3 TMN MEDAN BARU (TERES 3) [JLN MEDAN 11,12,13,14,15,22,23],E12. TM PJS4 TMN INDAH JAYA(TERES 1)[JLN PJS 4/8,10,12,16,18,20,22A,25,27,27A,B],E12. TM TMN DATO HARUN (TERES 1) [JLN PJS 2/2A , PJS 2/2B , PJS 2/3 , PJS 2/5]",SELANGOR,15,85,27.0,5.8
101.61846693224224,3.0890057194472043,19/11/2025,"E9. KT SS 9A 1 (JLN 9A/3,5,6,7,8,9,10,11,12,17,20 ),E9. KT SS 9A 2 ( JLN 9A/1,2,4,13,14,15,16,18,19 )",SELANGOR,2,85,26.9,5.8
101.66076727776712,3.11114475600685,19/11/2025,THE ESTATE BANGSAR SOUTH,WILAYAH PERSEKUTUAN,1,85,26.6,5.8
101.67340445391096,3.124346344445208,19/11/2025,ASRAMA UNIKL ( JLN TANDUK ),WILAYAH PERSEKUTUAN,1,85,26.9,5.8
101.6165739772709,3.130575509197326,19/11/2025,"E8. BU PJU 6A (10 BOULEVARD : KAYU ARA BUSINESS CENTER, BLOK ABCD),E8. BU PJU 6A KG SG KAYU ARA 3 [JLN KENANGA, ANGGERIK, CEMPAKA],E8. BU SS 22 (2) [JLN SS 22/27,27A,29,31,32,33,34,35,36,38,40,42,44,46]",SELANGOR,3,85,26.9,5.8
101.697688473588,3.1519054711519994,19/11/2025,"JALAN TUN H.S. LEE,JALAN TUN PERAK,LEBUH AMPANG,MENARA CITY ONE",WILAYAH PERSEKUTUAN,4,85,27.1,5.8
101.63064264069016,3.0778045110576184,20/11/2025,"E11. SRI PJS 5 FLAT DESA RIA (A,B,C,D,E,F),E11. SRI PJS 5 FLAT DESA RIA (G,J,K,L,M,N,O,P),E11. SRI PJS 6 FLAT DESA MENTARI 2 (BLOK 4 , 5 , 6),E12. TM PJS 1 APT PETALING PERDANA 2 (BLOK I - P],E12. TM PJS 2 APPT TAMAN MEDAN JAYA,E12. TM PJS 2C APT MEDAN JAYA (BLOK I),E12. TM PJS 2C FLAT DESA MENTARI (BLOK 9 , 10),E12. TM PJS 2D FLAT DESA MENTARI (BLOK 11),E12. TM PJS 3 APT SURIA,E12. TM PJS 3 FLAT SRI MANJA (BLOK A , B , C) [JLN PJS 3/55],E12. TM PJS 3 RESIDENCE MEDAN (JLN PJS 3/54),E12. TM PJS 3 TMN MEDAN BARU (TERES 3) [JLN MEDAN 11,12,13,14,15,22,23],E12. TM PJS4 TMN INDAH JAYA(TERES 1)[JLN PJS 4/8,10,12,16,18,20,22A,25,27,27A,B]",SELANGOR,13,87,26.7,10.0
101.67999593095455,3.0856867778571466,20/11/2025,"RESIDENSI GEMBIRA 737,TAMAN GEMBIRA B (SBHG JLN SELESA 1,9-12,JLN RIANG 11-15,SBHG JLN SELESA),TAMAN UNITED H ( JLN SEPAKAT 4,5,6,7,8,9 )",WILAYAH PERSEKUTUAN,3,87,26.6,10.0
101.64412110943138,3.0861521716601312,20/11/2025,"E10. BG SEK 2 (TERES 1) [JLN 2/23,23A,25,27,28,29,29A,30,32,34,36,38]",SELANGOR,1,87,26.7,10.0
101.61846693224224,3.0890057194472043,20/11/2025,"E9. KT SS 9A 1 (JLN 9A/3,5,6,7,8,9,10,11,12,17,20 ),E9. KT SS 9A 2 ( JLN 9A/1,2,4,13,14,15,16,18,19 )",SELANGOR,2,87,26.6,10.0
101.69684099406413,3.0866436232742176,20/11/2025,"FLAT DESA PETALING D: BLOK 10-13,FLAT K.E.P (1-5),FLAT TAMAN GEMBIRA JLN 1/127A (BLOK 1,2,3,4,5&7),FLAT TAMAN GEMBIRA JLN 6/127A (BLOK 1,2,3,4,5&6),GEMBIRA RESIDENCE KONDO,KG BARU SALAK SELATAN I (JALAN 36 & 38),KUCHAI ENTREPRENEURS PARK (JLN KUCHAI MAJU 13,14,15,16,18,19 & JLN 6/116B),LILY APARTMENT,NIDOZ RESIDENCES @ DESA PETALING,PPR SRI MALAYSIA,RESIDENSI DESA SATU MAS, TAMAN DESA,RUMAH KEDAI KUCHAI ENT PARK - JLN 5/116B & SBHG JLN KUCHAI MAJU 13,SPRING AVENUE SERVICE RESIDENCES,SRI DESA KONDOMINIUM,WINNER COURT A,WINNER HEIGHTS CONDO (DESA PETALING)",WILAYAH PERSEKUTUAN,16,87,26.7,10.0
101.66231882855502,3.112666220822965,20/11/2025,"KL GATEWAY (KL GATEWAY MALL DAN KL GATEWAY RESIDENCE),KL GATEWAY PREMIUM RESIDENCE,THE ESTATE BANGSAR SOUTH",WILAYAH PERSEKUTUAN,3,87,26.5,10.0
101.67340445391096,3.124346344445208,20/11/2025,ASRAMA UNIKL ( JLN TANDUK ),WILAYAH PERSEKUTUAN,1,87,26.6,10.0
101.6165739772709,3.130575509197326,20/11/2025,"E8. BU PJU 6A (10 BOULEVARD : KAYU ARA BUSINESS CENTER, BLOK ABCD),E8. BU PJU 6A KG SG KAYU ARA 3 [JLN KENANGA, ANGGERIK, CEMPAKA],E8. BU SS 22 (2) [JLN SS 22/27,27A,29,31,32,33,34,35,36,38,40,42,44,46]",SELANGOR,3,87,26.6,10.0
101.69768438512449,3.151899268497991,20/11/2025,"JALAN TUN H.S. LEE,JALAN TUN PERAK,LEBUH AMPANG,MENARA CITY ONE",WILAYAH PERSEKUTUAN,4,87,26.8,10.0
101.62649033845078,3.0782323804084655,21/11/2025,"E11. SRI PJS 10 RIDZUAN KONDO,E11. SRI PJS 5 FLAT DESA RIA (A,B,C,D,E,F),E11. SRI PJS 5 FLAT DESA RIA (G,J,K,L,M,N,O,P),E11. SRI PJS 6 FLAT DESA MENTARI 1 (BLOK 1 , 2 , 3),E11. SRI PJS 6 FLAT DESA MENTARI 2 (BLOK 4 , 5 , 6),E11. SRI PJS 8 APT DAMAI,E11. SRI PJS 8 MENTARI COURT,E12. TM PJS 1 APT PETALING PERDANA 2 (BLOK I - P],E12. TM PJS 2 APPT TAMAN MEDAN JAYA,E12. TM PJS 2C APT MEDAN JAYA (BLOK I),E12. TM PJS 2C FLAT DESA MENTARI (BLOK 9 , 10),E12. TM PJS 2D FLAT DESA MENTARI (BLOK 11),E12. TM PJS 3 APT SURIA,E12. TM PJS 3 FLAT SRI MANJA (BLOK A , B , C) [JLN PJS 3/55],E12. TM PJS 3 RESIDENCE MEDAN (JLN PJS 3/54),E12. TM PJS 3 TMN MEDAN BARU (TERES 3) [JLN MEDAN 11,12,13,14,15,22,23],E12. TM PJS4 TMN INDAH JAYA(TERES 1)[JLN PJS 4/8,10,12,16,18,20,22A,25,27,27A,B]",SELANGOR,17,85,27.4,8.2
101.67999593095455,3.0856867778571466,21/11/2025,"RESIDENSI GEMBIRA 737,TAMAN GEMBIRA B (SBHG JLN SELESA 1,9-12,JLN RIANG 11-15,SBHG JLN SELESA),TAMAN UNITED H ( JLN SEPAKAT 4,5,6,7,8,9 )",WILAYAH PERSEKUTUAN,3,85,27.3,8.2
101.64412110943138,3.0861521716601312,21/11/2025,"E10. BG SEK 2 (TERES 1) [JLN 2/23,23A,25,27,28,29,29A,30,32,34,36,38]",SELANGOR,1,85,27.4,8.2
101.61846693224224,3.0890057194472043,21/11/2025,"E9. KT SS 9A 1 (JLN 9A/3,5,6,7,8,9,10,11,12,17,20 ),E9. KT SS 9A 2 ( JLN 9A/1,2,4,13,14,15,16,18,19 )",SELANGOR,2,85,27.3,8.2
101.69684099406413,3.0866436232742176,21/11/2025,"FLAT DESA PETALING D: BLOK 10-13,FLAT K.E.P (1-5),FLAT TAMAN GEMBIRA JLN 1/127A (BLOK 1,2,3,4,5&7),FLAT TAMAN GEMBIRA JLN 6/127A (BLOK 1,2,3,4,5&6),GEMBIRA RESIDENCE KONDO,KG BARU SALAK SELATAN I (JALAN 36 & 38),KUCHAI ENTREPRENEURS PARK (JLN KUCHAI MAJU 13,14,15,16,18,19 & JLN 6/116B),LILY APARTMENT,NIDOZ RESIDENCES @ DESA PETALING,PPR SRI MALAYSIA,RESIDENSI DESA SATU MAS, TAMAN DESA,RUMAH KEDAI KUCHAI ENT PARK - JLN 5/116B & SBHG JLN KUCHAI MAJU 13,SPRING AVENUE SERVICE RESIDENCES,SRI DESA KONDOMINIUM,WINNER COURT A,WINNER HEIGHTS CONDO (DESA PETALING)",WILAYAH PERSEKUTUAN,16,85,27.3,8.2
101.66231882855502,3.112666220822965,21/11/2025,"KL GATEWAY (KL GATEWAY MALL DAN KL GATEWAY RESIDENCE),KL GATEWAY PREMIUM RESIDENCE,THE ESTATE BANGSAR SOUTH",WILAYAH PERSEKUTUAN,3,85,27.2,8.2
101.67340445391096,3.124346344445208,21/11/2025,ASRAMA UNIKL ( JLN TANDUK ),WILAYAH PERSEKUTUAN,1,85,27.3,8.2
101.6165739772709,3.130575509197326,21/11/2025,"E8. BU PJU 6A (10 BOULEVARD : KAYU ARA BUSINESS CENTER, BLOK ABCD),E8. BU PJU 6A KG SG KAYU ARA 3 [JLN KENANGA, ANGGERIK, CEMPAKA],E8. BU SS 22 (2) [JLN SS 22/27,27A,29,31,32,33,34,35,36,38,40,42,44,46]",SELANGOR,3,85,27.2,8.2
101.69768438512449,3.151899268497991,21/11/2025,"JALAN TUN H.S. LEE,JALAN TUN PERAK,LEBUH AMPANG,MENARA CITY ONE",WILAYAH PERSEKUTUAN,4,85,27.4,8.2
101.62210276255479,3.0789390437059634,22/11/2025,"E11. SRI PJS 5 FLAT DESA RIA (A,B,C,D,E,F),E11. SRI PJS 5 FLAT DESA RIA (G,J,K,L,M,N,O,P),E11. SRI PJS 6 FLAT DESA MENTARI 1 (BLOK 1 , 2 , 3),E11. SRI PJS 6 FLAT DESA MENTARI 2 (BLOK 4 , 5 , 6),E11. SRI PJS 8 APT DAMAI,E11. SRI PJS 8 MENTARI COURT,E12. TM PJS 2 APPT TAMAN MEDAN JAYA,E12. TM PJS 2C APT MEDAN JAYA (BLOK I),E12. TM PJS 2C FLAT DESA MENTARI (BLOK 9 , 10),E12. TM PJS 2D FLAT DESA MENTARI (BLOK 11),E12. TM PJS 3 RESIDENCE MEDAN (JLN PJS 3/54),E12. TM PJS4 TMN INDAH JAYA(TERES 1)[JLN PJS 4/8,10,12,16,18,20,22A,25,27,27A,B]",SELANGOR,12,88,26.7,15.9
101.67999593095455,3.0856867778571466,22/11/2025,"RESIDENSI GEMBIRA 737,TAMAN GEMBIRA B (SBHG JLN SELESA 1,9-12,JLN RIANG 11-15,SBHG JLN SELESA),TAMAN UNITED H ( JLN SEPAKAT 4,5,6,7,8,9 )",WILAYAH PERSEKUTUAN,3,88,26.6,15.9
101.64412110943138,3.0861521716601312,22/11/2025,"E10. BG SEK 2 (TERES 1) [JLN 2/23,23A,25,27,28,29,29A,30,32,34,36,38]",SELANGOR,1,88,26.7,15.9
101.61846693224224,3.0890057194472043,22/11/2025,"E9. KT SS 9A 1 (JLN 9A/3,5,6,7,8,9,10,11,12,17,20 ),E9. KT SS 9A 2 ( JLN 9A/1,2,4,13,14,15,16,18,19 )",SELANGOR,2,88,26.6,15.9
101.69684099406413,3.0866436232742176,22/11/2025,"FLAT DESA PETALING D: BLOK 10-13,FLAT K.E.P (1-5),FLAT TAMAN GEMBIRA JLN 1/127A (BLOK 1,2,3,4,5&7),FLAT TAMAN GEMBIRA JLN 6/127A (BLOK 1,2,3,4,5&6),GEMBIRA RESIDENCE KONDO,KG BARU SALAK SELATAN I (JALAN 36 & 38),KUCHAI ENTREPRENEURS PARK (JLN KUCHAI MAJU 13,14,15,16,18,19 & JLN 6/116B),LILY APARTMENT,NIDOZ RESIDENCES @ DESA PETALING,PPR SRI MALAYSIA,RESIDENSI DESA SATU MAS, TAMAN DESA,RUMAH KEDAI KUCHAI ENT PARK - JLN 5/116B & SBHG JLN KUCHAI MAJU 13,SPRING AVENUE SERVICE RESIDENCES,SRI DESA KONDOMINIUM,WINNER COURT A,WINNER HEIGHTS CONDO (DESA PETALING)",WILAYAH PERSEKUTUAN,16,88,26.6,15.9
101.66076727776712,3.11114475600685,22/11/2025,THE ESTATE BANGSAR SOUTH,WILAYAH PERSEKUTUAN,1,88,26.3,15.9
101.67340445391096,3.124346344445208,22/11/2025,ASRAMA UNIKL ( JLN TANDUK ),WILAYAH PERSEKUTUAN,1,88,26.6,15.9
101.6165739772709,3.130575509197326,22/11/2025,"E8. BU PJU 6A (10 BOULEVARD : KAYU ARA BUSINESS CENTER, BLOK ABCD),E8. BU PJU 6A KG SG KAYU ARA 3 [JLN KENANGA, ANGGERIK, CEMPAKA],E8. BU SS 22 (2) [JLN SS 22/27,27A,29,31,32,33,34,35,36,38,40,42,44,46]",SELANGOR,3,88,26.5,15.9
101.69760574318033,3.1520882641352466,22/11/2025,"LEBUH AMPANG,MENARA CITY ONE",WILAYAH PERSEKUTUAN,2,88,26.7,15.9
101.62214287515862,3.0789268846124136,23/11/2025,"E11. SRI PJS 5 FLAT DESA RIA (A,B,C,D,E,F),E11. SRI PJS 5 FLAT DESA RIA (G,J,K,L,M,N,O,P),E11. SRI PJS 6 FLAT DESA MENTARI 1 (BLOK 1 , 2 , 3),E11. SRI PJS 6 FLAT DESA MENTARI 2 (BLOK 4 , 5 , 6),E11. SRI PJS 8 APT DAMAI,E11. SRI PJS 8 MENTARI COURT,E12. TM PJS 2 APPT TAMAN MEDAN JAYA,E12. TM PJS 2C APT MEDAN JAYA (BLOK I),E12. TM PJS 2C FLAT DESA MENTARI (BLOK 9 , 10),E12. TM PJS 2D FLAT DESA MENTARI (BLOK 11),E12. TM PJS 3 RESIDENCE MEDAN (JLN PJS 3/54),E12. TM PJS4 TMN INDAH JAYA(TERES 1)[JLN PJS 4/8,10,12,16,18,20,22A,25,27,27A,B]",SELANGOR,12,85,26.8,20.6
101.67999593095455,3.0856867778571466,23/11/2025,"RESIDENSI GEMBIRA 737,TAMAN GEMBIRA B (SBHG JLN SELESA 1,9-12,JLN RIANG 11-15,SBHG JLN SELESA),TAMAN UNITED H ( JLN SEPAKAT 4,5,6,7,8,9 )",WILAYAH PERSEKUTUAN,3,85,26.7,20.6
101.64412110943138,3.0861521716601312,23/11/2025,"E10. BG SEK 2 (TERES 1) [JLN 2/23,23A,25,27,28,29,29A,30,32,34,36,38]",SELANGOR,1,85,26.7,20.6
101.61846693224224,3.0890057194472043,23/11/2025,"E9. KT SS 9A 1 (JLN 9A/3,5,6,7,8,9,10,11,12,17,20 ),E9. KT SS 9A 2 ( JLN 9A/1,2,4,13,14,15,16,18,19 )",SELANGOR,2,85,26.7,20.6
101.69638289267228,3.086907627633055,23/11/2025,"FLAT DESA PETALING D: BLOK 10-13,FLAT K.E.P (1-5),FLAT TAMAN GEMBIRA JLN 1/127A (BLOK 1,2,3,4,5&7),FLAT TAMAN GEMBIRA JLN 6/127A (BLOK 1,2,3,4,5&6),GEMBIRA RESIDENCE KONDO,KG BARU SALAK SELATAN I (JALAN 36 & 38),KUCHAI ENTREPRENEURS PARK (JLN KUCHAI MAJU 13,14,15,16,18,19 & JLN 6/116B),LILY APARTMENT,NIDOZ RESIDENCES @ DESA PETALING,RESIDENSI DESA SATU MAS, TAMAN DESA,RUMAH KEDAI KUCHAI ENT PARK - JLN 5/116B & SBHG JLN KUCHAI MAJU 13,SPRING AVENUE SERVICE RESIDENCES,SRI DESA KONDOMINIUM,WINNER COURT A,WINNER HEIGHTS CONDO (DESA PETALING)",WILAYAH PERSEKUTUAN,15,85,26.8,20.6
101.66075100066216,3.1111643443783756,23/11/2025,THE ESTATE BANGSAR SOUTH,WILAYAH PERSEKUTUAN,1,85,26.4,20.6
101.67340445391096,3.124346344445208,23/11/2025,ASRAMA UNIKL ( JLN TANDUK ),WILAYAH PERSEKUTUAN,1,85,26.7,20.6
101.6165739772709,3.130575509197326,23/11/2025,"E8. BU PJU 6A (10 BOULEVARD : KAYU ARA BUSINESS CENTER, BLOK ABCD),E8. BU PJU 6A KG SG KAYU ARA 3 [JLN KENANGA, ANGGERIK, CEMPAKA],E8. BU SS 22 (2) [JLN SS 22/27,27A,29,31,32,33,34,35,36,38,40,42,44,46]",SELANGOR,3,85,26.6,20.6
101.69753091853751,3.15203233795,23/11/2025,"JALAN MELAKA DAN SEBAHAGIAN JALAN PERAK,JALAN TUN PERAK,LEBUH AMPANG,MENARA CITY ONE",WILAYAH PERSEKUTUAN,4,85,26.8,20.6
101.62214287515862,3.0789268846124136,24/11/2025,"E11. SRI PJS 5 FLAT DESA RIA (A,B,C,D,E,F),E11. SRI PJS 5 FLAT DESA RIA (G,J,K,L,M,N,O,P),E11. SRI PJS 6 FLAT DESA MENTARI 1 (BLOK 1 , 2 , 3),E11. SRI PJS 6 FLAT DESA MENTARI 2 (BLOK 4 , 5 , 6),E11. SRI PJS 8 APT DAMAI,E11. SRI PJS 8 MENTARI COURT,E12. TM PJS 2 APPT TAMAN MEDAN JAYA,E12. TM PJS 2C APT MEDAN JAYA (BLOK I),E12. TM PJS 2C FLAT DESA MENTARI (BLOK 9 , 10),E12. TM PJS 2D FLAT DESA MENTARI (BLOK 11),E12. TM PJS 3 RESIDENCE MEDAN (JLN PJS 3/54),E12. TM PJS4 TMN INDAH JAYA(TERES 1)[JLN PJS 4/8,10,12,16,18,20,22A,25,27,27A,B]",SELANGOR,12,89,26.5,64.0
101.67999593095455,3.0856867778571466,24/11/2025,"RESIDENSI GEMBIRA 737,TAMAN GEMBIRA B (SBHG JLN SELESA 1,9-12,JLN RIANG 11-15,SBHG JLN SELESA),TAMAN UNITED H ( JLN SEPAKAT 4,5,6,7,8,9 )",WILAYAH PERSEKUTUAN,3,89,26.4,64.0
101.64412110943138,3.0861521716601312,24/11/2025,"E10. BG SEK 2 (TERES 1) [JLN 2/23,23A,25,27,28,29,29A,30,32,34,36,38]",SELANGOR,1,89,26.5,64.0
101.69639304953911,3.0868970140405043,24/11/2025,"FLAT DESA PETALING D: BLOK 10-13,FLAT K.E.P (1-5),FLAT TAMAN GEMBIRA JLN 1/127A (BLOK 1,2,3,4,5&7),FLAT TAMAN GEMBIRA JLN 6/127A (BLOK 1,2,3,4,5&6),GEMBIRA RESIDENCE KONDO,KG BARU SALAK SELATAN I (JALAN 36 & 38),KUARTES MASJID AL-KHASYI'IN, TAMAN DESA PETALING,KUCHAI ENTREPRENEURS PARK (JLN KUCHAI MAJU 13,14,15,16,18,19 & JLN 6/116B),LILY APARTMENT,NIDOZ RESIDENCES @ DESA PETALING,RESIDENSI DESA SATU MAS, TAMAN DESA,RUMAH KEDAI KUCHAI ENT PARK - JLN 5/116B & SBHG JLN KUCHAI MAJU 13,SPRING AVENUE SERVICE RESIDENCES,WINNER COURT A,WINNER HEIGHTS CONDO (DESA PETALING)",WILAYAH PERSEKUTUAN,15,89,26.5,64.0
101.66075100066216,3.1111643443783756,24/11/2025,THE ESTATE BANGSAR SOUTH,WILAYAH PERSEKUTUAN,1,89,26.1,64.0
101.67340445391096,3.124346344445208,24/11/2025,ASRAMA UNIKL ( JLN TANDUK ),WILAYAH PERSEKUTUAN,1,89,26.4,64.0
101.6165739772709,3.130575509197326,24/11/2025,"E8. BU PJU 6A (10 BOULEVARD : KAYU ARA BUSINESS CENTER, BLOK ABCD),E8. BU PJU 6A KG SG KAYU ARA 3 [JLN KENANGA, ANGGERIK, CEMPAKA],E8. BU SS 22 (2) [JLN SS 22/27,27A,29,31,32,33,34,35,36,38,40,42,44,46]",SELANGOR,3,89,26.3,64.0
101.69753091853751,3.15203233795,24/11/2025,"JALAN MELAKA DAN SEBAHAGIAN JALAN PERAK,JALAN TUN PERAK,LEBUH AMPANG,MENARA CITY ONE",WILAYAH PERSEKUTUAN,4,89,26.5,64.0
101.61455040541559,3.1668068423181817,24/11/2025,"E6. BL PJU 8 EMPIRE CITY,E6. BL PJU 8 EMPIRE CITY (MOSSAZ SUITES) BLOK WEST COURT",SELANGOR,2,89,26.2,64.0
101.61391059236205,3.079332410701148,25/11/2025,"E11. SRI PJS 5 FLAT DESA RIA (A,B,C,D,E,F),E11. SRI PJS 5 FLAT DESA RIA (G,J,K,L,M,N,O,P),E11. SRI PJS 6 FLAT DESA MENTARI 1 (BLOK 1 , 2 , 3),E11. SRI PJS 6 FLAT DESA MENTARI 2 (BLOK 4 , 5 , 6),E11. SRI PJS 8 APT DAMAI,E11. SRI PJS 8 MENTARI COURT",SELANGOR,6,90,25.9,28.0
101.62989013503825,3.0787199610382525,25/11/2025,"E12. TM PJS 2 APPT TAMAN MEDAN JAYA,E12. TM PJS 2C APT MEDAN JAYA (BLOK I),E12. TM PJS 2C FLAT DESA MENTARI (BLOK 9 , 10),E12. TM PJS 2D FLAT DESA MENTARI (BLOK 11),E12. TM PJS 3 RESIDENCE MEDAN (JLN PJS 3/54),E12. TM PJS4 TMN INDAH JAYA(TERES 1)[JLN PJS 4/8,10,12,16,18,20,22A,25,27,27A,B]",SELANGOR,6,90,25.9,28.0
101.6807124202245,3.084303160030615,25/11/2025,"RESIDENSI GEMBIRA 737,TAMAN GEMBIRA B (SBHG JLN SELESA 1,9-12,JLN RIANG 11-15,SBHG JLN SELESA),TAMAN SERANGKAI 1 (SBHG JLN JIRAN, JLN JIRAN 1-12),TAMAN UNITED H ( JLN SEPAKAT 4,5,6,7,8,9 )",WILAYAH PERSEKUTUAN,4,90,25.8,28.0
101.64412110943138,3.0861521716601312,25/11/2025,"E10. BG SEK 2 (TERES 1) [JLN 2/23,23A,25,27,28,29,29A,30,32,34,36,38]",SELANGOR,1,90,25.9,28.0
101.69360004907034,3.0898788629999996,25/11/2025,"FLAT K.E.P (1-5),KG BARU SALAK SELATAN I (JALAN 36 & 38),KUCHAI ENTREPRENEURS PARK (JLN KUCHAI MAJU 13,14,15,16,18,19 & JLN 6/116B),LILY APARTMENT,NIDOZ RESIDENCES @ DESA PETALING,RESIDENSI DESA SATU MAS, TAMAN DESA,RUMAH KEDAI KUCHAI ENT PARK - JLN 5/116B & SBHG JLN KUCHAI MAJU 13,SPRING AVENUE SERVICE RESIDENCES",WILAYAH PERSEKUTUAN,8,90,26.0,28.0
101.66075100066216,3.1111643443783756,25/11/2025,THE ESTATE BANGSAR SOUTH,WILAYAH PERSEKUTUAN,1,90,25.6,28.0
101.67340445391096,3.124346344445208,25/11/2025,ASRAMA UNIKL ( JLN TANDUK ),WILAYAH PERSEKUTUAN,1,90,25.9,28.0
101.6165739772709,3.130575509197326,25/11/2025,"E8. BU PJU 6A (10 BOULEVARD : KAYU ARA BUSINESS CENTER, BLOK ABCD),E8. BU PJU 6A KG SG KAYU ARA 3 [JLN KENANGA, ANGGERIK, CEMPAKA],E8. BU SS 22 (2) [JLN SS 22/27,27A,29,31,32,33,34,35,36,38,40,42,44,46]",SELANGOR,3,90,25.8,28.0
101.69730325719168,3.1520220266375003,25/11/2025,"JALAN MELAKA DAN SEBAHAGIAN JALAN PERAK,JALAN MELAYU PASAR SENI,JALAN TUN PERAK,LEBUH AMPANG,MENARA CITY ONE",WILAYAH PERSEKUTUAN,5,90,26.0,28.0
101.61455040541559,3.1668068423181817,25/11/2025,"E6. BL PJU 8 EMPIRE CITY,E6. BL PJU 8 EMPIRE CITY (MOSSAZ SUITES) BLOK WEST COURT",SELANGOR,2,90,25.6,27.23
101.61151373092756,3.0786862807126147,26/11/2025,"E11. SRI PJS 10 (TERES 3) [JLN PJS 10/7C , 10/9A , 10/11A - 10/11D],E11. SRI PJS 5 FLAT DESA RIA (A,B,C,D,E,F),E11. SRI PJS 5 FLAT DESA RIA (G,J,K,L,M,N,O,P),E11. SRI PJS 6 FLAT DESA MENTARI 1 (BLOK 1 , 2 , 3),E11. SRI PJS 6 FLAT DESA MENTARI 2 (BLOK 4 , 5 , 6),E11. SRI PJS 8 APT DAMAI,E11. SRI PJS 8 MENTARI COURT",SELANGOR,7,78,27.7,16.3
101.62987548422467,3.078733854136988,26/11/2025,"E12. TM PJS 2 APPT TAMAN MEDAN JAYA,E12. TM PJS 2C APT MEDAN JAYA (BLOK I),E12. TM PJS 2C FLAT DESA MENTARI (BLOK 9 , 10),E12. TM PJS 2D FLAT DESA MENTARI (BLOK 11),E12. TM PJS 3 RESIDENCE MEDAN (JLN PJS 3/54),E12. TM PJS4 TMN INDAH JAYA(TERES 1)[JLN PJS 4/8,10,12,16,18,20,22A,25,27,27A,B]",SELANGOR,6,78,27.7,16.3
101.6807124202245,3.084303160030615,26/11/2025,"RESIDENSI GEMBIRA 737,TAMAN GEMBIRA B (SBHG JLN SELESA 1,9-12,JLN RIANG 11-15,SBHG JLN SELESA),TAMAN SERANGKAI 1 (SBHG JLN JIRAN, JLN JIRAN 1-12),TAMAN UNITED H ( JLN SEPAKAT 4,5,6,7,8,9 )",WILAYAH PERSEKUTUAN,4,78,27.6,16.3
101.64407008626797,3.0863024146666684,26/11/2025,"E10. BG SEK 2 (TERES 1) [JLN 2/23,23A,25,27,28,29,29A,30,32,34,36,38]",SELANGOR,1,78,27.7,16.3
101.6909448354511,3.0918064777981082,26/11/2025,"FLAT K.E.P (1-5),KUCHAI ENTREPRENEURS PARK (JLN KUCHAI MAJU 13,14,15,16,18,19 & JLN 6/116B),LILY APARTMENT,RESIDENSI DESA SATU MAS, TAMAN DESA,SPRING AVENUE SERVICE RESIDENCES",WILAYAH PERSEKUTUAN,5,78,27.8,16.3
101.67341670259154,3.1243408117183122,26/11/2025,ASRAMA UNIKL ( JLN TANDUK ),WILAYAH PERSEKUTUAN,1,78,27.6,16.3
101.6165739772709,3.130575509197326,26/11/2025,"E8. BU PJU 6A (10 BOULEVARD : KAYU ARA BUSINESS CENTER, BLOK ABCD),E8. BU PJU 6A KG SG KAYU ARA 3 [JLN KENANGA, ANGGERIK, CEMPAKA],E8. BU SS 22 (2) [JLN SS 22/27,27A,29,31,32,33,34,35,36,38,40,42,44,46]",SELANGOR,3,78,27.6,16.3
101.61455040541559,3.1668068423181817,26/11/2025,"E6. BL PJU 8 EMPIRE CITY,E6. BL PJU 8 EMPIRE CITY (MOSSAZ SUITES) BLOK WEST COURT",SELANGOR,2,78,27.5,16.3
110.56627619355062,0.8913706511898717,18/12/2025,MUJAT,SARAWAK,1,87,26.7,6.4
110.56281450393938,0.9717073141757547,18/12/2025,MAYANG KAWAN,SARAWAK,1,87,27.5,5.3
103.65006821381014,1.4272952433797452,18/12/2025,TAPAK BINA KOMPLEKS MAHKAMAH BAHARU NUSAJAYA,JOHOR,1,90,25.4,18.6
103.62069965545282,1.4406895494968532,18/12/2025,TMN ECO BOTANI_2/,JOHOR,1,91,25.3,17.9
103.58065946200905,1.4608813016561093,18/12/2025,"TMN NUSANTARA_NUSARIA 4/3 - 4/9G,TMN NUSANTARA_NUSARIA 5/1 - 5/11,TMN NUSANTARA_NUSARIA 6/1 - 6/10",JOHOR,3,91,25.4,17.9
103.77023165665827,1.4635666435431642,18/12/2025,"APT INDERA PUTRA COURT,APT PARAGON SUITES,APT SKY SUITES,APT V-SUMMER PLACE_JLN TENTERAM,JLN AH SIANG,JLN LEKAS,R&F RESIDENCE PHASE 1_BLOK A",JOHOR,7,89,25.6,16.7
103.58959220798381,1.474908279124323,18/12/2025,"SILC_JLN SILC 2,TMN NUSANTARA PRIMA_JLN PRIMA 6",JOHOR,2,91,25.3,17.9
103.86513071100644,1.4800992641677413,18/12/2025,TMN SIERRA PERDANA 3/,JOHOR,1,87,25.7,18.0
103.77918011532192,1.481580142678082,18/12/2025,TMN PELANGI_ZON C,JOHOR,1,89,25.5,16.7
103.90587711388463,1.4890213381538437,18/12/2025,TMN CENDANA_ZON 1,JOHOR,1,87,25.7,18.0
103.64536423325883,1.4928573815235262,18/12/2025,"TMN NUSA JAYA MAS_JLN /3,TMN NUSA JAYA MAS_JLN /4",JOHOR,2,91,25.3,17.9
103.72259318257323,1.49472415489809,18/12/2025,BBU PADI HUMA,JOHOR,1,89,25.5,16.7
103.66267681985258,1.4967535572756447,18/12/2025,TMN TAN SRI YAAKOB_APPT SRI SELERA COURT,JOHOR,1,91,25.3,17.9
103.67058929036986,1.4987627154520555,18/12/2025,BDR UDA UTAMA_UDA UTAMA 4/,JOHOR,1,91,25.4,17.9
103.64709526808784,1.5057563996621632,18/12/2025,"TMN DAMAI JAYA_MAKMUR 19-24,39-54",JOHOR,1,91,25.4,17.9
103.82977726882191,1.505941498753424,18/12/2025,KAW IND DESA PLENTONG_HARUM,JOHOR,1,87,25.8,18.0
103.65881989477222,1.5078885601388885,18/12/2025,TMN SUTERA UTAMA_PULAI 2/,JOHOR,1,91,25.3,17.9
103.70250283902054,1.5097299734726009,18/12/2025,TMN KENANGA BLOK 16-23,JOHOR,1,89,25.5,16.7
103.7698259585714,1.5305246671168804,18/12/2025,TMN ISTIMEWA,JOHOR,1,89,25.6,16.7
103.68788375531288,1.5307585816564404,18/12/2025,TMN ANGGERIK_JLN 1 & 2,JOHOR,1,89,25.5,16.7
103.71006583755901,1.5340668054720488,18/12/2025,TMN KEMPAS_JLN DATARAN 1/,JOHOR,1,89,25.4,16.7
103.80947553856953,1.5347393427019878,18/12/2025,"TMN JOHOR JAYA_JLN KEEMBONG 1-10,TMN JOHOR JAYA_JLN SEROJA 1-11",JOHOR,2,89,25.6,16.7
103.58423712702354,1.5400906511529415,18/12/2025,TMN PULAI INDAH_JLN PULAI INDAH /9,JOHOR,1,91,25.2,17.9
103.713595529306,1.5421010786557392,18/12/2025,"KUARTERS KDN SETIA TROPIKA,TMN SINARAN KEMPAS_BLOK 1-48",JOHOR,2,89,25.4,16.7
103.57655045695206,1.543053645575342,18/12/2025,TMN PULAI INDAH_JLN PULAI INDAH /5,JOHOR,1,91,25.1,17.9
103.62518328564384,1.5457028922260287,18/12/2025,"TMN PULAI UTAMA_JLN PULAI 19-28,TMN PULAI UTAMA_JLN PULAI 7-18",JOHOR,2,91,25.2,17.9
103.78246789260379,1.5457816605031462,18/12/2025,TMN AUSTIN PERDANA_2/,JOHOR,1,89,25.5,16.7
110.36704310596481,1.5481535597676046,18/12/2025,JALAN TAN SRI DATUK WILLIAM TAN,SARAWAK,1,86,26.9,5.4
103.76063279781955,1.549128676112781,18/12/2025,"TMN DAYA SAGU 36_APT DAYA VIEW,TMN DAYA SAGU _FLAT SAGU 34,TMN DAYA_JLN PINANG 1-17,TMN DAYA_RUMBIA (ZON 1)",JOHOR,4,89,25.5,16.7
103.75619383415095,1.5583041922830188,18/12/2025,TMN DAYA_NIBONG ZON 1(1-17),JOHOR,1,89,25.4,16.7
103.79767112090853,1.5625401861036587,18/12/2025,"FLAT SRI LANANG_FASA 1(BLOK A-J),TMN GAYA_FLAT",JOHOR,2,91,24.7,22.9
103.80909290664864,1.5648252765945947,18/12/2025,TMN DESA CEMERLANG_JLN ARA,JOHOR,1,91,24.8,22.9
103.59885603497352,1.5652021918278138,18/12/2025,BANDAR PULAI JAYA BLOK 1,JOHOR,1,91,25.1,22.9
103.80431085530135,1.579218215794519,18/12/2025,TMN PELANGI INDAH_JLN CANTIK (FLAT U-Y),JOHOR,1,91,24.7,22.9
103.6429762415,1.5973153014520571,18/12/2025,TMN BUKIT SENANG,JOHOR,1,91,25.1,22.9
103.79364293334014,1.6008819090204083,18/12/2025,"TMN BESTARI INDAH, JLN BESTARI /2 (ZON 1)",JOHOR,1,91,24.7,22.9
103.80898297740127,1.6081458419808956,18/12/2025,"TMN BUKIT TIRAM_LEDANG 1-14,TMN BUKIT TIRAM_SOGA",JOHOR,2,91,24.7,22.9
103.68498621810674,1.633284628629214,18/12/2025,TMN SCIENTEX SENAI (SJ7-SJ18),JOHOR,1,91,25.1,22.9
103.72645130413072,1.6367923315816983,18/12/2025,TMN IMPIAN JAYA,JOHOR,1,91,24.7,22.9
111.21146050741216,1.637446416804054,18/12/2025,"KG. HULU BELADIN, PUSA, BETONG",SARAWAK,1,86,27.1,10.9
103.61537609431704,1.6423020053231718,18/12/2025,B_INDAHPURA BLOK KENANGA C,JOHOR,1,91,25.1,22.9
103.59269397491276,1.6640214096107355,18/12/2025,TMN KULAI UTAMA,JOHOR,1,91,25.1,22.9
103.58641296946286,1.6700199369542827,18/12/2025,"TMN INDAH JAYA,TMN PERTAMA",JOHOR,2,91,25.1,22.9
103.53060407789104,1.684959138282052,18/12/2025,TMN WAWASAN BLOK RAJAWALI,JOHOR,1,91,25.4,23.1
109.74594172602818,1.7714715405633847,18/12/2025,PAON,SARAWAK,1,90,26.4,2.4
103.33033987142426,1.8329321652181816,18/12/2025,TMN RENGGAM JAYA,JOHOR,1,93,25.0,21.8
102.94070275715568,1.848844834227543,18/12/2025,JLN. HJ. BASIR,JOHOR,1,90,25.3,44.6
102.1266690828807,2.2790812648636387,18/12/2025,DESA TUN RAZAK (BLOK 1 -13),MELAKA,1,87,26.4,14.2
101.94139918537323,2.6793744960915484,18/12/2025,"TAMAN ANGGUR JAYA,TAMAN SEREMBAN 3 (JLN. SEREMBAN TIGA 27-32)",NEGERI SEMBILAN,2,91,25.8,12.9
101.94085260332278,2.6884250390696174,18/12/2025,TAMAN THIVY JAYA,NEGERI SEMBILAN,1,91,25.2,7.4
101.98974158483028,2.7060579998969696,18/12/2025,PUSAT BANDAR SENAWANG,NEGERI SEMBILAN,1,91,25.0,7.4
101.99773864221464,2.7173165798010466,18/12/2025,"APARTMENT SEROJA,TAMAN TASIK JAYA  (JALAN 15 - 22 & 35)",NEGERI SEMBILAN,2,91,24.9,7.4
101.9235998074014,2.73517445697183,18/12/2025,TAMAN MAKMUR,NEGERI SEMBILAN,1,92,25.2,12.3
101.74652173757235,2.791697633452829,18/12/2025,"KG. GECHING,KG. SALAK TENGAH,KG. SRI SALAK",SELANGOR,3,92,25.5,21.3
101.79591439144632,2.791784743706215,18/12/2025,"KAMPUNG KONDOK,KG KONDOK",NEGERI SEMBILAN,2,92,25.4,21.3
101.66292525856076,2.7989685651401874,18/12/2025,"PANGSAPURI LANGAT MURNI,PANGSAPURI LANGAT UTAMA,TAMAN LANGAT UTAMA (KEJORA)",SELANGOR,3,88,26.3,33.0
101.72835288734969,2.816653320134973,18/12/2025,"TAMAN IXORA,TAMAN IXORA 1",SELANGOR,2,91,25.4,11.7
101.72278546455554,2.828816976611109,18/12/2025,"APARTMENT DAHLIA IMPIANA,APT CASA DAHLIA, BBST",SELANGOR,2,91,25.5,11.7
101.89336402750327,2.8310080384836613,18/12/2025,TAMAN PELANGI INDAH,NEGERI SEMBILAN,1,91,25.0,13.9
101.78309090460544,2.834902794217688,18/12/2025,TAMAN DESA ANGGERIK (JALAN BBN 9/2),NEGERI SEMBILAN,1,91,25.2,11.7
101.8400273020537,2.850668323322147,18/12/2025,PERDANA COLLEGE HEIGHTS,NEGERI SEMBILAN,1,91,25.1,13.9
101.68162483050943,2.862340627314467,18/12/2025,"TAMAN BAIDURI,TAMAN PERMATA",SELANGOR,2,92,25.4,18.4
101.50487607570199,2.8796793837814576,18/12/2025,TAMAN SRI JAROMAS,SELANGOR,1,90,25.8,28.6
101.78796697018237,2.885058400264153,18/12/2025,"APPT VISTA BANDAR SRI PUTRA,KONDOMINIUM VISTA BANDAR SRI PUTRA",SELANGOR,2,91,25.4,11.7
101.49377008413587,2.8844750326249957,18/12/2025,TAMAN RAMBAI INDAH,SELANGOR,1,90,25.8,28.6
101.61252299655027,2.893967696507938,18/12/2025,"MAYABAY RESIDENCES,TAPAK BINA NORTH WOODS",SELANGOR,2,92,25.4,18.4
101.87260676510809,2.895305764654053,18/12/2025,TAMAN SEMENYIH PARKLANDS,SELANGOR,1,91,25.1,13.9
101.46114015720644,2.904917186367741,18/12/2025,TAMAN DATO HORMAT (JALAN PANDAN),SELANGOR,1,90,25.8,28.6
101.64410899949999,2.9193191911644703,18/12/2025,"RUMAH KONGSI ALLEGRO,RUMAH KONGSI INTABINA CYBERJAYA",SELANGOR,2,92,25.2,18.4
101.832146988227,2.931901681631902,18/12/2025,"TAMAN DALMA SEMENYIH,TAMAN SEMENYIH IMPIANA",SELANGOR,2,91,25.3,13.9
101.74806259503106,2.935775295316773,18/12/2025,"KG. SG MERAB LUAR,TAMAN DESA MAS",SELANGOR,2,91,25.5,11.7
101.79072100778063,2.9405586981870986,18/12/2025,"APPT VILLA TROPIKA DAN RUMAH KEDAI JALAN VILLA TROPIKA 1,TAMAN TROPIKA 2",SELANGOR,2,90,25.6,12.9
101.67943274603871,2.9454855977419343,18/12/2025,"PRESINT 9 - FASA 1,PRESINT 9 - JALAN P9G/3 - G/6",WILAYAH PERSEKUTUAN,2,90,25.6,15.4
101.61466174391772,2.9471713147594967,18/12/2025,"APT KEKWA,APT KENANGA PUTRA PERDANA",SELANGOR,2,90,25.8,15.4
101.76591898174617,2.9469546824423087,18/12/2025,"APPT JALAN 6C/2 SEKSYEN 16 BANDAR BARU BANGI,JALAN 1/7 SEKSYEN 1 BANDAR BARU BANGI,JALAN 1/9 SEKSYEN 1 BANDAR BARU BANGI",SELANGOR,3,90,25.4,12.9
101.7753135000941,2.964366622594116,18/12/2025,JALAN 4/12 SEKSYEN 4 BANDAR BARU BANGI,SELANGOR,1,90,25.6,12.9
101.80280674033334,2.97486295564368,18/12/2025,"BLOK A, B DAN J PANGSAPURI SERI MEWAH DAN JALAN SERI MEWAH 1-4,JALAN 2 DAN AWANA TAMAN SERI MEWAH",SELANGOR,2,90,25.4,12.9
101.48237573757378,2.977074831939893,18/12/2025,"TAMAN SETIA 01,TAMAN SETIA 02",SELANGOR,2,90,25.9,19.3
101.58809299858419,2.978057818552631,18/12/2025,"TAMAN PUTRA PRIMA,TAMAN PUTRA PRIMA FASA 2",SELANGOR,2,90,25.8,15.4
101.60940937308985,2.983798970808591,18/12/2025,"E15. TMN PUCHONG UTAMA (JLN PU 10),E15. TMN PUCHONG UTAMA (JLN PU 6 ) APT SRI UTAMA,E15. TMN PUCHONG UTAMA 7 (COURT 1) BLOK A, B, C, D, E, F, G, H, J, K, L, M, N, P",SELANGOR,3,90,25.8,15.4
101.74886622839074,2.993121303701987,18/12/2025,PANGSAPURI GAPURA BAYU TAMAN PUNCAK UTAMA,SELANGOR,1,90,25.5,12.9
101.4818497819452,2.9936247764452038,18/12/2025,TAMAN SENTOSA 05,SELANGOR,1,90,25.9,19.3
102.07571796615753,2.993820809109588,18/12/2025,RUMAH RAKYAT TITI,NEGERI SEMBILAN,1,93,23.8,7.5
101.76127636171343,2.994266556584798,18/12/2025,"JADITE SUITES CONDO JADE HILLS,JALAN 3/1-3/4, 4/2-4/4 & 5/1-5/3 TAMAN SETIA IMPIAN,TAMAN SEMENYIH PARKLANDS",SELANGOR,3,90,25.5,12.9
101.64057775307482,2.9980542837142874,18/12/2025,E15. TMN SAUJANA PUCHONG SP 8,SELANGOR,1,90,25.5,15.4
101.80144247093949,2.9961719252993624,18/12/2025,"KUARTERS JKR SUNGAI JELOK,PUSAT PERNIAGAAN SUNGAI JELOK,TAMAN MEGAH SUNGAI JELOK,TAMAN SAGA EMAS",SELANGOR,4,90,25.5,12.9
101.50114937005725,2.9989880637557245,18/12/2025,"SEKSYEN 32 (JALAN REZAB BUANG LOT 2909),SEKSYEN 32 (TAMAN JATI INDAH)",SELANGOR,2,90,25.9,19.3
101.75922871492763,3.0048049781907906,18/12/2025,"JALAN 3(B),10-15 TAMAN DESA KARUNMAS",SELANGOR,1,90,25.5,12.9
101.46925692883974,3.0063158350128223,18/12/2025,TAMAN SENTOSA 26,SELANGOR,1,90,25.9,19.3
101.8132877609829,3.0096907643546995,18/12/2025,"BLOK A-H KUARTERS PENJARA KAJANG,IVORY RESIDENCE KAJANG",SELANGOR,2,90,25.5,9.5
101.80285320253029,3.012501414510102,18/12/2025,"APPT TAMAN TAMING IMPIAN,JALAN JENARIS 3 & 3B TMN DESA SERI JENARIS,JALAN JENARIS A-G TAMAN DESA SERI JENARIS",SELANGOR,3,90,25.5,12.9
101.40290865728477,3.016285078052981,18/12/2025,FLAT SRI PERANTAU,SELANGOR,1,90,26.1,28.6
101.75612578561818,3.0165995776969687,18/12/2025,"APPT KASAWARI TAMAN IMPIAN EHSAN,APPT KENARI TAMAN IMPIAN EHSAN",SELANGOR,2,90,25.6,12.9
101.67591766930067,3.016290377999999,18/12/2025,"E16. TMN PUNCAK JALIL 2A (JLN PUJ 2/1 - 2/9),E16. TMN PUNCAK JALIL 2C (JLN PUJ 2/19 - 2/29),E16. TMN PUNCAK JALIL 4 (CASA RIANA),E16. TMN PUNCAK JALIL 5 (JLN PUJ 5/1-5/10)",SELANGOR,4,90,25.4,15.4
101.62747883479999,3.02304451980625,18/12/2025,"E15. PST BDR PUCHONG PSN INDERA- (PANGSAPURI PERMATA SARI - QTS MPSJ),E15. PST BDR PUCHONG PSN INDERA- (SRI PINANG) BLOK A, B, C, D",SELANGOR,2,90,25.6,15.4
101.71505068486667,3.022792795345098,18/12/2025,"E17. SRI KEMBANGAN (THE HERITAGE) BLOK A, B, C, D, E,E17. TMN SERDANG JAYA 7 (BOSNIA) BLOK MERANTI, KEMPAS,CENDANA, DAMAR, CENGAL,E17. TMN SERDANG JAYA 7 (PKNS)",SELANGOR,3,90,25.6,12.9
101.71024530933703,3.0293828418618767,18/12/2025,"E17. TMN SERDANG PERDANA (PERDANA SELATAN - SOUTH CITY CONDO),E17. TMN SERDANG PERDANA (PERDANA SELATAN - SOUTH CITY PLAZA),E17. TMN SERDANG PERDANA (PERDANA SELATAN APARTMENT)",SELANGOR,3,90,25.5,12.9
101.40157425369264,3.0337185345412863,18/12/2025,"KAMPUNG DELEK BARU 08,KAMPUNG DELEK BARU 09,KAMPUNG DELEK KANAN 09,KAMPUNG DELEK KANAN 10",SELANGOR,4,90,26.1,28.6
101.67924809407334,3.0360667480866708,18/12/2025,E16. TMN PUNCAK JALIL 8 (PANGSAPURI MAYANG),SELANGOR,1,90,25.4,15.4
101.6363319745396,3.0403280007227727,18/12/2025,"E15. BDR KINRARA 4 (JLN BK 4/5 - 4/9),E15. TMN BKT KINRARA (MELOR)",SELANGOR,2,90,25.5,15.4
101.70603071803166,3.0441567026392358,18/12/2025,E17. TMN SERDANG PERDANA PSRN PERDANA (ONE SOUTH),SELANGOR,1,90,25.6,12.9
101.50368682133862,3.0451912021322722,18/12/2025,"E2. SEKSYEN 17 (FLAT JLN 17/1 : BLOK 1- 6),E2. SEKSYEN 17 (TERES B : JLN 17/16 - 17/24)",SELANGOR,2,90,25.9,19.3
101.65407317948255,3.0497865787732548,18/12/2025,"PPR PINGGIRAN 1 (BLOK A,B,C,D,E,F),PPR PINGGIRAN 2(BLOK G,H,J,K,L,M)",WILAYAH PERSEKUTUAN,2,90,25.4,15.4
101.41130912742467,3.0448843168734947,18/12/2025,"KAMPUNG SUNGAI UDANG 21,KAMPUNG SUNGAI UDANG 33,TAMAN HIJRAH 02",SELANGOR,3,90,26.1,28.6
101.55826520163735,3.055390293219781,18/12/2025,"E13. TMN SUBANG MAS (ALSTONE @ APT SRI NILAM),E13. TMN SUBANG MAS (PANGSAPURI HARMONI SITE TAPAK BINA),E13. TMN SUBANG MAS (RUMAH KEDAI)",SELANGOR,3,90,25.8,19.3
101.61079463156338,3.061704674767609,18/12/2025,E13. PJS 9/1 (LAGOON PERDANA & RUMAH KEDAI),SELANGOR,1,90,25.8,15.4
101.64457591984552,3.0618769092837086,18/12/2025,"E14. TMN KINRARA (JLN TK 1),E14. TMN KINRARA JLN TK 2 (PANGSAPURI TMN KINRARA 2) BLOK A,B,C,D,E14. TMN KINRARA JLN TK 3 (VISTA LAVENDER)",SELANGOR,3,90,25.7,15.4
101.64457591984552,3.0618769092837086,18/12/2025,KINRARA MAS CONDOMINIUM,WILAYAH PERSEKUTUAN,1,90,25.7,15.4
101.46125067079453,3.0656246956438378,18/12/2025,APARTMENT PALM GARDEN,SELANGOR,1,92,25.8,12.8
101.61733291186825,3.067099324592814,18/12/2025,"E13. PJS 7/15 (FLAT KOS RENDAH) BLOK A, B, C, D, E, F, G, H, K,E13. PJS 7/15 (PANGSAPURI MUTIARA PERDANA) BLOK A, B, C, D",SELANGOR,2,91,25.4,15.9
101.52356659736363,3.0708191067979804,18/12/2025,E1. SEKSYEN 14 (PANGSAPURI VISTA ALAM),SELANGOR,1,92,25.7,12.8
101.55372806145913,3.0710952902767343,18/12/2025,"E2. SEKSYEN 22 (KONDO PURI AIYU),E2. SEKSYEN 22 (V RESIDENSI)",SELANGOR,2,92,25.8,12.8
101.5107680708606,3.075376176703031,18/12/2025,"E1. SEKSYEN 3 (KOMPLEKS MAIS),E1. SEKSYEN 4 (TERES A : JLN 4/2 - 4/3)",SELANGOR,2,92,25.7,12.8
101.64734333140386,3.079711730320512,18/12/2025,E12. TM PJS 1 PANGSAPURI PERMAI [JLN PJS 1/25],SELANGOR,1,91,25.4,15.9
101.6168655855588,3.079565293752941,18/12/2025,"E11. SRI PJS 6 FLAT DESA MENTARI 1 (BLOK 1 , 2 , 3),E11. SRI PJS 6 FLAT DESA MENTARI 2 (BLOK 4 , 5 , 6)",SELANGOR,2,91,25.4,15.9
101.60487565085269,3.0785554979496097,18/12/2025,"E11. SRI PJS 10 (TERES 3) [JLN PJS 10/7C , 10/9A , 10/11A - 10/11D],E11. SRI PJS 10 APT KAYANGAN,E11. SRI PJS 10 APT SUBANG VILLE EHSAN,E11. SRI PJS 10 SURIA MAS  KONDO,E11. SRI PJS 8 APT DAMAI",SELANGOR,5,91,25.4,15.9
101.59143799256586,3.08112226415122,18/12/2025,"E13. SS 15/5 (TERES),E13. SS 16 (CASA TIARA APPT)",SELANGOR,2,91,25.3,15.9
101.75324305757042,3.083488503830989,18/12/2025,"KEM PGA CHERAS 1 (BLOK G1,G2,G3,G4,G5)",SELANGOR,1,91,25.2,15.9
101.63258139829033,3.0787734232822577,18/12/2025,"E12. TM PJS 2B PUSAT KOMERSIAL,E12. TM PJS 2C APT MEDAN JAYA (BLOK I),E12. TM PJS 2C FLAT DESA MENTARI (BLOK 9 , 10),E12. TM PJS 2C TMN MEDAN (TERES 1) [JLN PJS 2C/2,2C/7,2C/7A,2C/7B,2C/9,2C/12,14],E12. TM PJS 2C TMN MEDAN (TERES 4) [JLN PJS 2C/11,2C/11A,B,C,D,F,G,H,J,K,L,28,2],E12. TM PJS 2C TMN MEDAN (TERES 5) [JLN PJS 2C/5,1,2,4,6,8,10,PJS 2/2,1],E12. TM PJS 2D FLAT DESA MENTARI (BLOK 11),E12. TM PJS 2D TMN MEDAN (TERES 1) [JLN PJS 2D/15 , PJS 2D/15A - PJS 2D/15E],E12. TM PJS 2D TMN MEDAN (TERES 2) [JLN PJS 2D/2,4,5,6,7,8,8C,8D,9,10,11,12,14],E12. TM PJS 3 APT SRI MANJA (BLOK D , E , F) [JLN PJS 3/55],E12. TM PJS 3 FLAT SRI MANJA (BLOK A , B , C) [JLN PJS 3/55],E12. TM TMN DATO HARUN (TERES 3) [JLN 11,13,2/8,2/15,2/17,PJS 2/2,2/4]",SELANGOR,12,91,25.4,15.9
101.69765177760276,3.0906590481575376,18/12/2025,THE VYNE SUNGAI BESI,WILAYAH PERSEKUTUAN,1,91,25.5,15.9
101.6215672070274,3.0944062960137018,18/12/2025,E12. TM SEK 51A FLAT IMPIAN BAIDURI,SELANGOR,1,91,25.2,15.9
101.69104756513013,3.0981369163493175,18/12/2025,"RESIDENSI DESA SATU MAS, TAMAN DESA",WILAYAH PERSEKUTUAN,1,91,25.4,15.9
101.70917189011656,3.0983627467239283,18/12/2025,"PANGSAPURI SRI PENARA FASA 1 (BLOK A-B),PANGSAPURI SRI PENARA FASA 2 (BLOK C-D)",WILAYAH PERSEKUTUAN,2,91,25.4,15.9
101.6658254545845,3.1035042207676047,18/12/2025,DESA AMAN 2 (PDRM),WILAYAH PERSEKUTUAN,1,91,25.2,15.9
101.7975622105845,3.1037326257816886,18/12/2025,BLOK M1-M6 APPT TAMAN PERKASA HULU LANGAT,SELANGOR,1,91,25.1,15.9
101.75243814564973,3.105936022111675,18/12/2025,"INDUSTRI & JALAN 14 KG CHERAS BARU,NUSA MEWAH VILLA KONDOMINIUM TAMAN BUKIT PANDAN",SELANGOR,2,91,25.2,15.9
101.75243814564973,3.105936022111675,18/12/2025,"KG.CHERAS BARU B (JLN KUARI, JLN 7, 9, 10-12, 14, LRG 12, LRG 14A)",WILAYAH PERSEKUTUAN,1,91,25.2,15.9
101.70600617334246,3.1083924588630127,18/12/2025,"PPR PINGGIRAN 1 (BLOK A,B,C,D,E,F),RAZAK CITY RESIDENCE (BLOK B&C)",WILAYAH PERSEKUTUAN,2,91,25.5,15.9
101.7627340235845,3.110275546788731,18/12/2025,JALAN MEGA 1-8 TAMAN MEGA JAYA,SELANGOR,1,91,25.0,15.9
101.66700475662108,3.1117729459179677,18/12/2025,"FLAT TMN BUKIT ANGKASA (BLOK 9 & BLOK 16-20),KL GATEWAY PREMIUM RESIDENCE,SOUTH VIEW APARTMENT",WILAYAH PERSEKUTUAN,3,91,25.3,15.9
101.58805095594539,3.112457725285713,18/12/2025,"E11. SRI PJU 1A APT KELANA IDAMAN,E11. SRI PJU 1A PPRT 1 BLOK (A,B,C),E11. SRI PJU 1A PPRT 1 BLOK (G,H)",SELANGOR,3,91,25.4,15.9
101.72077938507454,3.1182173091428567,18/12/2025,"FLAT SRI PULAU PINANG B (BLOK 9-12),JALAN IKAN EMAS (PANGSAPURI INDAH MAS)",WILAYAH PERSEKUTUAN,2,91,25.4,15.9
101.76845741959603,3.120615464344369,18/12/2025,JALAN MELUR 1-9 TAMAN MELUR,SELANGOR,1,91,25.2,15.9
101.4402507366644,3.121024829102736,18/12/2025,TAMAN MERU SELATAN 02,SELANGOR,1,92,25.8,12.8
101.62702939971699,3.12310914852201,18/12/2025,"E9. KT SS 2 (AMEERA KONDO),E9. KT SS 2 (KEN DAMANSARA KONDO 3)",SELANGOR,2,91,25.3,15.9
101.73136883985806,3.1283072448580618,18/12/2025,"TAMAN MALURI (JALAN JEJAKA 2,3,4,5,7,9)",WILAYAH PERSEKUTUAN,1,91,25.4,15.9
101.68216461835763,3.1290448131920563,18/12/2025,"JLN THAMBY ABDULLAH 1 , JLN THAMBY ABDULLAH,MENARA PELANGI APARTMENT",WILAYAH PERSEKUTUAN,2,91,25.3,15.9
101.65075567363291,3.1312120914367125,18/12/2025,UM (KOLEJ KEDIAMAN 10),WILAYAH PERSEKUTUAN,1,91,25.2,15.9
101.44178492417646,3.1327947351960823,18/12/2025,TAMAN ORKID 01,SELANGOR,1,92,25.8,12.8
101.76730584369322,3.138872815858897,18/12/2025,"FLAT SRI NILAM BANDAR BARU AMPANG,JALAN SERI MERDEKA 2-6 TAMAN SRI MERDEKA",SELANGOR,2,91,25.3,15.9
101.61454558281707,3.139751294829267,18/12/2025,"E8. BU PJU 6 BU 1 (TERES 1) [JLN 1/1, 1/1A, 1/9 - 1/15],E8. BU PJU 6A PELANGI UTAMA KONDO",SELANGOR,2,91,25.2,15.9
101.75912596403226,3.140676754170508,18/12/2025,"BLOK C FLAT PANDAN RIA,PANGSAPURI TAMAN AMPANG MEWAH",SELANGOR,2,91,25.3,15.9
101.7089207802486,3.145897994372881,18/12/2025,"BERJAYA TIMES SQUARE HOTEL,CASA MUTIARA SERVICE APPT,JALAN ALOR,JALAN SIN CHEW KEE (RUMAH KEDAI),NOVOTEL KLCC,SUN COMPLEX JALAN IMBI,TAPAK BBCC LALAPORT,WISMA COSWAY, JALAN RAJA CHULAN",WILAYAH PERSEKUTUAN,8,91,25.4,15.9
101.59237014192682,3.1530783014512176,18/12/2025,"E7. KD PJU 5 PUSAT PERDAGANGAN,E7. KD PJU 5 SEK 5 DATARAN SUNWAY (JLN PJU 5/2 - 5/18)",SELANGOR,2,91,25.3,15.9
101.57881412377489,3.1524977746406924,18/12/2025,"E7. KD PJU 5 SEK 4 GUGUSAN MATAHARI,E7. KD PJU 5 SEK 4 GUGUSAN SEMARAK,E7. KD PJU 5 SEK 6 GUGUSAN SEROJA",SELANGOR,3,91,25.3,15.9
101.69712195981323,3.152247824498053,18/12/2025,"JALAN TUN PERAK,KUARTERS MASJID JAMEK,MENARA CITY ONE",WILAYAH PERSEKUTUAN,3,91,25.4,15.9
101.72531051455769,3.1661029288141034,18/12/2025,"KAMPUNG DATO KERAMAT ( LORONG KERAMAT 1,2,3)",WILAYAH PERSEKUTUAN,1,91,25.5,15.9
101.70150190255555,3.1661316679259284,18/12/2025,"KAMPUNG BARU (JALAN RAJA BOT),KAMPUNG BARU (KG PERIUK 1)",WILAYAH PERSEKUTUAN,2,91,25.5,15.9
101.74333176682872,3.175859800022102,18/12/2025,"AU1C TMN KERAMAT,AU1C TMN KERAMAT ZON 4",SELANGOR,2,91,25.3,15.9
101.74333176682872,3.175859800022102,18/12/2025,PANGSAPURI ATM,WILAYAH PERSEKUTUAN,1,91,25.3,15.9
101.5738138139483,3.1732994744620067,18/12/2025,"E7. KD PJU 5 SEK 7 APT LILY,E7. KD PJU 5 SEK 7 GUGUSAN KANTAN,E7. KD PJU 5 SEK 7 GUGUSAN KEKWA,E7. KD PJU 5 SEK 7 GUGUSAN KEMBOJA,E7. KD PJU 5 SEK 8 (PUSAT KOMERSIAL A : JLN PEKAKA 8/2,3,4,5,6),E7. KD PJU 5 SEK 8 GUGUSAN KEMUNING (A,B) PPRT",SELANGOR,6,91,25.2,15.9
101.64650018315069,3.1784252926164362,18/12/2025,BOUGAINVILLA APARTMENT,WILAYAH PERSEKUTUAN,1,91,24.9,15.9
101.53348768260228,3.178702798255681,18/12/2025,"E5. SEKSYEN U5 (MUTIARA SUBANG KAW PERINDUSTRIAN A : JALAN U5/11 - U5/17 ),E5. SEKSYEN U5 (PANGSAPURI MUTIARA SUBANG : BLOK 1 - 7),E5. SEKSYEN U5 (SUBANG PELANGI : JLN U5/122 - U5/129 & JLN U5/AK, AJ, AH & AG)",SELANGOR,3,92,25.5,12.8
101.69876048368354,3.1819137796582284,18/12/2025,"FLAT SRI PERAK  A (BLOK 29,31,33),FLAT SRI PERAK B (BLOK 35,37,39,41)",WILAYAH PERSEKUTUAN,2,91,25.4,15.9
101.63506372015753,3.1849453253767117,18/12/2025,DESA PARK CITY (THE BREEZEWAY),WILAYAH PERSEKUTUAN,1,91,25.0,15.9
101.53365749747945,3.188193652075339,18/12/2025,E5. SEKSYEN U5 (PANGSAPURI SUBANG HIJAUAN : BLOK 9 - 12),SELANGOR,1,92,25.6,18.4
101.6562708251175,3.1845662640647467,18/12/2025,"ALIX RESIDENCE TAPAK BINA/KONGSI),FLAT TAMAN SPPK JALAN DUTAMAS SEROJA,KAMPUNG PASIR SEGAMBUT LUAR (JALAN KELAPA,JALAN KELAPA GADING),KAMPUNG SEGAMBUT BAHAGIA ( JALAN KELAPA HIJAU ),PANGSAPURI PLAZA SINAR,TAMAN SRI SINAR (JALAN 15 & 16 / 38D-KEDAI)",WILAYAH PERSEKUTUAN,6,91,25.2,15.9
101.6785091923051,3.194077051144069,18/12/2025,"JLN TEROLAK 4 (Q1-Q16),(CC1-CC11), JLN CENDERUH (R1-R14),JLN CENDERUH 7 (W1-W4),TAMAN BAMBOO(JLN TEROLAK 4 (Q1-Q16),(CC1-CC11),JLN CENDERUH (R1-R14), (W1-W12),TAMAN RAINBOW (JALAN SUNGKAI, JALAN SELAMA),TWELVE APARTMENT",WILAYAH PERSEKUTUAN,4,94,25.8,20.2
101.66770109234481,3.195662842063219,18/12/2025,"TAMAN LAWA (JALAN 12/42 (2-38), JALAN 14/42, DAN JALAN 15/42),TAMAN LAWA (JALAN 2/42, 4/42 & JALAN JAMBU MAWAR ( 1-31 ),TAMAN SEJAHTERA (JLN 8/42A (42A-56) JLN 7/42 (2-56) &JLN 6/42 (1-65)&(32-62A)",WILAYAH PERSEKUTUAN,3,94,25.7,20.2
101.60379318047855,3.1927518719471943,18/12/2025,"E6. BL PJU 9 SD 11,E6. BL PJU 9 SD 13 APT SRI MERANTI (1) [A,B,C,D,E,F,G],E6. BL PJU 9 SD 13 APT SRI MERANTI (2) [H,J,K,L,M,N,P,Q,R]",SELANGOR,3,94,25.6,20.2
101.58962922425066,3.1934932032106667,18/12/2025,"E6. BL PJU 10 APT BAYU,E6. BL PJU 10 APT IDAMAN FASA 1  (A,B,C,H,J,K,L,M,N),E6. BL PJU 10 APT IDAMAN FASA 2 (D,E,F,G,O,P,Q,R,S),E6. BL PJU 10 APT VISTA (1) [A,B,C,D,E,F,G],E6. BL PJU 10 APT VISTA (2) [H,J,K,L,M,N,P,Q],E6. BL PJU 10 KG SELAMAT,E6. BL PJU 10 ONE DAMANSARA KONDO,E6. BL PJU 10 PANGSAPURI SRI EMBUN,E6. BL PJU 10 PLAZA SURIA,E6. BL PJU 10 SAUJANA DAMANSARA (A) [JLN PJU 10/13, PJU 10/14],E6. BL PJU 10 THE VALE",SELANGOR,11,94,25.6,20.2
101.73760787793088,3.19762050312195,18/12/2025,"KONDOMINIUM THE HAMILTON,RESIDENSI SERI RIANA,RESIDENSI WANGSAMAS,TAMAN SRI RAMPAI F (JLN 47/26 - 66/26),TAMAN SRI RAMPAI H (JLN 82/26 - JLN 92/26),WANGSA 9 RESIDENCY, JALAN WANGSA PERDANA 1",WILAYAH PERSEKUTUAN,6,91,25.1,15.9
101.76562487096855,3.201331354622639,18/12/2025,"TMN UKAY BISTARI ZON A,TMN UKAY BISTARI ZON B",SELANGOR,2,91,25.2,15.9
101.77164934924666,3.2061742512400015,18/12/2025,APPT SRI BAIDURI UP,SELANGOR,1,91,24.7,15.9
101.69044488405909,3.2065911597181804,18/12/2025,"KONDOMINIUM M CENTURA SENTUL,KONDOMINIUM MAXIM CITYLIGHT (BLOK A, B, C, D, E, F),M ARISA (JALAN SENTUL),SKY AWANI RESIDENCE",WILAYAH PERSEKUTUAN,4,91,25.2,15.9
101.71519735514211,3.20271689124834,18/12/2025,"EDGEWOOD RESIDENSI @ SKYSANCTUARY,FLAT DANAU KOTA ( BLOK D & E),FLAT DANAU KOTA (BLOK A,B,C),FLAT PRIMA SETAPAK,JALAN GOMBAK(KL TRADERS SQUARE),KEM WARDIEBURN (BLOK E BARU & F BARU),MEDAN IDAMAN (IDAMAN PUTRI KONDOMINIUM),MEDAN IDAMAN (IDAMAN SUTERA KONDOMINIUM),PANGSAPURI TERATAI MEWAH,PANGSAPURI TERATAI MEWAH (BLOK 15/17/19/21),PLATINUM LAKE KONDOMINIUM PV12,PLATINUM LAKE KONDOMINIUM PV18,PPR AIR PANAS (BLOK A,B,C,D),RESIDENSI PLATINUM TERATAI,RESIDENSI SKY AWANI 4 SETAPAK,TAMAN DANAU KOTA(KONDOMINIUM PLATINIUM VIC LAKE 12),TAMAN SETAPAK (JALAN CHENGAL SELATAN),TAMAN SETAPAK (JALAN SATANG 1),TAMAN SETAPAK (JALAN SATANG 2),TAMAN SETAPAK (JALAN TIOMAN)",WILAYAH PERSEKUTUAN,20,91,25.4,15.9
101.73618759005265,3.2101708038526304,18/12/2025,"SEK 2 WANGSA MAJU (BLOK D1-D17),SEK 2 WANGSA MAJU (BLOK E1-E12)",WILAYAH PERSEKUTUAN,2,91,25.1,15.9
101.75042374368213,3.213133358649008,18/12/2025,"TMN MELAWATI (B),TMN MELAWATI B (ZON 2)",SELANGOR,2,91,25.3,15.9
101.52046945066442,3.213789785738258,18/12/2025,E5. SEKSYEN U17 (AMAN PUTRI : TERES JLN U17/43 - U17/51),SELANGOR,1,92,25.6,18.4
101.63611162643124,3.216122279818749,18/12/2025,"PPR PEKAN KEPONG (BLOK A, B DAN C)",WILAYAH PERSEKUTUAN,1,94,25.7,20.2
101.6938011225033,3.229100036642385,18/12/2025,APPT FIONA,SELANGOR,1,94,25.7,20.2
101.56359919766197,3.2494745646760577,18/12/2025,APPT IMPIAN INDAH,SELANGOR,1,94,25.6,20.2
101.69110692903948,3.2505838590789478,18/12/2025,"APPT MESRA,APPT TEMENGGUNG,APPT WIRA DAMAI,PANGSAPURI SELANGORKU SERI TEMENGGUNG",SELANGOR,4,94,25.6,20.2
101.67435554801831,3.2689392960769252,18/12/2025,"APPT JULIA,BDR BARU SELAYANG FASA 2B (ZON B),FLAT SELAYANG MULIA,KG BENDAHARA",SELANGOR,4,94,25.5,20.2
101.55403046872972,3.3985314699391926,18/12/2025,JALAN DAHLIA BB,SELANGOR,1,95,25.0,19.8
101.54944793160128,3.4377032598291133,18/12/2025,"APT DAHLIA TBR BB,JALAN BUNGA RAYA 1, BUKIT BERUNTUNG",SELANGOR,2,94,24.6,22.2
101.55608907718562,3.444540819047902,18/12/2025,APT TERATAI TBR BB,SELANGOR,1,94,24.7,22.2
102.39267909131647,3.463844380715188,18/12/2025,TAMAN CHENGAL,PAHANG,1,93,24.7,8.3
103.3020406495274,3.7971066143630146,18/12/2025,TMN. CENDERAWASIH - BLOK PERINGKAT 2,PAHANG,1,92,24.6,11.0
117.9035233135822,4.241098426349314,18/12/2025,IB17 ICE BOX BLOK 5,SABAH,1,80,28.3,0.1
117.89957722983011,4.251429767332046,18/12/2025,"AP07 APAS BT. 1 TAKADA,AP40 KG SUNGAI TAWAU BT 2,AP42 APAS BT. 1 1/2 KANAN,IB09 LRG. HJ ISMAIL,IB23 LORONG HJ AWADAN,JK61 KUHARA COURT",SABAH,6,80,28.3,0.1
117.92404802497315,4.257008347959733,18/12/2025,AP41 TAMAN MEGAH JAYA 1 (LRG 3/1 - LRG 3/4),SABAH,1,80,28.3,0.1
117.89556853544326,4.272185979556739,18/12/2025,"JK54 TAMAN FORTUNE,JK59 TAMAN SRI IMPIAN,JK70 TMN. CITRA,JK76 LRG. NAGA EMAS,JK93 THE WELD",SABAH,5,80,28.2,0.1
117.9070649840395,4.278463772401317,18/12/2025,"SN10 TAMAN LILY,SN24 TAMAN ROSE",SABAH,2,80,28.2,0.1
117.8888603721287,4.297118897143564,18/12/2025,"JK02 TMN. SEMARAK LOJI,JK04 TMN. SEMARAK PH.1",SABAH,2,81,27.9,0.5
101.10320090084078,4.553914594101912,18/12/2025,KWSN PERINDUSTRIAN RINGAN SRI RAPAT,PERAK,1,94,24.8,12.6
101.13861903457747,4.613084593112675,18/12/2025,KWSN PERINDUSTRIAN RINGAN SRI RAPAT,PERAK,1,94,26.1,16.3
101.14971948507097,4.629998664574193,18/12/2025,KG TERSUSUN BT 6,PERAK,1,94,26.0,16.3
101.11669569349314,4.72902031947945,18/12/2025,RPT BT.10 CHEMOR,PERAK,1,95,24.8,4.7
100.49589690167333,5.280679553573337,18/12/2025,BANDAR TASEK MUTIARA SS3 B,PULAU PINANG,1,80,26.8,2.4
100.22485839791929,5.289335039955159,18/12/2025,"KG SULUP,TAMAN KUMBAR PERMAI,TAMAN SAHABAT",PULAU PINANG,3,79,28.0,3.6
100.2833867961831,5.325149336957748,18/12/2025,D'PIAZZA CONDOMINIUM,PULAU PINANG,1,79,28.1,3.6
100.27904086605555,5.331895506567899,18/12/2025,"HILIR PAYA TERUBONG,JAMBUL VIEW",PULAU PINANG,2,79,28.0,3.6
100.2965168632182,5.333960878521211,18/12/2025,"APARTMENT MELATI,APARTMENT SRI SAUJANA,BJ COURT,FLAT SOLOK MAHSURI,HALAMAN KENANGA,HALAMAN NIPAH,LEBUH MAHSURI,LORONG RELAU,PANGSAPURI WAKAF SITI & HAJJAH NORIJAH",PULAU PINANG,9,79,28.1,3.6
100.30180308151144,5.350008033641222,18/12/2025,"APARTMENT DESA PERMAI INDAH,DESA PERMAI INDAH,TAMAN UTARA BATU UBAN,UNIVERSITY HEIGHT",PULAU PINANG,4,79,28.0,3.6
100.27762536577988,5.371014335861635,18/12/2025,"TAMAN TERUBONG JAYA (BLOK 9, 11 & 11A),TAMAN TERUBONG JAYA BLOK 18 & 20",PULAU PINANG,2,79,27.7,3.6
100.3998925399054,5.3827215681148655,18/12/2025,"SIAKAP, TINGKAT",PULAU PINANG,1,80,27.0,2.4
100.40146162294667,5.429856143140002,18/12/2025,TAMAN BAGAN LALANG (PANGSAPURI),PULAU PINANG,1,80,27.0,2.4
100.37956694922643,5.4432908520880545,18/12/2025,TAMAN PANTAI BERSIH,PULAU PINANG,1,80,27.4,1.3
100.4756202454178,5.597123494931509,18/12/2025,TAMAN PERMAI,KEDAH,1,83,26.3,1.4
118.10727748370424,5.862063684845071,18/12/2025,BDC,SABAH,1,86,27.0,7.5
118.07648276711517,5.861725255454546,18/12/2025,TAMAN MESRA,SABAH,1,86,27.0,7.5
118.06258841887664,5.86771129119824,18/12/2025,TAMAN TYNG BT.5,SABAH,1,86,26.9,7.5
116.06425379831543,5.874212035355704,18/12/2025,PPR SRI KERAMAT,SABAH,1,81,29.3,0.9
117.55301789153692,5.875104252832216,18/12/2025,TAMAN SUNGAI LABUK,SABAH,1,87,26.3,1.5
116.04307616688888,5.89751802845679,18/12/2025,"KG. PASIR PUTIH,TMN. BAYVIEW TELUK VILLA",SABAH,2,80,28.1,6.9
116.09816964032441,5.935972728706664,18/12/2025,"TMN DUTA GARDEN,TMN FORMOSA,TMN MILLENIUM HEIGHT",SABAH,3,81,27.6,0.2
117.97178325626668,5.948957165573336,18/12/2025,RANCANGAN SUNGAI MANILA  P.5,SABAH,1,86,26.8,7.5
116.09061231573685,5.953753437403511,18/12/2025,"KONDOMINIUM PUNCAK LUYANG,TAMAN FU YEN PH.5,TAMAN KINABALU,TAMAN MOUNT ZION,TAMAN MUTIARA,TMN LUYANG PH.11",SABAH,6,81,27.6,0.2
116.11334707207843,6.000617906267975,18/12/2025,"KG LIKAS LRG HAWA,KG.LIKAS JLN KULOR MELANGI",SABAH,2,81,27.6,0.2
116.13428363686384,6.017511288835681,18/12/2025,"D'VANTAGE APARTMENT,KG.WARISAN PH 2,TAMAN PURI WARISAN",SABAH,3,81,27.6,0.2
116.14730208699416,6.024748654695905,18/12/2025,"TAMAN FAJAR,TAMAN PERMATA",SABAH,2,81,27.5,0.2
116.13661598012042,6.036600060235602,18/12/2025,"KG. CONTOH SUANG PARAI,KG.DELIMA MELAYU",SABAH,2,81,27.6,0.2
100.3635641049859,6.137942590866193,18/12/2025,TAMAN SERI MENANTI,KEDAH,1,85,26.6,6.1
116.84007542041462,6.884243599914632,18/12/2025,"LANDUNG AYANG LAUT,LANDUNG AYANG TENGAH",SABAH,2,86,27.7,11.2
110.56627619355062,0.8913706511898717,19/12/2025,MUJAT,SARAWAK,1,90,26.2,10.2
110.56281450393938,0.9717073141757547,19/12/2025,MAYANG KAWAN,SARAWAK,1,90,27.0,8.9
103.65006821381014,1.4272952433797452,19/12/2025,TAPAK BINA KOMPLEKS MAHKAMAH BAHARU NUSAJAYA,JOHOR,1,88,25.7,6.0
103.62069965545282,1.4406895494968532,19/12/2025,TMN ECO BOTANI_2/,JOHOR,1,89,25.5,6.3
103.58036896988035,1.4613646270470095,19/12/2025,"TMN NUSANTARA_NUSARIA 4/3 - 4/9G,TMN NUSANTARA_NUSARIA 5/1 - 5/11,TMN NUSANTARA_NUSARIA 6/1 - 6/10,TMN NUSANTARA_NUSARIA 6/11 - 6/21",JOHOR,4,89,25.6,6.3
103.77026986758632,1.4635547911330924,19/12/2025,"APT INDERA PUTRA COURT,APT PARAGON SUITES,APT SKY SUITES,JLN AH SIANG,JLN LEKAS,R&F RESIDENCE PHASE 1_BLOK A",JOHOR,6,87,26.0,3.4
103.25623377894367,1.4690285137887305,19/12/2025,PULAU PISANG,JOHOR,1,87,25.6,12.9
103.58959220798381,1.474908279124323,19/12/2025,"SILC_JLN SILC 2,TMN NUSANTARA PRIMA_JLN PRIMA 6",JOHOR,2,89,25.6,6.3
103.86513071100644,1.4800992641677413,19/12/2025,TMN SIERRA PERDANA 3/,JOHOR,1,86,26.1,7.0
103.77918011532192,1.481580142678082,19/12/2025,TMN PELANGI_ZON C,JOHOR,1,87,25.9,3.4
103.90609705710585,1.4893891706176414,19/12/2025,TMN CENDANA_ZON 1,JOHOR,1,86,26.1,7.0
103.75516265490123,1.4939906873950617,19/12/2025,"APT LARKIN IDAMAN BLOK A1/A2,APT M'TIARA LARKIN IDAMAN",JOHOR,2,87,26.0,3.4
103.72259318257323,1.49472415489809,19/12/2025,BBU PADI HUMA,JOHOR,1,87,25.8,3.4
103.66267681985258,1.4967535572756447,19/12/2025,TMN TAN SRI YAAKOB_APPT SRI SELERA COURT,JOHOR,1,89,25.6,6.3
103.67058929036986,1.4987627154520555,19/12/2025,BDR UDA UTAMA_UDA UTAMA 4/,JOHOR,1,89,25.6,6.3
103.82977726882191,1.505941498753424,19/12/2025,KAW IND DESA PLENTONG_HARUM,JOHOR,1,86,26.2,7.0
103.65881989477222,1.5078885601388885,19/12/2025,TMN SUTERA UTAMA_PULAI 2/,JOHOR,1,89,25.6,6.3
103.70250283902054,1.5097299734726009,19/12/2025,TMN KENANGA BLOK 16-23,JOHOR,1,87,25.9,3.4
103.7698259585714,1.5305246671168804,19/12/2025,TMN ISTIMEWA,JOHOR,1,87,26.0,3.4
103.68788375531288,1.5307585816564404,19/12/2025,TMN ANGGERIK_JLN 1 & 2,JOHOR,1,87,25.9,3.4
103.71006583755901,1.5340668054720488,19/12/2025,TMN KEMPAS_JLN DATARAN 1/,JOHOR,1,87,25.7,3.4
103.80947553856953,1.5347393427019878,19/12/2025,"TMN JOHOR JAYA_JLN KEEMBONG 1-10,TMN JOHOR JAYA_JLN SEROJA 1-11",JOHOR,2,87,26.0,3.4
103.58423712702354,1.5400906511529415,19/12/2025,TMN PULAI INDAH_JLN PULAI INDAH /9,JOHOR,1,89,25.4,6.3
103.713595529306,1.5421010786557392,19/12/2025,"KUARTERS KDN SETIA TROPIKA,TMN SINARAN KEMPAS_BLOK 1-48",JOHOR,2,87,25.8,3.4
103.57655045695206,1.543053645575342,19/12/2025,TMN PULAI INDAH_JLN PULAI INDAH /5,JOHOR,1,89,25.4,6.3
103.62518328564384,1.5457028922260287,19/12/2025,"TMN PULAI UTAMA_JLN PULAI 19-28,TMN PULAI UTAMA_JLN PULAI 7-18",JOHOR,2,89,25.4,6.3
103.78246789260379,1.5457816605031462,19/12/2025,TMN AUSTIN PERDANA_2/,JOHOR,1,87,25.9,3.4
110.36704310596481,1.5481535597676046,19/12/2025,JALAN TAN SRI DATUK WILLIAM TAN,SARAWAK,1,89,26.6,9.0
103.76062606127898,1.549242936815216,19/12/2025,"TMN DAYA SAGU 36_APT DAYA VIEW,TMN DAYA SAGU _FLAT SAGU 34,TMN DAYA_JLN PINANG 1-17,TMN DAYA_RUMBIA (ZON 1)",JOHOR,4,87,25.9,3.4
103.75619383415095,1.5583041922830188,19/12/2025,TMN DAYA_NIBONG ZON 1(1-17),JOHOR,1,87,25.8,3.4
103.79767112090853,1.5625401861036587,19/12/2025,"FLAT SRI LANANG_FASA 1(BLOK A-J),TMN GAYA_FLAT",JOHOR,2,90,25.0,5.9
103.80909290664864,1.5648252765945947,19/12/2025,TMN DESA CEMERLANG_JLN ARA,JOHOR,1,90,25.1,5.9
103.59885603497352,1.5652021918278138,19/12/2025,BANDAR PULAI JAYA BLOK 1,JOHOR,1,90,25.3,5.9
103.80431085530135,1.579218215794519,19/12/2025,TMN PELANGI INDAH_JLN CANTIK (FLAT U-Y),JOHOR,1,90,24.9,5.9
103.6429762415,1.5973153014520571,19/12/2025,TMN BUKIT SENANG,JOHOR,1,90,25.4,5.9
103.79364293334014,1.6008819090204083,19/12/2025,"TMN BESTARI INDAH, JLN BESTARI /2 (ZON 1)",JOHOR,1,90,25.0,5.9
103.80898297740127,1.6081458419808956,19/12/2025,"TMN BUKIT TIRAM_LEDANG 1-14,TMN BUKIT TIRAM_SOGA",JOHOR,2,90,25.0,5.9
103.68498621810674,1.633284628629214,19/12/2025,TMN SCIENTEX SENAI (SJ7-SJ18),JOHOR,1,90,25.4,5.9
103.61537609431704,1.6423020053231718,19/12/2025,B_INDAHPURA BLOK KENANGA C,JOHOR,1,90,25.4,5.9
103.59269397491276,1.6640214096107355,19/12/2025,TMN KULAI UTAMA,JOHOR,1,90,25.3,5.9
103.58641296946286,1.6700199369542827,19/12/2025,"TMN INDAH JAYA,TMN PERTAMA",JOHOR,2,90,25.4,5.9
103.53060407789104,1.684959138282052,19/12/2025,TMN WAWASAN BLOK RAJAWALI,JOHOR,1,88,25.8,5.7
109.74594172602818,1.7714715405633847,19/12/2025,PAON,SARAWAK,1,94,25.9,12.1
103.33034181349093,1.8329305377333334,19/12/2025,TMN RENGGAM JAYA,JOHOR,1,89,25.6,2.9
102.94070275715568,1.848844834227543,19/12/2025,JLN. HJ. BASIR,JOHOR,1,86,26.1,3.5
102.1266690828807,2.2790812648636387,19/12/2025,DESA TUN RAZAK (BLOK 1 -13),MELAKA,1,84,27.3,2.3
101.94139918537323,2.6793744960915484,19/12/2025,"TAMAN ANGGUR JAYA,TAMAN SEREMBAN 3 (JLN. SEREMBAN TIGA 27-32)",NEGERI SEMBILAN,2,87,26.8,6.6
101.94085260332278,2.6884250390696174,19/12/2025,TAMAN THIVY JAYA,NEGERI SEMBILAN,1,83,26.5,0.5
101.98974158483028,2.7060579998969696,19/12/2025,PUSAT BANDAR SENAWANG,NEGERI SEMBILAN,1,83,26.3,0.5
101.99773864221464,2.7173165798010466,19/12/2025,"APARTMENT SEROJA,TAMAN TASIK JAYA  (JALAN 15 - 22 & 35)",NEGERI SEMBILAN,2,83,26.2,0.5
101.9235998074014,2.73517445697183,19/12/2025,TAMAN MAKMUR,NEGERI SEMBILAN,1,89,26.0,8.9
101.9018026274014,2.736374417957744,19/12/2025,TAMAN BUKIT GALENA FASA 5,NEGERI SEMBILAN,1,89,26.1,8.9
101.74652173757235,2.791697633452829,19/12/2025,"KG. GECHING,KG. SALAK TENGAH,KG. SRI SALAK",SELANGOR,3,88,26.3,5.4
101.7956464837381,2.792009370660714,19/12/2025,"KAMPUNG KONDOK,KG KONDOK",NEGERI SEMBILAN,2,88,26.3,5.4
101.66279919194287,2.7990423003190483,19/12/2025,"PANGSAPURI LANGAT MURNI,PANGSAPURI LANGAT UTAMA,TAMAN LANGAT UTAMA (KEJORA)",SELANGOR,3,85,27.0,10.7
101.72835288734969,2.816653320134973,19/12/2025,"TAMAN IXORA,TAMAN IXORA 1",SELANGOR,2,89,26.3,8.8
101.72278546455554,2.828816976611109,19/12/2025,"APARTMENT DAHLIA IMPIANA,APT CASA DAHLIA, BBST",SELANGOR,2,89,26.3,8.8
101.89303282220368,2.8309257672160504,19/12/2025,TAMAN PELANGI INDAH,NEGERI SEMBILAN,1,89,25.7,12.3
101.78298738008611,2.834855393430462,19/12/2025,TAMAN DESA ANGGERIK (JALAN BBN 9/2),NEGERI SEMBILAN,1,89,26.0,8.8
101.8400273020537,2.850668323322147,19/12/2025,PERDANA COLLEGE HEIGHTS,NEGERI SEMBILAN,1,89,25.9,12.3
101.68162483050943,2.862340627314467,19/12/2025,"TAMAN BAIDURI,TAMAN PERMATA",SELANGOR,2,89,26.1,8.2
101.50487607570199,2.8796793837814576,19/12/2025,TAMAN SRI JAROMAS,SELANGOR,1,87,26.6,6.1
101.6084166436087,2.883469597838508,19/12/2025,"PALMA SANDS, GAMUDA COVE",SELANGOR,1,89,26.1,8.2
101.78796697018237,2.885058400264153,19/12/2025,"APPT VISTA BANDAR SRI PUTRA,KONDOMINIUM VISTA BANDAR SRI PUTRA",SELANGOR,2,89,26.2,8.8
101.49377008413587,2.8844750326249957,19/12/2025,TAMAN RAMBAI INDAH,SELANGOR,1,87,26.7,6.1
101.61252299655027,2.893967696507938,19/12/2025,"MAYABAY RESIDENCES,TAPAK BINA NORTH WOODS",SELANGOR,2,89,26.1,8.2
101.87260676510809,2.895305764654053,19/12/2025,TAMAN SEMENYIH PARKLANDS,SELANGOR,1,89,25.8,12.3
101.46114015720644,2.904917186367741,19/12/2025,TAMAN DATO HORMAT (JALAN PANDAN),SELANGOR,1,87,26.7,6.1
101.64410899949999,2.9193191911644703,19/12/2025,"RUMAH KONGSI ALLEGRO,RUMAH KONGSI INTABINA CYBERJAYA",SELANGOR,2,89,25.8,8.2
101.63639252426219,2.924796688445118,19/12/2025,"ECLIPSE APARTMENT,THE ARC CONDO",SELANGOR,2,89,26.1,8.2
101.83240780732942,2.9318428180882354,19/12/2025,"TAMAN DALMA SEMENYIH,TAMAN SEMENYIH IMPIANA",SELANGOR,2,89,26.0,12.3
101.74806259503106,2.935775295316773,19/12/2025,"KG. SG MERAB LUAR,TAMAN DESA MAS",SELANGOR,2,89,26.3,8.8
101.79051316194393,2.9426736067429933,19/12/2025,"APPT KELISA RIA KAMPUNG SUNGAI TANGKAS,APPT VILLA TROPIKA DAN RUMAH KEDAI JALAN VILLA TROPIKA 1,JALAN KELISA 4(A),5 DAN 6 KAMPUNG SUNGAI TANGKAS,TAMAN TROPIKA 2",SELANGOR,4,88,26.3,14.1
101.67943274603871,2.9454855977419343,19/12/2025,"PRESINT 9 - FASA 1,PRESINT 9 - JALAN P9G/3 - G/6",WILAYAH PERSEKUTUAN,2,87,26.3,8.6
101.61466174391772,2.9471713147594967,19/12/2025,"APT KEKWA,APT KENANGA PUTRA PERDANA",SELANGOR,2,87,26.5,8.6
101.76592719752291,2.9470144931564892,19/12/2025,"APPT JALAN 6C/2 SEKSYEN 16 BANDAR BARU BANGI,JALAN 1/7 SEKSYEN 1 BANDAR BARU BANGI,JALAN 1/9 SEKSYEN 1 BANDAR BARU BANGI",SELANGOR,3,88,26.2,14.1
101.77457484450701,2.9638855857887285,19/12/2025,JALAN 4/12 SEKSYEN 4 BANDAR BARU BANGI,SELANGOR,1,88,26.4,14.1
101.80280674033334,2.97486295564368,19/12/2025,"BLOK A, B DAN J PANGSAPURI SERI MEWAH DAN JALAN SERI MEWAH 1-4,JALAN 2 DAN AWANA TAMAN SERI MEWAH",SELANGOR,2,88,26.2,14.1
101.48250836406216,2.976891927259885,19/12/2025,"TAMAN SETIA 01,TAMAN SETIA 02",SELANGOR,2,85,27.1,6.7
101.58809299858419,2.978057818552631,19/12/2025,"TAMAN PUTRA PRIMA,TAMAN PUTRA PRIMA FASA 2",SELANGOR,2,87,26.5,8.6
101.60940937308985,2.983798970808591,19/12/2025,"E15. TMN PUCHONG UTAMA (JLN PU 10),E15. TMN PUCHONG UTAMA (JLN PU 6 ) APT SRI UTAMA,E15. TMN PUCHONG UTAMA 7 (COURT 1) BLOK A, B, C, D, E, F, G, H, J, K, L, M, N, P",SELANGOR,3,87,26.5,8.6
101.74886622839074,2.993121303701987,19/12/2025,PANGSAPURI GAPURA BAYU TAMAN PUNCAK UTAMA,SELANGOR,1,88,26.3,14.1
101.4818497819452,2.9936247764452038,19/12/2025,TAMAN SENTOSA 05,SELANGOR,1,85,27.1,6.7
102.07571796615753,2.993820809109588,19/12/2025,RUMAH RAKYAT TITI,NEGERI SEMBILAN,1,84,25.2,1.8
101.76127636171343,2.994266556584798,19/12/2025,"JADITE SUITES CONDO JADE HILLS,JALAN 3/1-3/4, 4/2-4/4 & 5/1-5/3 TAMAN SETIA IMPIAN,TAMAN SEMENYIH PARKLANDS",SELANGOR,3,88,26.2,14.1
101.64057775307482,2.9980542837142874,19/12/2025,E15. TMN SAUJANA PUCHONG SP 8,SELANGOR,1,87,26.3,8.6
101.80144247093949,2.9961719252993624,19/12/2025,"KUARTERS JKR SUNGAI JELOK,PUSAT PERNIAGAAN SUNGAI JELOK,TAMAN MEGAH SUNGAI JELOK,TAMAN SAGA EMAS",SELANGOR,4,88,26.3,14.1
101.50114937005725,2.9989880637557245,19/12/2025,"SEKSYEN 32 (JALAN REZAB BUANG LOT 2909),SEKSYEN 32 (TAMAN JATI INDAH)",SELANGOR,2,85,27.0,6.7
101.46925692883974,3.0063158350128223,19/12/2025,TAMAN SENTOSA 26,SELANGOR,1,85,27.1,6.7
101.75996782151381,3.0055736883867397,19/12/2025,"JALAN 3(B),10-15 TAMAN DESA KARUNMAS,JALAN BA 9-14 KAWASAN PERINDUSTRIAN BUKIT ANGKAT SG. CHUA,JALAN SUTERA 4 TAMAN SUTERA",SELANGOR,3,88,26.3,14.1
101.45179728107334,3.007474345220003,19/12/2025,TAMAN KLANG JAYA 07,SELANGOR,1,85,27.1,6.7
101.8132877609829,3.0096907643546995,19/12/2025,"BLOK A-H KUARTERS PENJARA KAJANG,IVORY RESIDENCE KAJANG",SELANGOR,2,86,26.3,14.5
101.80247279810953,3.0127299232095215,19/12/2025,"APPT TAMAN TAMING IMPIAN,JALAN JENARIS 3 & 3B TMN DESA SERI JENARIS,JALAN JENARIS A-G TAMAN DESA SERI JENARIS,TAMAN TAMING IMPIAN",SELANGOR,4,88,26.2,14.1
101.40290865728477,3.016285078052981,19/12/2025,FLAT SRI PERANTAU,SELANGOR,1,84,27.1,16.3
101.68004512074097,3.0161859606084325,19/12/2025,E16. TMN PUNCAK JALIL 2C (JLN PUJ 2/19 - 2/29),SELANGOR,1,87,26.2,8.6
101.75857148375212,3.0167346748076915,19/12/2025,"APPT KASAWARI TAMAN IMPIAN EHSAN,APPT KENARI TAMAN IMPIAN EHSAN,JALAN CJ 4 TAMAN CHERAS JAYA",SELANGOR,3,88,26.3,14.1
101.6714443150274,3.017499196917808,19/12/2025,E16. TMN PUNCAK JALIL 5 (JLN PUJ 5/1-5/10),SELANGOR,1,87,26.0,8.6
101.62747883479999,3.02304451980625,19/12/2025,"E15. PST BDR PUCHONG PSN INDERA- (PANGSAPURI PERMATA SARI - QTS MPSJ),E15. PST BDR PUCHONG PSN INDERA- (SRI PINANG) BLOK A, B, C, D",SELANGOR,2,87,26.3,8.6
101.71505068486667,3.022792795345098,19/12/2025,"E17. SRI KEMBANGAN (THE HERITAGE) BLOK A, B, C, D, E,E17. TMN SERDANG JAYA 7 (BOSNIA) BLOK MERANTI, KEMPAS,CENDANA, DAMAR, CENGAL,E17. TMN SERDANG JAYA 7 (PKNS)",SELANGOR,3,88,26.3,14.1
101.71024530933703,3.0293828418618767,19/12/2025,"E17. TMN SERDANG PERDANA (PERDANA SELATAN - SOUTH CITY CONDO),E17. TMN SERDANG PERDANA (PERDANA SELATAN - SOUTH CITY PLAZA),E17. TMN SERDANG PERDANA (PERDANA SELATAN APARTMENT)",SELANGOR,3,88,26.3,14.1
101.40157425369264,3.0337185345412863,19/12/2025,"KAMPUNG DELEK BARU 08,KAMPUNG DELEK BARU 09,KAMPUNG DELEK KANAN 09,KAMPUNG DELEK KANAN 10",SELANGOR,4,84,27.1,16.3
101.67803190324598,3.0358471851871665,19/12/2025,E16. TMN PUNCAK JALIL 8 (PANGSAPURI MAYANG),SELANGOR,1,87,26.2,8.6
101.6363319745396,3.0403280007227727,19/12/2025,"E15. BDR KINRARA 4 (JLN BK 4/5 - 4/9),E15. TMN BKT KINRARA (MELOR)",SELANGOR,2,87,26.2,8.6
101.70603071803166,3.0441567026392358,19/12/2025,E17. TMN SERDANG PERDANA PSRN PERDANA (ONE SOUTH),SELANGOR,1,88,26.3,14.1
101.50368682133862,3.0451912021322722,19/12/2025,"E2. SEKSYEN 17 (FLAT JLN 17/1 : BLOK 1- 6),E2. SEKSYEN 17 (TERES B : JLN 17/16 - 17/24)",SELANGOR,2,85,27.1,6.7
101.51673721211043,3.048235692846625,19/12/2025,E1. SEKSYEN 18 (TERES C : JLN 18/16 - 18/18),SELANGOR,1,85,27.0,6.7
101.65407317948255,3.0497865787732548,19/12/2025,"PPR PINGGIRAN 1 (BLOK A,B,C,D,E,F),PPR PINGGIRAN 2(BLOK G,H,J,K,L,M)",WILAYAH PERSEKUTUAN,2,87,26.2,8.6
101.41130912742467,3.0448843168734947,19/12/2025,"KAMPUNG SUNGAI UDANG 21,KAMPUNG SUNGAI UDANG 33,TAMAN HIJRAH 02",SELANGOR,3,84,27.0,16.3
101.55826520163735,3.055390293219781,19/12/2025,"E13. TMN SUBANG MAS (ALSTONE @ APT SRI NILAM),E13. TMN SUBANG MAS (PANGSAPURI HARMONI SITE TAPAK BINA),E13. TMN SUBANG MAS (RUMAH KEDAI)",SELANGOR,3,85,27.0,6.7
101.64457591984552,3.0618769092837086,19/12/2025,"E14. TMN KINRARA (JLN TK 1),E14. TMN KINRARA JLN TK 2 (PANGSAPURI TMN KINRARA 2) BLOK A,B,C,D,E14. TMN KINRARA JLN TK 3 (VISTA LAVENDER)",SELANGOR,3,87,26.5,8.6
101.64457591984552,3.0618769092837086,19/12/2025,KINRARA MAS CONDOMINIUM,WILAYAH PERSEKUTUAN,1,87,26.5,8.6
101.46125067079453,3.0656246956438378,19/12/2025,APARTMENT PALM GARDEN,SELANGOR,1,87,26.8,4.6
101.61424962870707,3.064694186074075,19/12/2025,"E13. PJS 7/1 - PJS 7/6,E13. PJS 7/15 (FLAT KOS RENDAH) BLOK A, B, C, D, E, F, G, H, K,E13. PJS 7/15 (PANGSAPURI MUTIARA PERDANA) BLOK A, B, C, D,E13. PJS 9/1 (LAGOON PERDANA & RUMAH KEDAI)",SELANGOR,4,87,26.5,10.0
101.52356659736363,3.0708191067979804,19/12/2025,E1. SEKSYEN 14 (PANGSAPURI VISTA ALAM),SELANGOR,1,87,26.8,4.6
101.55349544717578,3.0710019772545483,19/12/2025,"E2. SEKSYEN 22 (KONDO INDAH ALAM),E2. SEKSYEN 22 (KONDO PURI AIYU),E2. SEKSYEN 22 (V RESIDENSI)",SELANGOR,3,87,26.8,4.6
101.5107680708606,3.075376176703031,19/12/2025,"E1. SEKSYEN 3 (KOMPLEKS MAIS),E1. SEKSYEN 4 (TERES A : JLN 4/2 - 4/3)",SELANGOR,2,87,26.8,4.6
101.64734333140386,3.079711730320512,19/12/2025,E12. TM PJS 1 PANGSAPURI PERMAI [JLN PJS 1/25],SELANGOR,1,87,26.5,10.0
101.6168655855588,3.079565293752941,19/12/2025,"E11. SRI PJS 6 FLAT DESA MENTARI 1 (BLOK 1 , 2 , 3),E11. SRI PJS 6 FLAT DESA MENTARI 2 (BLOK 4 , 5 , 6)",SELANGOR,2,87,26.5,10.0
101.60487565085269,3.0785554979496097,19/12/2025,"E11. SRI PJS 10 (TERES 3) [JLN PJS 10/7C , 10/9A , 10/11A - 10/11D],E11. SRI PJS 10 APT KAYANGAN,E11. SRI PJS 10 APT SUBANG VILLE EHSAN,E11. SRI PJS 10 SURIA MAS  KONDO,E11. SRI PJS 8 APT DAMAI",SELANGOR,5,87,26.5,10.0
101.59143799256586,3.08112226415122,19/12/2025,"E13. SS 15/5 (TERES),E13. SS 16 (CASA TIARA APPT)",SELANGOR,2,87,26.4,10.0
101.63413857780994,3.078014276518099,19/12/2025,"E12. TM PJS 2B PUSAT KOMERSIAL,E12. TM PJS 2C APT MEDAN JAYA (BLOK I),E12. TM PJS 2C TMN MEDAN (TERES 1) [JLN PJS 2C/2,2C/7,2C/7A,2C/7B,2C/9,2C/12,14],E12. TM PJS 2C TMN MEDAN (TERES 4) [JLN PJS 2C/11,2C/11A,B,C,D,F,G,H,J,K,L,28,2],E12. TM PJS 2C TMN MEDAN (TERES 5) [JLN PJS 2C/5,1,2,4,6,8,10,PJS 2/2,1],E12. TM PJS 2D FLAT DESA MENTARI (BLOK 11),E12. TM PJS 2D TMN MEDAN (TERES 1) [JLN PJS 2D/15 , PJS 2D/15A - PJS 2D/15E],E12. TM PJS 2D TMN MEDAN (TERES 2) [JLN PJS 2D/2,4,5,6,7,8,8C,8D,9,10,11,12,14],E12. TM PJS 3 APT SRI MANJA (BLOK D , E , F) [JLN PJS 3/55],E12. TM PJS 3 FLAT SRI MANJA (BLOK A , B , C) [JLN PJS 3/55],E12. TM TMN DATO HARUN (TERES 3) [JLN 11,13,2/8,2/15,2/17,PJS 2/2,2/4]",SELANGOR,11,87,26.5,10.0
101.75324305757042,3.083488503830989,19/12/2025,"KEM PGA CHERAS 1 (BLOK G1,G2,G3,G4,G5)",SELANGOR,1,87,26.3,10.0
101.51667010629937,3.087065413999999,19/12/2025,"E1. SEKSYEN 8 (TERES A : JLN 8/1 - 8/13),E1. SEKSYEN 9 (KUARTERS IPK SELANGOR)",SELANGOR,2,87,26.8,4.6
101.69763140706665,3.0907201742000012,19/12/2025,THE VYNE SUNGAI BESI,WILAYAH PERSEKUTUAN,1,87,26.6,10.0
101.69104756513013,3.0981369163493175,19/12/2025,"RESIDENSI DESA SATU MAS, TAMAN DESA",WILAYAH PERSEKUTUAN,1,87,26.5,10.0
101.70917189011656,3.0983627467239283,19/12/2025,"PANGSAPURI SRI PENARA FASA 1 (BLOK A-B),PANGSAPURI SRI PENARA FASA 2 (BLOK C-D)",WILAYAH PERSEKUTUAN,2,87,26.5,10.0
101.6658254545845,3.1035042207676047,19/12/2025,DESA AMAN 2 (PDRM),WILAYAH PERSEKUTUAN,1,87,26.3,10.0
101.7975622105845,3.1037326257816886,19/12/2025,BLOK M1-M6 APPT TAMAN PERKASA HULU LANGAT,SELANGOR,1,87,26.2,10.0
101.75243814564973,3.105936022111675,19/12/2025,"INDUSTRI & JALAN 14 KG CHERAS BARU,NUSA MEWAH VILLA KONDOMINIUM TAMAN BUKIT PANDAN",SELANGOR,2,87,26.3,10.0
101.75243814564973,3.105936022111675,19/12/2025,"KG.CHERAS BARU B (JLN KUARI, JLN 7, 9, 10-12, 14, LRG 12, LRG 14A)",WILAYAH PERSEKUTUAN,1,87,26.3,10.0
101.70600617334246,3.1083924588630127,19/12/2025,"PPR PINGGIRAN 1 (BLOK A,B,C,D,E,F),RAZAK CITY RESIDENCE (BLOK B&C)",WILAYAH PERSEKUTUAN,2,87,26.6,10.0
101.66984967348344,3.109671984556291,19/12/2025,FLAT TMN BUKIT ANGKASA (BLOK 9 & BLOK 16-20),WILAYAH PERSEKUTUAN,1,87,26.3,10.0
101.7627340235845,3.110275546788731,19/12/2025,JALAN MEGA 1-8 TAMAN MEGA JAYA,SELANGOR,1,87,26.1,10.0
101.58813140953362,3.1124721577605032,19/12/2025,"E11. SRI PJU 1A APT KELANA IDAMAN,E11. SRI PJU 1A D'AMAN CRIMSON,E11. SRI PJU 1A PPRT 1 BLOK (A,B,C),E11. SRI PJU 1A PPRT 1 BLOK (G,H)",SELANGOR,4,87,26.5,10.0
101.72077938507454,3.1182173091428567,19/12/2025,"FLAT SRI PULAU PINANG B (BLOK 9-12),JALAN IKAN EMAS (PANGSAPURI INDAH MAS)",WILAYAH PERSEKUTUAN,2,87,26.5,10.0
101.76845741959603,3.120615464344369,19/12/2025,JALAN MELUR 1-9 TAMAN MELUR,SELANGOR,1,87,26.3,10.0
101.4402507366644,3.121024829102736,19/12/2025,TAMAN MERU SELATAN 02,SELANGOR,1,87,26.9,4.6
101.62702939971699,3.12310914852201,19/12/2025,"E9. KT SS 2 (AMEERA KONDO),E9. KT SS 2 (KEN DAMANSARA KONDO 3)",SELANGOR,2,87,26.4,10.0
101.73136883985806,3.1283072448580618,19/12/2025,"TAMAN MALURI (JALAN JEJAKA 2,3,4,5,7,9)",WILAYAH PERSEKUTUAN,1,87,26.5,10.0
101.72224737023602,3.128887098515526,19/12/2025,"JALAN PEEL (SUNWAY VELOCITY TWO),V RESIDENCE 2 SUNWAY VELOCITY",WILAYAH PERSEKUTUAN,2,87,26.5,10.0
101.68293467990284,3.1294394127257172,19/12/2025,"JALAN RAKYAT (BANGUNAN TONG NAM ),JLN THAMBY ABDULLAH 1 , JLN THAMBY ABDULLAH,MENARA PELANGI APARTMENT",WILAYAH PERSEKUTUAN,3,87,26.4,10.0
101.65075567363291,3.1312120914367125,19/12/2025,UM (KOLEJ KEDIAMAN 10),WILAYAH PERSEKUTUAN,1,87,26.3,10.0
101.44178492417646,3.1327947351960823,19/12/2025,TAMAN ORKID 01,SELANGOR,1,87,26.9,4.6
101.76730584369322,3.138872815858897,19/12/2025,"FLAT SRI NILAM BANDAR BARU AMPANG,JALAN SERI MERDEKA 2-6 TAMAN SRI MERDEKA",SELANGOR,2,87,26.4,10.0
101.61454558281707,3.139751294829267,19/12/2025,"E8. BU PJU 6 BU 1 (TERES 1) [JLN 1/1, 1/1A, 1/9 - 1/15],E8. BU PJU 6A PELANGI UTAMA KONDO",SELANGOR,2,87,26.3,10.0
101.75912596403226,3.140676754170508,19/12/2025,"BLOK C FLAT PANDAN RIA,PANGSAPURI TAMAN AMPANG MEWAH",SELANGOR,2,87,26.4,10.0
101.71041329095507,3.1453437147966903,19/12/2025,"BERJAYA TIMES SQUARE HOTEL,CASA MUTIARA SERVICE APPT,JALAN ALOR,JALAN BARAT,JALAN SIN CHEW KEE (RUMAH KEDAI),NOVOTEL KLCC,SEASONS TOWER,SUN COMPLEX JALAN IMBI,TAPAK BBCC LALAPORT,WISMA COSWAY, JALAN RAJA CHULAN",WILAYAH PERSEKUTUAN,10,87,26.4,10.0
101.59237014192682,3.1530783014512176,19/12/2025,"E7. KD PJU 5 PUSAT PERDAGANGAN,E7. KD PJU 5 SEK 5 DATARAN SUNWAY (JLN PJU 5/2 - 5/18)",SELANGOR,2,87,26.4,10.0
101.57881412377489,3.1524977746406924,19/12/2025,"E7. KD PJU 5 SEK 4 GUGUSAN MATAHARI,E7. KD PJU 5 SEK 4 GUGUSAN SEMARAK,E7. KD PJU 5 SEK 6 GUGUSAN SEROJA",SELANGOR,3,87,26.4,10.0
101.69712195981323,3.152247824498053,19/12/2025,"JALAN TUN PERAK,KUARTERS MASJID JAMEK,MENARA CITY ONE",WILAYAH PERSEKUTUAN,3,87,26.5,10.0
101.72530534676073,3.165897594944786,19/12/2025,"KAMPUNG DATO KERAMAT ( LORONG KERAMAT 1,2,3)",WILAYAH PERSEKUTUAN,1,87,26.6,10.0
101.70150190255555,3.1661316679259284,19/12/2025,"KAMPUNG BARU (JALAN RAJA BOT),KAMPUNG BARU (KG PERIUK 1)",WILAYAH PERSEKUTUAN,2,87,26.6,10.0
101.74259867829745,3.1754738181202544,19/12/2025,"AU1C TMN KERAMAT,AU1C TMN KERAMAT ZON 4",SELANGOR,2,87,26.4,10.0
101.5738138139483,3.1732994744620067,19/12/2025,"E7. KD PJU 5 SEK 7 APT LILY,E7. KD PJU 5 SEK 7 GUGUSAN KANTAN,E7. KD PJU 5 SEK 7 GUGUSAN KEKWA,E7. KD PJU 5 SEK 7 GUGUSAN KEMBOJA,E7. KD PJU 5 SEK 8 (PUSAT KOMERSIAL A : JLN PEKAKA 8/2,3,4,5,6),E7. KD PJU 5 SEK 8 GUGUSAN KEMUNING (A,B) PPRT",SELANGOR,6,87,26.3,10.0
101.64650018315069,3.1784252926164362,19/12/2025,BOUGAINVILLA APARTMENT,WILAYAH PERSEKUTUAN,1,87,26.0,10.0
101.53348768260228,3.178702798255681,19/12/2025,"E5. SEKSYEN U5 (MUTIARA SUBANG KAW PERINDUSTRIAN A : JALAN U5/11 - U5/17 ),E5. SEKSYEN U5 (PANGSAPURI MUTIARA SUBANG : BLOK 1 - 7),E5. SEKSYEN U5 (SUBANG PELANGI : JLN U5/122 - U5/129 & JLN U5/AK, AJ, AH & AG)",SELANGOR,3,87,26.6,4.6
101.69876048368354,3.1819137796582284,19/12/2025,"FLAT SRI PERAK  A (BLOK 29,31,33),FLAT SRI PERAK B (BLOK 35,37,39,41)",WILAYAH PERSEKUTUAN,2,87,26.5,10.0
101.63506372015753,3.1849453253767117,19/12/2025,DESA PARK CITY (THE BREEZEWAY),WILAYAH PERSEKUTUAN,1,87,26.1,10.0
101.53365749747945,3.188193652075339,19/12/2025,E5. SEKSYEN U5 (PANGSAPURI SUBANG HIJAUAN : BLOK 9 - 12),SELANGOR,1,86,26.9,6.9
101.6562708251175,3.1845662640647467,19/12/2025,"ALIX RESIDENCE TAPAK BINA/KONGSI),FLAT TAMAN SPPK JALAN DUTAMAS SEROJA,KAMPUNG PASIR SEGAMBUT LUAR (JALAN KELAPA,JALAN KELAPA GADING),KAMPUNG SEGAMBUT BAHAGIA ( JALAN KELAPA HIJAU ),PANGSAPURI PLAZA SINAR,TAMAN SRI SINAR (JALAN 15 & 16 / 38D-KEDAI)",WILAYAH PERSEKUTUAN,6,87,26.3,10.0
101.6785091923051,3.194077051144069,19/12/2025,"JLN TEROLAK 4 (Q1-Q16),(CC1-CC11), JLN CENDERUH (R1-R14),JLN CENDERUH 7 (W1-W4),TAMAN BAMBOO(JLN TEROLAK 4 (Q1-Q16),(CC1-CC11),JLN CENDERUH (R1-R14), (W1-W12),TAMAN RAINBOW (JALAN SUNGKAI, JALAN SELAMA),TWELVE APARTMENT",WILAYAH PERSEKUTUAN,4,89,27.1,7.3
101.66770109234481,3.195662842063219,19/12/2025,"TAMAN LAWA (JALAN 12/42 (2-38), JALAN 14/42, DAN JALAN 15/42),TAMAN LAWA (JALAN 2/42, 4/42 & JALAN JAMBU MAWAR ( 1-31 ),TAMAN SEJAHTERA (JLN 8/42A (42A-56) JLN 7/42 (2-56) &JLN 6/42 (1-65)&(32-62A)",WILAYAH PERSEKUTUAN,3,89,27.0,7.3
101.60384480938265,3.1927792020160766,19/12/2025,"E6. BL PJU 9 SD 11,E6. BL PJU 9 SD 13 APT SRI MERANTI (1) [A,B,C,D,E,F,G],E6. BL PJU 9 SD 13 APT SRI MERANTI (2) [H,J,K,L,M,N,P,Q,R]",SELANGOR,3,89,26.9,7.3
101.58962922425066,3.1934932032106667,19/12/2025,"E6. BL PJU 10 APT BAYU,E6. BL PJU 10 APT IDAMAN FASA 1  (A,B,C,H,J,K,L,M,N),E6. BL PJU 10 APT IDAMAN FASA 2 (D,E,F,G,O,P,Q,R,S),E6. BL PJU 10 APT VISTA (1) [A,B,C,D,E,F,G],E6. BL PJU 10 APT VISTA (2) [H,J,K,L,M,N,P,Q],E6. BL PJU 10 KG SELAMAT,E6. BL PJU 10 ONE DAMANSARA KONDO,E6. BL PJU 10 PANGSAPURI SRI EMBUN,E6. BL PJU 10 PLAZA SURIA,E6. BL PJU 10 SAUJANA DAMANSARA (A) [JLN PJU 10/13, PJU 10/14],E6. BL PJU 10 THE VALE",SELANGOR,11,89,26.9,7.3
101.737736830048,3.1977039233359985,19/12/2025,"KONDOMINIUM THE HAMILTON,RESIDENSI SERI RIANA,TAMAN SRI RAMPAI F (JLN 47/26 - 66/26),TAMAN SRI RAMPAI H (JLN 82/26 - JLN 92/26),WANGSA 9 RESIDENCY, JALAN WANGSA PERDANA 1",WILAYAH PERSEKUTUAN,5,87,26.2,10.0
101.76562487096855,3.201331354622639,19/12/2025,"TMN UKAY BISTARI ZON A,TMN UKAY BISTARI ZON B",SELANGOR,2,87,26.3,10.0
101.70295531845807,3.2037407518322576,19/12/2025,JALAN GOMBAK(KL TRADERS SQUARE),WILAYAH PERSEKUTUAN,1,87,26.5,10.0
101.48944148263381,3.2048855227253514,19/12/2025,JALAN CENGAL SAUJANA UTAMA 2,SELANGOR,1,86,26.9,6.9
101.77164934924666,3.2061742512400015,19/12/2025,APPT SRI BAIDURI UP,SELANGOR,1,87,25.8,10.0
101.73659569813013,3.2086213935136954,19/12/2025,SEK 2 WANGSA MAJU (BLOK D1-D17),WILAYAH PERSEKUTUAN,1,87,26.3,10.0
101.69065193880225,3.2048277426977596,19/12/2025,"KONDOMINIUM M CENTURA SENTUL,KONDOMINIUM MAXIM CITYLIGHT (BLOK A, B, C, D, E, F),KONDOMINIUM SRI SUAJAYA (BLOK 200, 202, 204),M ARISA (JALAN SENTUL),SKY AWANI RESIDENCE",WILAYAH PERSEKUTUAN,5,87,26.3,10.0
101.71772755090281,3.202488615167711,19/12/2025,"EDGEWOOD RESIDENSI @ SKYSANCTUARY,FLAT DANAU KOTA ( BLOK D & E),FLAT DANAU KOTA (BLOK A,B,C),FLAT PRIMA SETAPAK,KEM WARDIEBURN (BLOK E BARU & F BARU),MEDAN IDAMAN (IDAMAN PUTRI KONDOMINIUM),MEDAN IDAMAN (IDAMAN SUTERA KONDOMINIUM),PANGSAPURI TERATAI MEWAH,PLATINUM LAKE KONDOMINIUM PV12,PLATINUM LAKE KONDOMINIUM PV18,PPR AIR PANAS (BLOK A,B,C,D),RESIDENSI SKY AWANI 4 SETAPAK,TAMAN DANAU KOTA(KONDOMINIUM PLATINIUM VIC LAKE 12),TAMAN SETAPAK (JALAN BAKUBANG),TAMAN SETAPAK (JALAN CHENGAL SELATAN),TAMAN SETAPAK (JALAN SATANG 1),TAMAN SETAPAK (JALAN SATANG 2),TAMAN SETAPAK (JALAN TIOMAN)",WILAYAH PERSEKUTUAN,18,87,26.5,10.0
101.75042374368213,3.213133358649008,19/12/2025,"TMN MELAWATI (B),TMN MELAWATI B (ZON 2)",SELANGOR,2,87,26.4,10.0
101.52046945066442,3.213789785738258,19/12/2025,E5. SEKSYEN U17 (AMAN PUTRI : TERES JLN U17/43 - U17/51),SELANGOR,1,86,26.9,6.9
101.63611162643124,3.216122279818749,19/12/2025,"PPR PEKAN KEPONG (BLOK A, B DAN C)",WILAYAH PERSEKUTUAN,1,89,26.9,7.3
101.6938011225033,3.229100036642385,19/12/2025,APPT FIONA,SELANGOR,1,89,27.0,7.3
101.56359919766197,3.2494745646760577,19/12/2025,APPT IMPIAN INDAH,SELANGOR,1,89,26.9,7.3
101.69110692903948,3.2505838590789478,19/12/2025,"APPT MESRA,APPT TEMENGGUNG,APPT WIRA DAMAI,PANGSAPURI SELANGORKU SERI TEMENGGUNG",SELANGOR,4,89,26.9,7.3
101.67435554801831,3.2689392960769252,19/12/2025,"APPT JULIA,BDR BARU SELAYANG FASA 2B (ZON B),FLAT SELAYANG MULIA,KG BENDAHARA",SELANGOR,4,89,26.8,7.3
101.55403046872972,3.3985314699391926,19/12/2025,JALAN DAHLIA BB,SELANGOR,1,90,26.3,6.7
101.54944793160128,3.4377032598291133,19/12/2025,"APT DAHLIA TBR BB,JALAN BUNGA RAYA 1, BUKIT BERUNTUNG",SELANGOR,2,90,25.9,13.2
101.55608907718562,3.444540819047902,19/12/2025,APT TERATAI TBR BB,SELANGOR,1,90,26.0,13.2
102.39267909131647,3.463844380715188,19/12/2025,TAMAN CHENGAL,PAHANG,1,87,25.7,1.5
103.30206979927814,3.7972792868145713,19/12/2025,TMN. CENDERAWASIH - BLOK PERINGKAT 2,PAHANG,1,85,25.8,0.2
117.89957722983011,4.251429767332046,19/12/2025,"AP07 APAS BT. 1 TAKADA,AP40 KG SUNGAI TAWAU BT 2,AP42 APAS BT. 1 1/2 KANAN,IB09 LRG. HJ ISMAIL,IB23 LORONG HJ AWADAN,JK61 KUHARA COURT",SABAH,6,81,28.2,4.1
117.92404802497315,4.257008347959733,19/12/2025,AP41 TAMAN MEGAH JAYA 1 (LRG 3/1 - LRG 3/4),SABAH,1,81,28.2,4.1
117.89556853544326,4.272185979556739,19/12/2025,"JK54 TAMAN FORTUNE,JK59 TAMAN SRI IMPIAN,JK70 TMN. CITRA,JK76 LRG. NAGA EMAS,JK93 THE WELD",SABAH,5,81,28.2,4.1
117.9070649840395,4.278463772401317,19/12/2025,"SN10 TAMAN LILY,SN24 TAMAN ROSE",SABAH,2,81,28.2,4.1
117.8888603721287,4.297118897143564,19/12/2025,"JK02 TMN. SEMARAK LOJI,JK04 TMN. SEMARAK PH.1",SABAH,2,83,27.9,7.7
101.10320090084078,4.553914594101912,19/12/2025,KWSN PERINDUSTRIAN RINGAN SRI RAPAT,PERAK,1,86,25.9,2.6
101.13861903457747,4.613084593112675,19/12/2025,KWSN PERINDUSTRIAN RINGAN SRI RAPAT,PERAK,1,87,27.0,1.3
101.14971948507097,4.629998664574193,19/12/2025,KG TERSUSUN BT 6,PERAK,1,87,26.9,1.3
101.11669569349314,4.72902031947945,19/12/2025,RPT BT.10 CHEMOR,PERAK,1,89,25.5,1.6
100.49589690167333,5.280679553573337,19/12/2025,BANDAR TASEK MUTIARA SS3 B,PULAU PINANG,1,71,27.9,0.9
100.22485839791929,5.289335039955159,19/12/2025,"KG SULUP,TAMAN KUMBAR PERMAI,TAMAN SAHABAT",PULAU PINANG,3,75,28.4,3.3
100.28499139082899,5.321839047657993,19/12/2025,"D'PIAZZA CONDOMINIUM,FLAT JALAN TENGAH",PULAU PINANG,2,75,28.4,3.3
100.27904086605555,5.331895506567899,19/12/2025,"HILIR PAYA TERUBONG,JAMBUL VIEW",PULAU PINANG,2,75,28.4,3.3
100.29423875823944,5.334029738191548,19/12/2025,"APARTMENT MELATI,BJ COURT,FLAT SOLOK MAHSURI,HALAMAN KENANGA,HALAMAN NIPAH,LEBUH MAHSURI,LORONG RELAU,PANGSAPURI WAKAF SITI & HAJJAH NORIJAH,TMN BUKIT JAMBUL (D-J)",PULAU PINANG,9,75,28.4,3.3
100.30061473048444,5.35014549576889,19/12/2025,"APARTMENT DESA PERMAI INDAH,DESA PERMAI INDAH,UNIVERSITY HEIGHT",PULAU PINANG,3,75,28.4,3.3
100.27755565869231,5.3713176202662725,19/12/2025,"TAMAN TERUBONG JAYA (BLOK 9, 11 & 11A),TAMAN TERUBONG JAYA BLOK 18 & 20",PULAU PINANG,2,75,28.0,3.3
100.3998925399054,5.3827215681148655,19/12/2025,"SIAKAP, TINGKAT",PULAU PINANG,1,71,28.1,0.9
100.40146162294667,5.429856143140002,19/12/2025,TAMAN BAGAN LALANG (PANGSAPURI),PULAU PINANG,1,71,28.0,0.9
100.37956694922643,5.4432908520880545,19/12/2025,TAMAN PANTAI BERSIH,PULAU PINANG,1,77,27.7,6.6
100.4756202454178,5.597123494931509,19/12/2025,TAMAN PERMAI,KEDAH,1,75,27.4,2.1
118.10727748370424,5.862063684845071,19/12/2025,BDC,SABAH,1,86,27.3,0.8
118.07648276711517,5.861725255454546,19/12/2025,TAMAN MESRA,SABAH,1,86,27.3,0.8
118.06256072547599,5.867679123689958,19/12/2025,TAMAN TYNG BT.5,SABAH,1,86,27.3,0.8
116.06425379831543,5.874212035355704,19/12/2025,PPR SRI KERAMAT,SABAH,1,79,30.0,1.1
116.04307616688888,5.89751802845679,19/12/2025,"KG. PASIR PUTIH,TMN. BAYVIEW TELUK VILLA",SABAH,2,78,28.8,0.8
116.09816964032441,5.935972728706664,19/12/2025,"TMN DUTA GARDEN,TMN FORMOSA,TMN MILLENIUM HEIGHT",SABAH,3,80,28.2,0.2
116.09142719376695,5.954957122080511,19/12/2025,"KONDOMINIUM PUNCAK LUYANG,TAMAN FU YEN PH.3,TAMAN FU YEN PH.5,TAMAN KINABALU,TAMAN MOUNT ZION",SABAH,5,80,28.2,0.2
116.1130788209091,6.000926269115153,19/12/2025,"KG LIKAS LRG HAWA,KG.LIKAS JLN KULOR MELANGI",SABAH,2,80,28.2,0.2
116.13428363686384,6.017511288835681,19/12/2025,"D'VANTAGE APARTMENT,KG.WARISAN PH 2,TAMAN PURI WARISAN",SABAH,3,80,28.2,0.2
116.14730208699416,6.024748654695905,19/12/2025,"TAMAN FAJAR,TAMAN PERMATA",SABAH,2,80,28.2,0.2
116.13661598012042,6.036600060235602,19/12/2025,"KG. CONTOH SUANG PARAI,KG.DELIMA MELAYU",SABAH,2,80,28.2,0.2
100.3635641049859,6.137942590866193,19/12/2025,TAMAN SERI MENANTI,KEDAH,1,82,27.0,6.7
116.84007542041462,6.884243599914632,19/12/2025,"LANDUNG AYANG LAUT,LANDUNG AYANG TENGAH",SABAH,2,85,28.2,0.9
110.56647580247929,0.8909763543727832,20/12/2025,MUJAT,SARAWAK,1,89,26.4,15.0
110.56281450393938,0.9717073141757547,20/12/2025,MAYANG KAWAN,SARAWAK,1,88,27.2,11.4
103.65035849544644,1.4270121255297592,20/12/2025,TAPAK BINA KOMPLEKS MAHKAMAH BAHARU NUSAJAYA,JOHOR,1,81,27.1,4.2
103.62069965545282,1.4406895494968532,20/12/2025,TMN ECO BOTANI_2/,JOHOR,1,83,26.8,3.5
103.58036896988035,1.4613646270470095,20/12/2025,"TMN NUSANTARA_NUSARIA 4/3 - 4/9G,TMN NUSANTARA_NUSARIA 5/1 - 5/11,TMN NUSANTARA_NUSARIA 6/1 - 6/10,TMN NUSANTARA_NUSARIA 6/11 - 6/21",JOHOR,4,83,26.9,3.5
103.77026986758632,1.4635547911330924,20/12/2025,"APT INDERA PUTRA COURT,APT PARAGON SUITES,APT SKY SUITES,JLN AH SIANG,JLN LEKAS,R&F RESIDENCE PHASE 1_BLOK A",JOHOR,6,81,27.3,4.7
103.25623377894367,1.4690285137887305,20/12/2025,PULAU PISANG,JOHOR,1,82,26.5,9.6
103.58959220798381,1.474908279124323,20/12/2025,"SILC_JLN SILC 2,TMN NUSANTARA PRIMA_JLN PRIMA 6",JOHOR,2,83,26.8,3.5
103.86513071100644,1.4800992641677413,20/12/2025,TMN SIERRA PERDANA 3/,JOHOR,1,81,27.3,4.9
103.77918011532192,1.481580142678082,20/12/2025,TMN PELANGI_ZON C,JOHOR,1,81,27.3,4.7
103.9248891749507,1.4891959837957782,20/12/2025,TMN KOTA MASAI_JLN DUKU (ZON B),JOHOR,1,81,27.4,4.9
103.90609705710585,1.4893891706176414,20/12/2025,TMN CENDANA_ZON 1,JOHOR,1,81,27.3,4.9
103.76583160039041,1.4915963667534262,20/12/2025,TMN MELODIES_ZON 1,JOHOR,1,81,27.3,4.7
103.75516265490123,1.4939906873950617,20/12/2025,"APT LARKIN IDAMAN BLOK A1/A2,APT M'TIARA LARKIN IDAMAN",JOHOR,2,81,27.3,4.7
103.72259318257323,1.49472415489809,20/12/2025,BBU PADI HUMA,JOHOR,1,81,27.2,4.7
103.66267681985258,1.4967535572756447,20/12/2025,TMN TAN SRI YAAKOB_APPT SRI SELERA COURT,JOHOR,1,83,26.8,3.5
103.67058929036986,1.4987627154520555,20/12/2025,BDR UDA UTAMA_UDA UTAMA 4/,JOHOR,1,83,26.9,3.5
103.82977726882191,1.505941498753424,20/12/2025,KAW IND DESA PLENTONG_HARUM,JOHOR,1,81,27.4,4.9
103.92456872450684,1.5080820136369855,20/12/2025,TMN CAHAYA MASAI_JLN INTAN,JOHOR,1,81,27.4,4.9
103.65882001570556,1.5078892832388884,20/12/2025,TMN SUTERA UTAMA_PULAI 2/,JOHOR,1,83,26.8,3.5
103.70250283902054,1.5097299734726009,20/12/2025,TMN KENANGA BLOK 16-23,JOHOR,1,81,27.2,4.7
103.76991914522154,1.5305851976898732,20/12/2025,TMN ISTIMEWA,JOHOR,1,81,27.4,4.7
103.68788375531288,1.5307585816564404,20/12/2025,TMN ANGGERIK_JLN 1 & 2,JOHOR,1,81,27.3,4.7
103.71006583755901,1.5340668054720488,20/12/2025,TMN KEMPAS_JLN DATARAN 1/,JOHOR,1,81,27.1,4.7
103.80947553856953,1.5347393427019878,20/12/2025,"TMN JOHOR JAYA_JLN KEEMBONG 1-10,TMN JOHOR JAYA_JLN SEROJA 1-11",JOHOR,2,81,27.3,4.7
103.58423712702354,1.5400906511529415,20/12/2025,TMN PULAI INDAH_JLN PULAI INDAH /9,JOHOR,1,83,26.7,3.5
103.713595529306,1.5421010786557392,20/12/2025,"KUARTERS KDN SETIA TROPIKA,TMN SINARAN KEMPAS_BLOK 1-48",JOHOR,2,81,27.1,4.7
103.57655045695206,1.543053645575342,20/12/2025,TMN PULAI INDAH_JLN PULAI INDAH /5,JOHOR,1,83,26.6,3.5
103.78246789260379,1.5457816605031462,20/12/2025,TMN AUSTIN PERDANA_2/,JOHOR,1,81,27.2,4.7
110.36704310596481,1.5481535597676046,20/12/2025,JALAN TAN SRI DATUK WILLIAM TAN,SARAWAK,1,85,27.0,2.0
103.76062606127898,1.549242936815216,20/12/2025,"TMN DAYA SAGU 36_APT DAYA VIEW,TMN DAYA SAGU _FLAT SAGU 34,TMN DAYA_JLN PINANG 1-17,TMN DAYA_RUMBIA (ZON 1)",JOHOR,4,81,27.2,4.7
103.75619383415095,1.5583041922830188,20/12/2025,TMN DAYA_NIBONG ZON 1(1-17),JOHOR,1,81,27.2,4.7
103.79767112090853,1.5625401861036587,20/12/2025,"FLAT SRI LANANG_FASA 1(BLOK A-J),TMN GAYA_FLAT",JOHOR,2,82,26.5,3.5
103.80909290664864,1.5648252765945947,20/12/2025,TMN DESA CEMERLANG_JLN ARA,JOHOR,1,82,26.6,3.5
103.59885603497352,1.5652021918278138,20/12/2025,BANDAR PULAI JAYA BLOK 1,JOHOR,1,82,26.9,3.5
103.80431085530135,1.579218215794519,20/12/2025,TMN PELANGI INDAH_JLN CANTIK (FLAT U-Y),JOHOR,1,82,26.5,3.5
103.6429762415,1.5973153014520571,20/12/2025,TMN BUKIT SENANG,JOHOR,1,82,26.9,3.5
103.79364293334014,1.6008819090204083,20/12/2025,"TMN BESTARI INDAH, JLN BESTARI /2 (ZON 1)",JOHOR,1,82,26.5,3.5
103.80898297740127,1.6081458419808956,20/12/2025,"TMN BUKIT TIRAM_LEDANG 1-14,TMN BUKIT TIRAM_SOGA",JOHOR,2,82,26.5,3.5
103.68498621810674,1.633284628629214,20/12/2025,TMN SCIENTEX SENAI (SJ7-SJ18),JOHOR,1,82,26.9,3.5
103.61542601230137,1.6417255227397272,20/12/2025,B_INDAHPURA BLOK KENANGA C,JOHOR,1,82,26.9,3.5
103.59269397491276,1.6640214096107355,20/12/2025,TMN KULAI UTAMA,JOHOR,1,82,26.9,3.5
103.58641296946286,1.6700199369542827,20/12/2025,"TMN INDAH JAYA,TMN PERTAMA",JOHOR,2,82,26.9,3.5
103.53060407789104,1.684959138282052,20/12/2025,TMN WAWASAN BLOK RAJAWALI,JOHOR,1,82,27.1,2.1
109.74594172602818,1.7714715405633847,20/12/2025,PAON,SARAWAK,1,91,26.3,3.1
103.33034181349093,1.8329305377333334,20/12/2025,TMN RENGGAM JAYA,JOHOR,1,83,26.8,4.3
102.94070275715568,1.848844834227543,20/12/2025,JLN. HJ. BASIR,JOHOR,1,80,27.2,6.1
102.1266690828807,2.2790812648636387,20/12/2025,DESA TUN RAZAK (BLOK 1 -13),MELAKA,1,81,27.5,7.6
101.94139918537323,2.6793744960915484,20/12/2025,"TAMAN ANGGUR JAYA,TAMAN SEREMBAN 3 (JLN. SEREMBAN TIGA 27-32)",NEGERI SEMBILAN,2,84,27.3,11.9
101.94085260332278,2.6884250390696174,20/12/2025,TAMAN THIVY JAYA,NEGERI SEMBILAN,1,81,26.9,8.2
101.98974158483028,2.7060579998969696,20/12/2025,PUSAT BANDAR SENAWANG,NEGERI SEMBILAN,1,81,26.7,8.2
101.99773864221464,2.7173165798010466,20/12/2025,"APARTMENT SEROJA,TAMAN TASIK JAYA  (JALAN 15 - 22 & 35)",NEGERI SEMBILAN,2,81,26.6,8.2
101.9235998074014,2.73517445697183,20/12/2025,TAMAN MAKMUR,NEGERI SEMBILAN,1,86,26.5,16.4
101.9018026274014,2.736374417957744,20/12/2025,TAMAN BUKIT GALENA FASA 5,NEGERI SEMBILAN,1,86,26.7,16.4
101.62668984736241,2.770966583664432,20/12/2025,"BANDAR SERI EHSAN ZON 1,BANDAR SERI EHSAN ZON 2",SELANGOR,2,85,27.3,11.6
101.74652173757235,2.791697633452829,20/12/2025,"KG. GECHING,KG. SALAK TENGAH,KG. SRI SALAK",SELANGOR,3,84,26.9,9.8
101.79574902419333,2.7927246965933326,20/12/2025,"KAMPUNG KONDOK,KG KONDOK",NEGERI SEMBILAN,2,84,26.8,9.8
101.66279919194287,2.7990423003190483,20/12/2025,"PANGSAPURI LANGAT MURNI,PANGSAPURI LANGAT UTAMA,TAMAN LANGAT UTAMA (KEJORA)",SELANGOR,3,85,27.2,11.6
101.72835288734969,2.816653320134973,20/12/2025,"TAMAN IXORA,TAMAN IXORA 1",SELANGOR,2,84,26.8,11.0
101.72278546455554,2.828816976611109,20/12/2025,"APARTMENT DAHLIA IMPIANA,APT CASA DAHLIA, BBST",SELANGOR,2,84,26.8,11.0
101.62600348045889,2.830565482178083,20/12/2025,KG BUKIT CHANGGANG,SELANGOR,1,85,26.8,12.0
101.89303282220368,2.8309257672160504,20/12/2025,TAMAN PELANGI INDAH,NEGERI SEMBILAN,1,86,26.2,14.2
101.78302349313725,2.8348052475751624,20/12/2025,TAMAN DESA ANGGERIK (JALAN BBN 9/2),NEGERI SEMBILAN,1,84,26.6,11.0
101.68162483050943,2.862340627314467,20/12/2025,"TAMAN BAIDURI,TAMAN PERMATA",SELANGOR,2,85,26.8,12.0
101.50487607570199,2.8796793837814576,20/12/2025,TAMAN SRI JAROMAS,SELANGOR,1,85,27.1,11.1
101.6084166436087,2.883469597838508,20/12/2025,"PALMA SANDS, GAMUDA COVE",SELANGOR,1,85,26.8,12.0
101.78796697018237,2.885058400264153,20/12/2025,"APPT VISTA BANDAR SRI PUTRA,KONDOMINIUM VISTA BANDAR SRI PUTRA",SELANGOR,2,84,26.7,11.0
101.49324938466829,2.8850463760195098,20/12/2025,TAMAN RAMBAI INDAH,SELANGOR,1,85,27.1,11.1
101.61240273249456,2.8939238937228278,20/12/2025,"MAYABAY RESIDENCES,TAPAK BINA NORTH WOODS",SELANGOR,2,85,26.8,12.0
101.87260676510809,2.895305764654053,20/12/2025,TAMAN SEMENYIH PARKLANDS,SELANGOR,1,86,26.4,14.2
101.46114015720644,2.904917186367741,20/12/2025,TAMAN DATO HORMAT (JALAN PANDAN),SELANGOR,1,85,27.1,11.1
101.64410899949999,2.9193191911644703,20/12/2025,"RUMAH KONGSI ALLEGRO,RUMAH KONGSI INTABINA CYBERJAYA",SELANGOR,2,85,26.6,12.0
101.63639252426219,2.924796688445118,20/12/2025,"ECLIPSE APARTMENT,THE ARC CONDO",SELANGOR,2,85,26.8,12.0
101.83247735940961,2.931739518915662,20/12/2025,"TAMAN DALMA SEMENYIH,TAMAN SEMENYIH IMPIANA",SELANGOR,2,86,26.6,14.2
101.74806259503106,2.935775295316773,20/12/2025,"KG. SG MERAB LUAR,TAMAN DESA MAS",SELANGOR,2,84,26.9,11.0
101.79051316194393,2.9426736067429933,20/12/2025,"APPT KELISA RIA KAMPUNG SUNGAI TANGKAS,APPT VILLA TROPIKA DAN RUMAH KEDAI JALAN VILLA TROPIKA 1,JALAN KELISA 4(A),5 DAN 6 KAMPUNG SUNGAI TANGKAS,TAMAN TROPIKA 2",SELANGOR,4,84,27.0,12.8
101.67943274603871,2.9454855977419343,20/12/2025,"PRESINT 9 - FASA 1,PRESINT 9 - JALAN P9G/3 - G/6",WILAYAH PERSEKUTUAN,2,83,27.2,12.9
101.76596388407252,2.9469698354656497,20/12/2025,"APPT JALAN 6C/2 SEKSYEN 16 BANDAR BARU BANGI,JALAN 1/7 SEKSYEN 1 BANDAR BARU BANGI,JALAN 1/9 SEKSYEN 1 BANDAR BARU BANGI",SELANGOR,3,84,26.8,12.8
101.77457484450701,2.9638855857887285,20/12/2025,JALAN 4/12 SEKSYEN 4 BANDAR BARU BANGI,SELANGOR,1,84,27.0,12.8
101.8028866292686,2.9748979810857143,20/12/2025,"BLOK A, B DAN J PANGSAPURI SERI MEWAH DAN JALAN SERI MEWAH 1-4,JALAN 2 DAN AWANA TAMAN SERI MEWAH",SELANGOR,2,84,26.9,12.8
101.48250836406216,2.976891927259885,20/12/2025,"TAMAN SETIA 01,TAMAN SETIA 02",SELANGOR,2,82,27.5,10.9
101.58809299858419,2.978057818552631,20/12/2025,"TAMAN PUTRA PRIMA,TAMAN PUTRA PRIMA FASA 2",SELANGOR,2,83,27.4,12.9
101.60940937308985,2.983798970808591,20/12/2025,"E15. TMN PUCHONG UTAMA (JLN PU 10),E15. TMN PUCHONG UTAMA (JLN PU 6 ) APT SRI UTAMA,E15. TMN PUCHONG UTAMA 7 (COURT 1) BLOK A, B, C, D, E, F, G, H, J, K, L, M, N, P",SELANGOR,3,83,27.4,12.9
101.78861293052113,2.991991559830985,20/12/2025,PENJARA KAJANG,SELANGOR,1,84,27.0,12.8
101.74886622839074,2.993121303701987,20/12/2025,PANGSAPURI GAPURA BAYU TAMAN PUNCAK UTAMA,SELANGOR,1,84,27.0,12.8
101.4818497819452,2.9936247764452038,20/12/2025,TAMAN SENTOSA 05,SELANGOR,1,82,27.5,10.9
102.07571796615753,2.993820809109588,20/12/2025,RUMAH RAKYAT TITI,NEGERI SEMBILAN,1,81,25.9,4.4
101.76148739653672,2.994384478378531,20/12/2025,"JADITE SUITES CONDO JADE HILLS,JALAN 3/1-3/4, 4/2-4/4 & 5/1-5/3 TAMAN SETIA IMPIAN,TAMAN SEMENYIH PARKLANDS",SELANGOR,3,84,26.9,12.8
101.50007369712179,2.9957288763076897,20/12/2025,SEKSYEN 32 (JALAN REZAB BUANG LOT 2909),SELANGOR,1,82,27.5,10.9
101.64057775307482,2.9980542837142874,20/12/2025,E15. TMN SAUJANA PUCHONG SP 8,SELANGOR,1,83,27.1,12.9
101.53089959706165,2.999825336732879,20/12/2025,"SEKSYEN 31 (TERES O : JLN 31/98F, 31/98H - 31/98L)",SELANGOR,1,82,27.5,10.9
101.80144247093949,2.9961719252993624,20/12/2025,"KUARTERS JKR SUNGAI JELOK,PUSAT PERNIAGAAN SUNGAI JELOK,TAMAN MEGAH SUNGAI JELOK,TAMAN SAGA EMAS",SELANGOR,4,84,26.9,12.8
101.46925692883974,3.0063158350128223,20/12/2025,TAMAN SENTOSA 26,SELANGOR,1,82,27.5,10.9
101.75996782151381,3.0055736883867397,20/12/2025,"JALAN 3(B),10-15 TAMAN DESA KARUNMAS,JALAN BA 9-14 KAWASAN PERINDUSTRIAN BUKIT ANGKAT SG. CHUA,JALAN SUTERA 4 TAMAN SUTERA",SELANGOR,3,84,26.9,12.8
101.45179728107334,3.007474345220003,20/12/2025,TAMAN KLANG JAYA 07,SELANGOR,1,82,27.5,10.9
101.8132877609829,3.0096907643546995,20/12/2025,"BLOK A-H KUARTERS PENJARA KAJANG,IVORY RESIDENCE KAJANG",SELANGOR,2,81,27.1,11.9
101.80247279810953,3.0127299232095215,20/12/2025,"APPT TAMAN TAMING IMPIAN,JALAN JENARIS 3 & 3B TMN DESA SERI JENARIS,JALAN JENARIS A-G TAMAN DESA SERI JENARIS,TAMAN TAMING IMPIAN",SELANGOR,4,84,26.9,12.8
101.40290865728477,3.016285078052981,20/12/2025,FLAT SRI PERANTAU,SELANGOR,1,84,27.5,4.8
101.68004512074097,3.0161859606084325,20/12/2025,E16. TMN PUNCAK JALIL 2C (JLN PUJ 2/19 - 2/29),SELANGOR,1,83,27.0,12.9
101.75858028205555,3.0167260481324782,20/12/2025,"APPT KASAWARI TAMAN IMPIAN EHSAN,APPT KENARI TAMAN IMPIAN EHSAN,JALAN CJ 4 TAMAN CHERAS JAYA",SELANGOR,3,84,27.0,12.8
101.6714443150274,3.017499196917808,20/12/2025,E16. TMN PUNCAK JALIL 5 (JLN PUJ 5/1-5/10),SELANGOR,1,83,26.8,12.9
101.62747883479999,3.02304451980625,20/12/2025,"E15. PST BDR PUCHONG PSN INDERA- (PANGSAPURI PERMATA SARI - QTS MPSJ),E15. PST BDR PUCHONG PSN INDERA- (SRI PINANG) BLOK A, B, C, D",SELANGOR,2,83,27.1,12.9
101.71505068486667,3.022792795345098,20/12/2025,"E17. SRI KEMBANGAN (THE HERITAGE) BLOK A, B, C, D, E,E17. TMN SERDANG JAYA 7 (BOSNIA) BLOK MERANTI, KEMPAS,CENDANA, DAMAR, CENGAL,E17. TMN SERDANG JAYA 7 (PKNS)",SELANGOR,3,84,27.0,12.8
101.71106631938363,3.0293016555660355,20/12/2025,"E17. TMN SERDANG PERDANA (PERDANA SELATAN - SOUTH CITY CONDO),E17. TMN SERDANG PERDANA (PERDANA SELATAN APARTMENT)",SELANGOR,2,84,27.0,12.8
101.40026168801829,3.0322069626707338,20/12/2025,"KAMPUNG DELEK BARU 08,KAMPUNG DELEK BARU 09",SELANGOR,2,84,27.5,4.8
101.67803190324598,3.0358471851871665,20/12/2025,E16. TMN PUNCAK JALIL 8 (PANGSAPURI MAYANG),SELANGOR,1,83,27.1,12.9
101.73842058511184,3.0380107554407885,20/12/2025,JALAN DP 16 BANDAR DAMAI PERDANA,SELANGOR,1,84,26.8,12.8
101.6363319745396,3.0403280007227727,20/12/2025,"E15. BDR KINRARA 4 (JLN BK 4/5 - 4/9),E15. TMN BKT KINRARA (MELOR)",SELANGOR,2,83,27.1,12.9
101.70603071803166,3.0441567026392358,20/12/2025,E17. TMN SERDANG PERDANA PSRN PERDANA (ONE SOUTH),SELANGOR,1,84,27.0,12.8
101.50368682133862,3.0451912021322722,20/12/2025,"E2. SEKSYEN 17 (FLAT JLN 17/1 : BLOK 1- 6),E2. SEKSYEN 17 (TERES B : JLN 17/16 - 17/24)",SELANGOR,2,82,27.5,10.9
101.51673721211043,3.048235692846625,20/12/2025,E1. SEKSYEN 18 (TERES C : JLN 18/16 - 18/18),SELANGOR,1,82,27.5,10.9
101.65407317948255,3.0497865787732548,20/12/2025,"PPR PINGGIRAN 1 (BLOK A,B,C,D,E,F),PPR PINGGIRAN 2(BLOK G,H,J,K,L,M)",WILAYAH PERSEKUTUAN,2,83,27.0,12.9
101.41132051468674,3.044879841039157,20/12/2025,"KAMPUNG SUNGAI UDANG 21,KAMPUNG SUNGAI UDANG 33,TAMAN HIJRAH 02",SELANGOR,3,84,27.5,4.8
101.5590098937267,3.0550790218509323,20/12/2025,"E13. TMN SUBANG MAS (PANGSAPURI HARMONI SITE TAPAK BINA),E13. TMN SUBANG MAS (RUMAH KEDAI)",SELANGOR,2,82,27.4,10.9
101.46125067079453,3.0656246956438378,20/12/2025,APARTMENT PALM GARDEN,SELANGOR,1,84,27.4,9.1
101.41349843889743,3.066823754641024,20/12/2025,TAMAN MEWAH,SELANGOR,1,84,27.7,11.3
101.61425338765773,3.0646447998389266,20/12/2025,"E13. PJS 7/1 - PJS 7/6,E13. PJS 7/15 (FLAT KOS RENDAH) BLOK A, B, C, D, E, F, G, H, K,E13. PJS 7/15 (PANGSAPURI MUTIARA PERDANA) BLOK A, B, C, D,E13. PJS 9/1 (LAGOON PERDANA & RUMAH KEDAI)",SELANGOR,4,83,27.0,17.3
101.52356659736363,3.0708191067979804,20/12/2025,E1. SEKSYEN 14 (PANGSAPURI VISTA ALAM),SELANGOR,1,84,27.3,9.1
101.55349544717578,3.0710019772545483,20/12/2025,"E2. SEKSYEN 22 (KONDO INDAH ALAM),E2. SEKSYEN 22 (KONDO PURI AIYU),E2. SEKSYEN 22 (V RESIDENSI)",SELANGOR,3,84,27.4,9.1
101.5107680708606,3.075376176703031,20/12/2025,"E1. SEKSYEN 3 (KOMPLEKS MAIS),E1. SEKSYEN 4 (TERES A : JLN 4/2 - 4/3)",SELANGOR,2,84,27.4,9.1
101.66322383157042,3.079438725830983,20/12/2025,"TAMAN SRI SENTOSA (JLN 1,1B,2,2B/133)",WILAYAH PERSEKUTUAN,1,83,27.0,17.3
101.64734333140386,3.079711730320512,20/12/2025,E12. TM PJS 1 PANGSAPURI PERMAI [JLN PJS 1/25],SELANGOR,1,83,27.0,17.3
101.6168655855588,3.079565293752941,20/12/2025,"E11. SRI PJS 6 FLAT DESA MENTARI 1 (BLOK 1 , 2 , 3),E11. SRI PJS 6 FLAT DESA MENTARI 2 (BLOK 4 , 5 , 6)",SELANGOR,2,83,27.0,17.3
101.60487565085269,3.0785554979496097,20/12/2025,"E11. SRI PJS 10 (TERES 3) [JLN PJS 10/7C , 10/9A , 10/11A - 10/11D],E11. SRI PJS 10 APT KAYANGAN,E11. SRI PJS 10 APT SUBANG VILLE EHSAN,E11. SRI PJS 10 SURIA MAS  KONDO,E11. SRI PJS 8 APT DAMAI",SELANGOR,5,83,27.0,17.3
101.59143799256586,3.08112226415122,20/12/2025,"E13. SS 15/5 (TERES),E13. SS 16 (CASA TIARA APPT)",SELANGOR,2,83,26.9,17.3
101.6384161053852,3.070789557074075,20/12/2025,"E12. TM PJS 2B PUSAT KOMERSIAL,E12. TM PJS 2C APT MEDAN JAYA (BLOK I),E12. TM PJS 2C TMN MEDAN (TERES 1) [JLN PJS 2C/2,2C/7,2C/7A,2C/7B,2C/9,2C/12,14],E12. TM PJS 2C TMN MEDAN (TERES 4) [JLN PJS 2C/11,2C/11A,B,C,D,F,G,H,J,K,L,28,2],E12. TM PJS 2C TMN MEDAN (TERES 5) [JLN PJS 2C/5,1,2,4,6,8,10,PJS 2/2,1],E12. TM PJS 2D FLAT DESA MENTARI (BLOK 11),E12. TM PJS 2D TMN MEDAN (TERES 1) [JLN PJS 2D/15 , PJS 2D/15A - PJS 2D/15E],E12. TM PJS 2D TMN MEDAN (TERES 2) [JLN PJS 2D/2,4,5,6,7,8,8C,8D,9,10,11,12,14],E12. TM PJS 3 APT SRI MANJA (BLOK D , E , F) [JLN PJS 3/55],E12. TM PJS 3 FLAT SRI MANJA (BLOK A , B , C) [JLN PJS 3/55],E12. TM TMN DATO HARUN (TERES 3) [JLN 11,13,2/8,2/15,2/17,PJS 2/2,2/4],E14. TMN KINRARA (JLN TK 1),E14. TMN KINRARA JLN TK 2 (PANGSAPURI TMN KINRARA 2) BLOK A,B,C,D,E14. TMN KINRARA JLN TK 3 (VISTA LAVENDER),E14. TMN KINRARA JLN TK 4 (PANGSAPURI KINRARA PUTRI),E14. TMN KINRARA JLN TK 4 (PANGSAPURI KOS RENDAH)",SELANGOR,16,83,27.0,17.3
101.6384161053852,3.070789557074075,20/12/2025,KINRARA MAS CONDOMINIUM,WILAYAH PERSEKUTUAN,1,83,27.0,17.3
101.75324305757042,3.083488503830989,20/12/2025,"KEM PGA CHERAS 1 (BLOK G1,G2,G3,G4,G5)",SELANGOR,1,83,26.9,17.3
101.51667010629937,3.087065413999999,20/12/2025,"E1. SEKSYEN 8 (TERES A : JLN 8/1 - 8/13),E1. SEKSYEN 9 (KUARTERS IPK SELANGOR)",SELANGOR,2,84,27.3,9.1
101.69763140706665,3.0907201742000012,20/12/2025,THE VYNE SUNGAI BESI,WILAYAH PERSEKUTUAN,1,83,27.1,17.3
101.70917189011656,3.0983627467239283,20/12/2025,"PANGSAPURI SRI PENARA FASA 1 (BLOK A-B),PANGSAPURI SRI PENARA FASA 2 (BLOK C-D)",WILAYAH PERSEKUTUAN,2,83,27.1,17.3
101.6658254545845,3.1035042207676047,20/12/2025,DESA AMAN 2 (PDRM),WILAYAH PERSEKUTUAN,1,83,26.8,17.3
101.7975622105845,3.1037326257816886,20/12/2025,BLOK M1-M6 APPT TAMAN PERKASA HULU LANGAT,SELANGOR,1,83,26.7,17.3
101.75243814564973,3.105936022111675,20/12/2025,"INDUSTRI & JALAN 14 KG CHERAS BARU,NUSA MEWAH VILLA KONDOMINIUM TAMAN BUKIT PANDAN",SELANGOR,2,83,26.8,17.3
101.75243814564973,3.105936022111675,20/12/2025,"KG.CHERAS BARU B (JLN KUARI, JLN 7, 9, 10-12, 14, LRG 12, LRG 14A)",WILAYAH PERSEKUTUAN,1,83,26.8,17.3
101.70600617334246,3.1083924588630127,20/12/2025,"PPR PINGGIRAN 1 (BLOK A,B,C,D,E,F),RAZAK CITY RESIDENCE (BLOK B&C)",WILAYAH PERSEKUTUAN,2,83,27.1,17.3
101.66984967348344,3.109671984556291,20/12/2025,FLAT TMN BUKIT ANGKASA (BLOK 9 & BLOK 16-20),WILAYAH PERSEKUTUAN,1,83,26.8,17.3
101.7627340235845,3.110275546788731,20/12/2025,JALAN MEGA 1-8 TAMAN MEGA JAYA,SELANGOR,1,83,26.6,17.3
101.58799836177776,3.112665625952989,20/12/2025,"E11. SRI PJU 1A APT KELANA IDAMAN,E11. SRI PJU 1A D'AMAN CRIMSON,E11. SRI PJU 1A PPRT 1 BLOK (A,B,C),E11. SRI PJU 1A PPRT 1 BLOK (G,H),E11. SRI PJU 1A PPRT LEMBAH SUBANG 2 (BLOK A-E)",SELANGOR,5,83,27.0,17.3
101.72418727914828,3.1186321817870715,20/12/2025,"APARTMENT M-VERTICA RESIDENSI (BLOK C,D,E),FLAT SRI PULAU PINANG B (BLOK 9-12),JALAN IKAN EMAS (PANGSAPURI INDAH MAS),JALAN PUDU ULU",WILAYAH PERSEKUTUAN,4,83,27.0,17.3
101.76845741959603,3.120615464344369,20/12/2025,JALAN MELUR 1-9 TAMAN MELUR,SELANGOR,1,83,26.8,17.3
101.4402507366644,3.121024829102736,20/12/2025,TAMAN MERU SELATAN 02,SELANGOR,1,84,27.4,9.1
101.72224737023602,3.128887098515526,20/12/2025,"JALAN PEEL (SUNWAY VELOCITY TWO),V RESIDENCE 2 SUNWAY VELOCITY",WILAYAH PERSEKUTUAN,2,83,27.0,17.3
101.68293467990284,3.1294394127257172,20/12/2025,"JALAN RAKYAT (BANGUNAN TONG NAM ),JLN THAMBY ABDULLAH 1 , JLN THAMBY ABDULLAH,MENARA PELANGI APARTMENT",WILAYAH PERSEKUTUAN,3,83,27.0,17.3
101.65075567363291,3.1312120914367125,20/12/2025,UM (KOLEJ KEDIAMAN 10),WILAYAH PERSEKUTUAN,1,83,26.8,17.3
101.44178492417646,3.1327947351960823,20/12/2025,TAMAN ORKID 01,SELANGOR,1,84,27.4,9.1
101.75857669138357,3.1381495845821963,20/12/2025,BLOK C FLAT PANDAN RIA,SELANGOR,1,83,27.0,17.3
101.76730584369322,3.138872815858897,20/12/2025,"FLAT SRI NILAM BANDAR BARU AMPANG,JALAN SERI MERDEKA 2-6 TAMAN SRI MERDEKA",SELANGOR,2,83,26.9,17.3
101.61454558281707,3.139751294829267,20/12/2025,"E8. BU PJU 6 BU 1 (TERES 1) [JLN 1/1, 1/1A, 1/9 - 1/15],E8. BU PJU 6A PELANGI UTAMA KONDO",SELANGOR,2,83,26.9,17.3
101.71041329095507,3.1453437147966903,20/12/2025,"BERJAYA TIMES SQUARE HOTEL,CASA MUTIARA SERVICE APPT,JALAN ALOR,JALAN BARAT,JALAN SIN CHEW KEE (RUMAH KEDAI),NOVOTEL KLCC,SEASONS TOWER,SUN COMPLEX JALAN IMBI,TAPAK BBCC LALAPORT,WISMA COSWAY, JALAN RAJA CHULAN",WILAYAH PERSEKUTUAN,10,83,26.9,17.3
101.57881412377489,3.1524977746406924,20/12/2025,"E7. KD PJU 5 SEK 4 GUGUSAN MATAHARI,E7. KD PJU 5 SEK 4 GUGUSAN MELATI,E7. KD PJU 5 SEK 4 GUGUSAN SEMARAK,E7. KD PJU 5 SEK 6 GUGUSAN SEROJA",SELANGOR,4,83,26.9,17.3
101.69712195981323,3.152247824498053,20/12/2025,"JALAN TUN PERAK,KUARTERS MASJID JAMEK,MENARA CITY ONE",WILAYAH PERSEKUTUAN,3,83,27.0,17.3
101.70117279129374,3.164944877225004,20/12/2025,"KAMPUNG BARU (JALAN RAJA BOT),KAMPUNG BARU (WISMA SABARUDDIN)",WILAYAH PERSEKUTUAN,2,83,27.1,17.3
101.72530534676073,3.165897594944786,20/12/2025,"KAMPUNG DATO KERAMAT ( LORONG KERAMAT 1,2,3)",WILAYAH PERSEKUTUAN,1,83,27.1,17.3
101.57148236930276,3.1703859727889934,20/12/2025,"E7. KD PJU 5 SEK 7 APT LILY,E7. KD PJU 5 SEK 7 GUGUSAN KANTAN,E7. KD PJU 5 SEK 7 GUGUSAN KEKWA,E7. KD PJU 5 SEK 7 GUGUSAN KEMBOJA",SELANGOR,4,83,26.8,17.3
101.74259867829745,3.1754738181202544,20/12/2025,"AU1C TMN KERAMAT,AU1C TMN KERAMAT ZON 4",SELANGOR,2,83,26.9,17.3
101.57762984058385,3.1776782721118004,20/12/2025,"E7. KD PJU 5 SEK 8 GUGUSAN KEMUNING (A,B) PPRT,E7. KD PJU 5 SEK 8 GUGUSAN KESUMBAR (C,D) PPRT",SELANGOR,2,83,26.8,17.3
101.64650018315069,3.1784252926164362,20/12/2025,BOUGAINVILLA APARTMENT,WILAYAH PERSEKUTUAN,1,83,26.5,17.3
101.53348768260228,3.178702798255681,20/12/2025,"E5. SEKSYEN U5 (MUTIARA SUBANG KAW PERINDUSTRIAN A : JALAN U5/11 - U5/17 ),E5. SEKSYEN U5 (PANGSAPURI MUTIARA SUBANG : BLOK 1 - 7),E5. SEKSYEN U5 (SUBANG PELANGI : JLN U5/122 - U5/129 & JLN U5/AK, AJ, AH & AG)",SELANGOR,3,84,27.2,9.1
101.69876048368354,3.1819137796582284,20/12/2025,"FLAT SRI PERAK  A (BLOK 29,31,33),FLAT SRI PERAK B (BLOK 35,37,39,41)",WILAYAH PERSEKUTUAN,2,83,27.0,17.3
101.63506372015753,3.1849453253767117,20/12/2025,DESA PARK CITY (THE BREEZEWAY),WILAYAH PERSEKUTUAN,1,83,26.6,17.3
101.53365749747945,3.188193652075339,20/12/2025,E5. SEKSYEN U5 (PANGSAPURI SUBANG HIJAUAN : BLOK 9 - 12),SELANGOR,1,84,27.3,11.4
101.6562708251175,3.1845662640647467,20/12/2025,"ALIX RESIDENCE TAPAK BINA/KONGSI),FLAT TAMAN SPPK JALAN DUTAMAS SEROJA,KAMPUNG PASIR SEGAMBUT LUAR (JALAN KELAPA,JALAN KELAPA GADING),KAMPUNG SEGAMBUT BAHAGIA ( JALAN KELAPA HIJAU ),PANGSAPURI PLAZA SINAR,TAMAN SRI SINAR (JALAN 15 & 16 / 38D-KEDAI)",WILAYAH PERSEKUTUAN,6,83,26.8,17.3
101.6785091923051,3.194077051144069,20/12/2025,"JLN TEROLAK 4 (Q1-Q16),(CC1-CC11), JLN CENDERUH (R1-R14),JLN CENDERUH 7 (W1-W4),TAMAN BAMBOO(JLN TEROLAK 4 (Q1-Q16),(CC1-CC11),JLN CENDERUH (R1-R14), (W1-W12),TAMAN RAINBOW (JALAN SUNGKAI, JALAN SELAMA),TWELVE APARTMENT",WILAYAH PERSEKUTUAN,4,85,27.9,12.9
101.66770109234481,3.195662842063219,20/12/2025,"TAMAN LAWA (JALAN 12/42 (2-38), JALAN 14/42, DAN JALAN 15/42),TAMAN LAWA (JALAN 2/42, 4/42 & JALAN JAMBU MAWAR ( 1-31 ),TAMAN SEJAHTERA (JLN 8/42A (42A-56) JLN 7/42 (2-56) &JLN 6/42 (1-65)&(32-62A)",WILAYAH PERSEKUTUAN,3,85,27.8,12.9
101.60384480938265,3.1927792020160766,20/12/2025,"E6. BL PJU 9 SD 11,E6. BL PJU 9 SD 13 APT SRI MERANTI (1) [A,B,C,D,E,F,G],E6. BL PJU 9 SD 13 APT SRI MERANTI (2) [H,J,K,L,M,N,P,Q,R]",SELANGOR,3,85,27.7,12.9
101.58962922425066,3.1934932032106667,20/12/2025,"E6. BL PJU 10 APT BAYU,E6. BL PJU 10 APT IDAMAN FASA 1  (A,B,C,H,J,K,L,M,N),E6. BL PJU 10 APT IDAMAN FASA 2 (D,E,F,G,O,P,Q,R,S),E6. BL PJU 10 APT VISTA (1) [A,B,C,D,E,F,G],E6. BL PJU 10 APT VISTA (2) [H,J,K,L,M,N,P,Q],E6. BL PJU 10 KG SELAMAT,E6. BL PJU 10 ONE DAMANSARA KONDO,E6. BL PJU 10 PANGSAPURI SRI EMBUN,E6. BL PJU 10 PLAZA SURIA,E6. BL PJU 10 SAUJANA DAMANSARA (A) [JLN PJU 10/13, PJU 10/14],E6. BL PJU 10 THE VALE",SELANGOR,11,85,27.7,12.9
101.737736830048,3.1977039233359985,20/12/2025,"KONDOMINIUM THE HAMILTON,RESIDENSI SERI RIANA,TAMAN SRI RAMPAI F (JLN 47/26 - 66/26),TAMAN SRI RAMPAI H (JLN 82/26 - JLN 92/26),WANGSA 9 RESIDENCY, JALAN WANGSA PERDANA 1",WILAYAH PERSEKUTUAN,5,83,26.8,17.3
101.76563143764241,3.2011741006242396,20/12/2025,"TMN UKAY BISTARI ZON A,TMN UKAY BISTARI ZON B",SELANGOR,2,83,26.9,17.3
101.70295531845807,3.2037407518322576,20/12/2025,JALAN GOMBAK(KL TRADERS SQUARE),WILAYAH PERSEKUTUAN,1,83,27.0,17.3
101.48944148263381,3.2048855227253514,20/12/2025,JALAN CENGAL SAUJANA UTAMA 2,SELANGOR,1,84,27.3,11.4
101.69061284758736,3.204840406620817,20/12/2025,"KONDOMINIUM M CENTURA SENTUL,KONDOMINIUM MAXIM CITYLIGHT (BLOK A, B, C, D, E, F),KONDOMINIUM SRI SUAJAYA (BLOK 200, 202, 204),M ARISA (JALAN SENTUL),SKY AWANI RESIDENCE",WILAYAH PERSEKUTUAN,5,83,26.9,17.3
101.71722179517094,3.2036452426153836,20/12/2025,"FLAT DANAU KOTA ( BLOK D & E),FLAT DANAU KOTA (BLOK A,B,C),FLAT PRIMA SETAPAK,KEM WARDIEBURN (BLOK E BARU & F BARU),MEDAN IDAMAN (IDAMAN PUTRI KONDOMINIUM),MEDAN IDAMAN (IDAMAN SUTERA KONDOMINIUM),PANGSAPURI TERATAI MEWAH,PLATINUM LAKE KONDOMINIUM PV12,PLATINUM LAKE KONDOMINIUM PV18,PPR AIR PANAS (BLOK A,B,C,D),TAMAN DANAU KOTA(KONDOMINIUM PLATINIUM VIC LAKE 12),TAMAN SETAPAK (JALAN BAKUBANG),TAMAN SETAPAK (JALAN CHENGAL SELATAN),TAMAN SETAPAK (JALAN SATANG 1),TAMAN SETAPAK (JALAN SATANG 2),TAMAN SETAPAK (JALAN TIOMAN)",WILAYAH PERSEKUTUAN,16,83,27.0,17.3
101.75042374368213,3.213133358649008,20/12/2025,"TMN MELAWATI (B),TMN MELAWATI B (ZON 2)",SELANGOR,2,83,26.9,17.3
101.52046945066442,3.213789785738258,20/12/2025,E5. SEKSYEN U17 (AMAN PUTRI : TERES JLN U17/43 - U17/51),SELANGOR,1,84,27.3,11.4
101.63611162643124,3.216122279818749,20/12/2025,"PPR PEKAN KEPONG (BLOK A, B DAN C)",WILAYAH PERSEKUTUAN,1,85,27.7,12.9
101.6937587200719,3.2290458488235307,20/12/2025,APPT FIONA,SELANGOR,1,85,27.7,12.9
101.56359919766197,3.2494745646760577,20/12/2025,APPT IMPIAN INDAH,SELANGOR,1,85,27.7,12.9
101.69110692903948,3.2505838590789478,20/12/2025,"APPT MESRA,APPT TEMENGGUNG,APPT WIRA DAMAI,PANGSAPURI SELANGORKU SERI TEMENGGUNG",SELANGOR,4,85,27.7,12.9
101.67435554801831,3.2689392960769252,20/12/2025,"APPT JULIA,BDR BARU SELAYANG FASA 2B (ZON B),FLAT SELAYANG MULIA,KG BENDAHARA",SELANGOR,4,85,27.5,12.9
101.64194881336986,3.2946247451917814,20/12/2025,TMN SETIA ECO TEMPLER,SELANGOR,1,85,27.6,12.9
101.5540546070685,3.3984985788424664,20/12/2025,JALAN DAHLIA BB,SELANGOR,1,84,27.0,13.4
101.54944793160128,3.4377032598291133,20/12/2025,"APT DAHLIA TBR BB,JALAN BUNGA RAYA 1, BUKIT BERUNTUNG",SELANGOR,2,84,26.7,17.0
101.55608907718562,3.444540819047902,20/12/2025,APT TERATAI TBR BB,SELANGOR,1,84,26.7,17.0
102.39267909131647,3.463844380715188,20/12/2025,TAMAN CHENGAL,PAHANG,1,82,26.8,2.1
103.30206979927814,3.7972792868145713,20/12/2025,TMN. CENDERAWASIH - BLOK PERINGKAT 2,PAHANG,1,80,26.8,0.0
117.89957722983011,4.251429767332046,20/12/2025,"AP07 APAS BT. 1 TAKADA,AP40 KG SUNGAI TAWAU BT 2,AP42 APAS BT. 1 1/2 KANAN,IB09 LRG. HJ ISMAIL,IB23 LORONG HJ AWADAN,JK61 KUHARA COURT",SABAH,6,84,27.7,3.9
117.92404802497315,4.257008347959733,20/12/2025,AP41 TAMAN MEGAH JAYA 1 (LRG 3/1 - LRG 3/4),SABAH,1,84,27.7,3.9
117.89556853544326,4.272185979556739,20/12/2025,"JK54 TAMAN FORTUNE,JK59 TAMAN SRI IMPIAN,JK70 TMN. CITRA,JK76 LRG. NAGA EMAS,JK93 THE WELD",SABAH,5,84,27.6,3.9
117.9070649840395,4.278463772401317,20/12/2025,"SN10 TAMAN LILY,SN24 TAMAN ROSE",SABAH,2,84,27.6,3.9
117.8888603721287,4.297118897143564,20/12/2025,"JK02 TMN. SEMARAK LOJI,JK04 TMN. SEMARAK PH.1",SABAH,2,80,27.8,0.0
100.98998317038027,4.359338561239439,20/12/2025,"BANDAR SRI ISKANDAR,TAMAN BANDAR UNIVERSITI (SUSUR U3)",PERAK,2,84,26.9,13.3
101.10320090084078,4.553914594101912,20/12/2025,KWSN PERINDUSTRIAN RINGAN SRI RAPAT,PERAK,1,81,26.9,19.4
101.13099756502001,4.569139272906666,20/12/2025,TMN RAPAT INDAH,PERAK,1,81,26.9,19.4
101.13861903457747,4.613084593112675,20/12/2025,KWSN PERINDUSTRIAN RINGAN SRI RAPAT,PERAK,1,83,28.0,17.7
101.14971948507097,4.629998664574193,20/12/2025,KG TERSUSUN BT 6,PERAK,1,83,27.9,17.7
101.11669569349314,4.72902031947945,20/12/2025,RPT BT.10 CHEMOR,PERAK,1,83,26.8,16.2
118.39210149417333,5.040213822973333,20/12/2025,PANGSAPURI MUTIARA KASIH,SABAH,1,86,26.3,0.0
100.49589690167333,5.280679553573337,20/12/2025,BANDAR TASEK MUTIARA SS3 B,PULAU PINANG,1,72,28.6,0.1
100.22513538343836,5.289315682356167,20/12/2025,"KG SULUP,TAMAN KUMBAR PERMAI,TAMAN SAHABAT",PULAU PINANG,3,77,28.7,3.5
100.28649192997999,5.318680679380001,20/12/2025,FLAT JALAN TENGAH,PULAU PINANG,1,77,28.7,3.5
100.27809096110417,5.334453981283334,20/12/2025,"HILIR PAYA TERUBONG,JAMBUL VIEW,SRI AMAN,TMN SERI RELAU",PULAU PINANG,4,77,28.7,3.5
100.29427731772817,5.332521033127181,20/12/2025,"APARTMENT MELATI,BJ COURT,HALAMAN KENANGA,HALAMAN NIPAH,JALAN BAHAGIA,LORONG RELAU,PANGSAPURI WAKAF SITI & HAJJAH NORIJAH,SOLOK KG. JAWA,TMN BUKIT JAMBUL (D-J)",PULAU PINANG,9,77,28.7,3.5
100.30986079519718,5.340936460908452,20/12/2025,PUTRA PLACE CONDOMINIUM,PULAU PINANG,1,77,28.8,3.5
100.30061473048444,5.35014549576889,20/12/2025,"APARTMENT DESA PERMAI INDAH,DESA PERMAI INDAH,UNIVERSITY HEIGHT",PULAU PINANG,3,77,28.7,3.5
100.27755565869231,5.3713176202662725,20/12/2025,"TAMAN TERUBONG JAYA (BLOK 9, 11 & 11A),TAMAN TERUBONG JAYA BLOK 18 & 20",PULAU PINANG,2,77,28.4,3.5
100.3998925399054,5.3827215681148655,20/12/2025,"SIAKAP, TINGKAT",PULAU PINANG,1,72,28.8,0.1
100.28334137899398,5.392284261596385,20/12/2025,"(BLOK A-E) LRG SEMARAK API,DESA BAIDURI",PULAU PINANG,2,77,28.7,3.5
100.40146162294667,5.429856143140002,20/12/2025,TAMAN BAGAN LALANG (PANGSAPURI),PULAU PINANG,1,72,28.8,0.1
100.37956694922643,5.4432908520880545,20/12/2025,TAMAN PANTAI BERSIH,PULAU PINANG,1,76,28.3,0.4
100.47598230131875,5.597361415893751,20/12/2025,TAMAN PERMAI,KEDAH,1,72,28.3,0.0
118.10727748370424,5.862063684845071,20/12/2025,BDC,SABAH,1,83,27.6,0.4
118.07648276711517,5.861725255454546,20/12/2025,TAMAN MESRA,SABAH,1,83,27.6,0.4
118.06256072547599,5.867679123689958,20/12/2025,TAMAN TYNG BT.5,SABAH,1,83,27.6,0.4
116.06422785885233,5.874158833979867,20/12/2025,PPR SRI KERAMAT,SABAH,1,82,29.9,8.5
116.0435024023409,5.897891090119317,20/12/2025,"KG. PASIR PUTIH,TMN. BAYVIEW TELUK VILLA",SABAH,2,79,29.0,11.5
116.09816964032441,5.935972728706664,20/12/2025,"TMN DUTA GARDEN,TMN FORMOSA,TMN MILLENIUM HEIGHT",SABAH,3,82,28.2,6.0
116.09142719376695,5.954957122080511,20/12/2025,"KONDOMINIUM PUNCAK LUYANG,TAMAN FU YEN PH.3,TAMAN FU YEN PH.5,TAMAN KINABALU,TAMAN MOUNT ZION",SABAH,5,82,28.2,6.0
116.1130788209091,6.000926269115153,20/12/2025,"KG LIKAS LRG HAWA,KG.LIKAS JLN KULOR MELANGI",SABAH,2,82,28.3,6.0
116.13387982160783,6.017348894475491,20/12/2025,"D'VANTAGE APARTMENT,KG.WARISAN PH 2,TAMAN PURI WARISAN",SABAH,3,82,28.3,6.0
116.14730208699416,6.024748654695905,20/12/2025,"TAMAN FAJAR,TAMAN PERMATA",SABAH,2,82,28.2,6.0
116.13627074611111,6.0379175064182995,20/12/2025,KG. CONTOH SUANG PARAI,SABAH,1,82,28.3,6.0
116.14891424979453,6.052666553664387,20/12/2025,TAMAN KUALA MENGGATAL PH 3,SABAH,1,82,28.2,6.0
100.3635641049859,6.137942590866193,20/12/2025,TAMAN SERI MENANTI,KEDAH,1,78,27.8,0.0
116.84007542041462,6.884243599914632,20/12/2025,"LANDUNG AYANG LAUT,LANDUNG AYANG TENGAH",SABAH,2,83,28.4,0.0
110.56647580247929,0.8909763543727832,21/12/2025,MUJAT,SARAWAK,1,90,26.3,7.8
110.56281450393938,0.9717073141757547,21/12/2025,MAYANG KAWAN,SARAWAK,1,90,27.0,8.0
103.65035849544644,1.4270121255297592,21/12/2025,TAPAK BINA KOMPLEKS MAHKAMAH BAHARU NUSAJAYA,JOHOR,1,78,27.6,0.7
103.62069965545282,1.4406895494968532,21/12/2025,TMN ECO BOTANI_2/,JOHOR,1,79,27.2,0.6
103.58036896988035,1.4613646270470095,21/12/2025,"TMN NUSANTARA_NUSARIA 4/3 - 4/9G,TMN NUSANTARA_NUSARIA 5/1 - 5/11,TMN NUSANTARA_NUSARIA 6/1 - 6/10,TMN NUSANTARA_NUSARIA 6/11 - 6/21",JOHOR,4,79,27.3,0.6
103.77026986758632,1.4635547911330924,21/12/2025,"APT INDERA PUTRA COURT,APT PARAGON SUITES,APT SKY SUITES,JLN AH SIANG,JLN LEKAS,R&F RESIDENCE PHASE 1_BLOK A",JOHOR,6,78,27.7,0.9
103.25623377894367,1.4690285137887305,21/12/2025,PULAU PISANG,JOHOR,1,79,26.8,2.9
103.58959220798381,1.474908279124323,21/12/2025,"SILC_JLN SILC 2,TMN NUSANTARA PRIMA_JLN PRIMA 6",JOHOR,2,79,27.3,0.6
103.86513071100644,1.4800992641677413,21/12/2025,TMN SIERRA PERDANA 3/,JOHOR,1,78,27.7,1.2
103.77918011532192,1.481580142678082,21/12/2025,TMN PELANGI_ZON C,JOHOR,1,78,27.6,0.9
103.9248891749507,1.4891959837957782,21/12/2025,TMN KOTA MASAI_JLN DUKU (ZON B),JOHOR,1,78,27.8,1.2
103.90609705710585,1.4893891706176414,21/12/2025,TMN CENDANA_ZON 1,JOHOR,1,78,27.7,1.2
103.76583160039041,1.4915963667534262,21/12/2025,TMN MELODIES_ZON 1,JOHOR,1,78,27.6,0.9
103.75516265490123,1.4939906873950617,21/12/2025,"APT LARKIN IDAMAN BLOK A1/A2,APT M'TIARA LARKIN IDAMAN",JOHOR,2,78,27.7,0.9
103.72259318257323,1.49472415489809,21/12/2025,BBU PADI HUMA,JOHOR,1,78,27.5,0.9
103.67058929036986,1.4987627154520555,21/12/2025,BDR UDA UTAMA_UDA UTAMA 4/,JOHOR,1,79,27.4,0.6
103.82977726882191,1.505941498753424,21/12/2025,KAW IND DESA PLENTONG_HARUM,JOHOR,1,78,27.8,1.2
103.92456872450684,1.5080820136369855,21/12/2025,TMN CAHAYA MASAI_JLN INTAN,JOHOR,1,78,27.8,1.2
103.65882001570556,1.5078892832388884,21/12/2025,TMN SUTERA UTAMA_PULAI 2/,JOHOR,1,79,27.3,0.6
103.70156291702237,1.5091001834078215,21/12/2025,"TMN KENANGA BLOK 10-15,TMN KENANGA BLOK 16-23",JOHOR,2,78,27.6,0.9
103.76991914522154,1.5305851976898732,21/12/2025,TMN ISTIMEWA,JOHOR,1,78,27.7,0.9
103.68788375531288,1.5307585816564404,21/12/2025,TMN ANGGERIK_JLN 1 & 2,JOHOR,1,78,27.6,0.9
103.71006583755901,1.5340668054720488,21/12/2025,TMN KEMPAS_JLN DATARAN 1/,JOHOR,1,78,27.4,0.9
103.80947553856953,1.5347393427019878,21/12/2025,"TMN JOHOR JAYA_JLN KEEMBONG 1-10,TMN JOHOR JAYA_JLN SEROJA 1-11",JOHOR,2,78,27.7,0.9
103.58423712702354,1.5400906511529415,21/12/2025,TMN PULAI INDAH_JLN PULAI INDAH /9,JOHOR,1,79,27.2,0.6
103.71360408721195,1.5421308775543492,21/12/2025,"KUARTERS KDN SETIA TROPIKA,TMN SINARAN KEMPAS_BLOK 1-48",JOHOR,2,78,27.5,0.9
103.57655045695206,1.543053645575342,21/12/2025,TMN PULAI INDAH_JLN PULAI INDAH /5,JOHOR,1,79,27.1,0.6
103.78246789260379,1.5457816605031462,21/12/2025,TMN AUSTIN PERDANA_2/,JOHOR,1,78,27.6,0.9
110.36704310596481,1.5481535597676046,21/12/2025,JALAN TAN SRI DATUK WILLIAM TAN,SARAWAK,1,90,26.1,4.9
103.76062606127898,1.549242936815216,21/12/2025,"TMN DAYA SAGU 36_APT DAYA VIEW,TMN DAYA SAGU _FLAT SAGU 34,TMN DAYA_JLN PINANG 1-17,TMN DAYA_RUMBIA (ZON 1)",JOHOR,4,78,27.6,0.9
103.75619383415095,1.5583041922830188,21/12/2025,TMN DAYA_NIBONG ZON 1(1-17),JOHOR,1,78,27.5,0.9
103.79767112090853,1.5625401861036587,21/12/2025,"FLAT SRI LANANG_FASA 1(BLOK A-J),TMN GAYA_FLAT",JOHOR,2,80,26.8,0.6
103.80909290664864,1.5648252765945947,21/12/2025,TMN DESA CEMERLANG_JLN ARA,JOHOR,1,80,26.9,0.6
103.59885603497352,1.5652021918278138,21/12/2025,BANDAR PULAI JAYA BLOK 1,JOHOR,1,80,27.1,0.6
103.80431085530135,1.579218215794519,21/12/2025,TMN PELANGI INDAH_JLN CANTIK (FLAT U-Y),JOHOR,1,80,26.8,0.6
103.6429762415,1.5973153014520571,21/12/2025,TMN BUKIT SENANG,JOHOR,1,80,27.2,0.6
103.79364293334014,1.6008819090204083,21/12/2025,"TMN BESTARI INDAH, JLN BESTARI /2 (ZON 1)",JOHOR,1,80,26.8,0.6
103.68498621810674,1.633284628629214,21/12/2025,TMN SCIENTEX SENAI (SJ7-SJ18),JOHOR,1,80,27.2,0.6
103.61542601230137,1.6417255227397272,21/12/2025,B_INDAHPURA BLOK KENANGA C,JOHOR,1,80,27.2,0.6
103.59269397491276,1.6640214096107355,21/12/2025,TMN KULAI UTAMA,JOHOR,1,80,27.1,0.6
103.58641296946286,1.6700199369542827,21/12/2025,"TMN INDAH JAYA,TMN PERTAMA",JOHOR,2,80,27.2,0.6
103.53060407789104,1.684959138282052,21/12/2025,TMN WAWASAN BLOK RAJAWALI,JOHOR,1,79,27.5,0.4
109.74594172602818,1.7714715405633847,21/12/2025,PAON,SARAWAK,1,95,25.7,6.5
103.33034181349093,1.8329305377333334,21/12/2025,TMN RENGGAM JAYA,JOHOR,1,80,27.3,0.6
102.94070275715568,1.848844834227543,21/12/2025,JLN. HJ. BASIR,JOHOR,1,77,27.6,0.1
102.12671878935757,2.279498807321213,21/12/2025,DESA TUN RAZAK (BLOK 1 -13),MELAKA,1,76,28.4,0.7
101.94139918537323,2.6793744960915484,21/12/2025,"TAMAN ANGGUR JAYA,TAMAN SEREMBAN 3 (JLN. SEREMBAN TIGA 27-32)",NEGERI SEMBILAN,2,80,28.1,1.3
101.94085260332278,2.6884250390696174,21/12/2025,TAMAN THIVY JAYA,NEGERI SEMBILAN,1,75,27.9,0.1
101.93194850011184,2.703074838414472,21/12/2025,TAMAN PERMAI IMPIAN,NEGERI SEMBILAN,1,84,27.1,9.2
101.98974158483028,2.7060579998969696,21/12/2025,PUSAT BANDAR SENAWANG,NEGERI SEMBILAN,1,75,27.7,0.1
101.99773864221464,2.7173165798010466,21/12/2025,"APARTMENT SEROJA,TAMAN TASIK JAYA  (JALAN 15 - 22 & 35)",NEGERI SEMBILAN,2,75,27.6,0.1
101.9235998074014,2.73517445697183,21/12/2025,TAMAN MAKMUR,NEGERI SEMBILAN,1,84,27.0,9.2
101.9018026274014,2.736374417957744,21/12/2025,TAMAN BUKIT GALENA FASA 5,NEGERI SEMBILAN,1,84,27.1,9.2
101.62668984736241,2.770966583664432,21/12/2025,"BANDAR SERI EHSAN ZON 1,BANDAR SERI EHSAN ZON 2",SELANGOR,2,84,27.3,13.8
101.74652173757235,2.791697633452829,21/12/2025,"KG. GECHING,KG. SALAK TENGAH,KG. SRI SALAK",SELANGOR,3,83,27.1,16.5
101.79574902419333,2.7927246965933326,21/12/2025,"KAMPUNG KONDOK,KG KONDOK",NEGERI SEMBILAN,2,83,27.1,16.5
101.66282168690198,2.799333560705883,21/12/2025,"PANGSAPURI LANGAT MURNI,PANGSAPURI LANGAT UTAMA,TAMAN LANGAT UTAMA (KEJORA)",SELANGOR,3,84,27.3,13.8
101.72835288734969,2.816653320134973,21/12/2025,"TAMAN IXORA,TAMAN IXORA 1",SELANGOR,2,83,27.3,10.6
101.72278546455554,2.828816976611109,21/12/2025,"APARTMENT DAHLIA IMPIANA,APT CASA DAHLIA, BBST",SELANGOR,2,83,27.4,10.6
101.62600348045889,2.830565482178083,21/12/2025,KG BUKIT CHANGGANG,SELANGOR,1,84,27.3,18.3
101.89303282220368,2.8309257672160504,21/12/2025,TAMAN PELANGI INDAH,NEGERI SEMBILAN,1,82,27.0,9.1
101.78421637358763,2.835728386917528,21/12/2025,TAMAN DESA ANGGERIK (JALAN BBN 9/2),NEGERI SEMBILAN,1,83,27.1,10.6
101.68162483050943,2.862340627314467,21/12/2025,"TAMAN BAIDURI,TAMAN PERMATA",SELANGOR,2,84,27.3,18.3
101.50487607570199,2.8796793837814576,21/12/2025,TAMAN SRI JAROMAS,SELANGOR,1,84,27.2,17.2
101.6084166436087,2.883469597838508,21/12/2025,"PALMA SANDS, GAMUDA COVE",SELANGOR,1,84,27.3,18.3
101.78796697018237,2.885058400264153,21/12/2025,"APPT VISTA BANDAR SRI PUTRA,KONDOMINIUM VISTA BANDAR SRI PUTRA",SELANGOR,2,83,27.3,10.6
101.49324938466829,2.8850463760195098,21/12/2025,TAMAN RAMBAI INDAH,SELANGOR,1,84,27.2,17.2
101.61236042794653,2.8939650455508033,21/12/2025,"MAYABAY RESIDENCES,TAPAK BINA NORTH WOODS",SELANGOR,2,84,27.3,18.3
101.87260504744086,2.895283054413977,21/12/2025,TAMAN SEMENYIH PARKLANDS,SELANGOR,1,82,27.1,9.1
101.46114015720644,2.904917186367741,21/12/2025,TAMAN DATO HORMAT (JALAN PANDAN),SELANGOR,1,84,27.2,17.2
101.64410899949999,2.9193191911644703,21/12/2025,"RUMAH KONGSI ALLEGRO,RUMAH KONGSI INTABINA CYBERJAYA",SELANGOR,2,84,27.0,18.3
101.63639252426219,2.924796688445118,21/12/2025,"ECLIPSE APARTMENT,THE ARC CONDO",SELANGOR,2,84,27.3,18.3
101.83247735940961,2.931739518915662,21/12/2025,"TAMAN DALMA SEMENYIH,TAMAN SEMENYIH IMPIANA",SELANGOR,2,82,27.3,9.1
101.74806259503106,2.935775295316773,21/12/2025,"KG. SG MERAB LUAR,TAMAN DESA MAS",SELANGOR,2,83,27.4,10.6
101.79051316194393,2.9426736067429933,21/12/2025,"APPT KELISA RIA KAMPUNG SUNGAI TANGKAS,APPT VILLA TROPIKA DAN RUMAH KEDAI JALAN VILLA TROPIKA 1,JALAN KELISA 4(A),5 DAN 6 KAMPUNG SUNGAI TANGKAS,TAMAN TROPIKA 2",SELANGOR,4,83,27.5,14.9
101.67943274603871,2.9454855977419343,21/12/2025,"PRESINT 9 - FASA 1,PRESINT 9 - JALAN P9G/3 - G/6",WILAYAH PERSEKUTUAN,2,81,27.6,19.7
101.76595732116412,2.946958958904581,21/12/2025,"APPT JALAN 6C/2 SEKSYEN 16 BANDAR BARU BANGI,JALAN 1/7 SEKSYEN 1 BANDAR BARU BANGI,JALAN 1/9 SEKSYEN 1 BANDAR BARU BANGI",SELANGOR,3,83,27.4,14.9
101.77457484450701,2.9638855857887285,21/12/2025,JALAN 4/12 SEKSYEN 4 BANDAR BARU BANGI,SELANGOR,1,83,27.6,14.9
101.80295197054747,2.9750864240446897,21/12/2025,"BLOK A, B DAN J PANGSAPURI SERI MEWAH DAN JALAN SERI MEWAH 1-4,JALAN 2 DAN AWANA TAMAN SERI MEWAH",SELANGOR,2,83,27.4,14.9
101.48250836406216,2.976891927259885,21/12/2025,"TAMAN SETIA 01,TAMAN SETIA 02",SELANGOR,2,80,27.9,14.9
101.58809299858419,2.978057818552631,21/12/2025,"TAMAN PUTRA PRIMA,TAMAN PUTRA PRIMA FASA 2",SELANGOR,2,81,27.8,19.7
101.60913513052569,2.981026984702855,21/12/2025,"E15. TMN PUCHONG UTAMA (JLN PU 10),E15. TMN PUCHONG UTAMA (JLN PU 6 ) APT SRI UTAMA",SELANGOR,2,81,27.8,19.7
101.79998871400629,2.991601769943395,21/12/2025,"KUARTERS JKR SUNGAI JELOK,PUSAT PERNIAGAAN SUNGAI JELOK",SELANGOR,2,83,27.5,14.9
101.78861293052113,2.991991559830985,21/12/2025,PENJARA KAJANG,SELANGOR,1,83,27.5,14.9
101.74886622839074,2.993121303701987,21/12/2025,PANGSAPURI GAPURA BAYU TAMAN PUNCAK UTAMA,SELANGOR,1,83,27.5,14.9
101.4818497819452,2.9936247764452038,21/12/2025,TAMAN SENTOSA 05,SELANGOR,1,80,27.9,14.9
101.76148739653672,2.994384478378531,21/12/2025,"JADITE SUITES CONDO JADE HILLS,JALAN 3/1-3/4, 4/2-4/4 & 5/1-5/3 TAMAN SETIA IMPIAN,TAMAN SEMENYIH PARKLANDS",SELANGOR,3,83,27.4,14.9
101.50007369712179,2.9957288763076897,21/12/2025,SEKSYEN 32 (JALAN REZAB BUANG LOT 2909),SELANGOR,1,80,27.8,14.9
101.64057775307482,2.9980542837142874,21/12/2025,E15. TMN SAUJANA PUCHONG SP 8,SELANGOR,1,81,27.6,19.7
101.53089959706165,2.999825336732879,21/12/2025,"SEKSYEN 31 (TERES O : JLN 31/98F, 31/98H - 31/98L)",SELANGOR,1,80,27.8,14.9
101.80419978352816,3.0004904667676056,21/12/2025,TAMAN MEGAH SUNGAI JELOK,SELANGOR,1,83,27.4,14.9
101.46925692883974,3.0063158350128223,21/12/2025,TAMAN SENTOSA 26,SELANGOR,1,80,27.9,14.9
101.75943860683414,3.0048379228682904,21/12/2025,"APPT TAMAN DESAKARUN MAS SERI KEMBANGAN,JALAN 3(B),10-15 TAMAN DESA KARUNMAS,JALAN BA 9-14 KAWASAN PERINDUSTRIAN BUKIT ANGKAT SG. CHUA,JALAN SUTERA 4 TAMAN SUTERA",SELANGOR,4,83,27.5,14.9
101.45179728107334,3.007474345220003,21/12/2025,TAMAN KLANG JAYA 07,SELANGOR,1,80,27.9,14.9
101.81331153475863,3.0097167360689654,21/12/2025,"BLOK A-H KUARTERS PENJARA KAJANG,IVORY RESIDENCE KAJANG",SELANGOR,2,80,27.8,8.7
101.80247279810953,3.0127299232095215,21/12/2025,"APPT TAMAN TAMING IMPIAN,JALAN JENARIS 3 & 3B TMN DESA SERI JENARIS,JALAN JENARIS A-G TAMAN DESA SERI JENARIS,TAMAN TAMING IMPIAN",SELANGOR,4,83,27.4,14.9
101.40290865728477,3.016285078052981,21/12/2025,FLAT SRI PERANTAU,SELANGOR,1,83,27.6,14.6
101.68004512074097,3.0161859606084325,21/12/2025,E16. TMN PUNCAK JALIL 2C (JLN PUJ 2/19 - 2/29),SELANGOR,1,81,27.5,19.7
101.76106084222982,3.016817508863354,21/12/2025,JALAN CJ 4 TAMAN CHERAS JAYA,SELANGOR,1,83,27.5,14.9
101.6714443150274,3.017499196917808,21/12/2025,E16. TMN PUNCAK JALIL 5 (JLN PUJ 5/1-5/10),SELANGOR,1,81,27.3,19.7
101.7387806637546,3.0239029287852737,21/12/2025,"BLOK L & M TAMAN TAMING SARI,JALAN TAMING SARI TAMAN TAMING JAYA",SELANGOR,2,83,27.3,14.9
101.71505068486667,3.022792795345098,21/12/2025,"E17. SRI KEMBANGAN (THE HERITAGE) BLOK A, B, C, D, E,E17. TMN SERDANG JAYA 7 (BOSNIA) BLOK MERANTI, KEMPAS,CENDANA, DAMAR, CENGAL,E17. TMN SERDANG JAYA 7 (PKNS)",SELANGOR,3,83,27.5,14.9
101.62547358654223,3.025658169830988,21/12/2025,E15. PST BDR PUCHONG PSN INDERA- (DESA TANJUNG) BLOK A B C D E,SELANGOR,1,81,27.5,19.7
101.71106631938363,3.0293016555660355,21/12/2025,"E17. TMN SERDANG PERDANA (PERDANA SELATAN - SOUTH CITY CONDO),E17. TMN SERDANG PERDANA (PERDANA SELATAN APARTMENT)",SELANGOR,2,83,27.5,14.9
101.40026168801829,3.0322069626707338,21/12/2025,"KAMPUNG DELEK BARU 08,KAMPUNG DELEK BARU 09",SELANGOR,2,83,27.6,14.6
101.67803190324598,3.0358471851871665,21/12/2025,E16. TMN PUNCAK JALIL 8 (PANGSAPURI MAYANG),SELANGOR,1,81,27.5,19.7
101.73842058511184,3.0380107554407885,21/12/2025,JALAN DP 16 BANDAR DAMAI PERDANA,SELANGOR,1,83,27.3,14.9
101.63629754934803,3.04026407457353,21/12/2025,"E15. BDR KINRARA 4 (JLN BK 4/5 - 4/9),E15. TMN BKT KINRARA (MELOR)",SELANGOR,2,81,27.5,19.7
101.70603071803166,3.0441567026392358,21/12/2025,E17. TMN SERDANG PERDANA PSRN PERDANA (ONE SOUTH),SELANGOR,1,83,27.5,14.9
101.50368682133862,3.0451912021322722,21/12/2025,"E2. SEKSYEN 17 (FLAT JLN 17/1 : BLOK 1- 6),E2. SEKSYEN 17 (TERES B : JLN 17/16 - 17/24)",SELANGOR,2,80,27.9,14.9
101.51673721211043,3.048235692846625,21/12/2025,E1. SEKSYEN 18 (TERES C : JLN 18/16 - 18/18),SELANGOR,1,80,27.8,14.9
101.65318678865754,3.0494554594520538,21/12/2025,"PPR PINGGIRAN 1 (BLOK A,B,C,D,E,F)",WILAYAH PERSEKUTUAN,1,81,27.6,19.7
101.41236361701662,3.0447185020221603,21/12/2025,"KAMPUNG SUNGAI UDANG 03,KAMPUNG SUNGAI UDANG 11,KAMPUNG SUNGAI UDANG 21,KAMPUNG SUNGAI UDANG 33,PANGSAPURI ANGGERIK SUNGAI UDANG,TAMAN HIJRAH 02",SELANGOR,6,83,27.6,14.6
101.5759482102381,3.052355041891158,21/12/2025,E13. USJ 5/1,SELANGOR,1,81,27.7,19.7
101.5590098937267,3.0550790218509323,21/12/2025,"E13. TMN SUBANG MAS (PANGSAPURI HARMONI SITE TAPAK BINA),E13. TMN SUBANG MAS (RUMAH KEDAI)",SELANGOR,2,80,27.8,14.9
101.46125067079453,3.0656246956438378,21/12/2025,APARTMENT PALM GARDEN,SELANGOR,1,82,27.8,13.2
101.41349843889743,3.066823754641024,21/12/2025,TAMAN MEWAH,SELANGOR,1,83,27.7,24.9
101.61425338765773,3.0646447998389266,21/12/2025,"E13. PJS 7/1 - PJS 7/6,E13. PJS 7/15 (FLAT KOS RENDAH) BLOK A, B, C, D, E, F, G, H, K,E13. PJS 7/15 (PANGSAPURI MUTIARA PERDANA) BLOK A, B, C, D,E13. PJS 9/1 (LAGOON PERDANA & RUMAH KEDAI)",SELANGOR,4,82,27.6,20.6
101.55304230543709,3.0706572219867545,21/12/2025,"E2. SEKSYEN 22 (KONDO INDAH ALAM),E2. SEKSYEN 22 (V RESIDENSI)",SELANGOR,2,82,27.8,13.2
101.52350392903077,3.070930420666667,21/12/2025,E1. SEKSYEN 14 (PANGSAPURI VISTA ALAM),SELANGOR,1,82,27.8,13.2
101.5108189351118,3.075489307236023,21/12/2025,"E1. SEKSYEN 3 (KOMPLEKS MAIS),E1. SEKSYEN 4 (TERES A : JLN 4/2 - 4/3)",SELANGOR,2,82,27.8,13.2
101.66322383157042,3.079438725830983,21/12/2025,"TAMAN SRI SENTOSA (JLN 1,1B,2,2B/133)",WILAYAH PERSEKUTUAN,1,82,27.6,20.6
101.64734333140386,3.079711730320512,21/12/2025,E12. TM PJS 1 PANGSAPURI PERMAI [JLN PJS 1/25],SELANGOR,1,82,27.6,20.6
101.6168655855588,3.079565293752941,21/12/2025,"E11. SRI PJS 6 FLAT DESA MENTARI 1 (BLOK 1 , 2 , 3),E11. SRI PJS 6 FLAT DESA MENTARI 2 (BLOK 4 , 5 , 6)",SELANGOR,2,82,27.6,20.6
101.60487565085269,3.0785554979496097,21/12/2025,"E11. SRI PJS 10 (TERES 3) [JLN PJS 10/7C , 10/9A , 10/11A - 10/11D],E11. SRI PJS 10 APT KAYANGAN,E11. SRI PJS 10 APT SUBANG VILLE EHSAN,E11. SRI PJS 10 SURIA MAS  KONDO,E11. SRI PJS 8 APT DAMAI",SELANGOR,5,82,27.6,20.6
101.59143799256586,3.08112226415122,21/12/2025,"E13. SS 15/5 (TERES),E13. SS 16 (CASA TIARA APPT)",SELANGOR,2,82,27.5,20.6
101.6383774317201,3.07080965278545,21/12/2025,"E12. TM PJS 2B PUSAT KOMERSIAL,E12. TM PJS 2C APT MEDAN CAHAYA 2 (BLOK D , E , F),E12. TM PJS 2C APT MEDAN JAYA (BLOK I),E12. TM PJS 2C TMN MEDAN (TERES 1) [JLN PJS 2C/2,2C/7,2C/7A,2C/7B,2C/9,2C/12,14],E12. TM PJS 2C TMN MEDAN (TERES 4) [JLN PJS 2C/11,2C/11A,B,C,D,F,G,H,J,K,L,28,2],E12. TM PJS 2C TMN MEDAN (TERES 5) [JLN PJS 2C/5,1,2,4,6,8,10,PJS 2/2,1],E12. TM PJS 2D FLAT DESA MENTARI (BLOK 11),E12. TM PJS 2D TMN MEDAN (TERES 1) [JLN PJS 2D/15 , PJS 2D/15A - PJS 2D/15E],E12. TM PJS 2D TMN MEDAN (TERES 2) [JLN PJS 2D/2,4,5,6,7,8,8C,8D,9,10,11,12,14],E12. TM PJS 3 APT SRI MANJA (BLOK D , E , F) [JLN PJS 3/55],E12. TM PJS 3 FLAT SRI MANJA (BLOK A , B , C) [JLN PJS 3/55],E12. TM TMN DATO HARUN (TERES 3) [JLN 11,13,2/8,2/15,2/17,PJS 2/2,2/4],E14. TMN KINRARA (JLN TK 1),E14. TMN KINRARA JLN TK 2 (PANGSAPURI TMN KINRARA 2) BLOK A,B,C,D,E14. TMN KINRARA JLN TK 3 (VISTA LAVENDER),E14. TMN KINRARA JLN TK 4 (PANGSAPURI KINRARA PUTRI),E14. TMN KINRARA JLN TK 4 (PANGSAPURI KOS RENDAH)",SELANGOR,17,82,27.6,20.6
101.6383774317201,3.07080965278545,21/12/2025,KINRARA MAS CONDOMINIUM,WILAYAH PERSEKUTUAN,1,82,27.6,20.6
101.51667010629937,3.087065413999999,21/12/2025,"E1. SEKSYEN 8 (TERES A : JLN 8/1 - 8/13),E1. SEKSYEN 9 (KUARTERS IPK SELANGOR)",SELANGOR,2,82,27.8,13.2
101.69763140706665,3.0907201742000012,21/12/2025,THE VYNE SUNGAI BESI,WILAYAH PERSEKUTUAN,1,82,27.7,20.6
101.70917189011656,3.0983627467239283,21/12/2025,"PANGSAPURI SRI PENARA FASA 1 (BLOK A-B),PANGSAPURI SRI PENARA FASA 2 (BLOK C-D)",WILAYAH PERSEKUTUAN,2,82,27.7,20.6
101.6658254545845,3.1035042207676047,21/12/2025,DESA AMAN 2 (PDRM),WILAYAH PERSEKUTUAN,1,82,27.4,20.6
101.7975622105845,3.1037326257816886,21/12/2025,BLOK M1-M6 APPT TAMAN PERKASA HULU LANGAT,SELANGOR,1,82,27.3,20.6
101.75207530751706,3.105726045902439,21/12/2025,"INDUSTRI & JALAN 14 KG CHERAS BARU,NUSA MEWAH VILLA KONDOMINIUM TAMAN BUKIT PANDAN",SELANGOR,2,82,27.4,20.6
101.75207530751706,3.105726045902439,21/12/2025,"KG.CHERAS BARU B (JLN KUARI, JLN 7, 9, 10-12, 14, LRG 12, LRG 14A),TAMAN CHERAS UTAMA (JALAN 1/95B - 6/95B)",WILAYAH PERSEKUTUAN,2,82,27.4,20.6
101.70600617334246,3.1083924588630127,21/12/2025,"PPR PINGGIRAN 1 (BLOK A,B,C,D,E,F),RAZAK CITY RESIDENCE (BLOK B&C)",WILAYAH PERSEKUTUAN,2,82,27.7,20.6
101.66984967348344,3.109671984556291,21/12/2025,FLAT TMN BUKIT ANGKASA (BLOK 9 & BLOK 16-20),WILAYAH PERSEKUTUAN,1,82,27.4,20.6
101.7627340235845,3.110275546788731,21/12/2025,JALAN MEGA 1-8 TAMAN MEGA JAYA,SELANGOR,1,82,27.2,20.6
101.58799836177776,3.112665625952989,21/12/2025,"E11. SRI PJU 1A APT KELANA IDAMAN,E11. SRI PJU 1A D'AMAN CRIMSON,E11. SRI PJU 1A PPRT 1 BLOK (A,B,C),E11. SRI PJU 1A PPRT 1 BLOK (G,H),E11. SRI PJU 1A PPRT LEMBAH SUBANG 2 (BLOK A-E)",SELANGOR,5,82,27.6,20.6
101.72418727914828,3.1186321817870715,21/12/2025,"APARTMENT M-VERTICA RESIDENSI (BLOK C,D,E),FLAT SRI PULAU PINANG B (BLOK 9-12),JALAN IKAN EMAS (PANGSAPURI INDAH MAS),JALAN PUDU ULU",WILAYAH PERSEKUTUAN,4,82,27.7,20.6
101.76847434938666,3.12053420008,21/12/2025,JALAN MELUR 1-9 TAMAN MELUR,SELANGOR,1,82,27.4,20.6
101.4402507366644,3.121024829102736,21/12/2025,TAMAN MERU SELATAN 02,SELANGOR,1,82,27.9,13.2
101.72224737023602,3.128887098515526,21/12/2025,"JALAN PEEL (SUNWAY VELOCITY TWO),V RESIDENCE 2 SUNWAY VELOCITY",WILAYAH PERSEKUTUAN,2,82,27.6,20.6
101.68520227490082,3.1291971350950427,21/12/2025,"JALAN BERHALA,JALAN RAKYAT (BANGUNAN TONG NAM ),JLN THAMBY ABDULLAH 1 , JLN THAMBY ABDULLAH,MENARA PELANGI APARTMENT,PALM COURT CONDOMINIUM (BLOK A,B,C,D)",WILAYAH PERSEKUTUAN,5,82,27.6,20.6
101.65075567363291,3.1312120914367125,21/12/2025,UM (KOLEJ KEDIAMAN 10),WILAYAH PERSEKUTUAN,1,82,27.4,20.6
101.44178492417646,3.1327947351960823,21/12/2025,TAMAN ORKID 01,SELANGOR,1,82,27.9,13.2
101.75857669138357,3.1381495845821963,21/12/2025,BLOK C FLAT PANDAN RIA,SELANGOR,1,82,27.6,20.6
101.76730584369322,3.138872815858897,21/12/2025,"FLAT SRI NILAM BANDAR BARU AMPANG,JALAN SERI MERDEKA 2-6 TAMAN SRI MERDEKA",SELANGOR,2,82,27.5,20.6
101.61454558281707,3.139751294829267,21/12/2025,"E8. BU PJU 6 BU 1 (TERES 1) [JLN 1/1, 1/1A, 1/9 - 1/15],E8. BU PJU 6A PELANGI UTAMA KONDO",SELANGOR,2,82,27.5,20.6
101.71048482851177,3.1453573815283016,21/12/2025,"BERJAYA TIMES SQUARE HOTEL,CASA MUTIARA SERVICE APPT,JALAN ALOR,JALAN BARAT,JALAN KHOO TEIK EE,JALAN SIN CHEW KEE (RUMAH KEDAI),NOVOTEL KLCC,SEASONS TOWER,SUN COMPLEX JALAN IMBI,TAPAK BBCC LALAPORT,WISMA COSWAY, JALAN RAJA CHULAN",WILAYAH PERSEKUTUAN,11,82,27.5,20.6
101.57876192640599,3.1523898789529903,21/12/2025,"E7. KD PJU 5 SEK 4 GUGUSAN MATAHARI,E7. KD PJU 5 SEK 4 GUGUSAN MELATI,E7. KD PJU 5 SEK 4 GUGUSAN SEMARAK,E7. KD PJU 5 SEK 6 GUGUSAN SEROJA",SELANGOR,4,82,27.5,20.6
101.69712195981323,3.152247824498053,21/12/2025,"JALAN TUN PERAK,KUARTERS MASJID JAMEK,MENARA CITY ONE",WILAYAH PERSEKUTUAN,3,82,27.6,20.6
101.70115810857831,3.1647692477108436,21/12/2025,"KAMPUNG BARU (JALAN RAJA BOT),KAMPUNG BARU (WISMA SABARUDDIN)",WILAYAH PERSEKUTUAN,2,82,27.7,20.6
101.72530534676073,3.165897594944786,21/12/2025,"KAMPUNG DATO KERAMAT ( LORONG KERAMAT 1,2,3)",WILAYAH PERSEKUTUAN,1,82,27.7,20.6
101.57145248265296,3.1704093986803676,21/12/2025,"E7. KD PJU 5 SEK 7 APT LILY,E7. KD PJU 5 SEK 7 APT MILIA,E7. KD PJU 5 SEK 7 GUGUSAN KANTAN,E7. KD PJU 5 SEK 7 GUGUSAN KEKWA,E7. KD PJU 5 SEK 7 GUGUSAN KEMBOJA",SELANGOR,5,82,27.4,20.6
101.60813197361972,3.1758118066408465,21/12/2025,"E6. BL PJU 8 APT FLORA DAMANSARA 1 [A,B],E6. BL PJU 8 APT FLORA DAMANSARA 2 [C,D,E,F]",SELANGOR,2,82,26.6,20.6
101.74259867829745,3.1754738181202544,21/12/2025,"AU1C TMN KERAMAT,AU1C TMN KERAMAT ZON 4",SELANGOR,2,82,27.5,20.6
101.57762984058385,3.1776782721118004,21/12/2025,"E7. KD PJU 5 SEK 8 GUGUSAN KEMUNING (A,B) PPRT,E7. KD PJU 5 SEK 8 GUGUSAN KESUMBAR (C,D) PPRT",SELANGOR,2,82,27.4,20.6
101.64650018315069,3.1784252926164362,21/12/2025,BOUGAINVILLA APARTMENT,WILAYAH PERSEKUTUAN,1,82,27.1,20.6
101.53348768260228,3.178702798255681,21/12/2025,"E5. SEKSYEN U5 (MUTIARA SUBANG KAW PERINDUSTRIAN A : JALAN U5/11 - U5/17 ),E5. SEKSYEN U5 (PANGSAPURI MUTIARA SUBANG : BLOK 1 - 7),E5. SEKSYEN U5 (SUBANG PELANGI : JLN U5/122 - U5/129 & JLN U5/AK, AJ, AH & AG)",SELANGOR,3,82,27.6,13.2
101.69876048368354,3.1819137796582284,21/12/2025,"FLAT SRI PERAK  A (BLOK 29,31,33),FLAT SRI PERAK B (BLOK 35,37,39,41)",WILAYAH PERSEKUTUAN,2,82,27.6,20.6
101.63506372015753,3.1849453253767117,21/12/2025,DESA PARK CITY (THE BREEZEWAY),WILAYAH PERSEKUTUAN,1,82,27.2,20.6
101.53365749747945,3.188193652075339,21/12/2025,E5. SEKSYEN U5 (PANGSAPURI SUBANG HIJAUAN : BLOK 9 - 12),SELANGOR,1,82,27.8,12.9
101.65760464284725,3.184053621371653,21/12/2025,"ALIX RESIDENCE TAPAK BINA/KONGSI),FLAT TAMAN SPPK JALAN DUTAMAS SEROJA,KAMPUNG PASIR SEGAMBUT LUAR (JALAN KELAPA,JALAN KELAPA GADING),KAMPUNG SEGAMBUT BAHAGIA ( JALAN KELAPA HIJAU ),KUARTERS KERAJAAN JALAN DUTA (G,H,J,K),PANGSAPURI PLAZA SINAR,RUMAH KONGSI PEMBINAAN THE METROPOLI,TAMAN SRI SINAR (JALAN 15 & 16 / 38D-KEDAI),TAMAN SRI SINAR (JALAN 34A,B,C,D,E/38A),TAMAN SRI SINAR (NOVA 2 APPARTMENT)",WILAYAH PERSEKUTUAN,10,82,27.4,20.6
101.60370752125796,3.1929197478853486,21/12/2025,"E6. BL PJU 10 APT RAMPAI IDAMAN,E6. BL PJU 9 SD 11,E6. BL PJU 9 SD 13 APT SRI MERANTI (1) [A,B,C,D,E,F,G],E6. BL PJU 9 SD 13 APT SRI MERANTI (2) [H,J,K,L,M,N,P,Q,R]",SELANGOR,4,83,28.3,13.2
101.66773041675428,3.195722769485714,21/12/2025,"TAMAN CITY (JALAN 5/42),TAMAN LAWA (JALAN 12/42 (2-38), JALAN 14/42, DAN JALAN 15/42),TAMAN LAWA (JALAN 2/42, 4/42 & JALAN JAMBU MAWAR ( 1-31 ),TAMAN SEJAHTERA (JLN 8/42A (42A-56) JLN 7/42 (2-56) &JLN 6/42 (1-65)&(32-62A)",WILAYAH PERSEKUTUAN,4,83,28.4,13.2
101.67843377348362,3.1943423406762297,21/12/2025,"JLN TEROLAK 4 (Q1-Q16),(CC1-CC11), JLN CENDERUH (R1-R14),JLN CENDERUH 7 (W1-W4),SRI INTAN 2 CONDOMINIUM ( 2 BLOK ),TAMAN BAMBOO(JLN TEROLAK 4 (Q1-Q16),(CC1-CC11),JLN CENDERUH (R1-R14), (W1-W12),TAMAN RAINBOW (JALAN SUNGKAI, JALAN SELAMA),TWELVE APARTMENT",WILAYAH PERSEKUTUAN,5,83,28.4,13.2
101.58962922425066,3.1934932032106667,21/12/2025,"E6. BL PJU 10 APT BAYU,E6. BL PJU 10 APT IDAMAN FASA 1  (A,B,C,H,J,K,L,M,N),E6. BL PJU 10 APT IDAMAN FASA 2 (D,E,F,G,O,P,Q,R,S),E6. BL PJU 10 APT VISTA (1) [A,B,C,D,E,F,G],E6. BL PJU 10 APT VISTA (2) [H,J,K,L,M,N,P,Q],E6. BL PJU 10 KG SELAMAT,E6. BL PJU 10 ONE DAMANSARA KONDO,E6. BL PJU 10 PANGSAPURI SRI EMBUN,E6. BL PJU 10 PLAZA SURIA,E6. BL PJU 10 SAUJANA DAMANSARA (A) [JLN PJU 10/13, PJU 10/14],E6. BL PJU 10 THE VALE",SELANGOR,11,83,28.3,13.2
101.737736830048,3.1977039233359985,21/12/2025,"KONDOMINIUM THE HAMILTON,RESIDENSI SERI RIANA,RESIDENSI WANGSAMAS,TAMAN SRI RAMPAI F (JLN 47/26 - 66/26),TAMAN SRI RAMPAI H (JLN 82/26 - JLN 92/26),WANGSA 9 RESIDENCY, JALAN WANGSA PERDANA 1",WILAYAH PERSEKUTUAN,6,82,27.4,20.6
101.76565649715567,3.2011302933233505,21/12/2025,"TMN UKAY BISTARI ZON A,TMN UKAY BISTARI ZON B",SELANGOR,2,82,27.5,20.6
101.70295531845807,3.2037407518322576,21/12/2025,JALAN GOMBAK(KL TRADERS SQUARE),WILAYAH PERSEKUTUAN,1,82,27.6,20.6
101.48944148263381,3.2048855227253514,21/12/2025,JALAN CENGAL SAUJANA UTAMA 2,SELANGOR,1,82,27.8,12.9
101.69061284758736,3.204840406620817,21/12/2025,"KONDOMINIUM M CENTURA SENTUL,KONDOMINIUM MAXIM CITYLIGHT (BLOK A, B, C, D, E, F),KONDOMINIUM SRI SUAJAYA (BLOK 200, 202, 204),M ARISA (JALAN SENTUL),SKY AWANI RESIDENCE",WILAYAH PERSEKUTUAN,5,82,27.5,20.6
101.71789791087097,3.2047592528476696,21/12/2025,"ASRAMA KOLEJ VOKASIONAL ERT SETAPAK,FLAT DANAU KOTA ( BLOK D & E),FLAT DANAU KOTA (BLOK A,B,C),FLAT PRIMA SETAPAK,KEM WARDIEBURN (BLOK E BARU & F BARU),MEDAN IDAMAN (8/21D - 12/21D),MEDAN IDAMAN (IDAMAN PUTRI KONDOMINIUM),MEDAN IDAMAN (IDAMAN SUTERA KONDOMINIUM),PANGSAPURI TERATAI MEWAH,PLATINUM LAKE KONDOMINIUM PV12,PLATINUM LAKE KONDOMINIUM PV18,TAMAN DANAU KOTA(KONDOMINIUM PLATINIUM VIC LAKE 12),TAMAN SETAPAK (JALAN BAKUBANG),TAMAN SETAPAK (JALAN CHENGAL SELATAN),TAMAN SETAPAK (JALAN SATANG 1),TAMAN SETAPAK (JALAN SATANG 2),TAMAN SETAPAK (JALAN TIOMAN),TAPAK BINA RUMAWIP JSATINE",WILAYAH PERSEKUTUAN,18,82,27.6,20.6
101.75042374368213,3.213133358649008,21/12/2025,"TMN MELAWATI (B),TMN MELAWATI B (ZON 2)",SELANGOR,2,82,27.5,20.6
101.52046945066442,3.213789785738258,21/12/2025,E5. SEKSYEN U17 (AMAN PUTRI : TERES JLN U17/43 - U17/51),SELANGOR,1,82,27.7,12.9
101.63611162643124,3.216122279818749,21/12/2025,"PPR PEKAN KEPONG (BLOK A, B DAN C)",WILAYAH PERSEKUTUAN,1,83,28.3,13.2
101.71194775468668,3.2264246623066626,21/12/2025,"BT 6 GOMBAK,KG KERDAS 5",SELANGOR,2,82,27.6,20.6
101.6937587200719,3.2290458488235307,21/12/2025,APPT FIONA,SELANGOR,1,83,28.3,13.2
101.56359919766197,3.2494745646760577,21/12/2025,APPT IMPIAN INDAH,SELANGOR,1,83,28.3,13.2
101.69118449340772,3.250423030429184,21/12/2025,"APPT MESRA,APPT TEMENGGUNG,APPT WIRA DAMAI,PANGSAPURI SELANGORKU SERI TEMENGGUNG,TMN INDUSTRI BOLTON",SELANGOR,5,83,28.2,13.2
101.67435554801831,3.2689392960769252,21/12/2025,"APPT JULIA,BDR BARU SELAYANG FASA 2B (ZON B),FLAT SELAYANG MULIA,KG BENDAHARA",SELANGOR,4,83,28.1,13.2
101.64194881336986,3.2946247451917814,21/12/2025,TMN SETIA ECO TEMPLER,SELANGOR,1,83,28.1,13.2
101.5540546070685,3.3984985788424664,21/12/2025,JALAN DAHLIA BB,SELANGOR,1,83,27.5,15.5
101.54944793160128,3.4377032598291133,21/12/2025,"APT DAHLIA TBR BB,JALAN BUNGA RAYA 1, BUKIT BERUNTUNG",SELANGOR,2,83,27.2,16.0
101.55494901938312,3.444516066584415,21/12/2025,"APT TERATAI TBR BB,JALAN BUNGA RAYA 3, BUKIT BERUNTUNG",SELANGOR,2,83,27.2,16.0
102.39267909131647,3.463844380715188,21/12/2025,TAMAN CHENGAL,PAHANG,1,80,27.1,0.3
103.30206979927814,3.7972792868145713,21/12/2025,TMN. CENDERAWASIH - BLOK PERINGKAT 2,PAHANG,1,81,26.7,0.4
117.90006202708165,4.251350450583671,21/12/2025,"AP07 APAS BT. 1 TAKADA,AP40 KG SUNGAI TAWAU BT 2,AP42 APAS BT. 1 1/2 KANAN,IB09 LRG. HJ ISMAIL,IB23 LORONG HJ AWADAN,JK61 KUHARA COURT",SABAH,6,84,28.0,4.0
117.89556853544326,4.272185979556739,21/12/2025,"JK54 TAMAN FORTUNE,JK59 TAMAN SRI IMPIAN,JK70 TMN. CITRA,JK76 LRG. NAGA EMAS,JK93 THE WELD",SABAH,5,84,27.9,4.0
117.9070649840395,4.278463772401317,21/12/2025,"SN10 TAMAN LILY,SN24 TAMAN ROSE",SABAH,2,84,28.0,4.0
117.8888603721287,4.297118897143564,21/12/2025,"JK02 TMN. SEMARAK LOJI,JK04 TMN. SEMARAK PH.1",SABAH,2,82,28.0,4.3
100.98998317038027,4.359338561239439,21/12/2025,"BANDAR SRI ISKANDAR,TAMAN BANDAR UNIVERSITI (SUSUR U3)",PERAK,2,81,27.7,13.6
101.12731173020372,4.529250138660494,21/12/2025,KG BARU SIMPANG PULAI,PERAK,1,80,27.7,13.7
101.10320090084078,4.553914594101912,21/12/2025,KWSN PERINDUSTRIAN RINGAN SRI RAPAT,PERAK,1,80,27.6,13.7
101.13099756502001,4.569139272906666,21/12/2025,TMN RAPAT INDAH,PERAK,1,80,27.6,13.7
101.13861903457747,4.613084593112675,21/12/2025,KWSN PERINDUSTRIAN RINGAN SRI RAPAT,PERAK,1,81,28.7,13.3
101.15006072389473,4.630189601875001,21/12/2025,KG TERSUSUN BT 6,PERAK,1,81,28.6,13.3
101.11669569349314,4.72902031947945,21/12/2025,RPT BT.10 CHEMOR,PERAK,1,79,27.7,7.6
118.39210149417333,5.040213822973333,21/12/2025,PANGSAPURI MUTIARA KASIH,SABAH,1,85,26.7,0.2
100.49589690167333,5.280679553573337,21/12/2025,BANDAR TASEK MUTIARA SS3 B,PULAU PINANG,1,68,28.8,0.1
100.22513538343836,5.289315682356167,21/12/2025,"KG SULUP,TAMAN KUMBAR PERMAI,TAMAN SAHABAT",PULAU PINANG,3,74,28.8,0.0
100.28649192997999,5.318680679380001,21/12/2025,FLAT JALAN TENGAH,PULAU PINANG,1,74,28.8,0.0
100.27809096110417,5.334453981283334,21/12/2025,"HILIR PAYA TERUBONG,JAMBUL VIEW,SRI AMAN,TMN SERI RELAU",PULAU PINANG,4,74,28.8,0.0
100.29343677898143,5.3325064466870025,21/12/2025,"BJ COURT,HALAMAN KENANGA,HALAMAN NIPAH,JALAN BAHAGIA,LORONG RELAU,PANGSAPURI WAKAF SITI & HAJJAH NORIJAH,SOLOK KG. JAWA,TMN BUKIT JAMBUL (D-J)",PULAU PINANG,8,74,28.9,0.0
100.30986079519718,5.340936460908452,21/12/2025,PUTRA PLACE CONDOMINIUM,PULAU PINANG,1,74,28.9,0.0
100.30079624686087,5.349882775486958,21/12/2025,"APARTMENT DESA PERMAI INDAH,DESA PERMAI INDAH,UNIVERSITY HEIGHT",PULAU PINANG,3,74,28.9,0.0
100.27755565869231,5.3713176202662725,21/12/2025,"TAMAN TERUBONG JAYA (BLOK 9, 11 & 11A),TAMAN TERUBONG JAYA BLOK 18 & 20",PULAU PINANG,2,74,28.5,0.0
100.3998925399054,5.3827215681148655,21/12/2025,"SIAKAP, TINGKAT",PULAU PINANG,1,68,29.0,0.1
100.28334137899398,5.392284261596385,21/12/2025,"(BLOK A-E) LRG SEMARAK API,DESA BAIDURI",PULAU PINANG,2,74,28.8,0.0
100.40146162294667,5.429856143140002,21/12/2025,TAMAN BAGAN LALANG (PANGSAPURI),PULAU PINANG,1,68,29.0,0.1
100.37956694922643,5.4432908520880545,21/12/2025,TAMAN PANTAI BERSIH,PULAU PINANG,1,74,28.3,0.1
100.47598230131875,5.597361415893751,21/12/2025,TAMAN PERMAI,KEDAH,1,69,28.5,0.0
118.0673744029342,5.8446798955723684,21/12/2025,INDAH JAYA FASA 2,SABAH,1,83,27.5,10.7
118.10727748370424,5.862063684845071,21/12/2025,BDC,SABAH,1,83,27.6,10.7
118.07654442902367,5.861586502372781,21/12/2025,TAMAN MESRA,SABAH,1,83,27.6,10.7
118.06271733218965,5.8676804296508625,21/12/2025,TAMAN TYNG BT.5,SABAH,1,83,27.5,10.7
116.06422785885233,5.874158833979867,21/12/2025,PPR SRI KERAMAT,SABAH,1,85,29.4,21.4
116.04356469907471,5.897834334908045,21/12/2025,"KG. PASIR PUTIH,TMN. BAYVIEW TELUK VILLA",SABAH,2,82,28.5,14.6
116.09816964032441,5.935972728706664,21/12/2025,"TMN DUTA GARDEN,TMN FORMOSA,TMN MILLENIUM HEIGHT",SABAH,3,83,27.9,10.4
116.09131099555128,5.954908909209403,21/12/2025,"KONDOMINIUM PUNCAK LUYANG,TAMAN FU YEN PH.3,TAMAN FU YEN PH.5,TAMAN MOUNT ZION",SABAH,4,83,28.0,10.4
116.1130788209091,6.000926269115153,21/12/2025,"KG LIKAS LRG HAWA,KG.LIKAS JLN KULOR MELANGI",SABAH,2,83,28.0,10.4
116.13361488448847,6.017696225811061,21/12/2025,"D'VANTAGE APARTMENT,KG.WARISAN PH 2,TAMAN PURI WARISAN",SABAH,3,83,28.0,10.4
116.15748061260405,6.02401008896644,21/12/2025,PEKAN MENGGATAL,SABAH,1,83,27.9,10.4
116.14730208699416,6.024748654695905,21/12/2025,"TAMAN FAJAR,TAMAN PERMATA",SABAH,2,83,27.9,10.4
116.13664123310527,6.037371602239764,21/12/2025,KG. CONTOH SUANG PARAI,SABAH,1,83,28.0,10.4
116.14891424979453,6.052666553664387,21/12/2025,TAMAN KUALA MENGGATAL PH 3,SABAH,1,83,28.0,10.4
100.3635641049859,6.137942590866193,21/12/2025,TAMAN SERI MENANTI,KEDAH,1,77,27.6,0.1
116.84007542041462,6.884243599914632,21/12/2025,"LANDUNG AYANG LAUT,LANDUNG AYANG TENGAH",SABAH,2,84,28.4,0.2
110.56647580247929,0.8909763543727832,22/12/2025,MUJAT,SARAWAK,1,90,26.3,13.9
110.56281450393938,0.9717073141757547,22/12/2025,MAYANG KAWAN,SARAWAK,1,89,27.2,10.8
103.65035849544644,1.4270121255297592,22/12/2025,TAPAK BINA KOMPLEKS MAHKAMAH BAHARU NUSAJAYA,JOHOR,1,76,27.5,0.4
103.62069965545282,1.4406895494968532,22/12/2025,TMN ECO BOTANI_2/,JOHOR,1,78,27.2,0.3
103.58036896988035,1.4613646270470095,22/12/2025,"TMN NUSANTARA_NUSARIA 4/3 - 4/9G,TMN NUSANTARA_NUSARIA 5/1 - 5/11,TMN NUSANTARA_NUSARIA 6/1 - 6/10,TMN NUSANTARA_NUSARIA 6/11 - 6/21",JOHOR,4,78,27.3,0.3
103.77026986758632,1.4635547911330924,22/12/2025,"APT INDERA PUTRA COURT,APT PARAGON SUITES,APT SKY SUITES,JLN AH SIANG,JLN LEKAS,R&F RESIDENCE PHASE 1_BLOK A",JOHOR,6,76,27.7,0.1
103.25623377894367,1.4690285137887305,22/12/2025,PULAU PISANG,JOHOR,1,78,26.9,0.9
103.59036331785184,1.474682214703703,22/12/2025,"SILC_JLN SILC 2,TMN NUSANTARA PRIMA_JLN PRIMA 6",JOHOR,2,78,27.3,0.3
103.86513071100644,1.4800992641677413,22/12/2025,TMN SIERRA PERDANA 3/,JOHOR,1,76,27.8,0.2
103.77918011532192,1.481580142678082,22/12/2025,TMN PELANGI_ZON C,JOHOR,1,76,27.7,0.1
103.9248891749507,1.4891959837957782,22/12/2025,TMN KOTA MASAI_JLN DUKU (ZON B),JOHOR,1,76,27.9,0.2
103.90609705710585,1.4893891706176414,22/12/2025,TMN CENDANA_ZON 1,JOHOR,1,76,27.8,0.2
103.76583160039041,1.4915963667534262,22/12/2025,TMN MELODIES_ZON 1,JOHOR,1,76,27.6,0.1
103.75516265490123,1.4939906873950617,22/12/2025,"APT LARKIN IDAMAN BLOK A1/A2,APT M'TIARA LARKIN IDAMAN",JOHOR,2,76,27.7,0.1
103.72259318257323,1.49472415489809,22/12/2025,BBU PADI HUMA,JOHOR,1,76,27.6,0.1
103.67058929036986,1.4987627154520555,22/12/2025,BDR UDA UTAMA_UDA UTAMA 4/,JOHOR,1,78,27.3,0.3
103.82977726882191,1.505941498753424,22/12/2025,KAW IND DESA PLENTONG_HARUM,JOHOR,1,76,27.9,0.2
103.92456872450684,1.5080820136369855,22/12/2025,TMN CAHAYA MASAI_JLN INTAN,JOHOR,1,76,27.9,0.2
103.65968150065133,1.5082588296907893,22/12/2025,TMN SUTERA UTAMA_PULAI 2/,JOHOR,1,78,27.2,0.3
103.70156291702237,1.5091001834078215,22/12/2025,"TMN KENANGA BLOK 10-15,TMN KENANGA BLOK 16-23",JOHOR,2,76,27.6,0.1
103.76990072001281,1.5306761974551284,22/12/2025,TMN ISTIMEWA,JOHOR,1,76,27.7,0.1
103.71006583755901,1.5340668054720488,22/12/2025,TMN KEMPAS_JLN DATARAN 1/,JOHOR,1,76,27.5,0.1
103.80947553856953,1.5347393427019878,22/12/2025,"TMN JOHOR JAYA_JLN KEEMBONG 1-10,TMN JOHOR JAYA_JLN SEROJA 1-11",JOHOR,2,76,27.7,0.1
103.58423712702354,1.5400906511529415,22/12/2025,TMN PULAI INDAH_JLN PULAI INDAH /9,JOHOR,1,78,27.1,0.3
103.71360408721195,1.5421308775543492,22/12/2025,"KUARTERS KDN SETIA TROPIKA,TMN SINARAN KEMPAS_BLOK 1-48",JOHOR,2,76,27.5,0.1
103.57655045695206,1.543053645575342,22/12/2025,TMN PULAI INDAH_JLN PULAI INDAH /5,JOHOR,1,78,27.1,0.3
103.78246789260379,1.5457816605031462,22/12/2025,TMN AUSTIN PERDANA_2/,JOHOR,1,76,27.6,0.1
110.36704310596481,1.5481535597676046,22/12/2025,JALAN TAN SRI DATUK WILLIAM TAN,SARAWAK,1,89,26.3,6.4
103.76062606127898,1.549242936815216,22/12/2025,"TMN DAYA SAGU 36_APT DAYA VIEW,TMN DAYA SAGU _FLAT SAGU 34,TMN DAYA_JLN PINANG 1-17,TMN DAYA_RUMBIA (ZON 1)",JOHOR,4,76,27.6,0.1
103.75619383415095,1.5583041922830188,22/12/2025,TMN DAYA_NIBONG ZON 1(1-17),JOHOR,1,76,27.5,0.1
103.79673626671858,1.5616215766834185,22/12/2025,"FLAT SRI LANANG_FASA 1(BLOK A-J),TMN DESA TEBRAU_HARMONIUM 22/,TMN GAYA_FLAT",JOHOR,3,76,27.5,0.1
103.80909290664864,1.5648252765945947,22/12/2025,TMN DESA CEMERLANG_JLN ARA,JOHOR,1,79,26.8,0.4
103.59885603497352,1.5652021918278138,22/12/2025,BANDAR PULAI JAYA BLOK 1,JOHOR,1,79,27.1,0.4
103.80431085530135,1.579218215794519,22/12/2025,TMN PELANGI INDAH_JLN CANTIK (FLAT U-Y),JOHOR,1,79,26.7,0.4
103.6429762415,1.5973153014520571,22/12/2025,TMN BUKIT SENANG,JOHOR,1,79,27.2,0.4
103.79364293334014,1.6008819090204083,22/12/2025,"TMN BESTARI INDAH, JLN BESTARI /2 (ZON 1)",JOHOR,1,79,26.7,0.4
103.68498621810674,1.633284628629214,22/12/2025,TMN SCIENTEX SENAI (SJ7-SJ18),JOHOR,1,79,27.2,0.4
103.61540278599294,1.6417044807042238,22/12/2025,B_INDAHPURA BLOK KENANGA C,JOHOR,1,79,27.1,0.4
103.59269397491276,1.6640214096107355,22/12/2025,TMN KULAI UTAMA,JOHOR,1,79,27.1,0.4
103.58635537535883,1.6701774889470575,22/12/2025,"TMN INDAH JAYA,TMN PERTAMA",JOHOR,2,79,27.1,0.4
103.53060407789104,1.684959138282052,22/12/2025,TMN WAWASAN BLOK RAJAWALI,JOHOR,1,78,27.5,0.2
109.74594172602818,1.7714715405633847,22/12/2025,PAON,SARAWAK,1,94,25.7,6.4
103.33034181349093,1.8329305377333334,22/12/2025,TMN RENGGAM JAYA,JOHOR,1,79,27.3,0.2
102.94070275715568,1.848844834227543,22/12/2025,JLN. HJ. BASIR,JOHOR,1,76,27.5,0.1
102.12671878935757,2.279498807321213,22/12/2025,DESA TUN RAZAK (BLOK 1 -13),MELAKA,1,76,28.6,1.8
101.94139918537323,2.6793744960915484,22/12/2025,"TAMAN ANGGUR JAYA,TAMAN SEREMBAN 3 (JLN. SEREMBAN TIGA 27-32)",NEGERI SEMBILAN,2,80,28.1,5.2
101.94085260332278,2.6884250390696174,22/12/2025,TAMAN THIVY JAYA,NEGERI SEMBILAN,1,77,27.7,2.4
101.93194850011184,2.703074838414472,22/12/2025,TAMAN PERMAI IMPIAN,NEGERI SEMBILAN,1,83,27.5,7.4
101.98974158483028,2.7060579998969696,22/12/2025,PUSAT BANDAR SENAWANG,NEGERI SEMBILAN,1,77,27.5,2.4
101.99773864221464,2.7173165798010466,22/12/2025,"APARTMENT SEROJA,TAMAN TASIK JAYA  (JALAN 15 - 22 & 35)",NEGERI SEMBILAN,2,77,27.5,2.4
101.9235998074014,2.73517445697183,22/12/2025,TAMAN MAKMUR,NEGERI SEMBILAN,1,83,27.3,7.4
101.9018026274014,2.736374417957744,22/12/2025,TAMAN BUKIT GALENA FASA 5,NEGERI SEMBILAN,1,83,27.5,7.4
101.62668984736241,2.770966583664432,22/12/2025,"BANDAR SERI EHSAN ZON 1,BANDAR SERI EHSAN ZON 2",SELANGOR,2,83,27.4,9.9
101.74652173757235,2.791697633452829,22/12/2025,"KG. GECHING,KG. SALAK TENGAH,KG. SRI SALAK",SELANGOR,3,83,27.4,5.9
101.79574902419333,2.7927246965933326,22/12/2025,"KAMPUNG KONDOK,KG KONDOK",NEGERI SEMBILAN,2,83,27.3,5.9
101.66282168690198,2.799333560705883,22/12/2025,"PANGSAPURI LANGAT MURNI,PANGSAPURI LANGAT UTAMA,TAMAN LANGAT UTAMA (KEJORA)",SELANGOR,3,83,27.4,9.9
101.72835288734969,2.816653320134973,22/12/2025,"TAMAN IXORA,TAMAN IXORA 1",SELANGOR,2,82,27.5,9.2
101.72278546455554,2.828816976611109,22/12/2025,"APARTMENT DAHLIA IMPIANA,APT CASA DAHLIA, BBST",SELANGOR,2,82,27.5,9.2
101.62600348045889,2.830565482178083,22/12/2025,KG BUKIT CHANGGANG,SELANGOR,1,83,27.2,15.6
101.89303282220368,2.8309257672160504,22/12/2025,TAMAN PELANGI INDAH,NEGERI SEMBILAN,1,82,27.2,8.1
101.78421637358763,2.835728386917528,22/12/2025,TAMAN DESA ANGGERIK (JALAN BBN 9/2),NEGERI SEMBILAN,1,82,27.2,9.2
101.8272024074507,2.845374623894366,22/12/2025,"APARTMENT NILAI 3 CASSIA (BLOK A,B,C)",NEGERI SEMBILAN,1,82,27.4,8.1
101.68162483050943,2.862340627314467,22/12/2025,"TAMAN BAIDURI,TAMAN PERMATA",SELANGOR,2,83,27.2,15.6
101.50487607570199,2.8796793837814576,22/12/2025,TAMAN SRI JAROMAS,SELANGOR,1,83,27.2,13.4
101.6084166436087,2.883469597838508,22/12/2025,"PALMA SANDS, GAMUDA COVE",SELANGOR,1,83,27.3,15.6
101.78796697018237,2.885058400264153,22/12/2025,"APPT VISTA BANDAR SRI PUTRA,KONDOMINIUM VISTA BANDAR SRI PUTRA",SELANGOR,2,82,27.4,9.2
101.49324938466829,2.8850463760195098,22/12/2025,TAMAN RAMBAI INDAH,SELANGOR,1,83,27.2,13.4
101.61236042794653,2.8939650455508033,22/12/2025,"MAYABAY RESIDENCES,TAPAK BINA NORTH WOODS",SELANGOR,2,83,27.2,15.6
101.87260504744086,2.895283054413977,22/12/2025,TAMAN SEMENYIH PARKLANDS,SELANGOR,1,82,27.4,8.1
101.46114015720644,2.904917186367741,22/12/2025,TAMAN DATO HORMAT (JALAN PANDAN),SELANGOR,1,83,27.2,13.4
101.63639252426219,2.924796688445118,22/12/2025,"ECLIPSE APARTMENT,THE ARC CONDO",SELANGOR,2,83,27.2,15.6
101.83247735940961,2.931739518915662,22/12/2025,"TAMAN DALMA SEMENYIH,TAMAN SEMENYIH IMPIANA",SELANGOR,2,82,27.5,8.1
101.80708033191516,2.931596313890909,22/12/2025,JALAN CERDIK TAMAN UNIVERSITI KAJANG,SELANGOR,1,82,27.3,9.2
101.74806259503106,2.935775295316773,22/12/2025,"KG. SG MERAB LUAR,TAMAN DESA MAS",SELANGOR,2,82,27.5,9.2
101.79051316194393,2.9426736067429933,22/12/2025,"APPT KELISA RIA KAMPUNG SUNGAI TANGKAS,APPT VILLA TROPIKA DAN RUMAH KEDAI JALAN VILLA TROPIKA 1,JALAN KELISA 4(A),5 DAN 6 KAMPUNG SUNGAI TANGKAS,TAMAN TROPIKA 2",SELANGOR,4,81,27.7,7.2
101.76595732116412,2.946958958904581,22/12/2025,"APPT JALAN 6C/2 SEKSYEN 16 BANDAR BARU BANGI,JALAN 1/7 SEKSYEN 1 BANDAR BARU BANGI,JALAN 1/9 SEKSYEN 1 BANDAR BARU BANGI",SELANGOR,3,81,27.6,7.2
101.77457484450701,2.9638855857887285,22/12/2025,JALAN 4/12 SEKSYEN 4 BANDAR BARU BANGI,SELANGOR,1,81,27.7,7.2
101.80295197054747,2.9750864240446897,22/12/2025,"BLOK A, B DAN J PANGSAPURI SERI MEWAH DAN JALAN SERI MEWAH 1-4,JALAN 2 DAN AWANA TAMAN SERI MEWAH",SELANGOR,2,81,27.5,7.2
101.48250836406216,2.976891927259885,22/12/2025,"TAMAN SETIA 01,TAMAN SETIA 02",SELANGOR,2,78,28.0,7.2
101.58782705573377,2.9774046054935064,22/12/2025,TAMAN PUTRA PRIMA FASA 2,SELANGOR,1,80,27.9,14.8
101.78861293052113,2.991991559830985,22/12/2025,PENJARA KAJANG,SELANGOR,1,81,27.7,7.2
101.74886622839074,2.993121303701987,22/12/2025,PANGSAPURI GAPURA BAYU TAMAN PUNCAK UTAMA,SELANGOR,1,81,27.7,7.2
101.48137358479376,2.9934358976,22/12/2025,"TAMAN SENTOSA 01,TAMAN SENTOSA 05",SELANGOR,2,78,28.0,7.2
101.76148739653672,2.994384478378531,22/12/2025,"JADITE SUITES CONDO JADE HILLS,JALAN 3/1-3/4, 4/2-4/4 & 5/1-5/3 TAMAN SETIA IMPIAN,TAMAN SEMENYIH PARKLANDS",SELANGOR,3,81,27.6,7.2
101.50007369712179,2.9957288763076897,22/12/2025,SEKSYEN 32 (JALAN REZAB BUANG LOT 2909),SELANGOR,1,78,28.0,7.2
101.64057775307482,2.9980542837142874,22/12/2025,E15. TMN SAUJANA PUCHONG SP 8,SELANGOR,1,80,27.7,14.8
101.53089959706165,2.999825336732879,22/12/2025,"SEKSYEN 31 (TERES O : JLN 31/98F, 31/98H - 31/98L)",SELANGOR,1,78,28.0,7.2
101.80419978352816,3.0004904667676056,22/12/2025,TAMAN MEGAH SUNGAI JELOK,SELANGOR,1,81,27.6,7.2
101.46925692883974,3.0063158350128223,22/12/2025,TAMAN SENTOSA 26,SELANGOR,1,78,28.0,7.2
101.75987317827027,3.005485405437836,22/12/2025,"JALAN 3(B),10-15 TAMAN DESA KARUNMAS,JALAN BA 9-14 KAWASAN PERINDUSTRIAN BUKIT ANGKAT SG. CHUA,JALAN SUTERA 4 TAMAN SUTERA",SELANGOR,3,81,27.6,7.2
101.45179728107334,3.007474345220003,22/12/2025,TAMAN KLANG JAYA 07,SELANGOR,1,78,28.0,7.2
101.81331153475863,3.0097167360689654,22/12/2025,"BLOK A-H KUARTERS PENJARA KAJANG,IVORY RESIDENCE KAJANG",SELANGOR,2,78,28.0,9.8
101.80246971032858,3.012736234766665,22/12/2025,"APPT TAMAN TAMING IMPIAN,JALAN JENARIS 3 & 3B TMN DESA SERI JENARIS,JALAN JENARIS A-G TAMAN DESA SERI JENARIS,TAMAN TAMING IMPIAN",SELANGOR,4,81,27.6,7.2
101.40290865728477,3.016285078052981,22/12/2025,FLAT SRI PERANTAU,SELANGOR,1,82,27.7,7.2
101.68004512074097,3.0161859606084325,22/12/2025,E16. TMN PUNCAK JALIL 2C (JLN PUJ 2/19 - 2/29),SELANGOR,1,80,27.6,14.8
101.76106084222982,3.016817508863354,22/12/2025,JALAN CJ 4 TAMAN CHERAS JAYA,SELANGOR,1,81,27.7,7.2
101.6714443150274,3.017499196917808,22/12/2025,E16. TMN PUNCAK JALIL 5 (JLN PUJ 5/1-5/10),SELANGOR,1,80,27.4,14.8
101.7387806637546,3.0239029287852737,22/12/2025,"BLOK L & M TAMAN TAMING SARI,JALAN TAMING SARI TAMAN TAMING JAYA",SELANGOR,2,81,27.5,7.2
101.71794148512161,3.024472727236487,22/12/2025,"E17. SRI KEMBANGAN (THE HERITAGE) BLOK A, B, C, D, E",SELANGOR,1,81,27.7,7.2
101.62547358654223,3.025658169830988,22/12/2025,E15. PST BDR PUCHONG PSN INDERA- (DESA TANJUNG) BLOK A B C D E,SELANGOR,1,80,27.6,14.8
101.71106631938363,3.0293016555660355,22/12/2025,"E17. TMN SERDANG PERDANA (PERDANA SELATAN - SOUTH CITY CONDO),E17. TMN SERDANG PERDANA (PERDANA SELATAN APARTMENT)",SELANGOR,2,81,27.7,7.2
101.40026168801829,3.0322069626707338,22/12/2025,"KAMPUNG DELEK BARU 08,KAMPUNG DELEK BARU 09",SELANGOR,2,82,27.7,7.2
101.67803190324598,3.0358471851871665,22/12/2025,E16. TMN PUNCAK JALIL 8 (PANGSAPURI MAYANG),SELANGOR,1,80,27.6,14.8
101.73842058511184,3.0380107554407885,22/12/2025,JALAN DP 16 BANDAR DAMAI PERDANA,SELANGOR,1,81,27.5,7.2
101.63628110656157,3.0402511497734013,22/12/2025,"E15. BDR KINRARA 4 (JLN BK 4/5 - 4/9),E15. TMN BKT KINRARA (MELOR)",SELANGOR,2,80,27.6,14.8
101.50271669870547,3.044282596219174,22/12/2025,E2. SEKSYEN 17 (FLAT JLN 17/1 : BLOK 1- 6),SELANGOR,1,78,28.0,7.2
101.70603071803166,3.0441567026392358,22/12/2025,E17. TMN SERDANG PERDANA PSRN PERDANA (ONE SOUTH),SELANGOR,1,81,27.7,7.2
101.51673721211043,3.048235692846625,22/12/2025,E1. SEKSYEN 18 (TERES C : JLN 18/16 - 18/18),SELANGOR,1,78,28.0,7.2
101.65318678865754,3.0494554594520538,22/12/2025,"PPR PINGGIRAN 1 (BLOK A,B,C,D,E,F)",WILAYAH PERSEKUTUAN,1,80,27.7,14.8
101.41235889201386,3.0447186518476457,22/12/2025,"KAMPUNG SUNGAI UDANG 03,KAMPUNG SUNGAI UDANG 11,KAMPUNG SUNGAI UDANG 21,KAMPUNG SUNGAI UDANG 33,PANGSAPURI ANGGERIK SUNGAI UDANG,TAMAN HIJRAH 02",SELANGOR,6,82,27.7,7.2
101.5759482102381,3.052355041891158,22/12/2025,E13. USJ 5/1,SELANGOR,1,80,27.8,14.8
101.5590098937267,3.0550790218509323,22/12/2025,"E13. TMN SUBANG MAS (PANGSAPURI HARMONI SITE TAPAK BINA),E13. TMN SUBANG MAS (RUMAH KEDAI)",SELANGOR,2,78,28.0,7.2
101.46125067079453,3.0656246956438378,22/12/2025,APARTMENT PALM GARDEN,SELANGOR,1,80,28.1,2.5
101.41349843889743,3.066823754641024,22/12/2025,TAMAN MEWAH,SELANGOR,1,83,27.8,11.2
101.61425338765773,3.0646447998389266,22/12/2025,"E13. PJS 7/1 - PJS 7/6,E13. PJS 7/15 (FLAT KOS RENDAH) BLOK A, B, C, D, E, F, G, H, K,E13. PJS 7/15 (PANGSAPURI MUTIARA PERDANA) BLOK A, B, C, D,E13. PJS 9/1 (LAGOON PERDANA & RUMAH KEDAI)",SELANGOR,4,79,27.9,8.6
101.55304230543709,3.0706572219867545,22/12/2025,"E2. SEKSYEN 22 (KONDO INDAH ALAM),E2. SEKSYEN 22 (V RESIDENSI)",SELANGOR,2,80,28.1,2.5
101.52352548541539,3.0709788396512803,22/12/2025,E1. SEKSYEN 14 (PANGSAPURI VISTA ALAM),SELANGOR,1,80,28.0,2.5
101.5108189351118,3.075489307236023,22/12/2025,"E1. SEKSYEN 3 (KOMPLEKS MAIS),E1. SEKSYEN 4 (TERES A : JLN 4/2 - 4/3)",SELANGOR,2,80,28.0,2.5
101.66322383157042,3.079438725830983,22/12/2025,"TAMAN SRI SENTOSA (JLN 1,1B,2,2B/133)",WILAYAH PERSEKUTUAN,1,79,27.8,8.6
101.64734333140386,3.079711730320512,22/12/2025,E12. TM PJS 1 PANGSAPURI PERMAI [JLN PJS 1/25],SELANGOR,1,79,27.9,8.6
101.61688036693296,3.079196006279327,22/12/2025,"E11. SRI PJS 6 FLAT DESA MENTARI 1 (BLOK 1 , 2 , 3),E11. SRI PJS 6 FLAT DESA MENTARI 2 (BLOK 4 , 5 , 6)",SELANGOR,2,79,27.9,8.6
101.60473765420802,3.0782461168430624,22/12/2025,"E11. SRI PJS 10 (TERES 3) [JLN PJS 10/7C , 10/9A , 10/11A - 10/11D],E11. SRI PJS 10 (TERES 4) [JLN PJS 10/15,10/15A,10/18,10/20,10/22,10/26A,10/26C],E11. SRI PJS 10 APT KAYANGAN,E11. SRI PJS 10 APT SRI SUBANG,E11. SRI PJS 10 APT SUBANG VILLE EHSAN,E11. SRI PJS 10 SURIA MAS  KONDO,E11. SRI PJS 8 APT DAMAI",SELANGOR,7,79,27.9,8.6
101.59143799256586,3.08112226415122,22/12/2025,"E13. SS 15/5 (TERES),E13. SS 16 (CASA TIARA APPT)",SELANGOR,2,79,27.7,8.6
101.63611551520236,3.0728586060502217,22/12/2025,"E12. TM PJS 2B PUSAT KOMERSIAL,E12. TM PJS 2C APT MEDAN CAHAYA 2 (BLOK D , E , F),E12. TM PJS 2C APT MEDAN JAYA (BLOK I),E12. TM PJS 2C TMN MEDAN (TERES 1) [JLN PJS 2C/2,2C/7,2C/7A,2C/7B,2C/9,2C/12,14],E12. TM PJS 2C TMN MEDAN (TERES 4) [JLN PJS 2C/11,2C/11A,B,C,D,F,G,H,J,K,L,28,2],E12. TM PJS 2C TMN MEDAN (TERES 5) [JLN PJS 2C/5,1,2,4,6,8,10,PJS 2/2,1],E12. TM PJS 2D FLAT DESA MENTARI (BLOK 11),E12. TM PJS 2D TMN MEDAN (TERES 1) [JLN PJS 2D/15 , PJS 2D/15A - PJS 2D/15E],E12. TM PJS 2D TMN MEDAN (TERES 2) [JLN PJS 2D/2,4,5,6,7,8,8C,8D,9,10,11,12,14],E12. TM PJS 3 APT SRI MANJA (BLOK D , E , F) [JLN PJS 3/55],E12. TM PJS 3 FLAT SRI MANJA (BLOK A , B , C) [JLN PJS 3/55],E12. TM TMN DATO HARUN (TERES 3) [JLN 11,13,2/8,2/15,2/17,PJS 2/2,2/4],E14. TMN KINRARA (JLN TK 1),E14. TMN KINRARA JLN TK 2 (PANGSAPURI TMN KINRARA 2) BLOK A,B,C,D,E14. TMN KINRARA JLN TK 3 (VISTA LAVENDER),E14. TMN KINRARA JLN TK 4 (PANGSAPURI KINRARA PUTRI),E14. TMN KINRARA JLN TK 4 (PANGSAPURI KOS RENDAH)",SELANGOR,17,79,27.9,8.6
101.50610250501852,3.0833123974074095,22/12/2025,E1. SEKSYEN 6 (TERES A : JLN 6/1A - 6/2F & 6/9A-6/10A),SELANGOR,1,80,28.0,2.5
101.51667010629937,3.087065413999999,22/12/2025,"E1. SEKSYEN 8 (TERES A : JLN 8/1 - 8/13),E1. SEKSYEN 9 (KUARTERS IPK SELANGOR)",SELANGOR,2,80,28.0,2.5
101.69763140706665,3.0907201742000012,22/12/2025,THE VYNE SUNGAI BESI,WILAYAH PERSEKUTUAN,1,79,28.0,8.6
101.70917189011656,3.0983627467239283,22/12/2025,"PANGSAPURI SRI PENARA FASA 1 (BLOK A-B),PANGSAPURI SRI PENARA FASA 2 (BLOK C-D)",WILAYAH PERSEKUTUAN,2,79,27.9,8.6
101.7975622105845,3.1037326257816886,22/12/2025,BLOK M1-M6 APPT TAMAN PERKASA HULU LANGAT,SELANGOR,1,79,27.6,8.6
101.75220396439524,3.1059092624714304,22/12/2025,"INDUSTRI & JALAN 14 KG CHERAS BARU,JALAN BP 1-3 TAMAN BUKIT PANDAN,NUSA MEWAH VILLA KONDOMINIUM TAMAN BUKIT PANDAN",SELANGOR,3,79,27.6,8.6
101.75220396439524,3.1059092624714304,22/12/2025,"KG.CHERAS BARU B (JLN KUARI, JLN 7, 9, 10-12, 14, LRG 12, LRG 14A),TAMAN CHERAS UTAMA (JALAN 1/95B - 6/95B)",WILAYAH PERSEKUTUAN,2,79,27.6,8.6
101.70600617334246,3.1083924588630127,22/12/2025,"PPR PINGGIRAN 1 (BLOK A,B,C,D,E,F),RAZAK CITY RESIDENCE (BLOK B&C)",WILAYAH PERSEKUTUAN,2,79,27.9,8.6
101.66677618492812,3.107462903493748,22/12/2025,"CAMELLIA APARTMENT,DESA AMAN 2 (PDRM),FLAT TMN BUKIT ANGKASA (BLOK 9 & BLOK 16-20),LAUREL RESIDENCE BANGSAR SOUTH",WILAYAH PERSEKUTUAN,4,79,27.7,8.6
101.7627340235845,3.110275546788731,22/12/2025,JALAN MEGA 1-8 TAMAN MEGA JAYA,SELANGOR,1,79,27.4,8.6
101.58799836177776,3.112665625952989,22/12/2025,"E11. SRI PJU 1A APT KELANA IDAMAN,E11. SRI PJU 1A D'AMAN CRIMSON,E11. SRI PJU 1A PPRT 1 BLOK (A,B,C),E11. SRI PJU 1A PPRT 1 BLOK (G,H),E11. SRI PJU 1A PPRT LEMBAH SUBANG 2 (BLOK A-E)",SELANGOR,5,79,27.8,8.6
101.72418727914828,3.1186321817870715,22/12/2025,"APARTMENT M-VERTICA RESIDENSI (BLOK C,D,E),FLAT SRI PULAU PINANG B (BLOK 9-12),JALAN IKAN EMAS (PANGSAPURI INDAH MAS),JALAN PUDU ULU",WILAYAH PERSEKUTUAN,4,79,27.9,8.6
101.76847434938666,3.12053420008,22/12/2025,JALAN MELUR 1-9 TAMAN MELUR,SELANGOR,1,79,27.7,8.6
101.4402507366644,3.121024829102736,22/12/2025,TAMAN MERU SELATAN 02,SELANGOR,1,80,28.1,2.5
101.72224737023602,3.128887098515526,22/12/2025,"JALAN PEEL (SUNWAY VELOCITY TWO),V RESIDENCE 2 SUNWAY VELOCITY",WILAYAH PERSEKUTUAN,2,79,27.9,8.6
101.68520227490082,3.1291971350950427,22/12/2025,"JALAN BERHALA,JALAN RAKYAT (BANGUNAN TONG NAM ),JLN THAMBY ABDULLAH 1 , JLN THAMBY ABDULLAH,MENARA PELANGI APARTMENT,PALM COURT CONDOMINIUM (BLOK A,B,C,D)",WILAYAH PERSEKUTUAN,5,79,27.8,8.6
101.65075567363291,3.1312120914367125,22/12/2025,UM (KOLEJ KEDIAMAN 10),WILAYAH PERSEKUTUAN,1,79,27.6,8.6
101.44178492417646,3.1327947351960823,22/12/2025,TAMAN ORKID 01,SELANGOR,1,80,28.1,2.5
101.75857669138357,3.1381495845821963,22/12/2025,BLOK C FLAT PANDAN RIA,SELANGOR,1,79,27.8,8.6
101.61454558281707,3.139751294829267,22/12/2025,"E8. BU PJU 6 BU 1 (TERES 1) [JLN 1/1, 1/1A, 1/9 - 1/15],E8. BU PJU 6A PELANGI UTAMA KONDO",SELANGOR,2,79,27.7,8.6
101.71048482851177,3.1453573815283016,22/12/2025,"BERJAYA TIMES SQUARE HOTEL,CASA MUTIARA SERVICE APPT,JALAN ALOR,JALAN BARAT,JALAN KHOO TEIK EE,JALAN SIN CHEW KEE (RUMAH KEDAI),NOVOTEL KLCC,SEASONS TOWER,SUN COMPLEX JALAN IMBI,TAPAK BBCC LALAPORT,WISMA COSWAY, JALAN RAJA CHULAN",WILAYAH PERSEKUTUAN,11,79,27.8,8.6
101.7369870360185,3.15236633954321,22/12/2025,"DESA PANDAN (MUTIARA UPPER EAST CONDO),KUARTERS KERAJAAN JALAN U-THANT",WILAYAH PERSEKUTUAN,2,79,27.9,8.6
101.5788008404181,3.1524121085387917,22/12/2025,"E7. KD PJU 5 SEK 4 GUGUSAN MATAHARI,E7. KD PJU 5 SEK 4 GUGUSAN MELATI,E7. KD PJU 5 SEK 4 GUGUSAN SEMARAK,E7. KD PJU 5 SEK 6 GUGUSAN SEROJA",SELANGOR,4,79,27.8,8.6
101.69718566822789,3.150962574319727,22/12/2025,"JALAN TUN H.S. LEE,JALAN TUN PERAK,JALAN TUN TAN SIEW SIN,KUARTERS MASJID JAMEK,MENARA CITY ONE",WILAYAH PERSEKUTUAN,5,79,27.9,8.6
101.70115810857831,3.1647692477108436,22/12/2025,"KAMPUNG BARU (JALAN RAJA BOT),KAMPUNG BARU (WISMA SABARUDDIN)",WILAYAH PERSEKUTUAN,2,79,28.0,8.6
101.72530534676073,3.165897594944786,22/12/2025,"KAMPUNG DATO KERAMAT ( LORONG KERAMAT 1,2,3)",WILAYAH PERSEKUTUAN,1,79,27.9,8.6
101.57145248265296,3.1704093986803676,22/12/2025,"E7. KD PJU 5 SEK 7 APT LILY,E7. KD PJU 5 SEK 7 APT MILIA,E7. KD PJU 5 SEK 7 GUGUSAN KANTAN,E7. KD PJU 5 SEK 7 GUGUSAN KEKWA,E7. KD PJU 5 SEK 7 GUGUSAN KEMBOJA",SELANGOR,5,79,27.7,8.6
101.60813197361972,3.1758118066408465,22/12/2025,"E6. BL PJU 8 APT FLORA DAMANSARA 1 [A,B],E6. BL PJU 8 APT FLORA DAMANSARA 2 [C,D,E,F]",SELANGOR,2,79,26.9,8.6
101.74259867829745,3.1754738181202544,22/12/2025,"AU1C TMN KERAMAT,AU1C TMN KERAMAT ZON 4",SELANGOR,2,79,27.8,8.6
101.57762984058385,3.1776782721118004,22/12/2025,"E7. KD PJU 5 SEK 8 GUGUSAN KEMUNING (A,B) PPRT,E7. KD PJU 5 SEK 8 GUGUSAN KESUMBAR (C,D) PPRT",SELANGOR,2,79,27.7,8.6
101.64650018315069,3.17812536161644,22/12/2025,BOUGAINVILLA APARTMENT,WILAYAH PERSEKUTUAN,1,79,27.4,8.6
101.53348768260228,3.178702798255681,22/12/2025,"E5. SEKSYEN U5 (MUTIARA SUBANG KAW PERINDUSTRIAN A : JALAN U5/11 - U5/17 ),E5. SEKSYEN U5 (PANGSAPURI MUTIARA SUBANG : BLOK 1 - 7),E5. SEKSYEN U5 (SUBANG PELANGI : JLN U5/122 - U5/129 & JLN U5/AK, AJ, AH & AG)",SELANGOR,3,80,27.9,2.5
101.69876048368354,3.1819137796582284,22/12/2025,"FLAT SRI PERAK  A (BLOK 29,31,33),FLAT SRI PERAK B (BLOK 35,37,39,41)",WILAYAH PERSEKUTUAN,2,79,27.9,8.6
101.66703598515191,3.1824501713670905,22/12/2025,"FLAT TAMAN SPPK JALAN DUTAMAS SEROJA,KONDOMINIUM SRI PUTRAMAS 1 ( BLOK A, B, C, D, E ),KUARTERS KERAJAAN JALAN DUTA (G,H,J,K),RUMAH KONGSI PEMBINAAN THE METROPOLI,SRI PUTRAMAS CONDOMINIUM 2 (BLOK A1, A2, B1, B2)",WILAYAH PERSEKUTUAN,5,79,27.7,8.6
101.63506372015753,3.1849453253767117,22/12/2025,DESA PARK CITY (THE BREEZEWAY),WILAYAH PERSEKUTUAN,1,79,27.4,8.6
101.53365749747945,3.188193652075339,22/12/2025,E5. SEKSYEN U5 (PANGSAPURI SUBANG HIJAUAN : BLOK 9 - 12),SELANGOR,1,81,27.8,3.7
101.65009868485231,3.1878968416793225,22/12/2025,"PANGSAPURI PLAZA SINAR,TAMAN SRI SINAR (JALAN 15 & 16 / 38D-KEDAI),TAMAN SRI SINAR (JALAN 34A,B,C,D,E/38A),TAMAN SRI SINAR (NOVA 2 APPARTMENT)",WILAYAH PERSEKUTUAN,4,80,28.4,5.5
101.60383259059434,3.192745530594338,22/12/2025,"E6. BL PJU 9 SD 11,E6. BL PJU 9 SD 13 APT SRI MERANTI (1) [A,B,C,D,E,F,G],E6. BL PJU 9 SD 13 APT SRI MERANTI (2) [H,J,K,L,M,N,P,Q,R]",SELANGOR,3,80,28.4,5.5
101.66773041675428,3.195722769485714,22/12/2025,"TAMAN CITY (JALAN 5/42),TAMAN LAWA (JALAN 12/42 (2-38), JALAN 14/42, DAN JALAN 15/42),TAMAN LAWA (JALAN 2/42, 4/42 & JALAN JAMBU MAWAR ( 1-31 ),TAMAN SEJAHTERA (JLN 8/42A (42A-56) JLN 7/42 (2-56) &JLN 6/42 (1-65)&(32-62A)",WILAYAH PERSEKUTUAN,4,80,28.5,5.5
101.67843377348362,3.1943423406762297,22/12/2025,"JLN TEROLAK 4 (Q1-Q16),(CC1-CC11), JLN CENDERUH (R1-R14),JLN CENDERUH 7 (W1-W4),SRI INTAN 2 CONDOMINIUM ( 2 BLOK ),TAMAN BAMBOO(JLN TEROLAK 4 (Q1-Q16),(CC1-CC11),JLN CENDERUH (R1-R14), (W1-W12),TAMAN RAINBOW (JALAN SUNGKAI, JALAN SELAMA),TWELVE APARTMENT",WILAYAH PERSEKUTUAN,5,80,28.6,5.5
101.58962922425066,3.1934932032106667,22/12/2025,"E6. BL PJU 10 APT BAYU,E6. BL PJU 10 APT IDAMAN FASA 1  (A,B,C,H,J,K,L,M,N),E6. BL PJU 10 APT IDAMAN FASA 2 (D,E,F,G,O,P,Q,R,S),E6. BL PJU 10 APT VISTA (1) [A,B,C,D,E,F,G],E6. BL PJU 10 APT VISTA (2) [H,J,K,L,M,N,P,Q],E6. BL PJU 10 KG SELAMAT,E6. BL PJU 10 ONE DAMANSARA KONDO,E6. BL PJU 10 PANGSAPURI SRI EMBUN,E6. BL PJU 10 PLAZA SURIA,E6. BL PJU 10 SAUJANA DAMANSARA (A) [JLN PJU 10/13, PJU 10/14],E6. BL PJU 10 THE VALE",SELANGOR,11,80,28.4,5.5
101.737736830048,3.1977039233359985,22/12/2025,"KONDOMINIUM THE HAMILTON,RESIDENSI SERI RIANA,RESIDENSI WANGSAMAS,TAMAN SRI RAMPAI F (JLN 47/26 - 66/26),TAMAN SRI RAMPAI H (JLN 82/26 - JLN 92/26),WANGSA 9 RESIDENCY, JALAN WANGSA PERDANA 1",WILAYAH PERSEKUTUAN,6,79,27.6,8.6
101.76565649715567,3.2011302933233505,22/12/2025,"TMN UKAY BISTARI ZON A,TMN UKAY BISTARI ZON B",SELANGOR,2,79,27.7,8.6
101.70295531845807,3.2037407518322576,22/12/2025,JALAN GOMBAK(KL TRADERS SQUARE),WILAYAH PERSEKUTUAN,1,79,27.9,8.6
101.48944148263381,3.2048855227253514,22/12/2025,JALAN CENGAL SAUJANA UTAMA 2,SELANGOR,1,81,27.8,3.7
101.69061284758736,3.204840406620817,22/12/2025,"KONDOMINIUM M CENTURA SENTUL,KONDOMINIUM MAXIM CITYLIGHT (BLOK A, B, C, D, E, F),KONDOMINIUM SRI SUAJAYA (BLOK 200, 202, 204),M ARISA (JALAN SENTUL),SKY AWANI RESIDENCE",WILAYAH PERSEKUTUAN,5,79,27.7,8.6
101.71780222777718,3.2046970950802134,22/12/2025,"FLAT DANAU KOTA ( BLOK D & E),FLAT DANAU KOTA (BLOK A,B,C),FLAT PRIMA SETAPAK,KEM WARDIEBURN (BLOK E BARU & F BARU),MEDAN IDAMAN (8/21D - 12/21D),MEDAN IDAMAN (IDAMAN PUTRI KONDOMINIUM),MEDAN IDAMAN (IDAMAN SUTERA KONDOMINIUM),PANGSAPURI TERATAI MEWAH,PLATINUM LAKE KONDOMINIUM PV12,PLATINUM LAKE KONDOMINIUM PV18,TAMAN DANAU KOTA(KONDOMINIUM PLATINIUM VIC LAKE 12),TAMAN SETAPAK (JALAN BAKUBANG),TAMAN SETAPAK (JALAN CHENGAL SELATAN),TAMAN SETAPAK (JALAN SATANG 1),TAMAN SETAPAK (JALAN SATANG 2),TAMAN SETAPAK (JALAN TIOMAN),TAPAK BINA RUMAWIP JSATINE",WILAYAH PERSEKUTUAN,17,79,27.8,8.6
101.52046945066442,3.213789785738258,22/12/2025,E5. SEKSYEN U17 (AMAN PUTRI : TERES JLN U17/43 - U17/51),SELANGOR,1,81,27.7,3.7
101.63611162643124,3.216122279818749,22/12/2025,"PPR PEKAN KEPONG (BLOK A, B DAN C)",WILAYAH PERSEKUTUAN,1,80,28.5,5.5
101.71194775468668,3.2264246623066626,22/12/2025,"BT 6 GOMBAK,KG KERDAS 5",SELANGOR,2,79,27.8,8.6
101.69083122906967,3.2283081169057373,22/12/2025,APPT FIONA,SELANGOR,1,80,28.5,5.5
101.69083122906967,3.2283081169057373,22/12/2025,TAMAN BATU MUDA (JLN 2-12),WILAYAH PERSEKUTUAN,1,80,28.5,5.5
101.56359919766197,3.2494745646760577,22/12/2025,APPT IMPIAN INDAH,SELANGOR,1,80,28.4,5.5
101.69107386274044,3.250406097970212,22/12/2025,"APPT MESRA,APPT TEMENGGUNG,APPT WIRA DAMAI,CONDO BAYU RESIDENCE BT CAVES,PANGSAPURI SELANGORKU SERI TEMENGGUNG,TMN INDUSTRI BOLTON",SELANGOR,6,80,28.4,5.5
101.67435554801831,3.2689392960769252,22/12/2025,"APPT JULIA,BDR BARU SELAYANG FASA 2B (ZON B),FLAT SELAYANG MULIA,KG BENDAHARA",SELANGOR,4,80,28.3,5.5
101.64194881336986,3.2946247451917814,22/12/2025,TMN SETIA ECO TEMPLER,SELANGOR,1,80,28.3,5.5
101.54944793160128,3.4377032598291133,22/12/2025,"APT DAHLIA TBR BB,JALAN BUNGA RAYA 1, BUKIT BERUNTUNG",SELANGOR,2,80,27.4,7.2
101.55494901938312,3.444516066584415,22/12/2025,"APT TERATAI TBR BB,JALAN BUNGA RAYA 3, BUKIT BERUNTUNG",SELANGOR,2,80,27.4,7.2
102.39267909131647,3.463844380715188,22/12/2025,TAMAN CHENGAL,PAHANG,1,77,27.2,0.0
103.30150406526059,3.797198426975759,22/12/2025,TMN. CENDERAWASIH - BLOK PERINGKAT 2,PAHANG,1,80,26.6,0.0
117.89886333279246,4.251461219051883,22/12/2025,"AP07 APAS BT. 1 TAKADA,IB09 LRG. HJ ISMAIL,IB23 LORONG HJ AWADAN,JK61 KUHARA COURT",SABAH,4,81,28.3,1.7
117.89556853544326,4.272185979556739,22/12/2025,"JK54 TAMAN FORTUNE,JK59 TAMAN SRI IMPIAN,JK70 TMN. CITRA,JK76 LRG. NAGA EMAS,JK93 THE WELD",SABAH,5,81,28.3,1.7
117.9070649840395,4.278463772401317,22/12/2025,"SN10 TAMAN LILY,SN24 TAMAN ROSE",SABAH,2,81,28.3,1.7
117.8888603721287,4.297118897143564,22/12/2025,"JK02 TMN. SEMARAK LOJI,JK04 TMN. SEMARAK PH.1",SABAH,2,79,28.2,0.3
100.98998317038027,4.359338561239439,22/12/2025,"BANDAR SRI ISKANDAR,TAMAN BANDAR UNIVERSITI (SUSUR U3)",PERAK,2,80,27.7,2.9
101.12731173020372,4.529250138660494,22/12/2025,KG BARU SIMPANG PULAI,PERAK,1,77,27.7,9.4
101.10320090084078,4.553914594101912,22/12/2025,KWSN PERINDUSTRIAN RINGAN SRI RAPAT,PERAK,1,77,27.6,9.4
101.13099756502001,4.569139272906666,22/12/2025,TMN RAPAT INDAH,PERAK,1,77,27.6,9.4
101.15006072389473,4.630189601875001,22/12/2025,KG TERSUSUN BT 6,PERAK,1,80,28.5,6.8
101.11669569349314,4.72902031947945,22/12/2025,RPT BT.10 CHEMOR,PERAK,1,78,27.7,3.2
118.39210149417333,5.040213822973333,22/12/2025,PANGSAPURI MUTIARA KASIH,SABAH,1,84,26.7,0.0
100.49589690167333,5.280679553573337,22/12/2025,BANDAR TASEK MUTIARA SS3 B,PULAU PINANG,1,65,29.0,0.0
100.22513538343836,5.289315682356167,22/12/2025,"KG SULUP,TAMAN KUMBAR PERMAI,TAMAN SAHABAT",PULAU PINANG,3,71,29.2,0.0
100.28649192997999,5.318680679380001,22/12/2025,FLAT JALAN TENGAH,PULAU PINANG,1,71,29.2,0.0
100.27809096110417,5.334453981283334,22/12/2025,"HILIR PAYA TERUBONG,JAMBUL VIEW,SRI AMAN,TMN SERI RELAU",PULAU PINANG,4,71,29.2,0.0
100.29332826013626,5.332597900177615,22/12/2025,"HALAMAN KENANGA,HALAMAN NIPAH,JALAN BAHAGIA,PANGSAPURI WAKAF SITI & HAJJAH NORIJAH,SOLOK KG. JAWA,TMN BUKIT JAMBUL (D-J)",PULAU PINANG,6,71,29.2,0.0
100.30986079519718,5.340936460908452,22/12/2025,PUTRA PLACE CONDOMINIUM,PULAU PINANG,1,71,29.2,0.0
100.30079624686087,5.349882775486958,22/12/2025,"APARTMENT DESA PERMAI INDAH,DESA PERMAI INDAH,UNIVERSITY HEIGHT",PULAU PINANG,3,71,29.2,0.0
100.27755565869231,5.3713176202662725,22/12/2025,"TAMAN TERUBONG JAYA (BLOK 9, 11 & 11A),TAMAN TERUBONG JAYA BLOK 18 & 20",PULAU PINANG,2,71,28.8,0.0
100.3998925399054,5.3827215681148655,22/12/2025,"SIAKAP, TINGKAT",PULAU PINANG,1,65,29.2,0.0
100.31075343524645,5.392704764028169,22/12/2025,"JALAN BAGAN SERAI,MUTIARA INDAH",PULAU PINANG,2,71,29.2,0.0
100.28334137899398,5.392284261596385,22/12/2025,"(BLOK A-E) LRG SEMARAK API,DESA BAIDURI",PULAU PINANG,2,71,29.1,0.0
100.40146162294667,5.429856143140002,22/12/2025,TAMAN BAGAN LALANG (PANGSAPURI),PULAU PINANG,1,65,29.2,0.0
100.37951630518565,5.443625006598806,22/12/2025,TAMAN PANTAI BERSIH,PULAU PINANG,1,71,28.6,0.0
100.47598230131875,5.597361415893751,22/12/2025,TAMAN PERMAI,KEDAH,1,67,28.6,0.0
118.0673744029342,5.8446798955723684,22/12/2025,INDAH JAYA FASA 2,SABAH,1,84,27.3,1.9
118.10727748370424,5.862063684845071,22/12/2025,BDC,SABAH,1,84,27.4,1.9
118.07656602614118,5.86157606547647,22/12/2025,TAMAN MESRA,SABAH,1,84,27.4,1.9
118.06271733218965,5.8676804296508625,22/12/2025,TAMAN TYNG BT.5,SABAH,1,84,27.3,1.9
116.06450335526227,5.873465021907105,22/12/2025,PPR SRI KERAMAT,SABAH,1,82,29.4,4.7
116.04346723820468,5.898091187760233,22/12/2025,KG. PASIR PUTIH,SABAH,1,83,28.2,5.4
116.09816964032441,5.935972728706664,22/12/2025,"TMN DUTA GARDEN,TMN FORMOSA,TMN MILLENIUM HEIGHT",SABAH,3,82,27.8,3.7
116.09129416976825,5.954898573806869,22/12/2025,"KONDOMINIUM PUNCAK LUYANG,TAMAN FU YEN PH.3,TAMAN FU YEN PH.5,TAMAN MOUNT ZION",SABAH,4,82,27.8,3.7
116.1130788209091,6.000926269115153,22/12/2025,"KG LIKAS LRG HAWA,KG.LIKAS JLN KULOR MELANGI",SABAH,2,82,27.8,3.7
116.13361488448847,6.017696225811061,22/12/2025,"D'VANTAGE APARTMENT,KG.WARISAN PH 2,TAMAN PURI WARISAN",SABAH,3,82,27.8,3.7
116.15748061260405,6.02401008896644,22/12/2025,PEKAN MENGGATAL,SABAH,1,82,27.8,3.7
116.14730208699416,6.024748654695905,22/12/2025,"TAMAN FAJAR,TAMAN PERMATA",SABAH,2,82,27.8,3.7
116.13664123310527,6.037371602239764,22/12/2025,KG. CONTOH SUANG PARAI,SABAH,1,82,27.8,3.7
116.14891424979453,6.052666553664387,22/12/2025,TAMAN KUALA MENGGATAL PH 3,SABAH,1,82,27.8,3.7
100.3635641049859,6.137942590866193,22/12/2025,TAMAN SERI MENANTI,KEDAH,1,74,28.0,0.0
116.84007542041462,6.884243599914632,22/12/2025,"LANDUNG AYANG LAUT,LANDUNG AYANG TENGAH",SABAH,2,84,28.1,8.0
110.56647580247929,0.8909763543727832,23/12/2025,MUJAT,SARAWAK,1,88,26.8,12.8
110.56281450393938,0.9717073141757547,23/12/2025,MAYANG KAWAN,SARAWAK,1,88,27.6,12.7
103.65035849544644,1.4270121255297592,23/12/2025,TAPAK BINA KOMPLEKS MAHKAMAH BAHARU NUSAJAYA,JOHOR,1,77,27.5,0.2
103.62069965545282,1.4406895494968532,23/12/2025,TMN ECO BOTANI_2/,JOHOR,1,78,27.1,0.0
103.58036896988035,1.4613646270470095,23/12/2025,"TMN NUSANTARA_NUSARIA 4/3 - 4/9G,TMN NUSANTARA_NUSARIA 5/1 - 5/11,TMN NUSANTARA_NUSARIA 6/1 - 6/10,TMN NUSANTARA_NUSARIA 6/11 - 6/21",JOHOR,4,78,27.2,0.0
103.77026986758632,1.4635547911330924,23/12/2025,"APT INDERA PUTRA COURT,APT PARAGON SUITES,APT SKY SUITES,JLN AH SIANG,JLN LEKAS,R&F RESIDENCE PHASE 1_BLOK A",JOHOR,6,77,27.7,0.1
103.25623377894367,1.4690285137887305,23/12/2025,PULAU PISANG,JOHOR,1,78,27.0,0.0
103.59036331785184,1.474682214703703,23/12/2025,"SILC_JLN SILC 2,TMN NUSANTARA PRIMA_JLN PRIMA 6",JOHOR,2,78,27.2,0.0
103.8651307110129,1.4800992641677413,23/12/2025,TMN SIERRA PERDANA 3/,JOHOR,1,77,27.8,0.0
103.77918011532192,1.481580142678082,23/12/2025,TMN PELANGI_ZON C,JOHOR,1,77,27.6,0.1
103.9248891749507,1.4891959837957782,23/12/2025,TMN KOTA MASAI_JLN DUKU (ZON B),JOHOR,1,77,27.9,0.0
103.90609705710585,1.4893891706176414,23/12/2025,TMN CENDANA_ZON 1,JOHOR,1,77,27.8,0.0
103.76583160039041,1.4915963667534262,23/12/2025,TMN MELODIES_ZON 1,JOHOR,1,77,27.6,0.1
103.75525924442424,1.4939874443939392,23/12/2025,"APT LARKIN IDAMAN BLOK A1/A2,APT M'TIARA LARKIN IDAMAN",JOHOR,2,77,27.7,0.1
103.67058929036986,1.4987627154520555,23/12/2025,BDR UDA UTAMA_UDA UTAMA 4/,JOHOR,1,78,27.2,0.0
103.82977726882191,1.505941498753424,23/12/2025,KAW IND DESA PLENTONG_HARUM,JOHOR,1,77,27.8,0.0
103.92456872450684,1.5080820136369855,23/12/2025,TMN CAHAYA MASAI_JLN INTAN,JOHOR,1,77,27.8,0.0
103.70156291702237,1.5091001834078215,23/12/2025,"TMN KENANGA BLOK 10-15,TMN KENANGA BLOK 16-23",JOHOR,2,77,27.6,0.1
103.66043141999491,1.5097344221675135,23/12/2025,"TMN SUTERA UTAMA_CENGAL,TMN SUTERA UTAMA_PULAI 2/",JOHOR,2,78,27.1,0.0
103.76990072001281,1.5306761974551284,23/12/2025,TMN ISTIMEWA,JOHOR,1,77,27.7,0.1
103.69627101876027,1.53335411059589,23/12/2025,TMN BKT KEMPAS_JLN BKT KEMPAS 2/,JOHOR,1,77,27.5,0.1
103.80947553856953,1.5347393427019878,23/12/2025,"TMN JOHOR JAYA_JLN KEEMBONG 1-10,TMN JOHOR JAYA_JLN SEROJA 1-11",JOHOR,2,77,27.7,0.1
103.58428599978666,1.54076940914667,23/12/2025,TMN PULAI INDAH_JLN PULAI INDAH /9,JOHOR,1,78,27.0,0.0
103.71360408721195,1.5421308775543492,23/12/2025,"KUARTERS KDN SETIA TROPIKA,TMN SINARAN KEMPAS_BLOK 1-48",JOHOR,2,77,27.5,0.1
103.57655045695206,1.543053645575342,23/12/2025,TMN PULAI INDAH_JLN PULAI INDAH /5,JOHOR,1,78,27.0,0.0
103.78246789260379,1.5457816605031462,23/12/2025,TMN AUSTIN PERDANA_2/,JOHOR,1,77,27.6,0.1
110.36704310596481,1.5481535597676046,23/12/2025,JALAN TAN SRI DATUK WILLIAM TAN,SARAWAK,1,85,27.0,2.8
103.76297710012904,1.5498949309838712,23/12/2025,"TMN DAYA SAGU 36_APT DAYA VIEW,TMN DAYA SAGU _FLAT SAGU 34,TMN DAYA_JLN PINANG 1-17",JOHOR,3,77,27.6,0.1
103.75619383415095,1.5583041922830188,23/12/2025,TMN DAYA_NIBONG ZON 1(1-17),JOHOR,1,77,27.5,0.1
103.79673626671858,1.5616215766834185,23/12/2025,"FLAT SRI LANANG_FASA 1(BLOK A-J),TMN DESA TEBRAU_HARMONIUM 22/,TMN GAYA_FLAT",JOHOR,3,77,27.5,0.1
103.80909290664864,1.5648252765945947,23/12/2025,TMN DESA CEMERLANG_JLN ARA,JOHOR,1,80,26.7,0.0
103.59885603497352,1.5652021918278138,23/12/2025,BANDAR PULAI JAYA BLOK 1,JOHOR,1,80,27.0,0.0
103.80431085530135,1.579218215794519,23/12/2025,TMN PELANGI INDAH_JLN CANTIK (FLAT U-Y),JOHOR,1,80,26.6,0.0
103.79364293334014,1.6008819090204083,23/12/2025,"TMN BESTARI INDAH, JLN BESTARI /2 (ZON 1)",JOHOR,1,80,26.6,0.0
103.68511658422153,1.632843253119762,23/12/2025,TMN SCIENTEX SENAI (SJ7-SJ18),JOHOR,1,80,27.0,0.0
103.61540278599294,1.6417044807042238,23/12/2025,B_INDAHPURA BLOK KENANGA C,JOHOR,1,80,27.0,0.0
103.59269397491276,1.6640214096107355,23/12/2025,TMN KULAI UTAMA,JOHOR,1,80,27.0,0.0
103.58635537535883,1.6701774889470575,23/12/2025,"TMN INDAH JAYA,TMN PERTAMA",JOHOR,2,80,27.0,0.0
103.53060407789104,1.684959138282052,23/12/2025,TMN WAWASAN BLOK RAJAWALI,JOHOR,1,79,27.3,0.1
109.74594172602818,1.7714715405633847,23/12/2025,PAON,SARAWAK,1,93,26.0,6.0
103.33034285863032,1.8329296800909096,23/12/2025,TMN RENGGAM JAYA,JOHOR,1,80,27.3,0.0
102.94070275715568,1.848844834227543,23/12/2025,JLN. HJ. BASIR,JOHOR,1,76,27.5,0.0
102.12671878935757,2.279498807321213,23/12/2025,DESA TUN RAZAK (BLOK 1 -13),MELAKA,1,83,27.7,9.4
101.94139918537323,2.6793744960915484,23/12/2025,"TAMAN ANGGUR JAYA,TAMAN SEREMBAN 3 (JLN. SEREMBAN TIGA 27-32)",NEGERI SEMBILAN,2,87,27.5,13.0
101.94085260332278,2.6884250390696174,23/12/2025,TAMAN THIVY JAYA,NEGERI SEMBILAN,1,85,27.2,5.3
101.93194850011184,2.703074838414472,23/12/2025,TAMAN PERMAI IMPIAN,NEGERI SEMBILAN,1,85,27.4,10.7
101.98974158483028,2.7060579998969696,23/12/2025,PUSAT BANDAR SENAWANG,NEGERI SEMBILAN,1,85,26.9,5.3
101.99773864221464,2.7173165798010466,23/12/2025,"APARTMENT SEROJA,TAMAN TASIK JAYA  (JALAN 15 - 22 & 35)",NEGERI SEMBILAN,2,85,26.9,5.3
101.9235998074014,2.73517445697183,23/12/2025,TAMAN MAKMUR,NEGERI SEMBILAN,1,85,27.2,10.7
101.9018026274014,2.736374417957744,23/12/2025,TAMAN BUKIT GALENA FASA 5,NEGERI SEMBILAN,1,85,27.4,10.7
101.62668984736241,2.770966583664432,23/12/2025,"BANDAR SERI EHSAN ZON 1,BANDAR SERI EHSAN ZON 2",SELANGOR,2,84,27.3,15.4
101.74652173757235,2.791697633452829,23/12/2025,"KG. GECHING,KG. SALAK TENGAH,KG. SRI SALAK",SELANGOR,3,85,27.3,7.2
101.79574902419333,2.7927246965933326,23/12/2025,"KAMPUNG KONDOK,KG KONDOK",NEGERI SEMBILAN,2,85,27.2,7.2
101.66285400248516,2.799305761920792,23/12/2025,"PANGSAPURI LANGAT MURNI,PANGSAPURI LANGAT UTAMA,TAMAN LANGAT UTAMA (KEJORA)",SELANGOR,3,84,27.3,15.4
101.72835288734969,2.816653320134973,23/12/2025,"TAMAN IXORA,TAMAN IXORA 1",SELANGOR,2,85,27.3,14.9
101.72278546455554,2.828816976611109,23/12/2025,"APARTMENT DAHLIA IMPIANA,APT CASA DAHLIA, BBST",SELANGOR,2,85,27.3,14.9
101.62600348045889,2.830565482178083,23/12/2025,KG BUKIT CHANGGANG,SELANGOR,1,86,27.2,10.2
101.89303282220368,2.8309257672160504,23/12/2025,TAMAN PELANGI INDAH,NEGERI SEMBILAN,1,86,26.7,16.3
101.78421637358763,2.835728386917528,23/12/2025,TAMAN DESA ANGGERIK (JALAN BBN 9/2),NEGERI SEMBILAN,1,85,27.0,14.9
101.8272024074507,2.845374623894366,23/12/2025,"APARTMENT NILAI 3 CASSIA (BLOK A,B,C)",NEGERI SEMBILAN,1,86,27.0,16.3
101.5048766149026,2.8796184599415584,23/12/2025,"TAMAN SERI JAROMAS (PLUMERIA),TAMAN SRI JAROMAS",SELANGOR,2,86,27.1,9.9
101.6084166436087,2.883469597838508,23/12/2025,"PALMA SANDS, GAMUDA COVE",SELANGOR,1,86,27.2,10.2
101.78796697018237,2.885058400264153,23/12/2025,"APPT VISTA BANDAR SRI PUTRA,KONDOMINIUM VISTA BANDAR SRI PUTRA",SELANGOR,2,85,27.2,14.9
101.49309071858501,2.885084694824999,23/12/2025,TAMAN RAMBAI INDAH,SELANGOR,1,86,27.2,9.9
101.61236042794116,2.893965045545456,23/12/2025,"MAYABAY RESIDENCES,TAPAK BINA NORTH WOODS",SELANGOR,2,86,27.2,10.2
101.87258516660002,2.8953328703351344,23/12/2025,TAMAN SEMENYIH PARKLANDS,SELANGOR,1,86,26.9,16.3
101.46114015720644,2.904917186367741,23/12/2025,TAMAN DATO HORMAT (JALAN PANDAN),SELANGOR,1,86,27.2,9.9
101.63639252426219,2.924796688445118,23/12/2025,"ECLIPSE APARTMENT,THE ARC CONDO",SELANGOR,2,86,27.2,10.2
101.83252941957316,2.9317385169695123,23/12/2025,"TAMAN DALMA SEMENYIH,TAMAN SEMENYIH IMPIANA",SELANGOR,2,86,27.1,16.3
101.80708033191516,2.931596313890909,23/12/2025,JALAN CERDIK TAMAN UNIVERSITI KAJANG,SELANGOR,1,85,27.1,14.9
101.74806259503106,2.935775295316773,23/12/2025,"KG. SG MERAB LUAR,TAMAN DESA MAS",SELANGOR,2,85,27.3,14.9
101.79051316194393,2.9426736067429933,23/12/2025,"APPT KELISA RIA KAMPUNG SUNGAI TANGKAS,APPT VILLA TROPIKA DAN RUMAH KEDAI JALAN VILLA TROPIKA 1,JALAN KELISA 4(A),5 DAN 6 KAMPUNG SUNGAI TANGKAS,TAMAN TROPIKA 2",SELANGOR,4,84,27.4,19.4
101.76598043316793,2.946951639175574,23/12/2025,"APPT JALAN 6C/2 SEKSYEN 16 BANDAR BARU BANGI,JALAN 1/7 SEKSYEN 1 BANDAR BARU BANGI,JALAN 1/9 SEKSYEN 1 BANDAR BARU BANGI",SELANGOR,3,84,27.3,19.4
101.77457484450701,2.9638855857887285,23/12/2025,JALAN 4/12 SEKSYEN 4 BANDAR BARU BANGI,SELANGOR,1,84,27.5,19.4
101.80295197054747,2.9750864240446897,23/12/2025,"BLOK A, B DAN J PANGSAPURI SERI MEWAH DAN JALAN SERI MEWAH 1-4,JALAN 2 DAN AWANA TAMAN SERI MEWAH",SELANGOR,2,84,27.3,19.4
101.48250836406216,2.976891927259885,23/12/2025,"TAMAN SETIA 01,TAMAN SETIA 02",SELANGOR,2,80,28.0,4.6
101.58782705573377,2.9774046054935064,23/12/2025,TAMAN PUTRA PRIMA FASA 2,SELANGOR,1,82,27.9,10.4
101.78861293052113,2.991991559830985,23/12/2025,PENJARA KAJANG,SELANGOR,1,84,27.5,19.4
101.74886622839074,2.993121303701987,23/12/2025,PANGSAPURI GAPURA BAYU TAMAN PUNCAK UTAMA,SELANGOR,1,84,27.4,19.4
101.48137358479376,2.9934358976,23/12/2025,"TAMAN SENTOSA 01,TAMAN SENTOSA 05",SELANGOR,2,80,28.0,4.6
101.76226761942307,2.9941844016089734,23/12/2025,"JALAN 3/1-3/4, 4/2-4/4 & 5/1-5/3 TAMAN SETIA IMPIAN,TAMAN SEMENYIH PARKLANDS",SELANGOR,2,84,27.3,19.4
101.49984533687075,2.995800931761902,23/12/2025,SEKSYEN 32 (JALAN REZAB BUANG LOT 2909),SELANGOR,1,80,28.0,4.6
101.53089959706165,2.999825336732879,23/12/2025,"SEKSYEN 31 (TERES O : JLN 31/98F, 31/98H - 31/98L)",SELANGOR,1,80,28.0,4.6
101.80419978352816,3.0004904667676056,23/12/2025,TAMAN MEGAH SUNGAI JELOK,SELANGOR,1,84,27.3,19.4
101.46925692883974,3.0063158350128223,23/12/2025,TAMAN SENTOSA 26,SELANGOR,1,80,28.0,4.6
101.75996782151381,3.0055736883867397,23/12/2025,"JALAN 3(B),10-15 TAMAN DESA KARUNMAS,JALAN BA 9-14 KAWASAN PERINDUSTRIAN BUKIT ANGKAT SG. CHUA,JALAN SUTERA 4 TAMAN SUTERA",SELANGOR,3,84,27.4,19.4
101.60165783000001,3.0073007157530873,23/12/2025,E15. TMN PUCHONG PERDANA 4 (FLAT BLOK A-G),SELANGOR,1,82,27.9,10.4
101.45179728107334,3.007474345220003,23/12/2025,TAMAN KLANG JAYA 07,SELANGOR,1,80,28.0,4.6
101.8134627285625,3.0095123687321412,23/12/2025,"BLOK A-H KUARTERS PENJARA KAJANG,IVORY RESIDENCE KAJANG",SELANGOR,2,83,27.5,14.5
101.80246971032858,3.012736234766665,23/12/2025,"APPT TAMAN TAMING IMPIAN,JALAN JENARIS 3 & 3B TMN DESA SERI JENARIS,JALAN JENARIS A-G TAMAN DESA SERI JENARIS,TAMAN TAMING IMPIAN",SELANGOR,4,84,27.4,19.4
101.40290865728477,3.016285078052981,23/12/2025,FLAT SRI PERANTAU,SELANGOR,1,84,27.7,9.5
101.68004512074097,3.0161859606084325,23/12/2025,E16. TMN PUNCAK JALIL 2C (JLN PUJ 2/19 - 2/29),SELANGOR,1,82,27.5,10.4
101.76105971924845,3.0168288039813667,23/12/2025,JALAN CJ 4 TAMAN CHERAS JAYA,SELANGOR,1,84,27.5,19.4
101.6714443150274,3.017499196917808,23/12/2025,E16. TMN PUNCAK JALIL 5 (JLN PUJ 5/1-5/10),SELANGOR,1,82,27.3,10.4
101.7387806637546,3.0239029287852737,23/12/2025,"BLOK L & M TAMAN TAMING SARI,JALAN TAMING SARI TAMAN TAMING JAYA",SELANGOR,2,84,27.3,19.4
101.71794148512161,3.024472727236487,23/12/2025,"E17. SRI KEMBANGAN (THE HERITAGE) BLOK A, B, C, D, E",SELANGOR,1,84,27.4,19.4
101.62547358654223,3.025658169830988,23/12/2025,E15. PST BDR PUCHONG PSN INDERA- (DESA TANJUNG) BLOK A B C D E,SELANGOR,1,82,27.6,10.4
101.40026168801829,3.0322069626707338,23/12/2025,"KAMPUNG DELEK BARU 08,KAMPUNG DELEK BARU 09",SELANGOR,2,84,27.7,9.5
101.67803190324598,3.0358471851871665,23/12/2025,E16. TMN PUNCAK JALIL 8 (PANGSAPURI MAYANG),SELANGOR,1,82,27.6,10.4
101.73842058511184,3.0380107554407885,23/12/2025,JALAN DP 16 BANDAR DAMAI PERDANA,SELANGOR,1,84,27.2,19.4
101.63628110656157,3.0402511497734013,23/12/2025,"E15. BDR KINRARA 4 (JLN BK 4/5 - 4/9),E15. TMN BKT KINRARA (MELOR)",SELANGOR,2,82,27.6,10.4
101.50271669870547,3.044282596219174,23/12/2025,E2. SEKSYEN 17 (FLAT JLN 17/1 : BLOK 1- 6),SELANGOR,1,80,28.0,4.6
101.51673721211043,3.048235692846625,23/12/2025,E1. SEKSYEN 18 (TERES C : JLN 18/16 - 18/18),SELANGOR,1,80,28.0,4.6
101.65318678865754,3.0494554594520538,23/12/2025,"PPR PINGGIRAN 1 (BLOK A,B,C,D,E,F)",WILAYAH PERSEKUTUAN,1,82,27.6,10.4
101.41235889201386,3.0447186518476457,23/12/2025,"KAMPUNG SUNGAI UDANG 03,KAMPUNG SUNGAI UDANG 11,KAMPUNG SUNGAI UDANG 21,KAMPUNG SUNGAI UDANG 33,PANGSAPURI ANGGERIK SUNGAI UDANG,TAMAN HIJRAH 02",SELANGOR,6,84,27.7,9.5
101.57729272861053,3.0527617270157923,23/12/2025,E13. USJ 5/1,SELANGOR,1,82,27.7,10.4
101.5590098937267,3.0550790218509323,23/12/2025,"E13. TMN SUBANG MAS (PANGSAPURI HARMONI SITE TAPAK BINA),E13. TMN SUBANG MAS (RUMAH KEDAI)",SELANGOR,2,80,27.9,4.6
101.46125067079453,3.0656246956438378,23/12/2025,APARTMENT PALM GARDEN,SELANGOR,1,82,28.1,3.3
101.41349843889743,3.066823754641024,23/12/2025,TAMAN MEWAH,SELANGOR,1,83,27.9,16.4
101.61425338765773,3.0646447998389266,23/12/2025,"E13. PJS 7/1 - PJS 7/6,E13. PJS 7/15 (FLAT KOS RENDAH) BLOK A, B, C, D, E, F, G, H, K,E13. PJS 7/15 (PANGSAPURI MUTIARA PERDANA) BLOK A, B, C, D,E13. PJS 9/1 (LAGOON PERDANA & RUMAH KEDAI)",SELANGOR,4,81,27.8,14.5
101.55304230543709,3.0706572219867545,23/12/2025,"E2. SEKSYEN 22 (KONDO INDAH ALAM),E2. SEKSYEN 22 (V RESIDENSI)",SELANGOR,2,82,28.1,3.3
101.52352548541539,3.0709788396512803,23/12/2025,E1. SEKSYEN 14 (PANGSAPURI VISTA ALAM),SELANGOR,1,82,28.0,3.3
101.5108189351118,3.075489307236023,23/12/2025,"E1. SEKSYEN 3 (KOMPLEKS MAIS),E1. SEKSYEN 4 (TERES A : JLN 4/2 - 4/3)",SELANGOR,2,82,28.0,3.3
101.66322383157042,3.079438725830983,23/12/2025,"TAMAN SRI SENTOSA (JLN 1,1B,2,2B/133)",WILAYAH PERSEKUTUAN,1,81,27.8,14.5
101.64734333140386,3.079711730320512,23/12/2025,E12. TM PJS 1 PANGSAPURI PERMAI [JLN PJS 1/25],SELANGOR,1,81,27.8,14.5
101.60471384804059,3.078268991276749,23/12/2025,"E11. SRI PJS 10 (TERES 3) [JLN PJS 10/7C , 10/9A , 10/11A - 10/11D],E11. SRI PJS 10 (TERES 4) [JLN PJS 10/15,10/15A,10/18,10/20,10/22,10/26A,10/26C],E11. SRI PJS 10 APT KAYANGAN,E11. SRI PJS 10 APT SRI SUBANG,E11. SRI PJS 10 APT SUBANG VILLE EHSAN,E11. SRI PJS 10 RIDZUAN KONDO,E11. SRI PJS 10 SURIA MAS  KONDO,E11. SRI PJS 8 APT DAMAI",SELANGOR,8,81,27.8,14.5
101.59143799256586,3.08112226415122,23/12/2025,"E13. SS 15/5 (TERES),E13. SS 16 (CASA TIARA APPT)",SELANGOR,2,81,27.7,14.5
101.6321540598439,3.0740709915610327,23/12/2025,"E11. SRI PJS 5 (AERA RESIDENCE),E11. SRI PJS 6 FLAT DESA MENTARI 1 (BLOK 1 , 2 , 3),E11. SRI PJS 6 FLAT DESA MENTARI 2 (BLOK 4 , 5 , 6),E12. TM PJS 2B PUSAT KOMERSIAL,E12. TM PJS 2C APT MEDAN CAHAYA 2 (BLOK D , E , F),E12. TM PJS 2C APT MEDAN JAYA (BLOK I),E12. TM PJS 2C TMN MEDAN (TERES 1) [JLN PJS 2C/2,2C/7,2C/7A,2C/7B,2C/9,2C/12,14],E12. TM PJS 2C TMN MEDAN (TERES 4) [JLN PJS 2C/11,2C/11A,B,C,D,F,G,H,J,K,L,28,2],E12. TM PJS 2C TMN MEDAN (TERES 5) [JLN PJS 2C/5,1,2,4,6,8,10,PJS 2/2,1],E12. TM PJS 2D FLAT DESA MENTARI (BLOK 11),E12. TM PJS 2D TMN MEDAN (TERES 1) [JLN PJS 2D/15 , PJS 2D/15A - PJS 2D/15E],E12. TM PJS 2D TMN MEDAN (TERES 2) [JLN PJS 2D/2,4,5,6,7,8,8C,8D,9,10,11,12,14],E12. TM PJS 3 APT SRI MANJA (BLOK D , E , F) [JLN PJS 3/55],E12. TM PJS 3 FLAT SRI MANJA (BLOK A , B , C) [JLN PJS 3/55],E12. TM TMN DATO HARUN (TERES 3) [JLN 11,13,2/8,2/15,2/17,PJS 2/2,2/4],E14. TMN KINRARA (JLN TK 1),E14. TMN KINRARA JLN TK 2 (PANGSAPURI TMN KINRARA 2) BLOK A,B,C,D,E14. TMN KINRARA JLN TK 3 (VISTA LAVENDER),E14. TMN KINRARA JLN TK 4 (PANGSAPURI KINRARA PUTRI),E14. TMN KINRARA JLN TK 4 (PANGSAPURI KOS RENDAH)",SELANGOR,20,81,27.8,14.5
101.50621762252122,3.0833971831515172,23/12/2025,E1. SEKSYEN 6 (TERES A : JLN 6/1A - 6/2F & 6/9A-6/10A),SELANGOR,1,82,28.0,3.3
101.51667010629937,3.087065413999999,23/12/2025,"E1. SEKSYEN 8 (TERES A : JLN 8/1 - 8/13),E1. SEKSYEN 9 (KUARTERS IPK SELANGOR)",SELANGOR,2,82,28.0,3.3
101.69763140706665,3.0907201742000012,23/12/2025,THE VYNE SUNGAI BESI,WILAYAH PERSEKUTUAN,1,81,27.9,14.5
101.70917189011656,3.0983627467239283,23/12/2025,"PANGSAPURI SRI PENARA FASA 1 (BLOK A-B),PANGSAPURI SRI PENARA FASA 2 (BLOK C-D)",WILAYAH PERSEKUTUAN,2,81,27.9,14.5
101.7975622105845,3.1037326257816886,23/12/2025,BLOK M1-M6 APPT TAMAN PERKASA HULU LANGAT,SELANGOR,1,81,27.5,14.5
101.75220396439524,3.1059092624714304,23/12/2025,"INDUSTRI & JALAN 14 KG CHERAS BARU,JALAN BP 1-3 TAMAN BUKIT PANDAN,NUSA MEWAH VILLA KONDOMINIUM TAMAN BUKIT PANDAN",SELANGOR,3,81,27.6,14.5
101.75220396439524,3.1059092624714304,23/12/2025,"KG.CHERAS BARU B (JLN KUARI, JLN 7, 9, 10-12, 14, LRG 12, LRG 14A),TAMAN CHERAS UTAMA (JALAN 1/95B - 6/95B)",WILAYAH PERSEKUTUAN,2,81,27.6,14.5
101.70600617334246,3.1083924588630127,23/12/2025,"PPR PINGGIRAN 1 (BLOK A,B,C,D,E,F),RAZAK CITY RESIDENCE (BLOK B&C)",WILAYAH PERSEKUTUAN,2,81,27.9,14.5
101.66677618492812,3.107462903493748,23/12/2025,"CAMELLIA APARTMENT,DESA AMAN 2 (PDRM),FLAT TMN BUKIT ANGKASA (BLOK 9 & BLOK 16-20),LAUREL RESIDENCE BANGSAR SOUTH",WILAYAH PERSEKUTUAN,4,81,27.6,14.5
101.7627340235845,3.110275546788731,23/12/2025,JALAN MEGA 1-8 TAMAN MEGA JAYA,SELANGOR,1,81,27.4,14.5
101.58799836177776,3.112665625952989,23/12/2025,"E11. SRI PJU 1A APT KELANA IDAMAN,E11. SRI PJU 1A D'AMAN CRIMSON,E11. SRI PJU 1A PPRT 1 BLOK (A,B,C),E11. SRI PJU 1A PPRT 1 BLOK (G,H),E11. SRI PJU 1A PPRT LEMBAH SUBANG 2 (BLOK A-E)",SELANGOR,5,81,27.8,14.5
101.72436645326837,3.1188430335183823,23/12/2025,"APARTMENT M-VERTICA RESIDENSI (BLOK C,D,E),FLAT SRI PULAU PINANG B (BLOK 9-12),JALAN IKAN EMAS (PANGSAPURI INDAH MAS),JALAN PUDU ULU,VILLA TROPIKA @ PUDU IMPIAN 2",WILAYAH PERSEKUTUAN,5,81,27.8,14.5
101.76847434938666,3.12053420008,23/12/2025,JALAN MELUR 1-9 TAMAN MELUR,SELANGOR,1,81,27.6,14.5
101.72224737023602,3.128887098515526,23/12/2025,"JALAN PEEL (SUNWAY VELOCITY TWO),V RESIDENCE 2 SUNWAY VELOCITY",WILAYAH PERSEKUTUAN,2,81,27.8,14.5
101.68520227490082,3.1291971350950427,23/12/2025,"JALAN BERHALA,JALAN RAKYAT (BANGUNAN TONG NAM ),JLN THAMBY ABDULLAH 1 , JLN THAMBY ABDULLAH,MENARA PELANGI APARTMENT,PALM COURT CONDOMINIUM (BLOK A,B,C,D)",WILAYAH PERSEKUTUAN,5,81,27.7,14.5
101.44178492417646,3.1327947351960823,23/12/2025,TAMAN ORKID 01,SELANGOR,1,82,28.1,3.3
101.75857669138357,3.1381495845821963,23/12/2025,BLOK C FLAT PANDAN RIA,SELANGOR,1,81,27.8,14.5
101.69699941266249,3.1465323167312507,23/12/2025,"JALAN TUN H.S. LEE,JALAN TUN TAN SIEW SIN",WILAYAH PERSEKUTUAN,2,81,27.9,14.5
101.71030993168733,3.14525146402584,23/12/2025,"BERJAYA TIMES SQUARE HOTEL,CASA MUTIARA SERVICE APPT,JALAN ALOR,JALAN BARAT,JALAN KHOO TEIK EE,JALAN PADANG (WALTER GRENIER),JALAN SIN CHEW KEE (RUMAH KEDAI),NOVOTEL KLCC,SEASONS TOWER,SUN COMPLEX JALAN IMBI,TAPAK BBCC LALAPORT,WISMA COSWAY, JALAN RAJA CHULAN",WILAYAH PERSEKUTUAN,12,81,27.7,14.5
101.7369870360185,3.15236633954321,23/12/2025,"DESA PANDAN (MUTIARA UPPER EAST CONDO),KUARTERS KERAJAAN JALAN U-THANT",WILAYAH PERSEKUTUAN,2,81,27.8,14.5
101.5788008404181,3.1524121085344814,23/12/2025,"E7. KD PJU 5 SEK 4 GUGUSAN MATAHARI,E7. KD PJU 5 SEK 4 GUGUSAN MELATI,E7. KD PJU 5 SEK 4 GUGUSAN SEMARAK,E7. KD PJU 5 SEK 6 GUGUSAN SEROJA",SELANGOR,4,81,27.7,14.5
101.69800293075,3.1554684325328917,23/12/2025,MENARA CITY ONE,WILAYAH PERSEKUTUAN,1,81,27.9,14.5
101.70115810857831,3.1647692477108436,23/12/2025,"KAMPUNG BARU (JALAN RAJA BOT),KAMPUNG BARU (WISMA SABARUDDIN)",WILAYAH PERSEKUTUAN,2,81,27.9,14.5
101.72531051455769,3.1661029288141034,23/12/2025,"KAMPUNG DATO KERAMAT ( LORONG KERAMAT 1,2,3)",WILAYAH PERSEKUTUAN,1,81,27.9,14.5
101.60813197361972,3.1758118066408465,23/12/2025,"E6. BL PJU 8 APT FLORA DAMANSARA 1 [A,B],E6. BL PJU 8 APT FLORA DAMANSARA 2 [C,D,E,F]",SELANGOR,2,81,26.8,14.5
101.57406607558998,3.1734899425929215,23/12/2025,"E7. KD PJU 5 SEK 7 APT LILY,E7. KD PJU 5 SEK 7 APT MILIA,E7. KD PJU 5 SEK 7 GUGUSAN KANTAN,E7. KD PJU 5 SEK 7 GUGUSAN KEKWA,E7. KD PJU 5 SEK 7 GUGUSAN KEMBOJA,E7. KD PJU 5 SEK 8 GUGUSAN KEMUNING (A,B) PPRT,E7. KD PJU 5 SEK 8 GUGUSAN KESUMBAR (C,D) PPRT",SELANGOR,7,81,27.6,14.5
101.64650018315069,3.17812536161644,23/12/2025,BOUGAINVILLA APARTMENT,WILAYAH PERSEKUTUAN,1,81,27.3,14.5
101.53348768260228,3.178702798255681,23/12/2025,"E5. SEKSYEN U5 (MUTIARA SUBANG KAW PERINDUSTRIAN A : JALAN U5/11 - U5/17 ),E5. SEKSYEN U5 (PANGSAPURI MUTIARA SUBANG : BLOK 1 - 7),E5. SEKSYEN U5 (SUBANG PELANGI : JLN U5/122 - U5/129 & JLN U5/AK, AJ, AH & AG)",SELANGOR,3,82,27.8,3.3
101.69876048368354,3.1819137796582284,23/12/2025,"FLAT SRI PERAK  A (BLOK 29,31,33),FLAT SRI PERAK B (BLOK 35,37,39,41)",WILAYAH PERSEKUTUAN,2,81,27.8,14.5
101.66703598515191,3.1824501713670905,23/12/2025,"FLAT TAMAN SPPK JALAN DUTAMAS SEROJA,KONDOMINIUM SRI PUTRAMAS 1 ( BLOK A, B, C, D, E ),KUARTERS KERAJAAN JALAN DUTA (G,H,J,K),RUMAH KONGSI PEMBINAAN THE METROPOLI,SRI PUTRAMAS CONDOMINIUM 2 (BLOK A1, A2, B1, B2)",WILAYAH PERSEKUTUAN,5,81,27.6,14.5
101.63506372015753,3.1849453253767117,23/12/2025,DESA PARK CITY (THE BREEZEWAY),WILAYAH PERSEKUTUAN,1,81,27.4,14.5
101.65009868485231,3.1878968416793225,23/12/2025,"PANGSAPURI PLAZA SINAR,TAMAN SRI SINAR (JALAN 15 & 16 / 38D-KEDAI),TAMAN SRI SINAR (JALAN 34A,B,C,D,E/38A),TAMAN SRI SINAR (NOVA 2 APPARTMENT)",WILAYAH PERSEKUTUAN,4,83,28.3,8.4
101.66773041675428,3.195722769485714,23/12/2025,"TAMAN CITY (JALAN 5/42),TAMAN LAWA (JALAN 12/42 (2-38), JALAN 14/42, DAN JALAN 15/42),TAMAN LAWA (JALAN 2/42, 4/42 & JALAN JAMBU MAWAR ( 1-31 ),TAMAN SEJAHTERA (JLN 8/42A (42A-56) JLN 7/42 (2-56) &JLN 6/42 (1-65)&(32-62A)",WILAYAH PERSEKUTUAN,4,83,28.4,8.4
101.6760805159451,3.195671863109757,23/12/2025,"JLN TEROLAK 4 (Q1-Q16),(CC1-CC11), JLN CENDERUH (R1-R14),JLN CENDERUH 7 (W1-W4),SRI INTAN 2 CONDOMINIUM ( 2 BLOK ),TAMAN BAMBOO(JLN TEROLAK 4 (Q1-Q16),(CC1-CC11),JLN CENDERUH (R1-R14), (W1-W12),TWELVE APARTMENT",WILAYAH PERSEKUTUAN,4,83,28.5,8.4
101.59827917551306,3.1933493577742533,23/12/2025,"E6. BL PJU 10 APT IDAMAN FASA 1  (A,B,C,H,J,K,L,M,N),E6. BL PJU 10 APT IDAMAN FASA 2 (D,E,F,G,O,P,Q,R,S),E6. BL PJU 10 APT SAUJANA 2 (P,Q,G,H,N,O,K,J),E6. BL PJU 10 APT VISTA (1) [A,B,C,D,E,F,G],E6. BL PJU 10 APT VISTA (2) [H,J,K,L,M,N,P,Q],E6. BL PJU 10 ONE DAMANSARA KONDO,E6. BL PJU 10 PARK AVANUE KONDO,E6. BL PJU 9 SD 11,E6. BL PJU 9 SD 13 APT SRI MERANTI (1) [A,B,C,D,E,F,G],E6. BL PJU 9 SD 13 APT SRI MERANTI (2) [H,J,K,L,M,N,P,Q,R]",SELANGOR,10,83,28.0,8.4
101.737742007428,3.1976940238159983,23/12/2025,"KONDOMINIUM THE HAMILTON,RESIDENSI SERI RIANA,RESIDENSI WANGSAMAS,TAMAN SRI RAMPAI F (JLN 47/26 - 66/26),TAMAN SRI RAMPAI H (JLN 82/26 - JLN 92/26),WANGSA 9 RESIDENCY, JALAN WANGSA PERDANA 1",WILAYAH PERSEKUTUAN,6,81,27.5,14.5
101.76565649715567,3.2011302933233505,23/12/2025,"TMN UKAY BISTARI ZON A,TMN UKAY BISTARI ZON B",SELANGOR,2,81,27.6,14.5
101.70295531845807,3.2037407518322576,23/12/2025,JALAN GOMBAK(KL TRADERS SQUARE),WILAYAH PERSEKUTUAN,1,81,27.8,14.5
101.48944148263381,3.2048855227253514,23/12/2025,JALAN CENGAL SAUJANA UTAMA 2,SELANGOR,1,82,27.9,1.4
101.6906967502361,3.2048047547881944,23/12/2025,"KONDOMINIUM MAXIM CITYLIGHT (BLOK A, B, C, D, E, F),KONDOMINIUM SRI SUAJAYA (BLOK 200, 202, 204),SKY AWANI RESIDENCE",WILAYAH PERSEKUTUAN,3,81,27.7,14.5
101.71826307199476,3.2046465931324035,23/12/2025,"FLAT DANAU KOTA ( BLOK D & E),FLAT DANAU KOTA (BLOK A,B,C),FLAT PRIMA SETAPAK,KEM WARDIEBURN (BLOK E BARU & F BARU),MEDAN IDAMAN (8/21D - 12/21D),MEDAN IDAMAN (IDAMAN PUTRI KONDOMINIUM),MEDAN IDAMAN (IDAMAN SUTERA KONDOMINIUM),PANGSAPURI TERATAI MEWAH,PLATINUM LAKE KONDOMINIUM PV12,PLATINUM LAKE KONDOMINIUM PV18,TAMAN DANAU KOTA(KONDOMINIUM PLATINIUM VIC LAKE 12),TAMAN SETAPAK (JALAN BAKUBANG),TAMAN SETAPAK (JALAN CHENGAL SELATAN),TAMAN SETAPAK (JALAN SATANG 1),TAMAN SETAPAK (JALAN SATANG 2),TAMAN SETAPAK (JALAN TIOMAN),TAPAK BINA RUMAWIP JSATINE",WILAYAH PERSEKUTUAN,17,81,27.8,14.5
101.52046945066442,3.213789785738258,23/12/2025,E5. SEKSYEN U17 (AMAN PUTRI : TERES JLN U17/43 - U17/51),SELANGOR,1,82,27.9,1.4
101.63611162643124,3.216122279818749,23/12/2025,"PPR PEKAN KEPONG (BLOK A, B DAN C)",WILAYAH PERSEKUTUAN,1,83,28.4,8.4
101.72304102434569,3.2236455696172848,23/12/2025,"FLAT TAMAN MELATI (BLOK C),TAMAN MELATI (JALAN TAMAN MELATI 1 - 7 & PERSIARAN TAMAN MELATI)",WILAYAH PERSEKUTUAN,2,81,27.7,14.5
101.71194775468668,3.2264246623066626,23/12/2025,"BT 6 GOMBAK,KG KERDAS 5",SELANGOR,2,81,27.8,14.5
101.69083122906967,3.2283081169057373,23/12/2025,APPT FIONA,SELANGOR,1,83,28.4,8.4
101.69083122906967,3.2283081169057373,23/12/2025,TAMAN BATU MUDA (JLN 2-12),WILAYAH PERSEKUTUAN,1,83,28.4,8.4
101.56359919766197,3.2494745646760577,23/12/2025,APPT IMPIAN INDAH,SELANGOR,1,83,28.3,8.4
101.6910840014,3.2503966536833335,23/12/2025,"APPT MESRA,APPT TEMENGGUNG,CONDO BAYU RESIDENCE BT CAVES,PANGSAPURI SELANGORKU SERI TEMENGGUNG,TMN INDUSTRI BOLTON",SELANGOR,5,83,28.3,8.4
101.67435554801831,3.2689392960769252,23/12/2025,"APPT JULIA,BDR BARU SELAYANG FASA 2B (ZON B),FLAT SELAYANG MULIA,KG BENDAHARA",SELANGOR,4,83,28.2,8.4
101.64194881336986,3.2946247451917814,23/12/2025,TMN SETIA ECO TEMPLER,SELANGOR,1,83,28.2,8.4
101.54944793160128,3.4377032598291133,23/12/2025,"APT DAHLIA TBR BB,JALAN BUNGA RAYA 1, BUKIT BERUNTUNG",SELANGOR,2,81,27.6,4.3
102.39267909131647,3.463844380715188,23/12/2025,TAMAN CHENGAL,PAHANG,1,76,27.7,0.0
103.30150406526059,3.797198426975759,23/12/2025,TMN. CENDERAWASIH - BLOK PERINGKAT 2,PAHANG,1,80,26.7,0.0
117.89886333279246,4.251461219051883,23/12/2025,"AP07 APAS BT. 1 TAKADA,IB09 LRG. HJ ISMAIL,IB23 LORONG HJ AWADAN,JK61 KUHARA COURT",SABAH,4,82,28.3,3.0
117.89558805585129,4.27222890120818,23/12/2025,"HS19 QRTS. JABATAN  HAIWAN,JK54 TAMAN FORTUNE,JK59 TAMAN SRI IMPIAN,JK70 TMN. CITRA,JK76 LRG. NAGA EMAS,JK93 THE WELD",SABAH,6,82,28.3,3.0
117.9070649840395,4.278463772401317,23/12/2025,"SN10 TAMAN LILY,SN24 TAMAN ROSE",SABAH,2,82,28.3,3.0
117.88999718528571,4.297516769214282,23/12/2025,JK02 TMN. SEMARAK LOJI,SABAH,1,81,28.2,2.6
100.98998317038027,4.359338561239439,23/12/2025,"BANDAR SRI ISKANDAR,TAMAN BANDAR UNIVERSITI (SUSUR U3)",PERAK,2,79,27.8,2.3
101.15376939814284,4.38923050329932,23/12/2025,K/B Jeram,PERAK,1,78,29.1,3.2
101.12731173020372,4.529250138660494,23/12/2025,KG BARU SIMPANG PULAI,PERAK,1,78,27.5,7.0
101.10320090084078,4.553914594101912,23/12/2025,KWSN PERINDUSTRIAN RINGAN SRI RAPAT,PERAK,1,78,27.4,7.0
101.13099756502001,4.569139272906666,23/12/2025,TMN RAPAT INDAH,PERAK,1,78,27.4,7.0
101.15006072389473,4.630189601875001,23/12/2025,KG TERSUSUN BT 6,PERAK,1,80,28.5,1.5
101.11669569349314,4.72902031947945,23/12/2025,RPT BT.10 CHEMOR,PERAK,1,76,27.8,2.5
118.39210149417333,5.040213822973333,23/12/2025,PANGSAPURI MUTIARA KASIH,SABAH,1,85,26.7,13.4
100.49589690167333,5.280679553573337,23/12/2025,BANDAR TASEK MUTIARA SS3 B,PULAU PINANG,1,65,29.0,0.0
100.22513538343836,5.289315682356167,23/12/2025,"KG SULUP,TAMAN KUMBAR PERMAI,TAMAN SAHABAT",PULAU PINANG,3,73,28.7,0.5
100.28649192997999,5.318680679380001,23/12/2025,FLAT JALAN TENGAH,PULAU PINANG,1,73,28.7,0.5
100.27809096110417,5.334453981283334,23/12/2025,"HILIR PAYA TERUBONG,JAMBUL VIEW,SRI AMAN,TMN SERI RELAU",PULAU PINANG,4,73,28.7,0.5
100.29401886736699,5.332490357600984,23/12/2025,"APARTMENT MELATI,FLAT LENGKOK MAHSURI,HALAMAN KENANGA,HALAMAN NIPAH,JALAN BAHAGIA,LINTANG MAHSURI,PANGSAPURI WAKAF SITI & HAJJAH NORIJAH,SOLOK KG. JAWA,TMN BUKIT JAMBUL (D-J)",PULAU PINANG,9,73,28.7,0.5
100.30986079519718,5.340936460908452,23/12/2025,PUTRA PLACE CONDOMINIUM,PULAU PINANG,1,73,28.7,0.5
100.30061473048444,5.35014549576889,23/12/2025,"APARTMENT DESA PERMAI INDAH,DESA PERMAI INDAH,UNIVERSITY HEIGHT",PULAU PINANG,3,73,28.7,0.5
100.27755565869231,5.3713176202662725,23/12/2025,"TAMAN TERUBONG JAYA (BLOK 9, 11 & 11A),TAMAN TERUBONG JAYA BLOK 18 & 20",PULAU PINANG,2,73,28.3,0.5
100.3998925399054,5.3827215681148655,23/12/2025,"SIAKAP, TINGKAT",PULAU PINANG,1,65,29.2,0.0
100.28334137899398,5.392284261596385,23/12/2025,"(BLOK A-E) LRG SEMARAK API,DESA BAIDURI",PULAU PINANG,2,73,28.7,0.5
100.31203190366945,5.395632134502092,23/12/2025,"JALAN BAGAN SERAI,LINTANG SLIM,MUTIARA INDAH,TAMAN SRI PERAK",PULAU PINANG,4,73,28.7,0.5
100.29845963533114,5.406754824536424,23/12/2025,JALAN GROVE,PULAU PINANG,1,73,28.7,0.5
100.39965005544671,5.427191675487706,23/12/2025,"TAMAN BAGAN LALANG (PANGSAPURI),TAMAN SENTRAL",PULAU PINANG,2,65,29.2,0.0
100.37951630518565,5.443625006598806,23/12/2025,TAMAN PANTAI BERSIH,PULAU PINANG,1,74,28.0,0.6
100.47588707991464,5.597528524634148,23/12/2025,TAMAN PERMAI,KEDAH,1,71,28.2,0.0
118.06754067230482,5.845923855860962,23/12/2025,INDAH JAYA FASA 2,SABAH,1,86,27.3,10.0
118.10727748370424,5.862063684845071,23/12/2025,BDC,SABAH,1,86,27.4,10.0
118.07660975029168,5.86154808840476,23/12/2025,TAMAN MESRA,SABAH,1,86,27.4,10.0
118.06273875066235,5.867847134458874,23/12/2025,TAMAN TYNG BT.5,SABAH,1,86,27.3,10.0
116.06446709218231,5.873443183198897,23/12/2025,PPR SRI KERAMAT,SABAH,1,85,29.3,8.4
116.04429232772307,5.898142072584615,23/12/2025,KG. PASIR PUTIH,SABAH,1,84,28.1,12.9
116.04807338175351,5.914674558894366,23/12/2025,"KEM LOK KAWI,TAMAN JUMBO PH: 1",SABAH,2,84,28.1,12.9
116.0974651636503,5.9338396245582805,23/12/2025,"TMN DUTA GARDEN,TMN MILLENIUM HEIGHT",SABAH,2,84,27.7,6.5
116.09140084714949,5.953495671809279,23/12/2025,"TAMAN FU YEN PH.3,TAMAN FU YEN PH.5",SABAH,2,84,27.7,6.5
116.11791285880986,5.970473566915493,23/12/2025,TAMAN BDC,SABAH,1,84,27.6,6.5
116.11283278175661,6.0000646274127,23/12/2025,"KG LIKAS JLN KAMPUNG LIKAS,KG LIKAS LRG HAWA,KG.LIKAS JLN KULOR MELANGI",SABAH,3,84,27.7,6.5
116.05071202221875,6.00377201705,23/12/2025,LOK KURAI,SABAH,1,84,28.1,12.9
116.13361488448847,6.017696225811061,23/12/2025,"D'VANTAGE APARTMENT,KG.WARISAN PH 2,TAMAN PURI WARISAN",SABAH,3,84,27.7,6.5
116.15748061260405,6.02401008896644,23/12/2025,PEKAN MENGGATAL,SABAH,1,84,27.6,6.5
116.14730208699416,6.024748654695905,23/12/2025,"TAMAN FAJAR,TAMAN PERMATA",SABAH,2,84,27.6,6.5
116.13664123310527,6.037371602239764,23/12/2025,KG. CONTOH SUANG PARAI,SABAH,1,84,27.7,6.5
116.14891424979453,6.052666553664387,23/12/2025,TAMAN KUALA MENGGATAL PH 3,SABAH,1,84,27.7,6.5
100.3635641049859,6.137942590866193,23/12/2025,TAMAN SERI MENANTI,KEDAH,1,75,27.9,0.0
110.56644686583334,0.8904654508717982,25/12/2025,MUJAT,SARAWAK,1,83,27.9,1.0
103.65035849544644,1.4270121255297592,25/12/2025,TAPAK BINA KOMPLEKS MAHKAMAH BAHARU NUSAJAYA,JOHOR,1,82,27.5,8.8
103.62075497546104,1.4416495865129868,25/12/2025,TMN ECO BOTANI_2/,JOHOR,1,85,27.0,9.1
103.91539056349316,1.4621823611095868,25/12/2025,"FLAT PERINGKAT 4, JALAN TEMBUSU",JOHOR,1,81,27.8,4.9
103.58035842823077,1.4613669593162406,25/12/2025,"TMN NUSANTARA_NUSARIA 4/3 - 4/9G,TMN NUSANTARA_NUSARIA 5/1 - 5/11,TMN NUSANTARA_NUSARIA 6/1 - 6/10,TMN NUSANTARA_NUSARIA 6/11 - 6/21",JOHOR,4,85,27.0,9.1
103.77014545915972,1.4635296071388868,25/12/2025,"APT INDERA PUTRA COURT,APT PARAGON SUITES,JLN AH SIANG,R&F RESIDENCE PHASE 1_BLOK A",JOHOR,4,81,27.8,4.0
103.25623377894367,1.4690285137887305,25/12/2025,PULAU PISANG,JOHOR,1,84,26.5,13.5
103.59037085676543,1.474690780524691,25/12/2025,"SILC_JLN SILC 2,TMN NUSANTARA PRIMA_JLN PRIMA 6",JOHOR,2,85,27.0,9.1
103.86518156860784,1.480100442098037,25/12/2025,TMN SIERRA PERDANA 3/,JOHOR,1,81,27.8,4.9
103.87597783731508,1.4813610566438369,25/12/2025,TMN RINTING_JLN GELAM,JOHOR,1,81,27.9,4.9
103.77918011532192,1.481580142678082,25/12/2025,TMN PELANGI_ZON C,JOHOR,1,81,27.8,4.0
103.9248891749507,1.4891959837957782,25/12/2025,TMN KOTA MASAI_JLN DUKU (ZON B),JOHOR,1,81,27.9,4.9
103.90609705710585,1.4893891706176414,25/12/2025,TMN CENDANA_ZON 1,JOHOR,1,81,27.8,4.9
103.76583160039041,1.4915963667534262,25/12/2025,TMN MELODIES_ZON 1,JOHOR,1,81,27.7,4.0
103.75525924442424,1.4939874443939392,25/12/2025,"APT LARKIN IDAMAN BLOK A1/A2,APT M'TIARA LARKIN IDAMAN",JOHOR,2,81,27.8,4.0
103.67058929036986,1.4987627154520555,25/12/2025,BDR UDA UTAMA_UDA UTAMA 4/,JOHOR,1,85,27.1,9.1
103.82977726882191,1.505941498753424,25/12/2025,KAW IND DESA PLENTONG_HARUM,JOHOR,1,81,27.9,4.9
103.92456872450684,1.5080820136369855,25/12/2025,TMN CAHAYA MASAI_JLN INTAN,JOHOR,1,81,27.8,4.9
103.70156291702237,1.5091001834078215,25/12/2025,"TMN KENANGA BLOK 10-15,TMN KENANGA BLOK 16-23",JOHOR,2,81,27.7,4.0
103.66121728450685,1.511415911095892,25/12/2025,TMN SUTERA UTAMA_CENGAL,JOHOR,1,85,26.9,9.1
103.76990072001281,1.5306761974551284,25/12/2025,TMN ISTIMEWA,JOHOR,1,81,27.8,4.0
103.69627101876027,1.53335411059589,25/12/2025,TMN BKT KEMPAS_JLN BKT KEMPAS 2/,JOHOR,1,81,27.6,4.0
103.80947553856953,1.5347393427019878,25/12/2025,"TMN JOHOR JAYA_JLN KEEMBONG 1-10,TMN JOHOR JAYA_JLN SEROJA 1-11",JOHOR,2,81,27.8,4.0
103.58428599978666,1.54076940914667,25/12/2025,TMN PULAI INDAH_JLN PULAI INDAH /9,JOHOR,1,85,26.9,9.1
103.71360408721195,1.5421308775543492,25/12/2025,"KUARTERS KDN SETIA TROPIKA,TMN SINARAN KEMPAS_BLOK 1-48",JOHOR,2,81,27.6,4.0
103.78246789260379,1.5457816605031462,25/12/2025,TMN AUSTIN PERDANA_2/,JOHOR,1,81,27.7,4.0
110.36704310596481,1.5481535597676046,25/12/2025,JALAN TAN SRI DATUK WILLIAM TAN,SARAWAK,1,83,27.9,2.0
103.76394152286981,1.5486094251656801,25/12/2025,"TMN DAYA SAGU _FLAT SAGU 34,TMN DAYA SAGU_RUMAH KEDAI",JOHOR,2,81,27.7,4.0
103.75619383415095,1.5583041922830188,25/12/2025,TMN DAYA_NIBONG ZON 1(1-17),JOHOR,1,81,27.6,4.0
103.7952785317823,1.5604539540068025,25/12/2025,TMN DESA TEBRAU_HARMONIUM 22/,JOHOR,1,81,27.6,4.0
103.81811629023125,1.5627161785250017,25/12/2025,TMN DESA CEMERLANG_JLN SAGA,JOHOR,1,82,27.0,2.1
103.80909290664864,1.5648252765945947,25/12/2025,TMN DESA CEMERLANG_JLN ARA,JOHOR,1,83,26.8,3.3
103.59885603497352,1.5652021918278138,25/12/2025,BANDAR PULAI JAYA BLOK 1,JOHOR,1,83,27.1,3.3
103.80431085530135,1.579218215794519,25/12/2025,TMN PELANGI INDAH_JLN CANTIK (FLAT U-Y),JOHOR,1,83,26.7,3.3
103.79364293334014,1.6008819090204083,25/12/2025,"TMN BESTARI INDAH, JLN BESTARI /2 (ZON 1)",JOHOR,1,83,26.8,3.3
103.68511658422153,1.632843253119762,25/12/2025,TMN SCIENTEX SENAI (SJ7-SJ18),JOHOR,1,83,27.2,3.3
103.61540278599294,1.6417044807042238,25/12/2025,B_INDAHPURA BLOK KENANGA C,JOHOR,1,83,27.1,3.3
103.59269397491276,1.6640214096107355,25/12/2025,TMN KULAI UTAMA,JOHOR,1,83,27.1,3.3
103.58640579093144,1.66999735384,25/12/2025,"TMN INDAH JAYA,TMN PERTAMA",JOHOR,2,83,27.1,3.3
103.53047914247682,1.6848532185496696,25/12/2025,TMN WAWASAN BLOK RAJAWALI,JOHOR,1,83,27.4,7.2
109.74594172602818,1.7714715405633847,25/12/2025,PAON,SARAWAK,1,86,27.2,1.6
103.33011685105335,1.8332856847333316,25/12/2025,TMN RENGGAM JAYA,JOHOR,1,82,27.4,4.0
102.940727632759,1.8487659888855408,25/12/2025,JLN. HJ. BASIR,JOHOR,1,81,27.4,15.9
102.12671878935757,2.279498807321213,25/12/2025,DESA TUN RAZAK (BLOK 1 -13),MELAKA,1,83,27.6,10.2
101.94139918537323,2.6793744960915484,25/12/2025,"TAMAN ANGGUR JAYA,TAMAN SEREMBAN 3 (JLN. SEREMBAN TIGA 27-32)",NEGERI SEMBILAN,2,87,27.6,15.4
101.93194850011184,2.703074838414472,25/12/2025,TAMAN PERMAI IMPIAN,NEGERI SEMBILAN,1,86,27.3,16.8
101.94665244263699,2.7096248272191805,25/12/2025,BUKIT RASAH,NEGERI SEMBILAN,1,86,27.1,19.0
101.99773864221464,2.7173165798010466,25/12/2025,"APARTMENT SEROJA,TAMAN TASIK JAYA  (JALAN 15 - 22 & 35)",NEGERI SEMBILAN,2,86,26.8,19.0
101.9235998074014,2.73517445697183,25/12/2025,TAMAN MAKMUR,NEGERI SEMBILAN,1,86,27.1,16.8
101.9018026274014,2.736374417957744,25/12/2025,TAMAN BUKIT GALENA FASA 5,NEGERI SEMBILAN,1,86,27.3,16.8
101.62668984736241,2.770966583664432,25/12/2025,"BANDAR SERI EHSAN ZON 1,BANDAR SERI EHSAN ZON 2",SELANGOR,2,85,27.6,19.7
101.74652173757235,2.791697633452829,25/12/2025,"KG. GECHING,KG. SALAK TENGAH,KG. SRI SALAK",SELANGOR,3,85,27.3,13.5
101.79589900142253,2.7928746139014087,25/12/2025,KAMPUNG KONDOK,NEGERI SEMBILAN,1,85,27.2,13.5
101.66280914887429,2.7981951812914287,25/12/2025,"PANGSAPURI LANGAT UTAMA,TAMAN LANGAT UTAMA (KEJORA)",SELANGOR,2,85,27.5,19.7
101.72835288734969,2.816653320134973,25/12/2025,"TAMAN IXORA,TAMAN IXORA 1",SELANGOR,2,85,27.3,16.0
101.62600348045889,2.830565482178083,25/12/2025,KG BUKIT CHANGGANG,SELANGOR,1,85,27.4,8.9
101.89274496767975,2.83074934472549,25/12/2025,TAMAN PELANGI INDAH,NEGERI SEMBILAN,1,86,27.0,18.2
101.7830163833974,2.8357959023013106,25/12/2025,"NILAI SPRING VILLA,TAMAN DESA ANGGERIK (JALAN BBN 9/2)",NEGERI SEMBILAN,2,85,27.1,16.0
101.8272024074507,2.845374623894366,25/12/2025,"APARTMENT NILAI 3 CASSIA (BLOK A,B,C)",NEGERI SEMBILAN,1,86,27.2,18.2
101.48888798319632,2.8737471747730066,25/12/2025,"TAMAN MELATI,TAMAN MELATI ZON 2",SELANGOR,2,86,27.4,9.2
101.5048766149026,2.8796184599415584,25/12/2025,"TAMAN SERI JAROMAS (PLUMERIA),TAMAN SRI JAROMAS",SELANGOR,2,86,27.4,9.2
101.78796697018237,2.885058400264153,25/12/2025,"APPT VISTA BANDAR SRI PUTRA,KONDOMINIUM VISTA BANDAR SRI PUTRA",SELANGOR,2,85,27.2,16.0
101.49293678662363,2.8856088948817207,25/12/2025,TAMAN RAMBAI INDAH,SELANGOR,1,86,27.4,9.2
101.61236042794653,2.8939650455508033,25/12/2025,"MAYABAY RESIDENCES,TAPAK BINA NORTH WOODS",SELANGOR,2,85,27.4,8.9
101.87258516660002,2.8953328703351344,25/12/2025,TAMAN SEMENYIH PARKLANDS,SELANGOR,1,86,27.1,18.2
101.46114015720644,2.904917186367741,25/12/2025,TAMAN DATO HORMAT (JALAN PANDAN),SELANGOR,1,86,27.4,9.2
101.8550954634902,2.9143390171045747,25/12/2025,JALAN KESUMA 1/12(GANJIL)-1/19 BANDAR TASIK KESUMA,SELANGOR,1,86,27.1,18.2
101.63639252426219,2.924796688445118,25/12/2025,"ECLIPSE APARTMENT,THE ARC CONDO",SELANGOR,2,85,27.4,8.9
101.83252941957316,2.9317385169695123,25/12/2025,"TAMAN DALMA SEMENYIH,TAMAN SEMENYIH IMPIANA",SELANGOR,2,86,27.3,18.2
101.80708033191516,2.931596313890909,25/12/2025,JALAN CERDIK TAMAN UNIVERSITI KAJANG,SELANGOR,1,85,27.2,16.0
101.79072100778063,2.9405586981870986,25/12/2025,"APPT VILLA TROPIKA DAN RUMAH KEDAI JALAN VILLA TROPIKA 1,TAMAN TROPIKA 2",SELANGOR,2,85,27.5,17.1
101.76598043316793,2.946951639175574,25/12/2025,"APPT JALAN 6C/2 SEKSYEN 16 BANDAR BARU BANGI,JALAN 1/7 SEKSYEN 1 BANDAR BARU BANGI,JALAN 1/9 SEKSYEN 1 BANDAR BARU BANGI",SELANGOR,3,85,27.3,17.1
101.77457484450701,2.9638855857887285,25/12/2025,JALAN 4/12 SEKSYEN 4 BANDAR BARU BANGI,SELANGOR,1,85,27.5,17.1
101.80360163795001,2.975533651943748,25/12/2025,JALAN 2 DAN AWANA TAMAN SERI MEWAH,SELANGOR,1,85,27.3,13.6
101.48250836406216,2.976891927259885,25/12/2025,"TAMAN SETIA 01,TAMAN SETIA 02",SELANGOR,2,81,28.0,7.6
101.78861293052113,2.991991559830985,25/12/2025,PENJARA KAJANG,SELANGOR,1,85,27.5,13.6
101.74886622839074,2.993121303701987,25/12/2025,PANGSAPURI GAPURA BAYU TAMAN PUNCAK UTAMA,SELANGOR,1,85,27.4,13.6
101.48133261741717,2.993556702981594,25/12/2025,"TAMAN SENTOSA 01,TAMAN SENTOSA 05",SELANGOR,2,81,28.0,7.6
101.76226761942307,2.9941844016089734,25/12/2025,"JALAN 3/1-3/4, 4/2-4/4 & 5/1-5/3 TAMAN SETIA IMPIAN,TAMAN SEMENYIH PARKLANDS",SELANGOR,2,85,27.4,13.6
101.5306482885065,2.999802838298703,25/12/2025,"SEKSYEN 31 (TERES O : JLN 31/98F, 31/98H - 31/98L)",SELANGOR,1,81,28.0,7.6
101.80424203691096,3.000418635095888,25/12/2025,"TAMAN BERLIAN,TAMAN MEGAH SUNGAI JELOK",SELANGOR,2,85,27.4,13.6
101.50109207177307,2.9991007640423066,25/12/2025,"SEKSYEN 32 (JALAN REZAB BUANG LOT 2909),SEKSYEN 32 (TAMAN JATI INDAH)",SELANGOR,2,81,28.0,7.6
101.75986143955495,3.005767105406593,25/12/2025,"JALAN 3(B),10-15 TAMAN DESA KARUNMAS,JALAN BA 9-14 KAWASAN PERINDUSTRIAN BUKIT ANGKAT SG. CHUA,JALAN SUTERA 4 TAMAN SUTERA",SELANGOR,3,85,27.4,13.6
101.60158650345564,3.0070146041242602,25/12/2025,"E15. TMN PUCHONG PERDANA (JLN PERDANA 4),E15. TMN PUCHONG PERDANA 4 (FLAT BLOK A-G)",SELANGOR,2,82,27.9,10.9
101.45179728107334,3.007474345220003,25/12/2025,TAMAN KLANG JAYA 07,SELANGOR,1,81,28.0,7.6
101.8134627285625,3.0095123687321412,25/12/2025,"BLOK A-H KUARTERS PENJARA KAJANG,IVORY RESIDENCE KAJANG",SELANGOR,2,84,27.7,15.3
101.80292246173585,3.013779227289307,25/12/2025,APPT TAMAN TAMING IMPIAN,SELANGOR,1,85,27.4,13.6
101.40290865728477,3.016285078052981,25/12/2025,FLAT SRI PERANTAU,SELANGOR,1,84,27.8,13.2
101.67654245329656,3.015570513893102,25/12/2025,"E16. TMN PUNCAK JALIL 2A (JLN PUJ 2/1 - 2/9),E16. TMN PUNCAK JALIL 2C (JLN PUJ 2/19 - 2/29),E16. TMN PUNCAK JALIL 4 (CASA RIANA)",SELANGOR,3,82,27.6,10.9
101.76105971924845,3.0168288039813667,25/12/2025,JALAN CJ 4 TAMAN CHERAS JAYA,SELANGOR,1,85,27.5,13.6
101.7387806637546,3.0239029287852737,25/12/2025,"BLOK L & M TAMAN TAMING SARI,JALAN TAMING SARI TAMAN TAMING JAYA",SELANGOR,2,85,27.3,13.6
101.71794148512161,3.024472727236487,25/12/2025,"E17. SRI KEMBANGAN (THE HERITAGE) BLOK A, B, C, D, E",SELANGOR,1,85,27.5,13.6
101.5320188998188,3.0251383046107345,25/12/2025,SEKSYEN 25 (JALAN TELUK JAMBU 4),SELANGOR,1,81,28.0,7.6
101.62547358654223,3.025658169830988,25/12/2025,E15. PST BDR PUCHONG PSN INDERA- (DESA TANJUNG) BLOK A B C D E,SELANGOR,1,82,27.7,10.9
101.61679057457535,3.031033589041098,25/12/2025,E15. PST BDR PUCHONG (SETIAWALK),SELANGOR,1,82,27.9,10.9
101.39945650716231,3.032598108795811,25/12/2025,"KAMPUNG DELEK BARU 02,KAMPUNG DELEK BARU 08,KAMPUNG DELEK BARU 09",SELANGOR,3,84,27.8,13.2
101.67803190324598,3.0358471851871665,25/12/2025,E16. TMN PUNCAK JALIL 8 (PANGSAPURI MAYANG),SELANGOR,1,82,27.7,10.9
101.73842058511184,3.0380107554407885,25/12/2025,JALAN DP 16 BANDAR DAMAI PERDANA,SELANGOR,1,85,27.3,13.6
101.63628110656157,3.0402511497734013,25/12/2025,"E15. BDR KINRARA 4 (JLN BK 4/5 - 4/9),E15. TMN BKT KINRARA (MELOR)",SELANGOR,2,82,27.7,10.9
101.41426520543601,3.0403515326519974,25/12/2025,"KAMPUNG SUNGAI UDANG 01,KAMPUNG SUNGAI UDANG 03,KAMPUNG SUNGAI UDANG 11,KAMPUNG SUNGAI UDANG 33,PANGSAPURI ANGGERIK SUNGAI UDANG",SELANGOR,5,84,27.8,13.2
101.5015082406978,3.0444309858736247,25/12/2025,"E2. SEKSYEN 17 (FLAT JLN 17/1 : BLOK 1- 6),E2. SEKSYEN 17 (TERES B : JLN 17/16 - 17/24)",SELANGOR,2,81,28.0,7.6
101.51673721211043,3.048235692846625,25/12/2025,E1. SEKSYEN 18 (TERES C : JLN 18/16 - 18/18),SELANGOR,1,81,28.0,7.6
101.65374073442649,3.048498361142158,25/12/2025,"PPR PINGGIRAN 1 (BLOK A,B,C,D,E,F),PPR PINGGIRAN 2(BLOK G,H,J,K,L,M)",WILAYAH PERSEKUTUAN,2,82,27.6,10.9
101.4092593542384,3.05019755689404,25/12/2025,TAMAN HIJRAH 02,SELANGOR,1,84,27.8,13.2
101.57700564286363,3.0528261583333345,25/12/2025,E13. USJ 5/1,SELANGOR,1,82,27.8,10.9
101.5590098937267,3.0550790218509323,25/12/2025,"E13. TMN SUBANG MAS (PANGSAPURI HARMONI SITE TAPAK BINA),E13. TMN SUBANG MAS (RUMAH KEDAI)",SELANGOR,2,81,27.9,7.6
101.46125067079453,3.0656246956438378,25/12/2025,APARTMENT PALM GARDEN,SELANGOR,1,83,28.0,5.3
101.41349843889743,3.066823754641024,25/12/2025,TAMAN MEWAH,SELANGOR,1,84,28.1,25.0
101.61425338765773,3.0646447998389266,25/12/2025,"E13. PJS 7/1 - PJS 7/6,E13. PJS 7/15 (FLAT KOS RENDAH) BLOK A, B, C, D, E, F, G, H, K,E13. PJS 7/15 (PANGSAPURI MUTIARA PERDANA) BLOK A, B, C, D,E13. PJS 9/1 (LAGOON PERDANA & RUMAH KEDAI)",SELANGOR,4,82,27.8,17.4
101.55304230543709,3.0706572219867545,25/12/2025,"E2. SEKSYEN 22 (KONDO INDAH ALAM),E2. SEKSYEN 22 (V RESIDENSI)",SELANGOR,2,83,28.0,5.3
101.52368669178192,3.0708364422712777,25/12/2025,E1. SEKSYEN 14 (PANGSAPURI VISTA ALAM),SELANGOR,1,83,27.9,5.3
101.66322383157042,3.079438725830983,25/12/2025,"TAMAN SRI SENTOSA (JLN 1,1B,2,2B/133)",WILAYAH PERSEKUTUAN,1,82,27.7,17.4
101.64734333140386,3.079711730320512,25/12/2025,E12. TM PJS 1 PANGSAPURI PERMAI [JLN PJS 1/25],SELANGOR,1,82,27.7,17.4
101.58861359318406,3.0799932955828218,25/12/2025,E13. SS 15/5 (TERES),SELANGOR,1,82,27.6,17.4
101.60412998128683,3.0784139872829437,25/12/2025,"E11. SRI PJS 10 (TERES 3) [JLN PJS 10/7C , 10/9A , 10/11A - 10/11D],E11. SRI PJS 10 (TERES 4) [JLN PJS 10/15,10/15A,10/18,10/20,10/22,10/26A,10/26C],E11. SRI PJS 10 APT SRI SUBANG,E11. SRI PJS 10 APT SUBANG VILLE EHSAN,E11. SRI PJS 10 RIDZUAN KONDO,E11. SRI PJS 10 SURIA MAS  KONDO,E11. SRI PJS 8 APT DAMAI",SELANGOR,7,82,27.7,17.4
101.6318852046005,3.0737158975764136,25/12/2025,"E11. SRI PJS 5 (AERA RESIDENCE),E11. SRI PJS 5 TMN DESA RIA (PST KOMERSIAL) [JLN PJS 5/27-5/30],E11. SRI PJS 6 FLAT DESA MENTARI 1 (BLOK 1 , 2 , 3),E11. SRI PJS 6 FLAT DESA MENTARI 2 (BLOK 4 , 5 , 6),E12. TM PJS 2B PUSAT KOMERSIAL,E12. TM PJS 2C APT MEDAN CAHAYA 2 (BLOK D , E , F),E12. TM PJS 2C APT MEDAN JAYA (BLOK I),E12. TM PJS 2C TMN MEDAN (TERES 1) [JLN PJS 2C/2,2C/7,2C/7A,2C/7B,2C/9,2C/12,14],E12. TM PJS 2C TMN MEDAN (TERES 4) [JLN PJS 2C/11,2C/11A,B,C,D,F,G,H,J,K,L,28,2],E12. TM PJS 2C TMN MEDAN (TERES 5) [JLN PJS 2C/5,1,2,4,6,8,10,PJS 2/2,1],E12. TM PJS 2D FLAT DESA MENTARI (BLOK 11),E12. TM PJS 2D TMN MEDAN (TERES 1) [JLN PJS 2D/15 , PJS 2D/15A - PJS 2D/15E],E12. TM PJS 2D TMN MEDAN (TERES 2) [JLN PJS 2D/2,4,5,6,7,8,8C,8D,9,10,11,12,14],E12. TM PJS 3 APT SRI MANJA (BLOK D , E , F) [JLN PJS 3/55],E12. TM PJS 3 FLAT SRI MANJA (BLOK A , B , C) [JLN PJS 3/55],E12. TM PJS4 TMN INDAH JAYA(TERES 2)[JLN PJS 4/2,4,8,9,10,19,19A,21,21A],E12. TM TMN DATO HARUN (TERES 3) [JLN 11,13,2/8,2/15,2/17,PJS 2/2,2/4],E14. TMN KINRARA (JLN TK 1),E14. TMN KINRARA JLN TK 2 (PANGSAPURI TMN KINRARA 2) BLOK A,B,C,D,E14. TMN KINRARA JLN TK 3 (VISTA LAVENDER),E14. TMN KINRARA JLN TK 4 (PANGSAPURI KINRARA PUTRI),E14. TMN KINRARA JLN TK 4 (PANGSAPURI KOS RENDAH)",SELANGOR,22,82,27.7,17.4
101.50621762252122,3.0833971831515172,25/12/2025,E1. SEKSYEN 6 (TERES A : JLN 6/1A - 6/2F & 6/9A-6/10A),SELANGOR,1,83,27.9,5.3
101.71322707392966,3.084680219713565,25/12/2025,"DESA SRI PUTERI (BLOK D, E, F),FLAT DESA PETALING A (LORONG 1/125C,2/125C,3/125C & 4/125C),FLAT DESA PETALING B: BLOK 1-5,JALAN MAKMUR A (JLN MAKMUR, LRG MAKMUR 1-10, JLN MAKMUR 1, JLN MAKMUR 2)",WILAYAH PERSEKUTUAN,4,82,27.6,17.4
101.51667010629937,3.087065413999999,25/12/2025,"E1. SEKSYEN 8 (TERES A : JLN 8/1 - 8/13),E1. SEKSYEN 9 (KUARTERS IPK SELANGOR)",SELANGOR,2,83,27.9,5.3
101.69763140706665,3.0907201742000012,25/12/2025,THE VYNE SUNGAI BESI,WILAYAH PERSEKUTUAN,1,82,27.8,17.4
101.67143617235195,3.0927471593519336,25/12/2025,"APPT PANTAI INDAH FASA 2(BLOK 51&53),FLAT TAMAN PANTAI DALAM,VERVE SUITES KL SOUTH",WILAYAH PERSEKUTUAN,3,82,27.7,17.4
101.70872030145513,3.0986914908397476,25/12/2025,PANGSAPURI SRI PENARA FASA 2 (BLOK C-D),WILAYAH PERSEKUTUAN,1,82,27.8,17.4
101.59891143950684,3.101990004472602,25/12/2025,E11. SRI SS 6 HIGH PARK SUITES,SELANGOR,1,82,27.7,17.4
101.7975622105845,3.1037326257816886,25/12/2025,BLOK M1-M6 APPT TAMAN PERKASA HULU LANGAT,SELANGOR,1,82,27.5,17.4
101.75220396439524,3.1059092624714304,25/12/2025,"INDUSTRI & JALAN 14 KG CHERAS BARU,JALAN BP 1-3 TAMAN BUKIT PANDAN,NUSA MEWAH VILLA KONDOMINIUM TAMAN BUKIT PANDAN",SELANGOR,3,82,27.5,17.4
101.75220396439524,3.1059092624714304,25/12/2025,"KG.CHERAS BARU B (JLN KUARI, JLN 7, 9, 10-12, 14, LRG 12, LRG 14A),TAMAN CHERAS UTAMA (JALAN 1/95B - 6/95B)",WILAYAH PERSEKUTUAN,2,82,27.5,17.4
101.70600617334246,3.1083924588630127,25/12/2025,"PPR PINGGIRAN 1 (BLOK A,B,C,D,E,F),RAZAK CITY RESIDENCE (BLOK B&C)",WILAYAH PERSEKUTUAN,2,82,27.8,17.4
101.6670077625862,3.1096394570301715,25/12/2025,"CAMELLIA APARTMENT,FLAT TMN BUKIT ANGKASA (BLOK 9 & BLOK 16-20),LAUREL RESIDENCE BANGSAR SOUTH",WILAYAH PERSEKUTUAN,3,82,27.5,17.4
101.7627340235845,3.110275546788731,25/12/2025,JALAN MEGA 1-8 TAMAN MEGA JAYA,SELANGOR,1,82,27.3,17.4
101.58799836177776,3.112665625952989,25/12/2025,"E11. SRI PJU 1A APT KELANA IDAMAN,E11. SRI PJU 1A D'AMAN CRIMSON,E11. SRI PJU 1A PPRT 1 BLOK (A,B,C),E11. SRI PJU 1A PPRT 1 BLOK (G,H),E11. SRI PJU 1A PPRT LEMBAH SUBANG 2 (BLOK A-E)",SELANGOR,5,82,27.7,17.4
101.72436645326837,3.1188430335183823,25/12/2025,"APARTMENT M-VERTICA RESIDENSI (BLOK C,D,E),FLAT SRI PULAU PINANG B (BLOK 9-12),JALAN IKAN EMAS (PANGSAPURI INDAH MAS),JALAN PUDU ULU,VILLA TROPIKA @ PUDU IMPIAN 2",WILAYAH PERSEKUTUAN,5,82,27.8,17.4
101.76851763820946,3.1205031223108097,25/12/2025,JALAN MELUR 1-9 TAMAN MELUR,SELANGOR,1,82,27.6,17.4
101.72224737023602,3.128887098515526,25/12/2025,"JALAN PEEL (SUNWAY VELOCITY TWO),V RESIDENCE 2 SUNWAY VELOCITY",WILAYAH PERSEKUTUAN,2,82,27.8,17.4
101.68520227490082,3.1291971350950427,25/12/2025,"JALAN BERHALA,JALAN RAKYAT (BANGUNAN TONG NAM ),JLN THAMBY ABDULLAH 1 , JLN THAMBY ABDULLAH,MENARA PELANGI APARTMENT,PALM COURT CONDOMINIUM (BLOK A,B,C,D)",WILAYAH PERSEKUTUAN,5,82,27.7,17.4
101.77548558192996,3.1345382403566924,25/12/2025,JALAN 5 DAGANG JAYA AMPANG VILLA,SELANGOR,1,82,27.5,17.4
101.69699941266249,3.1465323167312507,25/12/2025,"JALAN TUN H.S. LEE,JALAN TUN TAN SIEW SIN",WILAYAH PERSEKUTUAN,2,82,27.8,17.4
101.71089038825669,3.143428303441963,25/12/2025,"BERJAYA TIMES SQUARE HOTEL,CASA MUTIARA SERVICE APPT,JALAN ALOR,JALAN BARAT,JALAN BRUNEI SELATAN, LENGKUNGAN BRUNEI DAN LORONG BRUNEI 2,JALAN KHOO TEIK EE,JALAN PADANG (WALTER GRENIER),JALAN SAYUR OFF JALAN PUDU,JALAN SIN CHEW KEE (RUMAH KEDAI),NOVOTEL KLCC,SEASONS TOWER,SUN COMPLEX JALAN IMBI,TAPAK BBCC LALAPORT,WISMA COSWAY, JALAN RAJA CHULAN",WILAYAH PERSEKUTUAN,14,82,27.6,17.4
101.7369870360185,3.15236633954321,25/12/2025,"DESA PANDAN (MUTIARA UPPER EAST CONDO),KUARTERS KERAJAAN JALAN U-THANT",WILAYAH PERSEKUTUAN,2,82,27.7,17.4
101.5787411580261,3.1524605755999993,25/12/2025,"E7. KD PJU 5 SEK 4 GUGUSAN MATAHARI,E7. KD PJU 5 SEK 4 GUGUSAN MELATI,E7. KD PJU 5 SEK 4 GUGUSAN SEMARAK,E7. KD PJU 5 SEK 6 GUGUSAN SEROJA",SELANGOR,4,82,27.7,17.4
101.70115810857831,3.1647692477108436,25/12/2025,"KAMPUNG BARU (JALAN RAJA BOT),KAMPUNG BARU (WISMA SABARUDDIN)",WILAYAH PERSEKUTUAN,2,82,27.8,17.4
101.72531051455769,3.1661029288141034,25/12/2025,"KAMPUNG DATO KERAMAT ( LORONG KERAMAT 1,2,3)",WILAYAH PERSEKUTUAN,1,82,27.8,17.4
101.61329120246835,3.1672090822025334,25/12/2025,"E6. BL PJU 8 EMPIRE CITY (MY LOFT ) BLOK D,E6. BL PJU 8 EMPIRE CITY(COLONIAL LOFT )",SELANGOR,2,82,27.3,17.4
101.60813197361972,3.1758118066408465,25/12/2025,"E6. BL PJU 8 APT FLORA DAMANSARA 1 [A,B],E6. BL PJU 8 APT FLORA DAMANSARA 2 [C,D,E,F]",SELANGOR,2,82,26.8,17.4
101.5741878928806,3.173539249668658,25/12/2025,"E7. KD PJU 5 SEK 7 APT LILY,E7. KD PJU 5 SEK 7 APT MILIA,E7. KD PJU 5 SEK 7 GUGUSAN KANTAN,E7. KD PJU 5 SEK 7 GUGUSAN KEKWA,E7. KD PJU 5 SEK 7 GUGUSAN KEMBOJA,E7. KD PJU 5 SEK 8 GUGUSAN KEMUNING (A,B) PPRT,E7. KD PJU 5 SEK 8 GUGUSAN KESUMBAR (C,D) PPRT",SELANGOR,7,82,27.5,17.4
101.53396714696227,3.1782701965786133,25/12/2025,"E5. SEKSYEN U5 (MUTIARA SUBANG KAW PERINDUSTRIAN A : JALAN U5/11 - U5/17 ),E5. SEKSYEN U5 (SUBANG PELANGI : JLN U5/122 - U5/129 & JLN U5/AK, AJ, AH & AG)",SELANGOR,2,83,27.8,5.3
101.67045771178519,3.1813810010185204,25/12/2025,"KONDOMINIUM SRI PUTRAMAS 1 ( BLOK A, B, C, D, E ),KUARTERS KERAJAAN JALAN DUTA (G,H,J,K),RUMAH KONGSI PEMBINAAN THE METROPOLI,SRI PUTRAMAS CONDOMINIUM 2 (BLOK A1, A2, B1, B2)",WILAYAH PERSEKUTUAN,4,82,27.5,17.4
101.63506372015753,3.1849453253767117,25/12/2025,DESA PARK CITY (THE BREEZEWAY),WILAYAH PERSEKUTUAN,1,82,27.3,17.4
101.65009868485231,3.1878968416793225,25/12/2025,"PANGSAPURI PLAZA SINAR,TAMAN SRI SINAR (JALAN 15 & 16 / 38D-KEDAI),TAMAN SRI SINAR (JALAN 34A,B,C,D,E/38A),TAMAN SRI SINAR (NOVA 2 APPARTMENT)",WILAYAH PERSEKUTUAN,4,83,28.4,8.2
101.66580418000403,3.194041222016063,25/12/2025,"FLAT TAMAN SEJAHETERA BLOK A,B,C,D,TAMAN CITY (JALAN 5/42),TAMAN LAWA (JALAN 12/42 (2-38), JALAN 14/42, DAN JALAN 15/42),TAMAN LAWA (JALAN 2/42, 4/42 & JALAN JAMBU MAWAR ( 1-31 ),TAMAN SEJAHTERA (JLN 8/42A (42A-56) JLN 7/42 (2-56) &JLN 6/42 (1-65)&(32-62A),TAMAN SEJAHTERA APARTMENT, JALAN 12/42",WILAYAH PERSEKUTUAN,6,83,28.5,8.2
101.67615523476316,3.1960186349013133,25/12/2025,"SRI INTAN 2 CONDOMINIUM ( 2 BLOK ),TWELVE APARTMENT",WILAYAH PERSEKUTUAN,2,83,28.5,8.2
101.5982419397959,3.1933577424026214,25/12/2025,"E6. BL PJU 10 APT IDAMAN FASA 1  (A,B,C,H,J,K,L,M,N),E6. BL PJU 10 APT IDAMAN FASA 2 (D,E,F,G,O,P,Q,R,S),E6. BL PJU 10 APT SAUJANA 2 (P,Q,G,H,N,O,K,J),E6. BL PJU 10 APT VISTA (1) [A,B,C,D,E,F,G],E6. BL PJU 10 APT VISTA (2) [H,J,K,L,M,N,P,Q],E6. BL PJU 10 ONE DAMANSARA KONDO,E6. BL PJU 10 PARK AVANUE KONDO,E6. BL PJU 9 SD 11,E6. BL PJU 9 SD 13 APT SRI MERANTI (1) [A,B,C,D,E,F,G],E6. BL PJU 9 SD 13 APT SRI MERANTI (2) [H,J,K,L,M,N,P,Q,R]",SELANGOR,10,83,28.0,8.2
101.737742007428,3.1976940238159983,25/12/2025,"KONDOMINIUM THE HAMILTON,RESIDENSI SERI RIANA,RESIDENSI WANGSAMAS,TAMAN SRI RAMPAI F (JLN 47/26 - 66/26),TAMAN SRI RAMPAI H (JLN 82/26 - JLN 92/26),WANGSA 9 RESIDENCY, JALAN WANGSA PERDANA 1",WILAYAH PERSEKUTUAN,6,82,27.5,17.4
101.76565649715567,3.2011302933233505,25/12/2025,"TMN UKAY BISTARI ZON A,TMN UKAY BISTARI ZON B",SELANGOR,2,82,27.6,17.4
101.7816015166338,3.202974597697186,25/12/2025,"APPT ONE SELAYANG,KG SG SERING",SELANGOR,2,82,27.2,17.4
101.70295531845807,3.2037407518322576,25/12/2025,JALAN GOMBAK(KL TRADERS SQUARE),WILAYAH PERSEKUTUAN,1,82,27.7,17.4
101.48944148263381,3.2048855227253514,25/12/2025,JALAN CENGAL SAUJANA UTAMA 2,SELANGOR,1,84,27.7,5.7
101.69261507440379,3.201981057522565,25/12/2025,"KONDOMINIUM MAXIM CITYLIGHT (BLOK A, B, C, D, E, F),KONDOMINIUM SRI SUAJAYA (BLOK 200, 202, 204),PPR SENTUL MURNI,SKY AWANI RESIDENCE,SKY AWANI V RESIDENCE, SENTUL,TAMAN DATO SENU (JALAN DATO SENU)",WILAYAH PERSEKUTUAN,6,82,27.6,17.4
101.71823363835838,3.2046688859108388,25/12/2025,"FLAT DANAU KOTA ( BLOK D & E),FLAT PRIMA SETAPAK,KEM WARDIEBURN (BLOK E BARU & F BARU),MEDAN IDAMAN (8/21D - 12/21D),MEDAN IDAMAN (IDAMAN PUTRI KONDOMINIUM),MEDAN IDAMAN (IDAMAN SUTERA KONDOMINIUM),PANGSAPURI TERATAI MEWAH,PLATINUM LAKE KONDOMINIUM PV12,PLATINUM LAKE KONDOMINIUM PV18,TAMAN DANAU KOTA(KONDOMINIUM PLATINIUM VIC LAKE 12),TAMAN SETAPAK (JALAN BAKUBANG),TAMAN SETAPAK (JALAN CHENGAL SELATAN),TAMAN SETAPAK (JALAN SATANG 1),TAMAN SETAPAK (JALAN SATANG 2),TAMAN SETAPAK (JALAN TIOMAN),TAPAK BINA RUMAWIP JSATINE",WILAYAH PERSEKUTUAN,16,82,27.7,17.4
101.69984495228377,3.2160371372229744,25/12/2025,KAMPUNG PADANG BALANG (LOT 2961),WILAYAH PERSEKUTUAN,1,82,27.7,17.4
101.72304102434569,3.2236455696172848,25/12/2025,"FLAT TAMAN MELATI (BLOK C),TAMAN MELATI (JALAN TAMAN MELATI 1 - 7 & PERSIARAN TAMAN MELATI)",WILAYAH PERSEKUTUAN,2,82,27.6,17.4
101.71194775468668,3.2264246623066626,25/12/2025,"BT 6 GOMBAK,KG KERDAS 5",SELANGOR,2,82,27.7,17.4
101.69083122906967,3.2283081169057373,25/12/2025,APPT FIONA,SELANGOR,1,83,28.5,8.2
101.69083122906967,3.2283081169057373,25/12/2025,TAMAN BATU MUDA (JLN 2-12),WILAYAH PERSEKUTUAN,1,83,28.5,8.2
101.56359919766197,3.2494745646760577,25/12/2025,APPT IMPIAN INDAH,SELANGOR,1,83,28.4,8.2
101.69106699822727,3.2503665475123964,25/12/2025,"APPT MESRA,APPT TEMENGGUNG,CONDO BAYU RESIDENCE BT CAVES,PANGSAPURI SELANGORKU SERI TEMENGGUNG,TMN INDUSTRI BOLTON",SELANGOR,5,83,28.4,8.2
101.67438162011028,3.268942323224267,25/12/2025,"APPT JULIA,BDR BARU SELAYANG FASA 2B (ZON B),FLAT SELAYANG MULIA,KG BENDAHARA",SELANGOR,4,83,28.2,8.2
101.46990258821234,3.2889741904246583,25/12/2025,APPT SANDALWOOD COURT,SELANGOR,1,84,27.6,5.7
101.64194881336986,3.2946247451917814,25/12/2025,TMN SETIA ECO TEMPLER,SELANGOR,1,83,28.2,8.2
101.54944793160128,3.4377032598291133,25/12/2025,"APT DAHLIA TBR BB,JALAN BUNGA RAYA 1, BUKIT BERUNTUNG",SELANGOR,2,82,27.4,15.4
102.3924743499085,3.4637833574771237,25/12/2025,TAMAN CHENGAL,PAHANG,1,78,27.7,4.6
103.301367834538,3.797180804994152,25/12/2025,TMN. CENDERAWASIH - BLOK PERINGKAT 2,PAHANG,1,83,26.9,4.6
117.90034811394874,4.250067938249999,25/12/2025,"IB09 LRG. HJ ISMAIL,IB23 LORONG HJ AWADAN",SABAH,2,83,28.5,14.4
117.92206949690197,4.25233755284967,25/12/2025,AP20 TAMAN BERJAYA,SABAH,1,83,28.5,14.4
117.89518794330985,4.257264891267604,25/12/2025,JK56 TAMAN NORDIN,SABAH,1,83,28.5,14.4
117.8935895599734,4.274109921047872,25/12/2025,"HS19 QRTS. JABATAN  HAIWAN,JK54 TAMAN FORTUNE,JK59 TAMAN SRI IMPIAN,JK70 TMN. CITRA",SABAH,4,83,28.4,14.4
117.87730680365584,4.277033110298701,25/12/2025,TB49 TG BATU TENGAH KIRI,SABAH,1,82,28.2,12.1
117.9070649840395,4.278463772401317,25/12/2025,"SN10 TAMAN LILY,SN24 TAMAN ROSE",SABAH,2,83,28.5,14.4
117.88999153620668,4.297093295843574,25/12/2025,JK02 TMN. SEMARAK LOJI,SABAH,1,82,28.2,12.1
100.98998317038027,4.359338561239439,25/12/2025,"BANDAR SRI ISKANDAR,TAMAN BANDAR UNIVERSITI (SUSUR U3)",PERAK,2,82,27.8,7.8
101.15462512210256,4.387695671528206,25/12/2025,K/B Jeram,PERAK,1,82,29.2,11.4
101.12731173020372,4.529250138660494,25/12/2025,KG BARU SIMPANG PULAI,PERAK,1,83,27.5,31.7
101.13099756502001,4.569139272906666,25/12/2025,TMN RAPAT INDAH,PERAK,1,83,27.4,31.7
101.08610874300636,4.583495957560509,25/12/2025,TMN HOOVER,PERAK,1,83,28.7,18.7
101.15006072389473,4.630189601875001,25/12/2025,KG TERSUSUN BT 6,PERAK,1,83,28.5,18.7
101.11669569349314,4.72902031947945,25/12/2025,RPT BT.10 CHEMOR,PERAK,1,80,27.7,20.0
118.39210149417333,5.040213822973333,25/12/2025,PANGSAPURI MUTIARA KASIH,SABAH,1,83,27.0,3.5
100.49589690167333,5.280679553573337,25/12/2025,BANDAR TASEK MUTIARA SS3 B,PULAU PINANG,1,72,28.8,1.6
100.2249336509134,5.289179620359309,25/12/2025,"TAMAN KUMBAR PERMAI,TAMAN SAHABAT",PULAU PINANG,2,78,28.6,2.8
100.28649192997999,5.318680679380001,25/12/2025,FLAT JALAN TENGAH,PULAU PINANG,1,78,28.6,2.8
100.29366576819848,5.3311474611297704,25/12/2025,"APARTMENT MELATI,FLAT LENGKOK MAHSURI,JALAN BAHAGIA,LINTANG MAHSURI,SOLOK KG. JAWA,TMN BUKIT JAMBUL (D-J)",PULAU PINANG,6,78,28.7,2.8
100.30986079519718,5.340936460908452,25/12/2025,PUTRA PLACE CONDOMINIUM,PULAU PINANG,1,78,28.7,2.8
100.27430733625,5.3386492985468745,25/12/2025,"SRI AMAN,TMN RELAU JAYA,TMN SERI ANGSANA,TMN SERI RELAU",PULAU PINANG,4,78,28.6,2.8
100.31202711041216,5.370159348837835,25/12/2025,TINGKAT SG GELUGOR,PULAU PINANG,1,78,28.7,2.8
100.2775778082353,5.371329725411765,25/12/2025,"TAMAN TERUBONG JAYA (BLOK 9, 11 & 11A),TAMAN TERUBONG JAYA BLOK 18 & 20",PULAU PINANG,2,78,28.3,2.8
100.3998925399054,5.3827215681148655,25/12/2025,"SIAKAP, TINGKAT",PULAU PINANG,1,72,28.9,1.6
100.28334137899398,5.392284261596385,25/12/2025,"(BLOK A-E) LRG SEMARAK API,DESA BAIDURI",PULAU PINANG,2,78,28.6,2.8
100.31127129091269,5.3958790459444455,25/12/2025,"FLAT JALAN KURAU,JALAN BAGAN SERAI,LINTANG SLIM,LORONG HIJAU,MUTIARA INDAH,TAMAN KANG HAR TONG,TAMAN SRI PERAK",PULAU PINANG,7,78,28.6,2.8
100.29845963533114,5.406754824536424,25/12/2025,JALAN GROVE,PULAU PINANG,1,78,28.6,2.8
100.39795174346153,5.424727863141025,25/12/2025,TAMAN SENTRAL,PULAU PINANG,1,72,28.9,1.6
100.37955972256805,5.4436271609408315,25/12/2025,TAMAN PANTAI BERSIH,PULAU PINANG,1,77,28.2,7.6
100.47588707991464,5.597528524634148,25/12/2025,TAMAN PERMAI,KEDAH,1,73,28.5,2.9
118.06754067230482,5.845923855860962,25/12/2025,INDAH JAYA FASA 2,SABAH,1,87,27.4,10.7
118.10727748370424,5.862063684845071,25/12/2025,BDC,SABAH,1,87,27.5,10.7
118.07576649101021,5.862189492520407,25/12/2025,"TAMAN MESRA,TAMAN TINOSAN BT.4.5",SABAH,2,87,27.5,10.7
118.06273875066235,5.867847134458874,25/12/2025,TAMAN TYNG BT.5,SABAH,1,87,27.4,10.7
116.06446709218231,5.873443183198897,25/12/2025,PPR SRI KERAMAT,SABAH,1,85,29.7,11.5
116.04429232772307,5.898142072584615,25/12/2025,KG. PASIR PUTIH,SABAH,1,82,28.6,10.7
116.04807338175351,5.914674558894366,25/12/2025,"KEM LOK KAWI,TAMAN JUMBO PH: 1",SABAH,2,82,28.6,10.7
117.9791604321742,5.922389482593549,25/12/2025,PPR SG MANILA,SABAH,1,87,27.3,10.7
116.09140084714949,5.953495671809279,25/12/2025,"TAMAN FU YEN PH.3,TAMAN FU YEN PH.5",SABAH,2,84,28.2,7.9
116.11791285880986,5.970473566915493,25/12/2025,TAMAN BDC,SABAH,1,84,28.2,7.9
116.1127973928404,6.000069457861704,25/12/2025,"KG LIKAS JLN KAMPUNG LIKAS,KG LIKAS LRG HAWA,KG.LIKAS JLN KULOR MELANGI",SABAH,3,84,28.2,7.9
116.05259643781945,6.003091368736109,25/12/2025,LOK KURAI,SABAH,1,82,28.6,10.7
116.1339000852439,6.01736438230244,25/12/2025,"D'VANTAGE APARTMENT,KG.WARISAN PH 2,TAMAN PURI WARISAN",SABAH,3,84,28.2,7.9
116.15756194866039,6.0241895293647785,25/12/2025,PEKAN MENGGATAL,SABAH,1,84,28.2,7.9
116.14730208699416,6.024748654695905,25/12/2025,"TAMAN FAJAR,TAMAN PERMATA",SABAH,2,84,28.2,7.9
116.13578583652082,6.036413038916664,25/12/2025,"KG. CONTOH SUANG PARAI,KG.DELIMA MELAYU",SABAH,2,84,28.2,7.9
116.14891424979453,6.052666553664387,25/12/2025,TAMAN KUALA MENGGATAL PH 3,SABAH,1,84,28.2,7.9
116.15502986392957,6.0859334859225385,25/12/2025,TAMAN SEPANGGAR PH 2,SABAH,1,82,28.4,15.2
100.3635641049859,6.137942590866193,25/12/2025,TAMAN SERI MENANTI,KEDAH,1,79,27.9,1.1
110.56644686583334,0.8904654508717982,25/12/2025,MUJAT,SARAWAK,1,83,27.8,2.2
103.65035849544644,1.4270121255297592,25/12/2025,TAPAK BINA KOMPLEKS MAHKAMAH BAHARU NUSAJAYA,JOHOR,1,82,27.4,9.4
103.62075497546104,1.4416495865129868,25/12/2025,TMN ECO BOTANI_2/,JOHOR,1,84,27.0,9.7
103.91539056349316,1.4621823611095868,25/12/2025,"FLAT PERINGKAT 4, JALAN TEMBUSU",JOHOR,1,80,27.9,6.1
103.58035842823077,1.4613669593162406,25/12/2025,"TMN NUSANTARA_NUSARIA 4/3 - 4/9G,TMN NUSANTARA_NUSARIA 5/1 - 5/11,TMN NUSANTARA_NUSARIA 6/1 - 6/10,TMN NUSANTARA_NUSARIA 6/11 - 6/21",JOHOR,4,84,27.1,9.7
103.77014545915972,1.4635296071388868,25/12/2025,"APT INDERA PUTRA COURT,APT PARAGON SUITES,JLN AH SIANG,R&F RESIDENCE PHASE 1_BLOK A",JOHOR,4,81,27.8,5.5
103.25623377894367,1.4690285137887305,25/12/2025,PULAU PISANG,JOHOR,1,83,26.7,11.4
103.59037085676543,1.474690780524691,25/12/2025,"SILC_JLN SILC 2,TMN NUSANTARA PRIMA_JLN PRIMA 6",JOHOR,2,84,27.0,9.7
103.86518156860784,1.480100442098037,25/12/2025,TMN SIERRA PERDANA 3/,JOHOR,1,80,27.9,6.1
103.87597783731508,1.4813610566438369,25/12/2025,TMN RINTING_JLN GELAM,JOHOR,1,80,28.0,6.1
103.77918011532192,1.481580142678082,25/12/2025,TMN PELANGI_ZON C,JOHOR,1,81,27.8,5.5
103.9248891749507,1.4891959837957782,25/12/2025,TMN KOTA MASAI_JLN DUKU (ZON B),JOHOR,1,80,28.0,6.1
103.90609705710585,1.4893891706176414,25/12/2025,TMN CENDANA_ZON 1,JOHOR,1,80,27.9,6.1
103.76583160039041,1.4915963667534262,25/12/2025,TMN MELODIES_ZON 1,JOHOR,1,81,27.8,5.5
103.75525924442424,1.4939874443939392,25/12/2025,"APT LARKIN IDAMAN BLOK A1/A2,APT M'TIARA LARKIN IDAMAN",JOHOR,2,81,27.8,5.5
103.67058929036986,1.4987627154520555,25/12/2025,BDR UDA UTAMA_UDA UTAMA 4/,JOHOR,1,84,27.1,9.7
103.82977726882191,1.505941498753424,25/12/2025,KAW IND DESA PLENTONG_HARUM,JOHOR,1,80,28.0,6.1
103.92456872450684,1.5080820136369855,25/12/2025,TMN CAHAYA MASAI_JLN INTAN,JOHOR,1,80,27.9,6.1
103.70156291702237,1.5091001834078215,25/12/2025,"TMN KENANGA BLOK 10-15,TMN KENANGA BLOK 16-23",JOHOR,2,81,27.8,5.5
103.66121728450685,1.511415911095892,25/12/2025,TMN SUTERA UTAMA_CENGAL,JOHOR,1,84,26.9,9.7
103.76990072001281,1.5306761974551284,25/12/2025,TMN ISTIMEWA,JOHOR,1,81,27.9,5.5
103.69627101876027,1.53335411059589,25/12/2025,TMN BKT KEMPAS_JLN BKT KEMPAS 2/,JOHOR,1,81,27.7,5.5
103.80947553856953,1.5347393427019878,25/12/2025,"TMN JOHOR JAYA_JLN KEEMBONG 1-10,TMN JOHOR JAYA_JLN SEROJA 1-11",JOHOR,2,81,27.8,5.5
103.58428599978666,1.54076940914667,25/12/2025,TMN PULAI INDAH_JLN PULAI INDAH /9,JOHOR,1,84,26.9,9.7
103.71360408721195,1.5421308775543492,25/12/2025,"KUARTERS KDN SETIA TROPIKA,TMN SINARAN KEMPAS_BLOK 1-48",JOHOR,2,81,27.6,5.5
103.78246789260379,1.5457816605031462,25/12/2025,TMN AUSTIN PERDANA_2/,JOHOR,1,81,27.7,5.5
110.36704310596481,1.5481535597676046,25/12/2025,JALAN TAN SRI DATUK WILLIAM TAN,SARAWAK,1,84,27.8,1.2
103.76394152286981,1.5486094251656801,25/12/2025,"TMN DAYA SAGU _FLAT SAGU 34,TMN DAYA SAGU_RUMAH KEDAI",JOHOR,2,81,27.7,5.5
103.75619383415095,1.5583041922830188,25/12/2025,TMN DAYA_NIBONG ZON 1(1-17),JOHOR,1,81,27.7,5.5
103.7952785317823,1.5604539540068025,25/12/2025,TMN DESA TEBRAU_HARMONIUM 22/,JOHOR,1,81,27.6,5.5
103.81811629023125,1.5627161785250017,25/12/2025,TMN DESA CEMERLANG_JLN SAGA,JOHOR,1,81,27.2,1.7
103.80909290664864,1.5648252765945947,25/12/2025,TMN DESA CEMERLANG_JLN ARA,JOHOR,1,83,26.9,6.1
103.59885603497352,1.5652021918278138,25/12/2025,BANDAR PULAI JAYA BLOK 1,JOHOR,1,83,27.2,6.1
103.80431085530135,1.579218215794519,25/12/2025,TMN PELANGI INDAH_JLN CANTIK (FLAT U-Y),JOHOR,1,83,26.8,6.1
103.79364293334014,1.6008819090204083,25/12/2025,"TMN BESTARI INDAH, JLN BESTARI /2 (ZON 1)",JOHOR,1,83,26.9,6.1
103.68511658422153,1.632843253119762,25/12/2025,TMN SCIENTEX SENAI (SJ7-SJ18),JOHOR,1,83,27.3,6.1
103.61540278599294,1.6417044807042238,25/12/2025,B_INDAHPURA BLOK KENANGA C,JOHOR,1,83,27.3,6.1
103.59269397491276,1.6640214096107355,25/12/2025,TMN KULAI UTAMA,JOHOR,1,83,27.2,6.1
103.58640579093144,1.66999735384,25/12/2025,"TMN INDAH JAYA,TMN PERTAMA",JOHOR,2,83,27.2,6.1
103.53047914247682,1.6848532185496696,25/12/2025,TMN WAWASAN BLOK RAJAWALI,JOHOR,1,82,27.5,9.4
109.74594172602818,1.7714715405633847,25/12/2025,PAON,SARAWAK,1,86,27.2,1.4
103.33011685105335,1.8332856847333316,25/12/2025,TMN RENGGAM JAYA,JOHOR,1,82,27.5,7.4
102.940727632759,1.8487659888855408,25/12/2025,JLN. HJ. BASIR,JOHOR,1,80,27.5,13.0
102.12671878935757,2.279498807321213,25/12/2025,DESA TUN RAZAK (BLOK 1 -13),MELAKA,1,84,27.6,9.8
101.94139918537323,2.6793744960915484,25/12/2025,"TAMAN ANGGUR JAYA,TAMAN SEREMBAN 3 (JLN. SEREMBAN TIGA 27-32)",NEGERI SEMBILAN,2,86,27.7,13.8
101.93194850011184,2.703074838414472,25/12/2025,TAMAN PERMAI IMPIAN,NEGERI SEMBILAN,1,85,27.4,13.9
101.94665244263699,2.7096248272191805,25/12/2025,BUKIT RASAH,NEGERI SEMBILAN,1,85,27.2,16.4
101.99773864221464,2.7173165798010466,25/12/2025,"APARTMENT SEROJA,TAMAN TASIK JAYA  (JALAN 15 - 22 & 35)",NEGERI SEMBILAN,2,85,26.9,16.4
101.9235998074014,2.73517445697183,25/12/2025,TAMAN MAKMUR,NEGERI SEMBILAN,1,85,27.2,13.9
101.9018026274014,2.736374417957744,25/12/2025,TAMAN BUKIT GALENA FASA 5,NEGERI SEMBILAN,1,85,27.4,13.9
101.62668984736241,2.770966583664432,25/12/2025,"BANDAR SERI EHSAN ZON 1,BANDAR SERI EHSAN ZON 2",SELANGOR,2,85,27.6,18.4
101.74652173757235,2.791697633452829,25/12/2025,"KG. GECHING,KG. SALAK TENGAH,KG. SRI SALAK",SELANGOR,3,85,27.3,12.9
101.79589900142253,2.7928746139014087,25/12/2025,KAMPUNG KONDOK,NEGERI SEMBILAN,1,85,27.2,12.9
101.66280914887429,2.7981951812914287,25/12/2025,"PANGSAPURI LANGAT UTAMA,TAMAN LANGAT UTAMA (KEJORA)",SELANGOR,2,85,27.6,18.4
101.72835288734969,2.816653320134973,25/12/2025,"TAMAN IXORA,TAMAN IXORA 1",SELANGOR,2,85,27.3,13.1
101.62600348045889,2.830565482178083,25/12/2025,KG BUKIT CHANGGANG,SELANGOR,1,85,27.4,6.7
101.89274496767975,2.83074934472549,25/12/2025,TAMAN PELANGI INDAH,NEGERI SEMBILAN,1,85,27.0,14.2
101.7830163833974,2.8357959023013106,25/12/2025,"NILAI SPRING VILLA,TAMAN DESA ANGGERIK (JALAN BBN 9/2)",NEGERI SEMBILAN,2,85,27.1,13.1
101.8272024074507,2.845374623894366,25/12/2025,"APARTMENT NILAI 3 CASSIA (BLOK A,B,C)",NEGERI SEMBILAN,1,85,27.2,14.2
101.48888798319632,2.8737471747730066,25/12/2025,"TAMAN MELATI,TAMAN MELATI ZON 2",SELANGOR,2,85,27.5,9.1
101.5048766149026,2.8796184599415584,25/12/2025,"TAMAN SERI JAROMAS (PLUMERIA),TAMAN SRI JAROMAS",SELANGOR,2,85,27.4,9.1
101.78796697018237,2.885058400264153,25/12/2025,"APPT VISTA BANDAR SRI PUTRA,KONDOMINIUM VISTA BANDAR SRI PUTRA",SELANGOR,2,85,27.3,13.1
101.49293678662363,2.8856088948817207,25/12/2025,TAMAN RAMBAI INDAH,SELANGOR,1,85,27.4,9.1
101.61236042794653,2.8939650455508033,25/12/2025,"MAYABAY RESIDENCES,TAPAK BINA NORTH WOODS",SELANGOR,2,85,27.4,6.7
101.87258516660002,2.8953328703351344,25/12/2025,TAMAN SEMENYIH PARKLANDS,SELANGOR,1,85,27.2,14.2
101.46114015720644,2.904917186367741,25/12/2025,TAMAN DATO HORMAT (JALAN PANDAN),SELANGOR,1,85,27.5,9.1
101.8550954634902,2.9143390171045747,25/12/2025,JALAN KESUMA 1/12(GANJIL)-1/19 BANDAR TASIK KESUMA,SELANGOR,1,85,27.2,14.2
101.63639252426219,2.924796688445118,25/12/2025,"ECLIPSE APARTMENT,THE ARC CONDO",SELANGOR,2,85,27.4,6.7
101.83252941957316,2.9317385169695123,25/12/2025,"TAMAN DALMA SEMENYIH,TAMAN SEMENYIH IMPIANA",SELANGOR,2,85,27.3,14.2
101.80708033191516,2.931596313890909,25/12/2025,JALAN CERDIK TAMAN UNIVERSITI KAJANG,SELANGOR,1,85,27.2,13.1
101.79072100778063,2.9405586981870986,25/12/2025,"APPT VILLA TROPIKA DAN RUMAH KEDAI JALAN VILLA TROPIKA 1,TAMAN TROPIKA 2",SELANGOR,2,85,27.5,13.6
101.76598043316793,2.946951639175574,25/12/2025,"APPT JALAN 6C/2 SEKSYEN 16 BANDAR BARU BANGI,JALAN 1/7 SEKSYEN 1 BANDAR BARU BANGI,JALAN 1/9 SEKSYEN 1 BANDAR BARU BANGI",SELANGOR,3,85,27.3,13.6
101.77457484450701,2.9638855857887285,25/12/2025,JALAN 4/12 SEKSYEN 4 BANDAR BARU BANGI,SELANGOR,1,85,27.5,13.6
101.80360163795001,2.975533651943748,25/12/2025,JALAN 2 DAN AWANA TAMAN SERI MEWAH,SELANGOR,1,85,27.3,13.6
101.48250836406216,2.976891927259885,25/12/2025,"TAMAN SETIA 01,TAMAN SETIA 02",SELANGOR,2,81,28.0,7.6
101.78861293052113,2.991991559830985,25/12/2025,PENJARA KAJANG,SELANGOR,1,85,27.5,13.6
101.74886622839074,2.993121303701987,25/12/2025,PANGSAPURI GAPURA BAYU TAMAN PUNCAK UTAMA,SELANGOR,1,85,27.4,13.6
101.48133261741717,2.993556702981594,25/12/2025,"TAMAN SENTOSA 01,TAMAN SENTOSA 05",SELANGOR,2,81,28.0,7.6
101.76226761942307,2.9941844016089734,25/12/2025,"JALAN 3/1-3/4, 4/2-4/4 & 5/1-5/3 TAMAN SETIA IMPIAN,TAMAN SEMENYIH PARKLANDS",SELANGOR,2,85,27.4,13.6
101.5306482885065,2.999802838298703,25/12/2025,"SEKSYEN 31 (TERES O : JLN 31/98F, 31/98H - 31/98L)",SELANGOR,1,81,28.0,7.6
101.80424203691096,3.000418635095888,25/12/2025,"TAMAN BERLIAN,TAMAN MEGAH SUNGAI JELOK",SELANGOR,2,85,27.4,13.6
101.50109207177307,2.9991007640423066,25/12/2025,"SEKSYEN 32 (JALAN REZAB BUANG LOT 2909),SEKSYEN 32 (TAMAN JATI INDAH)",SELANGOR,2,81,28.0,7.6
101.75986143955495,3.005767105406593,25/12/2025,"JALAN 3(B),10-15 TAMAN DESA KARUNMAS,JALAN BA 9-14 KAWASAN PERINDUSTRIAN BUKIT ANGKAT SG. CHUA,JALAN SUTERA 4 TAMAN SUTERA",SELANGOR,3,85,27.4,13.6
101.60158650345564,3.0070146041242602,25/12/2025,"E15. TMN PUCHONG PERDANA (JLN PERDANA 4),E15. TMN PUCHONG PERDANA 4 (FLAT BLOK A-G)",SELANGOR,2,82,27.9,10.9
101.45179728107334,3.007474345220003,25/12/2025,TAMAN KLANG JAYA 07,SELANGOR,1,81,28.0,7.6
101.8134627285625,3.0095123687321412,25/12/2025,"BLOK A-H KUARTERS PENJARA KAJANG,IVORY RESIDENCE KAJANG",SELANGOR,2,84,27.7,15.3
101.80292246173585,3.013779227289307,25/12/2025,APPT TAMAN TAMING IMPIAN,SELANGOR,1,85,27.4,13.6
101.40290865728477,3.016285078052981,25/12/2025,FLAT SRI PERANTAU,SELANGOR,1,84,27.8,13.2
101.67654245329656,3.015570513893102,25/12/2025,"E16. TMN PUNCAK JALIL 2A (JLN PUJ 2/1 - 2/9),E16. TMN PUNCAK JALIL 2C (JLN PUJ 2/19 - 2/29),E16. TMN PUNCAK JALIL 4 (CASA RIANA)",SELANGOR,3,82,27.6,10.9
101.76105971924845,3.0168288039813667,25/12/2025,JALAN CJ 4 TAMAN CHERAS JAYA,SELANGOR,1,85,27.5,13.6
101.7387806637546,3.0239029287852737,25/12/2025,"BLOK L & M TAMAN TAMING SARI,JALAN TAMING SARI TAMAN TAMING JAYA",SELANGOR,2,85,27.3,13.6
101.71794148512161,3.024472727236487,25/12/2025,"E17. SRI KEMBANGAN (THE HERITAGE) BLOK A, B, C, D, E",SELANGOR,1,85,27.5,13.6
101.5320188998188,3.0251383046107345,25/12/2025,SEKSYEN 25 (JALAN TELUK JAMBU 4),SELANGOR,1,81,28.0,7.6
101.62547358654223,3.025658169830988,25/12/2025,E15. PST BDR PUCHONG PSN INDERA- (DESA TANJUNG) BLOK A B C D E,SELANGOR,1,82,27.7,10.9
101.61679057457535,3.031033589041098,25/12/2025,E15. PST BDR PUCHONG (SETIAWALK),SELANGOR,1,82,27.9,10.9
101.39945650716231,3.032598108795811,25/12/2025,"KAMPUNG DELEK BARU 02,KAMPUNG DELEK BARU 08,KAMPUNG DELEK BARU 09",SELANGOR,3,84,27.8,13.2
101.67803190324598,3.0358471851871665,25/12/2025,E16. TMN PUNCAK JALIL 8 (PANGSAPURI MAYANG),SELANGOR,1,82,27.7,10.9
101.73842058511184,3.0380107554407885,25/12/2025,JALAN DP 16 BANDAR DAMAI PERDANA,SELANGOR,1,85,27.3,13.6
101.63628110656157,3.0402511497734013,25/12/2025,"E15. BDR KINRARA 4 (JLN BK 4/5 - 4/9),E15. TMN BKT KINRARA (MELOR)",SELANGOR,2,82,27.7,10.9
101.41426520543601,3.0403515326519974,25/12/2025,"KAMPUNG SUNGAI UDANG 01,KAMPUNG SUNGAI UDANG 03,KAMPUNG SUNGAI UDANG 11,KAMPUNG SUNGAI UDANG 33,PANGSAPURI ANGGERIK SUNGAI UDANG",SELANGOR,5,84,27.8,13.2
101.5015082406978,3.0444309858736247,25/12/2025,"E2. SEKSYEN 17 (FLAT JLN 17/1 : BLOK 1- 6),E2. SEKSYEN 17 (TERES B : JLN 17/16 - 17/24)",SELANGOR,2,81,28.0,7.6
101.51673721211043,3.048235692846625,25/12/2025,E1. SEKSYEN 18 (TERES C : JLN 18/16 - 18/18),SELANGOR,1,81,28.0,7.6
101.65374073442649,3.048498361142158,25/12/2025,"PPR PINGGIRAN 1 (BLOK A,B,C,D,E,F),PPR PINGGIRAN 2(BLOK G,H,J,K,L,M)",WILAYAH PERSEKUTUAN,2,82,27.6,10.9
101.4092593542384,3.05019755689404,25/12/2025,TAMAN HIJRAH 02,SELANGOR,1,84,27.8,13.2
101.57700564286363,3.0528261583333345,25/12/2025,E13. USJ 5/1,SELANGOR,1,82,27.8,10.9
101.5590098937267,3.0550790218509323,25/12/2025,"E13. TMN SUBANG MAS (PANGSAPURI HARMONI SITE TAPAK BINA),E13. TMN SUBANG MAS (RUMAH KEDAI)",SELANGOR,2,81,27.9,7.6
101.46125067079453,3.0656246956438378,25/12/2025,APARTMENT PALM GARDEN,SELANGOR,1,83,28.0,5.3
101.41349843889743,3.066823754641024,25/12/2025,TAMAN MEWAH,SELANGOR,1,84,28.1,25.0
101.61425338765773,3.0646447998389266,25/12/2025,"E13. PJS 7/1 - PJS 7/6,E13. PJS 7/15 (FLAT KOS RENDAH) BLOK A, B, C, D, E, F, G, H, K,E13. PJS 7/15 (PANGSAPURI MUTIARA PERDANA) BLOK A, B, C, D,E13. PJS 9/1 (LAGOON PERDANA & RUMAH KEDAI)",SELANGOR,4,82,27.8,17.4
101.55304230543709,3.0706572219867545,25/12/2025,"E2. SEKSYEN 22 (KONDO INDAH ALAM),E2. SEKSYEN 22 (V RESIDENSI)",SELANGOR,2,83,28.0,5.3
101.52368669178192,3.0708364422712777,25/12/2025,E1. SEKSYEN 14 (PANGSAPURI VISTA ALAM),SELANGOR,1,83,27.9,5.3
101.66322383157042,3.079438725830983,25/12/2025,"TAMAN SRI SENTOSA (JLN 1,1B,2,2B/133)",WILAYAH PERSEKUTUAN,1,82,27.7,17.4
101.64734333140386,3.079711730320512,25/12/2025,E12. TM PJS 1 PANGSAPURI PERMAI [JLN PJS 1/25],SELANGOR,1,82,27.7,17.4
101.58861359318406,3.0799932955828218,25/12/2025,E13. SS 15/5 (TERES),SELANGOR,1,82,27.6,17.4
101.60412998128683,3.0784139872829437,25/12/2025,"E11. SRI PJS 10 (TERES 3) [JLN PJS 10/7C , 10/9A , 10/11A - 10/11D],E11. SRI PJS 10 (TERES 4) [JLN PJS 10/15,10/15A,10/18,10/20,10/22,10/26A,10/26C],E11. SRI PJS 10 APT SRI SUBANG,E11. SRI PJS 10 APT SUBANG VILLE EHSAN,E11. SRI PJS 10 RIDZUAN KONDO,E11. SRI PJS 10 SURIA MAS  KONDO,E11. SRI PJS 8 APT DAMAI",SELANGOR,7,82,27.7,17.4
101.6318852046005,3.0737158975764136,25/12/2025,"E11. SRI PJS 5 (AERA RESIDENCE),E11. SRI PJS 5 TMN DESA RIA (PST KOMERSIAL) [JLN PJS 5/27-5/30],E11. SRI PJS 6 FLAT DESA MENTARI 1 (BLOK 1 , 2 , 3),E11. SRI PJS 6 FLAT DESA MENTARI 2 (BLOK 4 , 5 , 6),E12. TM PJS 2B PUSAT KOMERSIAL,E12. TM PJS 2C APT MEDAN CAHAYA 2 (BLOK D , E , F),E12. TM PJS 2C APT MEDAN JAYA (BLOK I),E12. TM PJS 2C TMN MEDAN (TERES 1) [JLN PJS 2C/2,2C/7,2C/7A,2C/7B,2C/9,2C/12,14],E12. TM PJS 2C TMN MEDAN (TERES 4) [JLN PJS 2C/11,2C/11A,B,C,D,F,G,H,J,K,L,28,2],E12. TM PJS 2C TMN MEDAN (TERES 5) [JLN PJS 2C/5,1,2,4,6,8,10,PJS 2/2,1],E12. TM PJS 2D FLAT DESA MENTARI (BLOK 11),E12. TM PJS 2D TMN MEDAN (TERES 1) [JLN PJS 2D/15 , PJS 2D/15A - PJS 2D/15E],E12. TM PJS 2D TMN MEDAN (TERES 2) [JLN PJS 2D/2,4,5,6,7,8,8C,8D,9,10,11,12,14],E12. TM PJS 3 APT SRI MANJA (BLOK D , E , F) [JLN PJS 3/55],E12. TM PJS 3 FLAT SRI MANJA (BLOK A , B , C) [JLN PJS 3/55],E12. TM PJS4 TMN INDAH JAYA(TERES 2)[JLN PJS 4/2,4,8,9,10,19,19A,21,21A],E12. TM TMN DATO HARUN (TERES 3) [JLN 11,13,2/8,2/15,2/17,PJS 2/2,2/4],E14. TMN KINRARA (JLN TK 1),E14. TMN KINRARA JLN TK 2 (PANGSAPURI TMN KINRARA 2) BLOK A,B,C,D,E14. TMN KINRARA JLN TK 3 (VISTA LAVENDER),E14. TMN KINRARA JLN TK 4 (PANGSAPURI KINRARA PUTRI),E14. TMN KINRARA JLN TK 4 (PANGSAPURI KOS RENDAH)",SELANGOR,22,82,27.7,17.4
101.50621762252122,3.0833971831515172,25/12/2025,E1. SEKSYEN 6 (TERES A : JLN 6/1A - 6/2F & 6/9A-6/10A),SELANGOR,1,83,27.9,5.3
101.71322707392966,3.084680219713565,25/12/2025,"DESA SRI PUTERI (BLOK D, E, F),FLAT DESA PETALING A (LORONG 1/125C,2/125C,3/125C & 4/125C),FLAT DESA PETALING B: BLOK 1-5,JALAN MAKMUR A (JLN MAKMUR, LRG MAKMUR 1-10, JLN MAKMUR 1, JLN MAKMUR 2)",WILAYAH PERSEKUTUAN,4,82,27.6,17.4
101.51667010629937,3.087065413999999,25/12/2025,"E1. SEKSYEN 8 (TERES A : JLN 8/1 - 8/13),E1. SEKSYEN 9 (KUARTERS IPK SELANGOR)",SELANGOR,2,83,27.9,5.3
101.69763140706665,3.0907201742000012,25/12/2025,THE VYNE SUNGAI BESI,WILAYAH PERSEKUTUAN,1,82,27.8,17.4
101.67143617235195,3.0927471593519336,25/12/2025,"APPT PANTAI INDAH FASA 2(BLOK 51&53),FLAT TAMAN PANTAI DALAM,VERVE SUITES KL SOUTH",WILAYAH PERSEKUTUAN,3,82,27.7,17.4
101.70872030145513,3.0986914908397476,25/12/2025,PANGSAPURI SRI PENARA FASA 2 (BLOK C-D),WILAYAH PERSEKUTUAN,1,82,27.8,17.4
101.59891143950684,3.101990004472602,25/12/2025,E11. SRI SS 6 HIGH PARK SUITES,SELANGOR,1,82,27.7,17.4
101.7975622105845,3.1037326257816886,25/12/2025,BLOK M1-M6 APPT TAMAN PERKASA HULU LANGAT,SELANGOR,1,82,27.5,17.4
101.75220396439524,3.1059092624714304,25/12/2025,"INDUSTRI & JALAN 14 KG CHERAS BARU,JALAN BP 1-3 TAMAN BUKIT PANDAN,NUSA MEWAH VILLA KONDOMINIUM TAMAN BUKIT PANDAN",SELANGOR,3,82,27.5,17.4
101.75220396439524,3.1059092624714304,25/12/2025,"KG.CHERAS BARU B (JLN KUARI, JLN 7, 9, 10-12, 14, LRG 12, LRG 14A),TAMAN CHERAS UTAMA (JALAN 1/95B - 6/95B)",WILAYAH PERSEKUTUAN,2,82,27.5,17.4
101.70600617334246,3.1083924588630127,25/12/2025,"PPR PINGGIRAN 1 (BLOK A,B,C,D,E,F),RAZAK CITY RESIDENCE (BLOK B&C)",WILAYAH PERSEKUTUAN,2,82,27.8,17.4
101.6670077625862,3.1096394570301715,25/12/2025,"CAMELLIA APARTMENT,FLAT TMN BUKIT ANGKASA (BLOK 9 & BLOK 16-20),LAUREL RESIDENCE BANGSAR SOUTH",WILAYAH PERSEKUTUAN,3,82,27.5,17.4
101.7627340235845,3.110275546788731,25/12/2025,JALAN MEGA 1-8 TAMAN MEGA JAYA,SELANGOR,1,82,27.3,17.4
101.58799836177776,3.112665625952989,25/12/2025,"E11. SRI PJU 1A APT KELANA IDAMAN,E11. SRI PJU 1A D'AMAN CRIMSON,E11. SRI PJU 1A PPRT 1 BLOK (A,B,C),E11. SRI PJU 1A PPRT 1 BLOK (G,H),E11. SRI PJU 1A PPRT LEMBAH SUBANG 2 (BLOK A-E)",SELANGOR,5,82,27.7,17.4
101.72436645326837,3.1188430335183823,25/12/2025,"APARTMENT M-VERTICA RESIDENSI (BLOK C,D,E),FLAT SRI PULAU PINANG B (BLOK 9-12),JALAN IKAN EMAS (PANGSAPURI INDAH MAS),JALAN PUDU ULU,VILLA TROPIKA @ PUDU IMPIAN 2",WILAYAH PERSEKUTUAN,5,82,27.8,17.4
101.76851763820946,3.1205031223108097,25/12/2025,JALAN MELUR 1-9 TAMAN MELUR,SELANGOR,1,82,27.6,17.4
101.72224737023602,3.128887098515526,25/12/2025,"JALAN PEEL (SUNWAY VELOCITY TWO),V RESIDENCE 2 SUNWAY VELOCITY",WILAYAH PERSEKUTUAN,2,82,27.8,17.4
101.68520227490082,3.1291971350950427,25/12/2025,"JALAN BERHALA,JALAN RAKYAT (BANGUNAN TONG NAM ),JLN THAMBY ABDULLAH 1 , JLN THAMBY ABDULLAH,MENARA PELANGI APARTMENT,PALM COURT CONDOMINIUM (BLOK A,B,C,D)",WILAYAH PERSEKUTUAN,5,82,27.7,17.4
101.77548558192996,3.1345382403566924,25/12/2025,JALAN 5 DAGANG JAYA AMPANG VILLA,SELANGOR,1,82,27.5,17.4
101.69699941266249,3.1465323167312507,25/12/2025,"JALAN TUN H.S. LEE,JALAN TUN TAN SIEW SIN",WILAYAH PERSEKUTUAN,2,82,27.8,17.4
101.71089038825669,3.143428303441963,25/12/2025,"BERJAYA TIMES SQUARE HOTEL,CASA MUTIARA SERVICE APPT,JALAN ALOR,JALAN BARAT,JALAN BRUNEI SELATAN, LENGKUNGAN BRUNEI DAN LORONG BRUNEI 2,JALAN KHOO TEIK EE,JALAN PADANG (WALTER GRENIER),JALAN SAYUR OFF JALAN PUDU,JALAN SIN CHEW KEE (RUMAH KEDAI),NOVOTEL KLCC,SEASONS TOWER,SUN COMPLEX JALAN IMBI,TAPAK BBCC LALAPORT,WISMA COSWAY, JALAN RAJA CHULAN",WILAYAH PERSEKUTUAN,14,82,27.6,17.4
101.7369870360185,3.15236633954321,25/12/2025,"DESA PANDAN (MUTIARA UPPER EAST CONDO),KUARTERS KERAJAAN JALAN U-THANT",WILAYAH PERSEKUTUAN,2,82,27.7,17.4
101.5787411580261,3.1524605755999993,25/12/2025,"E7. KD PJU 5 SEK 4 GUGUSAN MATAHARI,E7. KD PJU 5 SEK 4 GUGUSAN MELATI,E7. KD PJU 5 SEK 4 GUGUSAN SEMARAK,E7. KD PJU 5 SEK 6 GUGUSAN SEROJA",SELANGOR,4,82,27.7,17.4
101.70115810857831,3.1647692477108436,25/12/2025,"KAMPUNG BARU (JALAN RAJA BOT),KAMPUNG BARU (WISMA SABARUDDIN)",WILAYAH PERSEKUTUAN,2,82,27.8,17.4
101.72531051455769,3.1661029288141034,25/12/2025,"KAMPUNG DATO KERAMAT ( LORONG KERAMAT 1,2,3)",WILAYAH PERSEKUTUAN,1,82,27.8,17.4
101.61329120246835,3.1672090822025334,25/12/2025,"E6. BL PJU 8 EMPIRE CITY (MY LOFT ) BLOK D,E6. BL PJU 8 EMPIRE CITY(COLONIAL LOFT )",SELANGOR,2,82,27.3,17.4
101.60813197361972,3.1758118066408465,25/12/2025,"E6. BL PJU 8 APT FLORA DAMANSARA 1 [A,B],E6. BL PJU 8 APT FLORA DAMANSARA 2 [C,D,E,F]",SELANGOR,2,82,26.8,17.4
101.5741878928806,3.173539249668658,25/12/2025,"E7. KD PJU 5 SEK 7 APT LILY,E7. KD PJU 5 SEK 7 APT MILIA,E7. KD PJU 5 SEK 7 GUGUSAN KANTAN,E7. KD PJU 5 SEK 7 GUGUSAN KEKWA,E7. KD PJU 5 SEK 7 GUGUSAN KEMBOJA,E7. KD PJU 5 SEK 8 GUGUSAN KEMUNING (A,B) PPRT,E7. KD PJU 5 SEK 8 GUGUSAN KESUMBAR (C,D) PPRT",SELANGOR,7,82,27.5,17.4
101.53396714696227,3.1782701965786133,25/12/2025,"E5. SEKSYEN U5 (MUTIARA SUBANG KAW PERINDUSTRIAN A : JALAN U5/11 - U5/17 ),E5. SEKSYEN U5 (SUBANG PELANGI : JLN U5/122 - U5/129 & JLN U5/AK, AJ, AH & AG)",SELANGOR,2,83,27.8,5.3
101.67045771178519,3.1813810010185204,25/12/2025,"KONDOMINIUM SRI PUTRAMAS 1 ( BLOK A, B, C, D, E ),KUARTERS KERAJAAN JALAN DUTA (G,H,J,K),RUMAH KONGSI PEMBINAAN THE METROPOLI,SRI PUTRAMAS CONDOMINIUM 2 (BLOK A1, A2, B1, B2)",WILAYAH PERSEKUTUAN,4,82,27.5,17.4
101.63506372015753,3.1849453253767117,25/12/2025,DESA PARK CITY (THE BREEZEWAY),WILAYAH PERSEKUTUAN,1,82,27.3,17.4
101.65009868485231,3.1878968416793225,25/12/2025,"PANGSAPURI PLAZA SINAR,TAMAN SRI SINAR (JALAN 15 & 16 / 38D-KEDAI),TAMAN SRI SINAR (JALAN 34A,B,C,D,E/38A),TAMAN SRI SINAR (NOVA 2 APPARTMENT)",WILAYAH PERSEKUTUAN,4,83,28.4,8.2
101.66580418000403,3.194041222016063,25/12/2025,"FLAT TAMAN SEJAHETERA BLOK A,B,C,D,TAMAN CITY (JALAN 5/42),TAMAN LAWA (JALAN 12/42 (2-38), JALAN 14/42, DAN JALAN 15/42),TAMAN LAWA (JALAN 2/42, 4/42 & JALAN JAMBU MAWAR ( 1-31 ),TAMAN SEJAHTERA (JLN 8/42A (42A-56) JLN 7/42 (2-56) &JLN 6/42 (1-65)&(32-62A),TAMAN SEJAHTERA APARTMENT, JALAN 12/42",WILAYAH PERSEKUTUAN,6,83,28.5,8.2
101.67615523476316,3.1960186349013133,25/12/2025,"SRI INTAN 2 CONDOMINIUM ( 2 BLOK ),TWELVE APARTMENT",WILAYAH PERSEKUTUAN,2,83,28.5,8.2
101.5982419397959,3.1933577424026214,25/12/2025,"E6. BL PJU 10 APT IDAMAN FASA 1  (A,B,C,H,J,K,L,M,N),E6. BL PJU 10 APT IDAMAN FASA 2 (D,E,F,G,O,P,Q,R,S),E6. BL PJU 10 APT SAUJANA 2 (P,Q,G,H,N,O,K,J),E6. BL PJU 10 APT VISTA (1) [A,B,C,D,E,F,G],E6. BL PJU 10 APT VISTA (2) [H,J,K,L,M,N,P,Q],E6. BL PJU 10 ONE DAMANSARA KONDO,E6. BL PJU 10 PARK AVANUE KONDO,E6. BL PJU 9 SD 11,E6. BL PJU 9 SD 13 APT SRI MERANTI (1) [A,B,C,D,E,F,G],E6. BL PJU 9 SD 13 APT SRI MERANTI (2) [H,J,K,L,M,N,P,Q,R]",SELANGOR,10,83,28.0,8.2
101.737742007428,3.1976940238159983,25/12/2025,"KONDOMINIUM THE HAMILTON,RESIDENSI SERI RIANA,RESIDENSI WANGSAMAS,TAMAN SRI RAMPAI F (JLN 47/26 - 66/26),TAMAN SRI RAMPAI H (JLN 82/26 - JLN 92/26),WANGSA 9 RESIDENCY, JALAN WANGSA PERDANA 1",WILAYAH PERSEKUTUAN,6,82,27.5,17.4
101.76565649715567,3.2011302933233505,25/12/2025,"TMN UKAY BISTARI ZON A,TMN UKAY BISTARI ZON B",SELANGOR,2,82,27.6,17.4
101.7816015166338,3.202974597697186,25/12/2025,"APPT ONE SELAYANG,KG SG SERING",SELANGOR,2,82,27.2,17.4
101.70295531845807,3.2037407518322576,25/12/2025,JALAN GOMBAK(KL TRADERS SQUARE),WILAYAH PERSEKUTUAN,1,82,27.7,17.4
101.48944148263381,3.2048855227253514,25/12/2025,JALAN CENGAL SAUJANA UTAMA 2,SELANGOR,1,84,27.7,5.7
101.69261507440379,3.201981057522565,25/12/2025,"KONDOMINIUM MAXIM CITYLIGHT (BLOK A, B, C, D, E, F),KONDOMINIUM SRI SUAJAYA (BLOK 200, 202, 204),PPR SENTUL MURNI,SKY AWANI RESIDENCE,SKY AWANI V RESIDENCE, SENTUL,TAMAN DATO SENU (JALAN DATO SENU)",WILAYAH PERSEKUTUAN,6,82,27.6,17.4
101.71823363835838,3.2046688859108388,25/12/2025,"FLAT DANAU KOTA ( BLOK D & E),FLAT PRIMA SETAPAK,KEM WARDIEBURN (BLOK E BARU & F BARU),MEDAN IDAMAN (8/21D - 12/21D),MEDAN IDAMAN (IDAMAN PUTRI KONDOMINIUM),MEDAN IDAMAN (IDAMAN SUTERA KONDOMINIUM),PANGSAPURI TERATAI MEWAH,PLATINUM LAKE KONDOMINIUM PV12,PLATINUM LAKE KONDOMINIUM PV18,TAMAN DANAU KOTA(KONDOMINIUM PLATINIUM VIC LAKE 12),TAMAN SETAPAK (JALAN BAKUBANG),TAMAN SETAPAK (JALAN CHENGAL SELATAN),TAMAN SETAPAK (JALAN SATANG 1),TAMAN SETAPAK (JALAN SATANG 2),TAMAN SETAPAK (JALAN TIOMAN),TAPAK BINA RUMAWIP JSATINE",WILAYAH PERSEKUTUAN,16,82,27.7,17.4
101.69984495228377,3.2160371372229744,25/12/2025,KAMPUNG PADANG BALANG (LOT 2961),WILAYAH PERSEKUTUAN,1,82,27.7,17.4
101.72304102434569,3.2236455696172848,25/12/2025,"FLAT TAMAN MELATI (BLOK C),TAMAN MELATI (JALAN TAMAN MELATI 1 - 7 & PERSIARAN TAMAN MELATI)",WILAYAH PERSEKUTUAN,2,82,27.6,17.4
101.71194775468668,3.2264246623066626,25/12/2025,"BT 6 GOMBAK,KG KERDAS 5",SELANGOR,2,82,27.7,17.4
101.69083122906967,3.2283081169057373,25/12/2025,APPT FIONA,SELANGOR,1,83,28.5,8.2
101.69083122906967,3.2283081169057373,25/12/2025,TAMAN BATU MUDA (JLN 2-12),WILAYAH PERSEKUTUAN,1,83,28.5,8.2
101.56359919766197,3.2494745646760577,25/12/2025,APPT IMPIAN INDAH,SELANGOR,1,83,28.4,8.2
101.69106699822727,3.2503665475123964,25/12/2025,"APPT MESRA,APPT TEMENGGUNG,CONDO BAYU RESIDENCE BT CAVES,PANGSAPURI SELANGORKU SERI TEMENGGUNG,TMN INDUSTRI BOLTON",SELANGOR,5,83,28.4,8.2
101.67438162011028,3.268942323224267,25/12/2025,"APPT JULIA,BDR BARU SELAYANG FASA 2B (ZON B),FLAT SELAYANG MULIA,KG BENDAHARA",SELANGOR,4,83,28.2,8.2
101.46990258821234,3.2889741904246583,25/12/2025,APPT SANDALWOOD COURT,SELANGOR,1,84,27.6,5.7
101.64194881336986,3.2946247451917814,25/12/2025,TMN SETIA ECO TEMPLER,SELANGOR,1,83,28.2,8.2
101.54944793160128,3.4377032598291133,25/12/2025,"APT DAHLIA TBR BB,JALAN BUNGA RAYA 1, BUKIT BERUNTUNG",SELANGOR,2,82,27.4,15.4
102.3924743499085,3.4637833574771237,25/12/2025,TAMAN CHENGAL,PAHANG,1,78,27.7,4.6
103.301367834538,3.797180804994152,25/12/2025,TMN. CENDERAWASIH - BLOK PERINGKAT 2,PAHANG,1,83,26.9,4.6
117.90034811394874,4.250067938249999,25/12/2025,"IB09 LRG. HJ ISMAIL,IB23 LORONG HJ AWADAN",SABAH,2,83,28.5,14.4
117.92206949690197,4.25233755284967,25/12/2025,AP20 TAMAN BERJAYA,SABAH,1,83,28.5,14.4
117.89518794330985,4.257264891267604,25/12/2025,JK56 TAMAN NORDIN,SABAH,1,83,28.5,14.4
117.8935895599734,4.274109921047872,25/12/2025,"HS19 QRTS. JABATAN  HAIWAN,JK54 TAMAN FORTUNE,JK59 TAMAN SRI IMPIAN,JK70 TMN. CITRA",SABAH,4,83,28.4,14.4
117.87730680365584,4.277033110298701,25/12/2025,TB49 TG BATU TENGAH KIRI,SABAH,1,82,28.2,12.1
117.9070649840395,4.278463772401317,25/12/2025,"SN10 TAMAN LILY,SN24 TAMAN ROSE",SABAH,2,83,28.5,14.4
117.88999153620668,4.297093295843574,25/12/2025,JK02 TMN. SEMARAK LOJI,SABAH,1,82,28.2,12.1
100.98998317038027,4.359338561239439,25/12/2025,"BANDAR SRI ISKANDAR,TAMAN BANDAR UNIVERSITI (SUSUR U3)",PERAK,2,82,27.8,7.8
101.15462512210256,4.387695671528206,25/12/2025,K/B Jeram,PERAK,1,82,29.2,11.4
101.12731173020372,4.529250138660494,25/12/2025,KG BARU SIMPANG PULAI,PERAK,1,83,27.5,31.7
101.13099756502001,4.569139272906666,25/12/2025,TMN RAPAT INDAH,PERAK,1,83,27.4,31.7
101.08610874300636,4.583495957560509,25/12/2025,TMN HOOVER,PERAK,1,83,28.7,18.7
101.15006072389473,4.630189601875001,25/12/2025,KG TERSUSUN BT 6,PERAK,1,83,28.5,18.7
101.11669569349314,4.72902031947945,25/12/2025,RPT BT.10 CHEMOR,PERAK,1,80,27.7,20.0
118.39210149417333,5.040213822973333,25/12/2025,PANGSAPURI MUTIARA KASIH,SABAH,1,83,27.0,3.5
100.49589690167333,5.280679553573337,25/12/2025,BANDAR TASEK MUTIARA SS3 B,PULAU PINANG,1,72,28.8,1.6
100.2249336509134,5.289179620359309,25/12/2025,"TAMAN KUMBAR PERMAI,TAMAN SAHABAT",PULAU PINANG,2,78,28.6,2.8
100.28649192997999,5.318680679380001,25/12/2025,FLAT JALAN TENGAH,PULAU PINANG,1,78,28.6,2.8
100.29366576819848,5.3311474611297704,25/12/2025,"APARTMENT MELATI,FLAT LENGKOK MAHSURI,JALAN BAHAGIA,LINTANG MAHSURI,SOLOK KG. JAWA,TMN BUKIT JAMBUL (D-J)",PULAU PINANG,6,78,28.7,2.8
100.30986079519718,5.340936460908452,25/12/2025,PUTRA PLACE CONDOMINIUM,PULAU PINANG,1,78,28.7,2.8
100.27430733625,5.3386492985468745,25/12/2025,"SRI AMAN,TMN RELAU JAYA,TMN SERI ANGSANA,TMN SERI RELAU",PULAU PINANG,4,78,28.6,2.8
100.31202711041216,5.370159348837835,25/12/2025,TINGKAT SG GELUGOR,PULAU PINANG,1,78,28.7,2.8
100.2775778082353,5.371329725411765,25/12/2025,"TAMAN TERUBONG JAYA (BLOK 9, 11 & 11A),TAMAN TERUBONG JAYA BLOK 18 & 20",PULAU PINANG,2,78,28.3,2.8
100.3998925399054,5.3827215681148655,25/12/2025,"SIAKAP, TINGKAT",PULAU PINANG,1,72,28.9,1.6
100.28334137899398,5.392284261596385,25/12/2025,"(BLOK A-E) LRG SEMARAK API,DESA BAIDURI",PULAU PINANG,2,78,28.6,2.8
100.31127129091269,5.3958790459444455,25/12/2025,"FLAT JALAN KURAU,JALAN BAGAN SERAI,LINTANG SLIM,LORONG HIJAU,MUTIARA INDAH,TAMAN KANG HAR TONG,TAMAN SRI PERAK",PULAU PINANG,7,78,28.6,2.8
100.29845963533114,5.406754824536424,25/12/2025,JALAN GROVE,PULAU PINANG,1,78,28.6,2.8
100.39795174346153,5.424727863141025,25/12/2025,TAMAN SENTRAL,PULAU PINANG,1,72,28.9,1.6
100.37955972256805,5.4436271609408315,25/12/2025,TAMAN PANTAI BERSIH,PULAU PINANG,1,77,28.2,7.6
100.47588707991464,5.597528524634148,25/12/2025,TAMAN PERMAI,KEDAH,1,73,28.5,2.9
118.06754067230482,5.845923855860962,25/12/2025,INDAH JAYA FASA 2,SABAH,1,87,27.4,10.7
118.10727748370424,5.862063684845071,25/12/2025,BDC,SABAH,1,87,27.5,10.7
118.07576649101021,5.862189492520407,25/12/2025,"TAMAN MESRA,TAMAN TINOSAN BT.4.5",SABAH,2,87,27.5,10.7
118.06273875066235,5.867847134458874,25/12/2025,TAMAN TYNG BT.5,SABAH,1,87,27.4,10.7
116.06446709218231,5.873443183198897,25/12/2025,PPR SRI KERAMAT,SABAH,1,85,29.7,11.5
116.04429232772307,5.898142072584615,25/12/2025,KG. PASIR PUTIH,SABAH,1,82,28.6,10.7
116.04807338175351,5.914674558894366,25/12/2025,"KEM LOK KAWI,TAMAN JUMBO PH: 1",SABAH,2,82,28.6,10.7
117.9791604321742,5.922389482593549,25/12/2025,PPR SG MANILA,SABAH,1,87,27.3,10.7
116.09140084714949,5.953495671809279,25/12/2025,"TAMAN FU YEN PH.3,TAMAN FU YEN PH.5",SABAH,2,84,28.2,7.9
116.11791285880986,5.970473566915493,25/12/2025,TAMAN BDC,SABAH,1,84,28.2,7.9
116.1127973928404,6.000069457861704,25/12/2025,"KG LIKAS JLN KAMPUNG LIKAS,KG LIKAS LRG HAWA,KG.LIKAS JLN KULOR MELANGI",SABAH,3,84,28.2,7.9
116.05259643781945,6.003091368736109,25/12/2025,LOK KURAI,SABAH,1,82,28.6,10.7
116.1339000852439,6.01736438230244,25/12/2025,"D'VANTAGE APARTMENT,KG.WARISAN PH 2,TAMAN PURI WARISAN",SABAH,3,84,28.2,7.9
116.15756194866039,6.0241895293647785,25/12/2025,PEKAN MENGGATAL,SABAH,1,84,28.2,7.9
116.14730208699416,6.024748654695905,25/12/2025,"TAMAN FAJAR,TAMAN PERMATA",SABAH,2,84,28.2,7.9
116.13578583652082,6.036413038916664,25/12/2025,"KG. CONTOH SUANG PARAI,KG.DELIMA MELAYU",SABAH,2,84,28.2,7.9
116.14891424979453,6.052666553664387,25/12/2025,TAMAN KUALA MENGGATAL PH 3,SABAH,1,84,28.2,7.9
116.15502986392957,6.0859334859225385,25/12/2025,TAMAN SEPANGGAR PH 2,SABAH,1,82,28.4,15.2
100.3635641049859,6.137942590866193,25/12/2025,TAMAN SERI MENANTI,KEDAH,1,79,27.9,1.1
