x,y,date,area,state,days_duration,total_active_cases,humidity,temperature,rainfall
101.61369705200002,3.090625763999981,23/04/2025,E9. KT SS 8 APT KELANA IMPIAN,SELANGOR,32,9,85.66666666666667,26.6,15.5
101.61369705200002,3.090625763999981,24/04/2025,E9. KT SS 8 APT KELANA IMPIAN,SELANGOR,32,9,82.08333333333333,27.3,6.6
101.61369705200002,3.090625763999981,25/04/2025,E9. KT SS 8 APT KELANA IMPIAN,SELANGOR,34,9,77.04166666666667,28.6,0.1
101.61369705200002,3.090625763999981,26/04/2025,E9. KT SS 8 APT KELANA IMPIAN,SELANGOR,34,9,86.41666666666667,27.0,8.7
101.61369705200002,3.090625763999981,27/04/2025,E9. KT SS 8 APT KELANA IMPIAN,SELANGOR,34,9,81.25,27.5,4.2
101.61746538,3.078889870000012,28/04/2025,"E11. SRI PJS 6 FLAT DESA MENTARI 2 (BLOK 4 , 5 , 6)",SELANGOR,33,5,85.95833333333333,26.8,13.2
101.61369705200002,3.090625763999981,28/04/2025,E9. KT SS 8 APT KELANA IMPIAN,SELANGOR,34,9,85.95833333333333,26.7,13.2
101.61369705200002,3.090625763999981,28/04/2025,E9. KT SS 8 APT KELANA IMPIAN,SELANGOR,37,10,85.95833333333333,26.7,13.2
101.61746538,3.078889870000012,29/04/2025,"E11. SRI PJS 6 FLAT DESA MENTARI 2 (BLOK 4 , 5 , 6)",SELANGOR,33,5,81.29166666666667,27.3,4.8
101.61369705200002,3.090625763999981,29/04/2025,E9. KT SS 8 APT KELANA IMPIAN,SELANGOR,34,9,81.29166666666667,27.2,4.8
101.61369705200002,3.090625763999981,29/04/2025,E9. KT SS 8 APT KELANA IMPIAN,SELANGOR,37,10,81.29166666666667,27.2,4.8
101.61746538,3.078889870000012,30/04/2025,"E11. SRI PJS 6 FLAT DESA MENTARI 2 (BLOK 4 , 5 , 6)",SELANGOR,35,5,85.58333333333333,26.7,8.2
101.61746538,3.078889870000012,30/04/2025,"E11. SRI PJS 6 FLAT DESA MENTARI 2 (BLOK 4 , 5 , 6)",SELANGOR,33,5,85.58333333333333,26.7,8.2
101.61369705200002,3.090625763999981,30/04/2025,E9. KT SS 8 APT KELANA IMPIAN,SELANGOR,39,10,85.58333333333333,26.7,8.2
101.61369705200002,3.090625763999981,30/04/2025,E9. KT SS 8 APT KELANA IMPIAN,SELANGOR,34,9,85.58333333333333,26.7,8.2
101.61369705200002,3.090625763999981,30/04/2025,E9. KT SS 8 APT KELANA IMPIAN,SELANGOR,37,10,85.58333333333333,26.7,8.2
101.61746538,3.078889870000012,01/05/2025,"E11. SRI PJS 6 FLAT DESA MENTARI 2 (BLOK 4 , 5 , 6)",SELANGOR,36,5,85.25,27.1,11.6
101.61369705200002,3.090625763999981,01/05/2025,E9. KT SS 8 APT KELANA IMPIAN,SELANGOR,40,10,85.25,27.0,11.6
101.61746538,3.078889870000012,02/05/2025,"E11. SRI PJS 6 FLAT DESA MENTARI 2 (BLOK 4 , 5 , 6)",SELANGOR,36,5,84.16666666666667,27.5,8.3
101.61746538,3.078889870000012,02/05/2025,"E11. SRI PJS 6 FLAT DESA MENTARI 2 (BLOK 4 , 5 , 6)",SELANGOR,37,6,84.16666666666667,27.5,8.3
101.61369705200002,3.090625763999981,02/05/2025,E9. KT SS 8 APT KELANA IMPIAN,SELANGOR,40,10,84.16666666666667,27.5,8.3
101.61369705200002,3.090625763999981,02/05/2025,E9. KT SS 8 APT KELANA IMPIAN,SELANGOR,41,10,84.16666666666667,27.5,8.3
101.61746538,3.078889870000012,03/05/2025,"E11. SRI PJS 6 FLAT DESA MENTARI 2 (BLOK 4 , 5 , 6)",SELANGOR,38,6,87.20833333333333,26.8,17.8
101.61746538,3.078889870000012,03/05/2025,"E11. SRI PJS 6 FLAT DESA MENTARI 2 (BLOK 4 , 5 , 6)",SELANGOR,36,5,87.20833333333333,26.8,17.8
101.61746538,3.078889870000012,03/05/2025,"E11. SRI PJS 6 FLAT DESA MENTARI 2 (BLOK 4 , 5 , 6)",SELANGOR,37,6,87.20833333333333,26.8,17.8
101.61369705200002,3.090625763999981,03/05/2025,E9. KT SS 8 APT KELANA IMPIAN,SELANGOR,42,10,87.20833333333333,26.8,17.8
101.61369705200002,3.090625763999981,03/05/2025,E9. KT SS 8 APT KELANA IMPIAN,SELANGOR,40,10,87.20833333333333,26.8,17.8
101.61369705200002,3.090625763999981,03/05/2025,E9. KT SS 8 APT KELANA IMPIAN,SELANGOR,41,10,87.20833333333333,26.8,17.8
101.61746538,3.078889870000012,04/05/2025,"E11. SRI PJS 6 FLAT DESA MENTARI 2 (BLOK 4 , 5 , 6)",SELANGOR,38,6,89.95833333333333,26.0,16.3
101.61746538,3.078889870000012,04/05/2025,"E11. SRI PJS 6 FLAT DESA MENTARI 2 (BLOK 4 , 5 , 6)",SELANGOR,36,5,89.95833333333333,26.0,16.3
101.61746538,3.078889870000012,04/05/2025,"E11. SRI PJS 6 FLAT DESA MENTARI 2 (BLOK 4 , 5 , 6)",SELANGOR,37,6,89.95833333333333,26.0,16.3
101.61746538,3.078889870000012,04/05/2025,"E11. SRI PJS 6 FLAT DESA MENTARI 2 (BLOK 4 , 5 , 6)",SELANGOR,39,6,89.95833333333333,26.0,16.3
101.61369705200002,3.090625763999981,04/05/2025,E9. KT SS 8 APT KELANA IMPIAN,SELANGOR,42,10,89.95833333333333,25.9,16.3
101.61369705200002,3.090625763999981,04/05/2025,E9. KT SS 8 APT KELANA IMPIAN,SELANGOR,40,10,89.95833333333333,25.9,16.3
101.61369705200002,3.090625763999981,04/05/2025,E9. KT SS 8 APT KELANA IMPIAN,SELANGOR,41,10,89.95833333333333,25.9,16.3
101.61369705200002,3.090625763999981,04/05/2025,E9. KT SS 8 APT KELANA IMPIAN,SELANGOR,43,10,89.95833333333333,25.9,16.3
101.61746538,3.078889870000012,05/05/2025,"E11. SRI PJS 6 FLAT DESA MENTARI 2 (BLOK 4 , 5 , 6)",SELANGOR,38,6,89.04166666666667,26.1,18.5
101.61746538,3.078889870000012,05/05/2025,"E11. SRI PJS 6 FLAT DESA MENTARI 2 (BLOK 4 , 5 , 6)",SELANGOR,36,5,89.04166666666667,26.1,18.5
101.61746538,3.078889870000012,05/05/2025,"E11. SRI PJS 6 FLAT DESA MENTARI 2 (BLOK 4 , 5 , 6)",SELANGOR,37,6,89.04166666666667,26.1,18.5
101.61746538,3.078889870000012,05/05/2025,"E11. SRI PJS 6 FLAT DESA MENTARI 2 (BLOK 4 , 5 , 6)",SELANGOR,39,6,89.04166666666667,26.1,18.5
101.61746538,3.078889870000012,05/05/2025,"E11. SRI PJS 6 FLAT DESA MENTARI 2 (BLOK 4 , 5 , 6)",SELANGOR,40,6,89.04166666666667,26.1,18.5
101.61369705200002,3.090625763999981,05/05/2025,E9. KT SS 8 APT KELANA IMPIAN,SELANGOR,42,10,89.0,26.1,18.5
101.61369705200002,3.090625763999981,05/05/2025,E9. KT SS 8 APT KELANA IMPIAN,SELANGOR,40,10,89.0,26.1,18.5
101.61369705200002,3.090625763999981,05/05/2025,E9. KT SS 8 APT KELANA IMPIAN,SELANGOR,41,10,89.0,26.1,18.5
101.61369705200002,3.090625763999981,05/05/2025,E9. KT SS 8 APT KELANA IMPIAN,SELANGOR,43,10,89.0,26.1,18.5
101.61369705200002,3.090625763999981,05/05/2025,E9. KT SS 8 APT KELANA IMPIAN,SELANGOR,44,10,89.0,26.1,18.5
101.61746538,3.078889870000012,06/05/2025,"E11. SRI PJS 6 FLAT DESA MENTARI 2 (BLOK 4 , 5 , 6)",SELANGOR,38,6,80.25,28.4,2.3
101.61746538,3.078889870000012,06/05/2025,"E11. SRI PJS 6 FLAT DESA MENTARI 2 (BLOK 4 , 5 , 6)",SELANGOR,36,5,80.25,28.4,2.3
101.61746538,3.078889870000012,06/05/2025,"E11. SRI PJS 6 FLAT DESA MENTARI 2 (BLOK 4 , 5 , 6)",SELANGOR,37,6,80.25,28.4,2.3
101.61746538,3.078889870000012,06/05/2025,"E11. SRI PJS 6 FLAT DESA MENTARI 2 (BLOK 4 , 5 , 6)",SELANGOR,39,6,80.25,28.4,2.3
101.61746538,3.078889870000012,06/05/2025,"E11. SRI PJS 6 FLAT DESA MENTARI 2 (BLOK 4 , 5 , 6)",SELANGOR,40,6,80.25,28.4,2.3
101.61369705200002,3.090625763999981,06/05/2025,E9. KT SS 8 APT KELANA IMPIAN,SELANGOR,42,10,80.25,28.3,2.3
101.61369705200002,3.090625763999981,06/05/2025,E9. KT SS 8 APT KELANA IMPIAN,SELANGOR,40,10,80.25,28.3,2.3
101.61369705200002,3.090625763999981,06/05/2025,E9. KT SS 8 APT KELANA IMPIAN,SELANGOR,41,10,80.25,28.3,2.3
101.61369705200002,3.090625763999981,06/05/2025,E9. KT SS 8 APT KELANA IMPIAN,SELANGOR,43,10,80.25,28.3,2.3
101.61369705200002,3.090625763999981,06/05/2025,E9. KT SS 8 APT KELANA IMPIAN,SELANGOR,44,10,80.25,28.3,2.3
101.61746538,3.078889870000012,07/05/2025,"E11. SRI PJS 6 FLAT DESA MENTARI 2 (BLOK 4 , 5 , 6)",SELANGOR,38,6,83.54166666666667,27.8,5.6
101.61746538,3.078889870000012,07/05/2025,"E11. SRI PJS 6 FLAT DESA MENTARI 2 (BLOK 4 , 5 , 6)",SELANGOR,36,5,83.54166666666667,27.8,5.6
101.61746538,3.078889870000012,07/05/2025,"E11. SRI PJS 6 FLAT DESA MENTARI 2 (BLOK 4 , 5 , 6)",SELANGOR,42,6,83.54166666666667,27.8,5.6
101.61746538,3.078889870000012,07/05/2025,"E11. SRI PJS 6 FLAT DESA MENTARI 2 (BLOK 4 , 5 , 6)",SELANGOR,37,6,83.54166666666667,27.8,5.6
101.61746538,3.078889870000012,07/05/2025,"E11. SRI PJS 6 FLAT DESA MENTARI 2 (BLOK 4 , 5 , 6)",SELANGOR,39,6,83.54166666666667,27.8,5.6
101.61746538,3.078889870000012,07/05/2025,"E11. SRI PJS 6 FLAT DESA MENTARI 2 (BLOK 4 , 5 , 6)",SELANGOR,40,6,83.54166666666667,27.8,5.6
101.61369705200002,3.090625763999981,07/05/2025,E9. KT SS 8 APT KELANA IMPIAN,SELANGOR,42,10,83.54166666666667,27.8,5.6
101.61369705200002,3.090625763999981,07/05/2025,E9. KT SS 8 APT KELANA IMPIAN,SELANGOR,40,10,83.54166666666667,27.8,5.6
101.61369705200002,3.090625763999981,07/05/2025,E9. KT SS 8 APT KELANA IMPIAN,SELANGOR,46,10,83.54166666666667,27.8,5.6
101.61369705200002,3.090625763999981,07/05/2025,E9. KT SS 8 APT KELANA IMPIAN,SELANGOR,41,10,83.54166666666667,27.8,5.6
101.61369705200002,3.090625763999981,07/05/2025,E9. KT SS 8 APT KELANA IMPIAN,SELANGOR,43,10,83.54166666666667,27.8,5.6
101.61369705200002,3.090625763999981,07/05/2025,E9. KT SS 8 APT KELANA IMPIAN,SELANGOR,44,10,83.54166666666667,27.8,5.6
101.61746538,3.078889870000012,08/05/2025,"E11. SRI PJS 6 FLAT DESA MENTARI 2 (BLOK 4 , 5 , 6)",SELANGOR,43,6,83.20833333333333,27.7,3.0
101.61369705200002,3.090625763999981,08/05/2025,E9. KT SS 8 APT KELANA IMPIAN,SELANGOR,47,10,83.20833333333333,27.7,3.0
101.61746538,3.078889870000012,09/05/2025,"E11. SRI PJS 6 FLAT DESA MENTARI 2 (BLOK 4 , 5 , 6)",SELANGOR,43,6,84.375,27.8,3.3
101.61746538,3.078889870000012,09/05/2025,"E11. SRI PJS 6 FLAT DESA MENTARI 2 (BLOK 4 , 5 , 6)",SELANGOR,44,6,84.375,27.8,3.3
101.61369705200002,3.090625763999981,09/05/2025,E9. KT SS 8 APT KELANA IMPIAN,SELANGOR,47,10,84.375,27.7,3.3
101.61369705200002,3.090625763999981,09/05/2025,E9. KT SS 8 APT KELANA IMPIAN,SELANGOR,48,10,84.375,27.7,3.3
101.61746538,3.078889870000012,10/05/2025,"E11. SRI PJS 6 FLAT DESA MENTARI 2 (BLOK 4 , 5 , 6)",SELANGOR,43,6,81.25,28.0,8.4
101.61746538,3.078889870000012,10/05/2025,"E11. SRI PJS 6 FLAT DESA MENTARI 2 (BLOK 4 , 5 , 6)",SELANGOR,44,6,81.25,28.0,8.4
101.61746538,3.078889870000012,10/05/2025,"E11. SRI PJS 6 FLAT DESA MENTARI 2 (BLOK 4 , 5 , 6)",SELANGOR,45,6,81.25,28.0,8.4
101.61369705200002,3.090625763999981,10/05/2025,E9. KT SS 8 APT KELANA IMPIAN,SELANGOR,47,10,81.25,27.9,8.4
101.61369705200002,3.090625763999981,10/05/2025,E9. KT SS 8 APT KELANA IMPIAN,SELANGOR,48,10,81.25,27.9,8.4
101.61746538,3.078889870000012,11/05/2025,"E11. SRI PJS 6 FLAT DESA MENTARI 2 (BLOK 4 , 5 , 6)",SELANGOR,43,6,84.08333333333333,27.6,1.6
101.61746538,3.078889870000012,11/05/2025,"E11. SRI PJS 6 FLAT DESA MENTARI 2 (BLOK 4 , 5 , 6)",SELANGOR,44,6,84.08333333333333,27.6,1.6
101.61746538,3.078889870000012,11/05/2025,"E11. SRI PJS 6 FLAT DESA MENTARI 2 (BLOK 4 , 5 , 6)",SELANGOR,46,6,84.08333333333333,27.6,1.6
101.61746538,3.078889870000012,11/05/2025,"E11. SRI PJS 6 FLAT DESA MENTARI 2 (BLOK 4 , 5 , 6)",SELANGOR,45,6,84.08333333333333,27.6,1.6
101.61369705200002,3.090625763999981,11/05/2025,E9. KT SS 8 APT KELANA IMPIAN,SELANGOR,47,10,84.08333333333333,27.6,1.6
101.61369705200002,3.090625763999981,11/05/2025,E9. KT SS 8 APT KELANA IMPIAN,SELANGOR,48,10,84.08333333333333,27.6,1.6
101.61746538,3.078889870000012,12/05/2025,"E11. SRI PJS 6 FLAT DESA MENTARI 2 (BLOK 4 , 5 , 6)",SELANGOR,43,6,79.83333333333333,28.5,0.5
101.61746538,3.078889870000012,12/05/2025,"E11. SRI PJS 6 FLAT DESA MENTARI 2 (BLOK 4 , 5 , 6)",SELANGOR,44,6,79.83333333333333,28.5,0.5
101.61746538,3.078889870000012,12/05/2025,"E11. SRI PJS 6 FLAT DESA MENTARI 2 (BLOK 4 , 5 , 6)",SELANGOR,46,6,79.83333333333333,28.5,0.5
101.61746538,3.078889870000012,12/05/2025,"E11. SRI PJS 6 FLAT DESA MENTARI 2 (BLOK 4 , 5 , 6)",SELANGOR,45,6,79.83333333333333,28.5,0.5
101.61746538,3.078889870000012,12/05/2025,"E11. SRI PJS 6 FLAT DESA MENTARI 2 (BLOK 4 , 5 , 6)",SELANGOR,47,6,79.83333333333333,28.5,0.5
101.61369705200002,3.090625763999981,12/05/2025,E9. KT SS 8 APT KELANA IMPIAN,SELANGOR,47,10,79.83333333333333,28.4,0.5
101.61369705200002,3.090625763999981,12/05/2025,E9. KT SS 8 APT KELANA IMPIAN,SELANGOR,48,10,79.83333333333333,28.4,0.5
101.61746538,3.078889870000012,13/05/2025,"E11. SRI PJS 6 FLAT DESA MENTARI 2 (BLOK 4 , 5 , 6)",SELANGOR,43,6,78.25,28.8,6.5
101.61746538,3.078889870000012,13/05/2025,"E11. SRI PJS 6 FLAT DESA MENTARI 2 (BLOK 4 , 5 , 6)",SELANGOR,48,6,78.25,28.8,6.5
101.61746538,3.078889870000012,13/05/2025,"E11. SRI PJS 6 FLAT DESA MENTARI 2 (BLOK 4 , 5 , 6)",SELANGOR,44,6,78.25,28.8,6.5
101.61746538,3.078889870000012,13/05/2025,"E11. SRI PJS 6 FLAT DESA MENTARI 2 (BLOK 4 , 5 , 6)",SELANGOR,46,6,78.25,28.8,6.5
101.61746538,3.078889870000012,13/05/2025,"E11. SRI PJS 6 FLAT DESA MENTARI 2 (BLOK 4 , 5 , 6)",SELANGOR,45,6,78.25,28.8,6.5
101.61746538,3.078889870000012,13/05/2025,"E11. SRI PJS 6 FLAT DESA MENTARI 2 (BLOK 4 , 5 , 6)",SELANGOR,47,6,78.25,28.8,6.5
101.61369705200002,3.090625763999981,13/05/2025,E9. KT SS 8 APT KELANA IMPIAN,SELANGOR,47,10,78.25,28.7,6.5
101.61369705200002,3.090625763999981,13/05/2025,E9. KT SS 8 APT KELANA IMPIAN,SELANGOR,48,10,78.25,28.7,6.5
101.647563935,3.1525615460000154,13/05/2025,BUKIT DAMANSARA (DESA DAMANSARA CONDOMINIUM),WILAYAH PERSEKUTUAN,31,5,78.625,28.1,6.3
101.61746538,3.078889870000012,14/05/2025,"E11. SRI PJS 6 FLAT DESA MENTARI 2 (BLOK 4 , 5 , 6)",SELANGOR,49,6,77.91666666666667,28.8,2.7
101.61746538,3.078889870000012,14/05/2025,"E11. SRI PJS 6 FLAT DESA MENTARI 2 (BLOK 4 , 5 , 6)",SELANGOR,43,6,77.91666666666667,28.8,2.7
101.61746538,3.078889870000012,14/05/2025,"E11. SRI PJS 6 FLAT DESA MENTARI 2 (BLOK 4 , 5 , 6)",SELANGOR,48,6,77.91666666666667,28.8,2.7
101.61746538,3.078889870000012,14/05/2025,"E11. SRI PJS 6 FLAT DESA MENTARI 2 (BLOK 4 , 5 , 6)",SELANGOR,44,6,77.91666666666667,28.8,2.7
101.61746538,3.078889870000012,14/05/2025,"E11. SRI PJS 6 FLAT DESA MENTARI 2 (BLOK 4 , 5 , 6)",SELANGOR,46,6,77.91666666666667,28.8,2.7
101.61746538,3.078889870000012,14/05/2025,"E11. SRI PJS 6 FLAT DESA MENTARI 2 (BLOK 4 , 5 , 6)",SELANGOR,45,6,77.91666666666667,28.8,2.7
101.61746538,3.078889870000012,14/05/2025,"E11. SRI PJS 6 FLAT DESA MENTARI 2 (BLOK 4 , 5 , 6)",SELANGOR,47,6,77.91666666666667,28.8,2.7
101.61369705200002,3.090625763999981,14/05/2025,E9. KT SS 8 APT KELANA IMPIAN,SELANGOR,47,10,77.91666666666667,28.7,2.7
101.61369705200002,3.090625763999981,14/05/2025,E9. KT SS 8 APT KELANA IMPIAN,SELANGOR,48,10,77.91666666666667,28.7,2.7
101.647563935,3.1525615460000154,14/05/2025,BUKIT DAMANSARA (DESA DAMANSARA CONDOMINIUM),WILAYAH PERSEKUTUAN,32,7,78.5,28.1,7.7
101.647563935,3.1525615460000154,14/05/2025,BUKIT DAMANSARA (DESA DAMANSARA CONDOMINIUM),WILAYAH PERSEKUTUAN,31,5,78.5,28.1,7.7
101.647563935,3.1525615460000154,15/05/2025,BUKIT DAMANSARA (DESA DAMANSARA CONDOMINIUM),WILAYAH PERSEKUTUAN,33,7,73.375,28.6,0.1
101.647563935,3.1525615460000154,16/05/2025,BUKIT DAMANSARA (DESA DAMANSARA CONDOMINIUM),WILAYAH PERSEKUTUAN,33,7,79.45833333333333,27.7,2.4
101.647563935,3.1525615460000154,16/05/2025,BUKIT DAMANSARA (DESA DAMANSARA CONDOMINIUM),WILAYAH PERSEKUTUAN,34,7,79.45833333333333,27.7,2.4
101.647563935,3.1525615460000154,17/05/2025,BUKIT DAMANSARA (DESA DAMANSARA CONDOMINIUM),WILAYAH PERSEKUTUAN,33,7,78.79166666666667,28.2,0.4
101.647563935,3.1525615460000154,17/05/2025,BUKIT DAMANSARA (DESA DAMANSARA CONDOMINIUM),WILAYAH PERSEKUTUAN,35,7,78.79166666666667,28.2,0.4
101.647563935,3.1525615460000154,17/05/2025,BUKIT DAMANSARA (DESA DAMANSARA CONDOMINIUM),WILAYAH PERSEKUTUAN,34,7,78.79166666666667,28.2,0.4
101.647563935,3.1525615460000154,18/05/2025,BUKIT DAMANSARA (DESA DAMANSARA CONDOMINIUM),WILAYAH PERSEKUTUAN,33,7,85.875,26.7,9.1
101.647563935,3.1525615460000154,18/05/2025,BUKIT DAMANSARA (DESA DAMANSARA CONDOMINIUM),WILAYAH PERSEKUTUAN,35,7,85.875,26.7,9.1
101.647563935,3.1525615460000154,18/05/2025,BUKIT DAMANSARA (DESA DAMANSARA CONDOMINIUM),WILAYAH PERSEKUTUAN,34,7,85.875,26.7,9.1
101.647563935,3.1525615460000154,18/05/2025,BUKIT DAMANSARA (DESA DAMANSARA CONDOMINIUM),WILAYAH PERSEKUTUAN,36,7,85.875,26.7,9.1
101.647563935,3.1525615460000154,19/05/2025,BUKIT DAMANSARA (DESA DAMANSARA CONDOMINIUM),WILAYAH PERSEKUTUAN,37,7,87.5,26.3,14.3
101.647563935,3.1525615460000154,19/05/2025,BUKIT DAMANSARA (DESA DAMANSARA CONDOMINIUM),WILAYAH PERSEKUTUAN,33,7,87.5,26.3,14.3
101.647563935,3.1525615460000154,19/05/2025,BUKIT DAMANSARA (DESA DAMANSARA CONDOMINIUM),WILAYAH PERSEKUTUAN,35,7,87.5,26.3,14.3
101.647563935,3.1525615460000154,19/05/2025,BUKIT DAMANSARA (DESA DAMANSARA CONDOMINIUM),WILAYAH PERSEKUTUAN,34,7,87.5,26.3,14.3
101.647563935,3.1525615460000154,19/05/2025,BUKIT DAMANSARA (DESA DAMANSARA CONDOMINIUM),WILAYAH PERSEKUTUAN,36,7,87.5,26.3,14.3
101.647563935,3.1525615460000154,20/05/2025,BUKIT DAMANSARA (DESA DAMANSARA CONDOMINIUM),WILAYAH PERSEKUTUAN,37,7,87.83333333333333,26.0,18.2
101.647563935,3.1525615460000154,20/05/2025,BUKIT DAMANSARA (DESA DAMANSARA CONDOMINIUM),WILAYAH PERSEKUTUAN,33,7,87.83333333333333,26.0,18.2
101.647563935,3.1525615460000154,20/05/2025,BUKIT DAMANSARA (DESA DAMANSARA CONDOMINIUM),WILAYAH PERSEKUTUAN,35,7,87.83333333333333,26.0,18.2
101.647563935,3.1525615460000154,20/05/2025,BUKIT DAMANSARA (DESA DAMANSARA CONDOMINIUM),WILAYAH PERSEKUTUAN,34,7,87.83333333333333,26.0,18.2
101.647563935,3.1525615460000154,20/05/2025,BUKIT DAMANSARA (DESA DAMANSARA CONDOMINIUM),WILAYAH PERSEKUTUAN,38,8,87.83333333333333,26.0,18.2
101.647563935,3.1525615460000154,20/05/2025,BUKIT DAMANSARA (DESA DAMANSARA CONDOMINIUM),WILAYAH PERSEKUTUAN,36,7,87.83333333333333,26.0,18.2
101.647563935,3.1525615460000154,21/05/2025,BUKIT DAMANSARA (DESA DAMANSARA CONDOMINIUM),WILAYAH PERSEKUTUAN,37,7,88.83333333333333,26.0,20.9
101.647563935,3.1525615460000154,21/05/2025,BUKIT DAMANSARA (DESA DAMANSARA CONDOMINIUM),WILAYAH PERSEKUTUAN,39,8,88.83333333333333,26.0,20.9
101.647563935,3.1525615460000154,21/05/2025,BUKIT DAMANSARA (DESA DAMANSARA CONDOMINIUM),WILAYAH PERSEKUTUAN,33,7,88.83333333333333,26.0,20.9
101.647563935,3.1525615460000154,21/05/2025,BUKIT DAMANSARA (DESA DAMANSARA CONDOMINIUM),WILAYAH PERSEKUTUAN,35,7,88.83333333333333,26.0,20.9
101.647563935,3.1525615460000154,21/05/2025,BUKIT DAMANSARA (DESA DAMANSARA CONDOMINIUM),WILAYAH PERSEKUTUAN,34,7,88.83333333333333,26.0,20.9
101.647563935,3.1525615460000154,21/05/2025,BUKIT DAMANSARA (DESA DAMANSARA CONDOMINIUM),WILAYAH PERSEKUTUAN,38,8,88.83333333333333,26.0,20.9
101.647563935,3.1525615460000154,21/05/2025,BUKIT DAMANSARA (DESA DAMANSARA CONDOMINIUM),WILAYAH PERSEKUTUAN,36,7,88.83333333333333,26.0,20.9
101.647563935,3.1525615460000154,22/05/2025,BUKIT DAMANSARA (DESA DAMANSARA CONDOMINIUM),WILAYAH PERSEKUTUAN,40,8,86.25,26.6,5.5
101.647563935,3.1525615460000154,23/05/2025,BUKIT DAMANSARA (DESA DAMANSARA CONDOMINIUM),WILAYAH PERSEKUTUAN,41,8,80.58333333333333,27.5,0.7
101.647563935,3.1525615460000154,23/05/2025,BUKIT DAMANSARA (DESA DAMANSARA CONDOMINIUM),WILAYAH PERSEKUTUAN,40,8,80.58333333333333,27.5,0.7
101.647563935,3.1525615460000154,24/05/2025,BUKIT DAMANSARA (DESA DAMANSARA CONDOMINIUM),WILAYAH PERSEKUTUAN,41,8,76.95833333333333,28.2,1.0
101.647563935,3.1525615460000154,24/05/2025,BUKIT DAMANSARA (DESA DAMANSARA CONDOMINIUM),WILAYAH PERSEKUTUAN,40,8,76.95833333333333,28.2,1.0
101.647563935,3.1525615460000154,24/05/2025,BUKIT DAMANSARA (DESA DAMANSARA CONDOMINIUM),WILAYAH PERSEKUTUAN,42,8,76.95833333333333,28.2,1.0
101.647563935,3.1525615460000154,25/05/2025,BUKIT DAMANSARA (DESA DAMANSARA CONDOMINIUM),WILAYAH PERSEKUTUAN,41,8,80.70833333333333,27.7,2.2
101.647563935,3.1525615460000154,25/05/2025,BUKIT DAMANSARA (DESA DAMANSARA CONDOMINIUM),WILAYAH PERSEKUTUAN,43,8,80.70833333333333,27.7,2.2
101.647563935,3.1525615460000154,25/05/2025,BUKIT DAMANSARA (DESA DAMANSARA CONDOMINIUM),WILAYAH PERSEKUTUAN,40,8,80.70833333333333,27.7,2.2
101.647563935,3.1525615460000154,25/05/2025,BUKIT DAMANSARA (DESA DAMANSARA CONDOMINIUM),WILAYAH PERSEKUTUAN,42,8,80.70833333333333,27.7,2.2
101.647563935,3.1525615460000154,26/05/2025,BUKIT DAMANSARA (DESA DAMANSARA CONDOMINIUM),WILAYAH PERSEKUTUAN,41,8,77.91666666666667,27.3,0.0
101.647563935,3.1525615460000154,26/05/2025,BUKIT DAMANSARA (DESA DAMANSARA CONDOMINIUM),WILAYAH PERSEKUTUAN,43,8,77.91666666666667,27.3,0.0
101.647563935,3.1525615460000154,26/05/2025,BUKIT DAMANSARA (DESA DAMANSARA CONDOMINIUM),WILAYAH PERSEKUTUAN,40,8,77.91666666666667,27.3,0.0
101.647563935,3.1525615460000154,26/05/2025,BUKIT DAMANSARA (DESA DAMANSARA CONDOMINIUM),WILAYAH PERSEKUTUAN,42,8,77.91666666666667,27.3,0.0
101.647563935,3.1525615460000154,27/05/2025,BUKIT DAMANSARA (DESA DAMANSARA CONDOMINIUM),WILAYAH PERSEKUTUAN,41,8,76.16666666666667,28.6,0.0
101.647563935,3.1525615460000154,27/05/2025,BUKIT DAMANSARA (DESA DAMANSARA CONDOMINIUM),WILAYAH PERSEKUTUAN,43,8,76.16666666666667,28.6,0.0
101.647563935,3.1525615460000154,27/05/2025,BUKIT DAMANSARA (DESA DAMANSARA CONDOMINIUM),WILAYAH PERSEKUTUAN,40,8,76.16666666666667,28.6,0.0
101.647563935,3.1525615460000154,27/05/2025,BUKIT DAMANSARA (DESA DAMANSARA CONDOMINIUM),WILAYAH PERSEKUTUAN,42,8,76.16666666666667,28.6,0.0
101.647563935,3.1525615460000154,28/05/2025,BUKIT DAMANSARA (DESA DAMANSARA CONDOMINIUM),WILAYAH PERSEKUTUAN,41,8,74.08333333333333,29.3,0.4
101.647563935,3.1525615460000154,28/05/2025,BUKIT DAMANSARA (DESA DAMANSARA CONDOMINIUM),WILAYAH PERSEKUTUAN,43,8,74.08333333333333,29.3,0.4
101.647563935,3.1525615460000154,28/05/2025,BUKIT DAMANSARA (DESA DAMANSARA CONDOMINIUM),WILAYAH PERSEKUTUAN,40,8,74.08333333333333,29.3,0.4
101.647563935,3.1525615460000154,28/05/2025,BUKIT DAMANSARA (DESA DAMANSARA CONDOMINIUM),WILAYAH PERSEKUTUAN,42,8,74.08333333333333,29.3,0.4
101.647563935,3.1525615460000154,29/05/2025,BUKIT DAMANSARA (DESA DAMANSARA CONDOMINIUM),WILAYAH PERSEKUTUAN,47,8,83.04166666666667,26.2,5.1
101.647563935,3.1525615460000154,30/05/2025,BUKIT DAMANSARA (DESA DAMANSARA CONDOMINIUM),WILAYAH PERSEKUTUAN,48,8,76.66666666666667,26.9,4.1
101.647563935,3.1525615460000154,30/05/2025,BUKIT DAMANSARA (DESA DAMANSARA CONDOMINIUM),WILAYAH PERSEKUTUAN,47,8,76.66666666666667,26.9,4.1
101.647563935,3.1525615460000154,31/05/2025,BUKIT DAMANSARA (DESA DAMANSARA CONDOMINIUM),WILAYAH PERSEKUTUAN,48,8,79.5,27.6,0.3
101.647563935,3.1525615460000154,31/05/2025,BUKIT DAMANSARA (DESA DAMANSARA CONDOMINIUM),WILAYAH PERSEKUTUAN,49,8,79.5,27.6,0.3
101.647563935,3.1525615460000154,31/05/2025,BUKIT DAMANSARA (DESA DAMANSARA CONDOMINIUM),WILAYAH PERSEKUTUAN,47,8,79.5,27.6,0.3
101.647563935,3.1525615460000154,01/06/2025,BUKIT DAMANSARA (DESA DAMANSARA CONDOMINIUM),WILAYAH PERSEKUTUAN,50,8,63.166666666666664,29.4,0.1
101.647563935,3.1525615460000154,01/06/2025,BUKIT DAMANSARA (DESA DAMANSARA CONDOMINIUM),WILAYAH PERSEKUTUAN,48,8,63.166666666666664,29.4,0.1
101.647563935,3.1525615460000154,01/06/2025,BUKIT DAMANSARA (DESA DAMANSARA CONDOMINIUM),WILAYAH PERSEKUTUAN,49,8,63.166666666666664,29.4,0.1
101.647563935,3.1525615460000154,01/06/2025,BUKIT DAMANSARA (DESA DAMANSARA CONDOMINIUM),WILAYAH PERSEKUTUAN,47,8,63.166666666666664,29.4,0.1
101.647563935,3.1525615460000154,02/06/2025,BUKIT DAMANSARA (DESA DAMANSARA CONDOMINIUM),WILAYAH PERSEKUTUAN,50,8,72.04166666666667,28.3,1.2
101.647563935,3.1525615460000154,02/06/2025,BUKIT DAMANSARA (DESA DAMANSARA CONDOMINIUM),WILAYAH PERSEKUTUAN,48,8,72.04166666666667,28.3,1.2
101.647563935,3.1525615460000154,02/06/2025,BUKIT DAMANSARA (DESA DAMANSARA CONDOMINIUM),WILAYAH PERSEKUTUAN,49,8,72.04166666666667,28.3,1.2
101.647563935,3.1525615460000154,02/06/2025,BUKIT DAMANSARA (DESA DAMANSARA CONDOMINIUM),WILAYAH PERSEKUTUAN,47,8,72.04166666666667,28.3,1.2
101.647563935,3.1525615460000154,03/06/2025,BUKIT DAMANSARA (DESA DAMANSARA CONDOMINIUM),WILAYAH PERSEKUTUAN,50,8,72.375,28.4,0.9
101.647563935,3.1525615460000154,03/06/2025,BUKIT DAMANSARA (DESA DAMANSARA CONDOMINIUM),WILAYAH PERSEKUTUAN,48,8,72.375,28.4,0.9
101.647563935,3.1525615460000154,03/06/2025,BUKIT DAMANSARA (DESA DAMANSARA CONDOMINIUM),WILAYAH PERSEKUTUAN,49,8,72.375,28.4,0.9
101.647563935,3.1525615460000154,03/06/2025,BUKIT DAMANSARA (DESA DAMANSARA CONDOMINIUM),WILAYAH PERSEKUTUAN,47,8,72.375,28.4,0.9
101.647563935,3.1525615460000154,04/06/2025,BUKIT DAMANSARA (DESA DAMANSARA CONDOMINIUM),WILAYAH PERSEKUTUAN,50,8,77.45833333333333,27.8,7.5
101.647563935,3.1525615460000154,04/06/2025,BUKIT DAMANSARA (DESA DAMANSARA CONDOMINIUM),WILAYAH PERSEKUTUAN,48,8,77.45833333333333,27.8,7.5
101.647563935,3.1525615460000154,04/06/2025,BUKIT DAMANSARA (DESA DAMANSARA CONDOMINIUM),WILAYAH PERSEKUTUAN,49,8,77.45833333333333,27.8,7.5
101.647563935,3.1525615460000154,04/06/2025,BUKIT DAMANSARA (DESA DAMANSARA CONDOMINIUM),WILAYAH PERSEKUTUAN,47,8,77.45833333333333,27.8,7.5
101.647563935,3.1525615460000154,05/06/2025,BUKIT DAMANSARA (DESA DAMANSARA CONDOMINIUM),WILAYAH PERSEKUTUAN,50,8,79.41666666666667,27.5,0.8
101.647563935,3.1525615460000154,05/06/2025,BUKIT DAMANSARA (DESA DAMANSARA CONDOMINIUM),WILAYAH PERSEKUTUAN,48,8,79.41666666666667,27.5,0.8
101.647563935,3.1525615460000154,05/06/2025,BUKIT DAMANSARA (DESA DAMANSARA CONDOMINIUM),WILAYAH PERSEKUTUAN,49,8,79.41666666666667,27.5,0.8
101.647563935,3.1525615460000154,05/06/2025,BUKIT DAMANSARA (DESA DAMANSARA CONDOMINIUM),WILAYAH PERSEKUTUAN,47,8,79.41666666666667,27.5,0.8
101.61892700200002,3.079881549999982,06/06/2025,"E11. SRI PJS 6 FLAT DESA MENTARI 1 (BLOK 1 , 2 , 3)",SELANGOR,31,9,87.5,26.7,11.0
101.61892700200002,3.079881549999982,07/06/2025,"E11. SRI PJS 6 FLAT DESA MENTARI 1 (BLOK 1 , 2 , 3)",SELANGOR,31,9,85.91666666666667,27.0,10.6
101.61892700200002,3.079881549999982,07/06/2025,"E11. SRI PJS 6 FLAT DESA MENTARI 1 (BLOK 1 , 2 , 3)",SELANGOR,32,10,85.91666666666667,27.0,10.6
101.61892700200002,3.079881549999982,08/06/2025,"E11. SRI PJS 6 FLAT DESA MENTARI 1 (BLOK 1 , 2 , 3)",SELANGOR,31,9,80.29166666666667,27.7,0.6
101.61892700200002,3.079881549999982,08/06/2025,"E11. SRI PJS 6 FLAT DESA MENTARI 1 (BLOK 1 , 2 , 3)",SELANGOR,32,10,80.29166666666667,27.7,0.6
101.61892700200002,3.079881549999982,09/06/2025,"E11. SRI PJS 6 FLAT DESA MENTARI 1 (BLOK 1 , 2 , 3)",SELANGOR,31,9,73.79166666666667,28.6,0.0
101.61892700200002,3.079881549999982,09/06/2025,"E11. SRI PJS 6 FLAT DESA MENTARI 1 (BLOK 1 , 2 , 3)",SELANGOR,32,10,73.79166666666667,28.6,0.0
101.67136617699998,3.123569739000004,10/06/2025,BANGSAR HEIGHT KONDO,WILAYAH PERSEKUTUAN,31,5,84.83333333333333,26.4,22.4
101.61892700200002,3.079881549999982,10/06/2025,"E11. SRI PJS 6 FLAT DESA MENTARI 1 (BLOK 1 , 2 , 3)",SELANGOR,31,9,83.70833333333333,26.9,14.9
101.61892700200002,3.079881549999982,10/06/2025,"E11. SRI PJS 6 FLAT DESA MENTARI 1 (BLOK 1 , 2 , 3)",SELANGOR,35,10,83.70833333333333,26.9,14.9
101.61892700200002,3.079881549999982,10/06/2025,"E11. SRI PJS 6 FLAT DESA MENTARI 1 (BLOK 1 , 2 , 3)",SELANGOR,32,10,83.70833333333333,26.9,14.9
101.67136617699998,3.123569739000004,11/06/2025,BANGSAR HEIGHT KONDO,WILAYAH PERSEKUTUAN,31,5,72.58333333333333,27.4,0.0
101.61892700200002,3.079881549999982,11/06/2025,"E11. SRI PJS 6 FLAT DESA MENTARI 1 (BLOK 1 , 2 , 3)",SELANGOR,31,9,73.16666666666667,28.0,0.0
101.61892700200002,3.079881549999982,11/06/2025,"E11. SRI PJS 6 FLAT DESA MENTARI 1 (BLOK 1 , 2 , 3)",SELANGOR,35,10,73.16666666666667,28.0,0.0
101.61892700200002,3.079881549999982,11/06/2025,"E11. SRI PJS 6 FLAT DESA MENTARI 1 (BLOK 1 , 2 , 3)",SELANGOR,32,10,73.16666666666667,28.0,0.0
101.67136617699998,3.123569739000004,12/06/2025,BANGSAR HEIGHT KONDO,WILAYAH PERSEKUTUAN,31,5,74.5,28.1,0.0
101.61892700200002,3.079881549999982,12/06/2025,"E11. SRI PJS 6 FLAT DESA MENTARI 1 (BLOK 1 , 2 , 3)",SELANGOR,31,9,72.54166666666667,28.5,0.0
101.61892700200002,3.079881549999982,12/06/2025,"E11. SRI PJS 6 FLAT DESA MENTARI 1 (BLOK 1 , 2 , 3)",SELANGOR,35,10,72.54166666666667,28.5,0.0
101.61892700200002,3.079881549999982,12/06/2025,"E11. SRI PJS 6 FLAT DESA MENTARI 1 (BLOK 1 , 2 , 3)",SELANGOR,32,10,72.54166666666667,28.5,0.0
101.67136617699998,3.123569739000004,13/06/2025,BANGSAR HEIGHT KONDO,WILAYAH PERSEKUTUAN,34,7,74.58333333333333,28.3,0.0
101.61892700200002,3.079881549999982,13/06/2025,"E11. SRI PJS 6 FLAT DESA MENTARI 1 (BLOK 1 , 2 , 3)",SELANGOR,38,10,72.66666666666667,29.0,0.0
101.67136617699998,3.123569739000004,14/06/2025,BANGSAR HEIGHT KONDO,WILAYAH PERSEKUTUAN,35,7,73.75,28.6,0.2
101.67136617699998,3.123569739000004,14/06/2025,BANGSAR HEIGHT KONDO,WILAYAH PERSEKUTUAN,34,7,73.75,28.6,0.2
101.61892700200002,3.079881549999982,14/06/2025,"E11. SRI PJS 6 FLAT DESA MENTARI 1 (BLOK 1 , 2 , 3)",SELANGOR,39,10,71.25,29.2,0.3
101.61892700200002,3.079881549999982,14/06/2025,"E11. SRI PJS 6 FLAT DESA MENTARI 1 (BLOK 1 , 2 , 3)",SELANGOR,38,10,71.25,29.2,0.3
101.67136617699998,3.123569739000004,15/06/2025,BANGSAR HEIGHT KONDO,WILAYAH PERSEKUTUAN,35,7,74.625,28.6,1.1
101.67136617699998,3.123569739000004,15/06/2025,BANGSAR HEIGHT KONDO,WILAYAH PERSEKUTUAN,36,7,74.625,28.6,1.1
101.67136617699998,3.123569739000004,15/06/2025,BANGSAR HEIGHT KONDO,WILAYAH PERSEKUTUAN,34,7,74.625,28.6,1.1
101.61892700200002,3.079881549999982,15/06/2025,"E11. SRI PJS 6 FLAT DESA MENTARI 1 (BLOK 1 , 2 , 3)",SELANGOR,39,10,74.83333333333333,29.1,4.6
101.61892700200002,3.079881549999982,15/06/2025,"E11. SRI PJS 6 FLAT DESA MENTARI 1 (BLOK 1 , 2 , 3)",SELANGOR,40,10,74.83333333333333,29.1,4.6
101.61892700200002,3.079881549999982,15/06/2025,"E11. SRI PJS 6 FLAT DESA MENTARI 1 (BLOK 1 , 2 , 3)",SELANGOR,38,10,74.83333333333333,29.1,4.6
101.60939593900002,3.0808161339999742,16/06/2025,E11. SRI PJS 8 MENTARI COURT,SELANGOR,31,8,83.25,26.8,24.4
101.67136617699998,3.123569739000004,16/06/2025,BANGSAR HEIGHT KONDO,WILAYAH PERSEKUTUAN,35,7,82.75,26.5,38.1
101.67136617699998,3.123569739000004,16/06/2025,BANGSAR HEIGHT KONDO,WILAYAH PERSEKUTUAN,36,7,82.75,26.5,38.1
101.67136617699998,3.123569739000004,16/06/2025,BANGSAR HEIGHT KONDO,WILAYAH PERSEKUTUAN,37,7,82.75,26.5,38.1
101.67136617699998,3.123569739000004,16/06/2025,BANGSAR HEIGHT KONDO,WILAYAH PERSEKUTUAN,34,7,82.75,26.5,38.1
101.61892700200002,3.079881549999982,16/06/2025,"E11. SRI PJS 6 FLAT DESA MENTARI 1 (BLOK 1 , 2 , 3)",SELANGOR,39,10,83.25,26.8,24.4
101.61892700200002,3.079881549999982,16/06/2025,"E11. SRI PJS 6 FLAT DESA MENTARI 1 (BLOK 1 , 2 , 3)",SELANGOR,40,10,83.25,26.8,24.4
101.61892700200002,3.079881549999982,16/06/2025,"E11. SRI PJS 6 FLAT DESA MENTARI 1 (BLOK 1 , 2 , 3)",SELANGOR,41,10,83.25,26.8,24.4
101.61892700200002,3.079881549999982,16/06/2025,"E11. SRI PJS 6 FLAT DESA MENTARI 1 (BLOK 1 , 2 , 3)",SELANGOR,38,10,83.25,26.8,24.4
101.60939593900002,3.0808161339999742,17/06/2025,E11. SRI PJS 8 MENTARI COURT,SELANGOR,31,8,85.83333333333333,26.5,17.0
101.60939593900002,3.0808161339999742,17/06/2025,E11. SRI PJS 8 MENTARI COURT,SELANGOR,32,8,85.83333333333333,26.5,17.0
101.67136617699998,3.123569739000004,17/06/2025,BANGSAR HEIGHT KONDO,WILAYAH PERSEKUTUAN,35,7,85.54166666666667,26.1,19.3
101.67136617699998,3.123569739000004,17/06/2025,BANGSAR HEIGHT KONDO,WILAYAH PERSEKUTUAN,36,7,85.54166666666667,26.1,19.3
101.67136617699998,3.123569739000004,17/06/2025,BANGSAR HEIGHT KONDO,WILAYAH PERSEKUTUAN,37,7,85.54166666666667,26.1,19.3
101.67136617699998,3.123569739000004,17/06/2025,BANGSAR HEIGHT KONDO,WILAYAH PERSEKUTUAN,38,7,85.54166666666667,26.1,19.3
101.67136617699998,3.123569739000004,17/06/2025,BANGSAR HEIGHT KONDO,WILAYAH PERSEKUTUAN,34,7,85.54166666666667,26.1,19.3
101.61892700200002,3.079881549999982,17/06/2025,"E11. SRI PJS 6 FLAT DESA MENTARI 1 (BLOK 1 , 2 , 3)",SELANGOR,39,10,85.83333333333333,26.5,17.0
101.61892700200002,3.079881549999982,17/06/2025,"E11. SRI PJS 6 FLAT DESA MENTARI 1 (BLOK 1 , 2 , 3)",SELANGOR,40,10,85.83333333333333,26.5,17.0
101.61892700200002,3.079881549999982,17/06/2025,"E11. SRI PJS 6 FLAT DESA MENTARI 1 (BLOK 1 , 2 , 3)",SELANGOR,41,10,85.83333333333333,26.5,17.0
101.61892700200002,3.079881549999982,17/06/2025,"E11. SRI PJS 6 FLAT DESA MENTARI 1 (BLOK 1 , 2 , 3)",SELANGOR,42,10,85.83333333333333,26.5,17.0
101.61892700200002,3.079881549999982,17/06/2025,"E11. SRI PJS 6 FLAT DESA MENTARI 1 (BLOK 1 , 2 , 3)",SELANGOR,38,10,85.83333333333333,26.5,17.0
101.60939593900002,3.0808161339999742,18/06/2025,E11. SRI PJS 8 MENTARI COURT,SELANGOR,33,8,73.20833333333333,28.0,0.1
101.60939593900002,3.0808161339999742,18/06/2025,E11. SRI PJS 8 MENTARI COURT,SELANGOR,31,8,73.20833333333333,28.0,0.1
101.60939593900002,3.0808161339999742,18/06/2025,E11. SRI PJS 8 MENTARI COURT,SELANGOR,32,8,73.20833333333333,28.0,0.1
101.67136617699998,3.123569739000004,18/06/2025,BANGSAR HEIGHT KONDO,WILAYAH PERSEKUTUAN,35,7,72.375,27.6,0.2
101.67136617699998,3.123569739000004,18/06/2025,BANGSAR HEIGHT KONDO,WILAYAH PERSEKUTUAN,39,7,72.375,27.6,0.2
101.67136617699998,3.123569739000004,18/06/2025,BANGSAR HEIGHT KONDO,WILAYAH PERSEKUTUAN,36,7,72.375,27.6,0.2
101.67136617699998,3.123569739000004,18/06/2025,BANGSAR HEIGHT KONDO,WILAYAH PERSEKUTUAN,37,7,72.375,27.6,0.2
101.67136617699998,3.123569739000004,18/06/2025,BANGSAR HEIGHT KONDO,WILAYAH PERSEKUTUAN,38,7,72.375,27.6,0.2
101.67136617699998,3.123569739000004,18/06/2025,BANGSAR HEIGHT KONDO,WILAYAH PERSEKUTUAN,34,7,72.375,27.6,0.2
101.61892700200002,3.079881549999982,18/06/2025,"E11. SRI PJS 6 FLAT DESA MENTARI 1 (BLOK 1 , 2 , 3)",SELANGOR,39,10,73.20833333333333,28.0,0.1
101.61892700200002,3.079881549999982,18/06/2025,"E11. SRI PJS 6 FLAT DESA MENTARI 1 (BLOK 1 , 2 , 3)",SELANGOR,43,10,73.20833333333333,28.0,0.1
101.61892700200002,3.079881549999982,18/06/2025,"E11. SRI PJS 6 FLAT DESA MENTARI 1 (BLOK 1 , 2 , 3)",SELANGOR,40,10,73.20833333333333,28.0,0.1
101.61892700200002,3.079881549999982,18/06/2025,"E11. SRI PJS 6 FLAT DESA MENTARI 1 (BLOK 1 , 2 , 3)",SELANGOR,41,10,73.20833333333333,28.0,0.1
101.61892700200002,3.079881549999982,18/06/2025,"E11. SRI PJS 6 FLAT DESA MENTARI 1 (BLOK 1 , 2 , 3)",SELANGOR,42,10,73.20833333333333,28.0,0.1
101.61892700200002,3.079881549999982,18/06/2025,"E11. SRI PJS 6 FLAT DESA MENTARI 1 (BLOK 1 , 2 , 3)",SELANGOR,38,10,73.20833333333333,28.0,0.1
101.60939593900002,3.0808161339999742,19/06/2025,E11. SRI PJS 8 MENTARI COURT,SELANGOR,34,8,74.25,28.6,0.4
101.67136617699998,3.123569739000004,19/06/2025,BANGSAR HEIGHT KONDO,WILAYAH PERSEKUTUAN,40,7,74.66666666666667,28.2,0.2
101.60939593900002,3.0808161339999742,20/06/2025,E11. SRI PJS 8 MENTARI COURT,SELANGOR,34,8,85.29166666666667,26.4,3.1
101.60939593900002,3.0808161339999742,20/06/2025,E11. SRI PJS 8 MENTARI COURT,SELANGOR,35,8,85.29166666666667,26.4,3.1
101.67136617699998,3.123569739000004,20/06/2025,BANGSAR HEIGHT KONDO,WILAYAH PERSEKUTUAN,40,7,84.70833333333333,25.6,1.9
101.67136617699998,3.123569739000004,20/06/2025,BANGSAR HEIGHT KONDO,WILAYAH PERSEKUTUAN,41,7,84.70833333333333,25.6,1.9
101.60939593900002,3.0808161339999742,21/06/2025,E11. SRI PJS 8 MENTARI COURT,SELANGOR,36,8,75.66666666666667,27.7,0.2
101.60939593900002,3.0808161339999742,21/06/2025,E11. SRI PJS 8 MENTARI COURT,SELANGOR,34,8,75.66666666666667,27.7,0.2
101.60939593900002,3.0808161339999742,21/06/2025,E11. SRI PJS 8 MENTARI COURT,SELANGOR,35,8,75.66666666666667,27.7,0.2
101.67136617699998,3.123569739000004,21/06/2025,BANGSAR HEIGHT KONDO,WILAYAH PERSEKUTUAN,42,7,75.29166666666667,27.2,0.0
101.67136617699998,3.123569739000004,21/06/2025,BANGSAR HEIGHT KONDO,WILAYAH PERSEKUTUAN,40,7,75.29166666666667,27.2,0.0
101.67136617699998,3.123569739000004,21/06/2025,BANGSAR HEIGHT KONDO,WILAYAH PERSEKUTUAN,41,7,75.29166666666667,27.2,0.0
101.60939593900002,3.0808161339999742,22/06/2025,E11. SRI PJS 8 MENTARI COURT,SELANGOR,36,8,70.91666666666667,28.6,0.0
101.60939593900002,3.0808161339999742,22/06/2025,E11. SRI PJS 8 MENTARI COURT,SELANGOR,34,8,70.91666666666667,28.6,0.0
101.60939593900002,3.0808161339999742,22/06/2025,E11. SRI PJS 8 MENTARI COURT,SELANGOR,35,8,70.91666666666667,28.6,0.0
101.67136617699998,3.123569739000004,22/06/2025,BANGSAR HEIGHT KONDO,WILAYAH PERSEKUTUAN,42,7,69.66666666666667,28.3,0.0
101.67136617699998,3.123569739000004,22/06/2025,BANGSAR HEIGHT KONDO,WILAYAH PERSEKUTUAN,40,7,69.66666666666667,28.3,0.0
101.67136617699998,3.123569739000004,22/06/2025,BANGSAR HEIGHT KONDO,WILAYAH PERSEKUTUAN,41,7,69.66666666666667,28.3,0.0
101.60939593900002,3.0808161339999742,23/06/2025,E11. SRI PJS 8 MENTARI COURT,SELANGOR,36,8,67.58333333333333,29.4,0.0
101.60939593900002,3.0808161339999742,23/06/2025,E11. SRI PJS 8 MENTARI COURT,SELANGOR,34,8,67.58333333333333,29.4,0.0
101.60939593900002,3.0808161339999742,23/06/2025,E11. SRI PJS 8 MENTARI COURT,SELANGOR,35,8,67.58333333333333,29.4,0.0
101.66316124000002,3.103425506999997,23/06/2025,KONDO RAKYAT,WILAYAH PERSEKUTUAN,31,9,66.04166666666667,29.1,0.0
101.67136617699998,3.123569739000004,23/06/2025,BANGSAR HEIGHT KONDO,WILAYAH PERSEKUTUAN,42,7,66.04166666666667,29.2,0.0
101.67136617699998,3.123569739000004,23/06/2025,BANGSAR HEIGHT KONDO,WILAYAH PERSEKUTUAN,44,7,66.04166666666667,29.2,0.0
101.67136617699998,3.123569739000004,23/06/2025,BANGSAR HEIGHT KONDO,WILAYAH PERSEKUTUAN,40,7,66.04166666666667,29.2,0.0
101.67136617699998,3.123569739000004,23/06/2025,BANGSAR HEIGHT KONDO,WILAYAH PERSEKUTUAN,41,7,66.04166666666667,29.2,0.0
101.60939593900002,3.0808161339999742,24/06/2025,E11. SRI PJS 8 MENTARI COURT,SELANGOR,36,8,66.5,29.5,0.0
101.60939593900002,3.0808161339999742,24/06/2025,E11. SRI PJS 8 MENTARI COURT,SELANGOR,34,8,66.5,29.5,0.0
101.60939593900002,3.0808161339999742,24/06/2025,E11. SRI PJS 8 MENTARI COURT,SELANGOR,35,8,66.5,29.5,0.0
101.66316124000002,3.103425506999997,24/06/2025,KONDO RAKYAT,WILAYAH PERSEKUTUAN,31,9,65.875,29.2,0.0
101.66316124000002,3.103425506999997,24/06/2025,KONDO RAKYAT,WILAYAH PERSEKUTUAN,32,9,65.875,29.2,0.0
101.67136617699998,3.123569739000004,24/06/2025,BANGSAR HEIGHT KONDO,WILAYAH PERSEKUTUAN,42,7,65.91666666666667,29.3,0.0
101.67136617699998,3.123569739000004,24/06/2025,BANGSAR HEIGHT KONDO,WILAYAH PERSEKUTUAN,44,7,65.91666666666667,29.3,0.0
101.67136617699998,3.123569739000004,24/06/2025,BANGSAR HEIGHT KONDO,WILAYAH PERSEKUTUAN,45,7,65.91666666666667,29.3,0.0
101.67136617699998,3.123569739000004,24/06/2025,BANGSAR HEIGHT KONDO,WILAYAH PERSEKUTUAN,40,7,65.91666666666667,29.3,0.0
101.67136617699998,3.123569739000004,24/06/2025,BANGSAR HEIGHT KONDO,WILAYAH PERSEKUTUAN,41,7,65.91666666666667,29.3,0.0
101.60939593900002,3.0808161339999742,25/06/2025,E11. SRI PJS 8 MENTARI COURT,SELANGOR,36,8,66.25,29.7,0.1
101.60939593900002,3.0808161339999742,25/06/2025,E11. SRI PJS 8 MENTARI COURT,SELANGOR,34,8,66.25,29.7,0.1
101.60939593900002,3.0808161339999742,25/06/2025,E11. SRI PJS 8 MENTARI COURT,SELANGOR,35,8,66.25,29.7,0.1
101.66316124000002,3.103425506999997,25/06/2025,KONDO RAKYAT,WILAYAH PERSEKUTUAN,31,9,67.25,29.2,1.0
101.66316124000002,3.103425506999997,25/06/2025,KONDO RAKYAT,WILAYAH PERSEKUTUAN,33,9,67.25,29.2,1.0
101.66316124000002,3.103425506999997,25/06/2025,KONDO RAKYAT,WILAYAH PERSEKUTUAN,32,9,67.25,29.2,1.0
101.67136617699998,3.123569739000004,25/06/2025,BANGSAR HEIGHT KONDO,WILAYAH PERSEKUTUAN,42,7,67.25,29.3,1.0
101.67136617699998,3.123569739000004,25/06/2025,BANGSAR HEIGHT KONDO,WILAYAH PERSEKUTUAN,44,7,67.25,29.3,1.0
101.67136617699998,3.123569739000004,25/06/2025,BANGSAR HEIGHT KONDO,WILAYAH PERSEKUTUAN,45,7,67.25,29.3,1.0
101.67136617699998,3.123569739000004,25/06/2025,BANGSAR HEIGHT KONDO,WILAYAH PERSEKUTUAN,40,7,67.25,29.3,1.0
101.67136617699998,3.123569739000004,25/06/2025,BANGSAR HEIGHT KONDO,WILAYAH PERSEKUTUAN,41,7,67.25,29.3,1.0
101.66316124000002,3.103425506999997,26/06/2025,KONDO RAKYAT,WILAYAH PERSEKUTUAN,34,9,66.79166666666667,29.2,0.1
101.66316124000002,3.103425506999997,27/06/2025,KONDO RAKYAT,WILAYAH PERSEKUTUAN,35,9,72.33333333333333,28.5,2.4
101.66316124000002,3.103425506999997,27/06/2025,KONDO RAKYAT,WILAYAH PERSEKUTUAN,34,9,72.33333333333333,28.5,2.4
101.66316124000002,3.103425506999997,28/06/2025,KONDO RAKYAT,WILAYAH PERSEKUTUAN,35,9,69.25,28.3,3.3
101.66316124000002,3.103425506999997,28/06/2025,KONDO RAKYAT,WILAYAH PERSEKUTUAN,36,9,69.25,28.3,3.3
101.66316124000002,3.103425506999997,28/06/2025,KONDO RAKYAT,WILAYAH PERSEKUTUAN,34,9,69.25,28.3,3.3
101.66316124000002,3.103425506999997,29/06/2025,KONDO RAKYAT,WILAYAH PERSEKUTUAN,35,9,60.583333333333336,29.8,0.6
101.66316124000002,3.103425506999997,29/06/2025,KONDO RAKYAT,WILAYAH PERSEKUTUAN,37,9,60.583333333333336,29.8,0.6
101.66316124000002,3.103425506999997,29/06/2025,KONDO RAKYAT,WILAYAH PERSEKUTUAN,36,9,60.583333333333336,29.8,0.6
101.66316124000002,3.103425506999997,29/06/2025,KONDO RAKYAT,WILAYAH PERSEKUTUAN,34,9,60.583333333333336,29.8,0.6
101.66316124000002,3.103425506999997,30/06/2025,KONDO RAKYAT,WILAYAH PERSEKUTUAN,38,9,59.125,29.9,1.5
101.66316124000002,3.103425506999997,30/06/2025,KONDO RAKYAT,WILAYAH PERSEKUTUAN,35,9,59.125,29.9,1.5
101.66316124000002,3.103425506999997,30/06/2025,KONDO RAKYAT,WILAYAH PERSEKUTUAN,37,9,59.125,29.9,1.5
101.66316124000002,3.103425506999997,30/06/2025,KONDO RAKYAT,WILAYAH PERSEKUTUAN,36,9,59.125,29.9,1.5
101.66316124000002,3.103425506999997,30/06/2025,KONDO RAKYAT,WILAYAH PERSEKUTUAN,34,9,59.125,29.9,1.5
101.66316124000002,3.103425506999997,01/07/2025,KONDO RAKYAT,WILAYAH PERSEKUTUAN,38,9,59.458333333333336,30.2,0.2
101.66316124000002,3.103425506999997,01/07/2025,KONDO RAKYAT,WILAYAH PERSEKUTUAN,35,9,59.458333333333336,30.2,0.2
101.66316124000002,3.103425506999997,01/07/2025,KONDO RAKYAT,WILAYAH PERSEKUTUAN,37,9,59.458333333333336,30.2,0.2
101.66316124000002,3.103425506999997,01/07/2025,KONDO RAKYAT,WILAYAH PERSEKUTUAN,36,9,59.458333333333336,30.2,0.2
101.66316124000002,3.103425506999997,01/07/2025,KONDO RAKYAT,WILAYAH PERSEKUTUAN,39,9,59.458333333333336,30.2,0.2
101.66316124000002,3.103425506999997,01/07/2025,KONDO RAKYAT,WILAYAH PERSEKUTUAN,34,9,59.458333333333336,30.2,0.2
101.67500959199998,3.108856885000023,02/07/2025,PPR KG LIMAU,WILAYAH PERSEKUTUAN,31,11,67.33333333333333,29.4,0.9
101.66316124000002,3.103425506999997,02/07/2025,KONDO RAKYAT,WILAYAH PERSEKUTUAN,40,9,67.20833333333333,29.0,0.9
101.67500959199998,3.108856885000023,03/07/2025,PPR KG LIMAU,WILAYAH PERSEKUTUAN,32,11,70.95833333333333,29.0,0.1
101.67500959199998,3.108856885000023,03/07/2025,PPR KG LIMAU,WILAYAH PERSEKUTUAN,31,11,70.95833333333333,29.0,0.1
101.66316124000002,3.103425506999997,03/07/2025,KONDO RAKYAT,WILAYAH PERSEKUTUAN,41,9,70.91666666666667,28.6,0.1
101.66316124000002,3.103425506999997,03/07/2025,KONDO RAKYAT,WILAYAH PERSEKUTUAN,40,9,70.91666666666667,28.6,0.1
101.67500959199998,3.108856885000023,04/07/2025,PPR KG LIMAU,WILAYAH PERSEKUTUAN,32,11,70.08333333333333,28.9,2.8
101.67500959199998,3.108856885000023,04/07/2025,PPR KG LIMAU,WILAYAH PERSEKUTUAN,33,11,70.08333333333333,28.9,2.8
101.67500959199998,3.108856885000023,04/07/2025,PPR KG LIMAU,WILAYAH PERSEKUTUAN,31,11,70.08333333333333,28.9,2.8
101.66316124000002,3.103425506999997,04/07/2025,KONDO RAKYAT,WILAYAH PERSEKUTUAN,41,9,70.04166666666667,28.5,2.8
101.66316124000002,3.103425506999997,04/07/2025,KONDO RAKYAT,WILAYAH PERSEKUTUAN,42,9,70.04166666666667,28.5,2.8
101.66316124000002,3.103425506999997,04/07/2025,KONDO RAKYAT,WILAYAH PERSEKUTUAN,40,9,70.04166666666667,28.5,2.8
101.67500959199998,3.108856885000023,05/07/2025,PPR KG LIMAU,WILAYAH PERSEKUTUAN,34,11,68.95833333333333,29.1,0.9
101.67500959199998,3.108856885000023,05/07/2025,PPR KG LIMAU,WILAYAH PERSEKUTUAN,32,11,68.95833333333333,29.1,0.9
101.67500959199998,3.108856885000023,05/07/2025,PPR KG LIMAU,WILAYAH PERSEKUTUAN,33,11,68.95833333333333,29.1,0.9
101.67500959199998,3.108856885000023,05/07/2025,PPR KG LIMAU,WILAYAH PERSEKUTUAN,31,11,68.95833333333333,29.1,0.9
101.66316124000002,3.103425506999997,05/07/2025,KONDO RAKYAT,WILAYAH PERSEKUTUAN,41,9,68.95833333333333,28.7,0.9
101.66316124000002,3.103425506999997,05/07/2025,KONDO RAKYAT,WILAYAH PERSEKUTUAN,42,9,68.95833333333333,28.7,0.9
101.66316124000002,3.103425506999997,05/07/2025,KONDO RAKYAT,WILAYAH PERSEKUTUAN,40,9,68.95833333333333,28.7,0.9
101.67500959199998,3.108856885000023,06/07/2025,PPR KG LIMAU,WILAYAH PERSEKUTUAN,34,11,67.29166666666667,29.1,1.3
101.67500959199998,3.108856885000023,06/07/2025,PPR KG LIMAU,WILAYAH PERSEKUTUAN,35,11,67.29166666666667,29.1,1.3
101.67500959199998,3.108856885000023,06/07/2025,PPR KG LIMAU,WILAYAH PERSEKUTUAN,32,11,67.29166666666667,29.1,1.3
101.67500959199998,3.108856885000023,06/07/2025,PPR KG LIMAU,WILAYAH PERSEKUTUAN,33,11,67.29166666666667,29.1,1.3
101.67500959199998,3.108856885000023,06/07/2025,PPR KG LIMAU,WILAYAH PERSEKUTUAN,31,11,67.29166666666667,29.1,1.3
101.66316124000002,3.103425506999997,06/07/2025,KONDO RAKYAT,WILAYAH PERSEKUTUAN,41,9,67.16666666666667,28.8,1.3
101.66316124000002,3.103425506999997,06/07/2025,KONDO RAKYAT,WILAYAH PERSEKUTUAN,42,9,67.16666666666667,28.8,1.3
101.66316124000002,3.103425506999997,06/07/2025,KONDO RAKYAT,WILAYAH PERSEKUTUAN,40,9,67.16666666666667,28.8,1.3
101.67500959199998,3.108856885000023,07/07/2025,PPR KG LIMAU,WILAYAH PERSEKUTUAN,34,11,57.875,30.4,0.2
101.67500959199998,3.108856885000023,07/07/2025,PPR KG LIMAU,WILAYAH PERSEKUTUAN,35,11,57.875,30.4,0.2
101.67500959199998,3.108856885000023,07/07/2025,PPR KG LIMAU,WILAYAH PERSEKUTUAN,32,11,57.875,30.4,0.2
101.67500959199998,3.108856885000023,07/07/2025,PPR KG LIMAU,WILAYAH PERSEKUTUAN,33,11,57.875,30.4,0.2
101.67500959199998,3.108856885000023,07/07/2025,PPR KG LIMAU,WILAYAH PERSEKUTUAN,36,11,57.875,30.4,0.2
101.67500959199998,3.108856885000023,07/07/2025,PPR KG LIMAU,WILAYAH PERSEKUTUAN,31,11,57.875,30.4,0.2
101.66316124000002,3.103425506999997,07/07/2025,KONDO RAKYAT,WILAYAH PERSEKUTUAN,41,9,57.791666666666664,30.0,0.2
101.66316124000002,3.103425506999997,07/07/2025,KONDO RAKYAT,WILAYAH PERSEKUTUAN,42,9,57.791666666666664,30.0,0.2
101.66316124000002,3.103425506999997,07/07/2025,KONDO RAKYAT,WILAYAH PERSEKUTUAN,40,9,57.791666666666664,30.0,0.2
101.67500959199998,3.108856885000023,08/07/2025,PPR KG LIMAU,WILAYAH PERSEKUTUAN,34,11,68.45833333333333,28.9,2.1
101.67500959199998,3.108856885000023,08/07/2025,PPR KG LIMAU,WILAYAH PERSEKUTUAN,35,11,68.45833333333333,28.9,2.1
101.67500959199998,3.108856885000023,08/07/2025,PPR KG LIMAU,WILAYAH PERSEKUTUAN,32,11,68.45833333333333,28.9,2.1
101.67500959199998,3.108856885000023,08/07/2025,PPR KG LIMAU,WILAYAH PERSEKUTUAN,33,11,68.45833333333333,28.9,2.1
101.67500959199998,3.108856885000023,08/07/2025,PPR KG LIMAU,WILAYAH PERSEKUTUAN,36,11,68.45833333333333,28.9,2.1
101.67500959199998,3.108856885000023,08/07/2025,PPR KG LIMAU,WILAYAH PERSEKUTUAN,31,11,68.45833333333333,28.9,2.1
101.66316124000002,3.103425506999997,08/07/2025,KONDO RAKYAT,WILAYAH PERSEKUTUAN,41,9,68.41666666666667,28.5,2.1
101.66316124000002,3.103425506999997,08/07/2025,KONDO RAKYAT,WILAYAH PERSEKUTUAN,42,9,68.41666666666667,28.5,2.1
101.66316124000002,3.103425506999997,08/07/2025,KONDO RAKYAT,WILAYAH PERSEKUTUAN,40,9,68.41666666666667,28.5,2.1
101.67500959199998,3.108856885000023,09/07/2025,PPR KG LIMAU,WILAYAH PERSEKUTUAN,34,11,66.79166666666667,29.5,0.0
101.67500959199998,3.108856885000023,09/07/2025,PPR KG LIMAU,WILAYAH PERSEKUTUAN,35,11,66.79166666666667,29.5,0.0
101.67500959199998,3.108856885000023,09/07/2025,PPR KG LIMAU,WILAYAH PERSEKUTUAN,32,11,66.79166666666667,29.5,0.0
101.67500959199998,3.108856885000023,09/07/2025,PPR KG LIMAU,WILAYAH PERSEKUTUAN,33,11,66.79166666666667,29.5,0.0
101.67500959199998,3.108856885000023,09/07/2025,PPR KG LIMAU,WILAYAH PERSEKUTUAN,36,11,66.79166666666667,29.5,0.0
101.67500959199998,3.108856885000023,09/07/2025,PPR KG LIMAU,WILAYAH PERSEKUTUAN,31,11,66.79166666666667,29.5,0.0
101.66316124000002,3.103425506999997,09/07/2025,KONDO RAKYAT,WILAYAH PERSEKUTUAN,41,9,66.66666666666667,29.1,0.0
101.66316124000002,3.103425506999997,09/07/2025,KONDO RAKYAT,WILAYAH PERSEKUTUAN,42,9,66.66666666666667,29.1,0.0
101.66316124000002,3.103425506999997,09/07/2025,KONDO RAKYAT,WILAYAH PERSEKUTUAN,40,9,66.66666666666667,29.1,0.0
101.614875794,3.110574172999975,21/07/2025,"E9. KT SS 2 (1) [JLN SS 2/1-2/4, 2/4A,4B, 2/5-2/23, 2/25, 2/25A]",SELANGOR,31,4,58.125,30.8,0.0
101.614875794,3.110574172999975,22/07/2025,"E9. KT SS 2 (1) [JLN SS 2/1-2/4, 2/4A,4B, 2/5-2/23, 2/25, 2/25A]",SELANGOR,31,4,64.70833333333333,29.3,2.7
101.614875794,3.110574172999975,22/07/2025,"E9. KT SS 2 (1) [JLN SS 2/1-2/4, 2/4A,4B, 2/5-2/23, 2/25, 2/25A]",SELANGOR,32,4,64.70833333333333,29.3,2.7
101.614875794,3.110574172999975,23/07/2025,"E9. KT SS 2 (1) [JLN SS 2/1-2/4, 2/4A,4B, 2/5-2/23, 2/25, 2/25A]",SELANGOR,31,4,64.20833333333333,29.9,0.2
101.614875794,3.110574172999975,23/07/2025,"E9. KT SS 2 (1) [JLN SS 2/1-2/4, 2/4A,4B, 2/5-2/23, 2/25, 2/25A]",SELANGOR,32,4,64.20833333333333,29.9,0.2
101.614875794,3.110574172999975,23/07/2025,"E9. KT SS 2 (1) [JLN SS 2/1-2/4, 2/4A,4B, 2/5-2/23, 2/25, 2/25A]",SELANGOR,33,4,64.20833333333333,29.9,0.2
101.614875794,3.110574172999975,24/07/2025,"E9. KT SS 2 (1) [JLN SS 2/1-2/4, 2/4A,4B, 2/5-2/23, 2/25, 2/25A]",SELANGOR,34,4,69.54166666666667,29.4,3.5
101.614875794,3.110574172999975,25/07/2025,"E9. KT SS 2 (1) [JLN SS 2/1-2/4, 2/4A,4B, 2/5-2/23, 2/25, 2/25A]",SELANGOR,35,4,74.625,28.1,2.6
101.614875794,3.110574172999975,25/07/2025,"E9. KT SS 2 (1) [JLN SS 2/1-2/4, 2/4A,4B, 2/5-2/23, 2/25, 2/25A]",SELANGOR,34,4,74.625,28.1,2.6
101.60939593900002,3.0808161339999742,26/07/2025,E11. SRI PJS 8 MENTARI COURT,SELANGOR,31,8,77.5,27.9,6.1
101.614875794,3.110574172999975,26/07/2025,"E9. KT SS 2 (1) [JLN SS 2/1-2/4, 2/4A,4B, 2/5-2/23, 2/25, 2/25A]",SELANGOR,35,4,76.0,27.9,6.6
101.614875794,3.110574172999975,26/07/2025,"E9. KT SS 2 (1) [JLN SS 2/1-2/4, 2/4A,4B, 2/5-2/23, 2/25, 2/25A]",SELANGOR,36,4,76.0,27.9,6.6
101.614875794,3.110574172999975,26/07/2025,"E9. KT SS 2 (1) [JLN SS 2/1-2/4, 2/4A,4B, 2/5-2/23, 2/25, 2/25A]",SELANGOR,34,4,76.0,27.9,6.6
101.60939593900002,3.0808161339999742,27/07/2025,E11. SRI PJS 8 MENTARI COURT,SELANGOR,31,8,76.41666666666667,28.6,1.4
101.60939593900002,3.0808161339999742,27/07/2025,E11. SRI PJS 8 MENTARI COURT,SELANGOR,32,8,76.41666666666667,28.6,1.4
101.614875794,3.110574172999975,27/07/2025,"E9. KT SS 2 (1) [JLN SS 2/1-2/4, 2/4A,4B, 2/5-2/23, 2/25, 2/25A]",SELANGOR,35,4,76.33333333333333,28.5,2.3
101.614875794,3.110574172999975,27/07/2025,"E9. KT SS 2 (1) [JLN SS 2/1-2/4, 2/4A,4B, 2/5-2/23, 2/25, 2/25A]",SELANGOR,36,4,76.33333333333333,28.5,2.3
101.614875794,3.110574172999975,27/07/2025,"E9. KT SS 2 (1) [JLN SS 2/1-2/4, 2/4A,4B, 2/5-2/23, 2/25, 2/25A]",SELANGOR,34,4,76.33333333333333,28.5,2.3
101.614875794,3.110574172999975,27/07/2025,"E9. KT SS 2 (1) [JLN SS 2/1-2/4, 2/4A,4B, 2/5-2/23, 2/25, 2/25A]",SELANGOR,37,4,76.33333333333333,28.5,2.3
101.60939593900002,3.0808161339999742,28/07/2025,E11. SRI PJS 8 MENTARI COURT,SELANGOR,33,8,69.54166666666667,29.7,0.2
101.60939593900002,3.0808161339999742,28/07/2025,E11. SRI PJS 8 MENTARI COURT,SELANGOR,31,8,69.54166666666667,29.7,0.2
101.60939593900002,3.0808161339999742,28/07/2025,E11. SRI PJS 8 MENTARI COURT,SELANGOR,32,8,69.54166666666667,29.7,0.2
101.614875794,3.110574172999975,28/07/2025,"E9. KT SS 2 (1) [JLN SS 2/1-2/4, 2/4A,4B, 2/5-2/23, 2/25, 2/25A]",SELANGOR,35,4,69.20833333333333,29.5,0.1
101.614875794,3.110574172999975,28/07/2025,"E9. KT SS 2 (1) [JLN SS 2/1-2/4, 2/4A,4B, 2/5-2/23, 2/25, 2/25A]",SELANGOR,36,4,69.20833333333333,29.5,0.1
101.614875794,3.110574172999975,28/07/2025,"E9. KT SS 2 (1) [JLN SS 2/1-2/4, 2/4A,4B, 2/5-2/23, 2/25, 2/25A]",SELANGOR,34,4,69.20833333333333,29.5,0.1
101.614875794,3.110574172999975,28/07/2025,"E9. KT SS 2 (1) [JLN SS 2/1-2/4, 2/4A,4B, 2/5-2/23, 2/25, 2/25A]",SELANGOR,37,4,69.20833333333333,29.5,0.1
101.60939593900002,3.0808161339999742,29/07/2025,E11. SRI PJS 8 MENTARI COURT,SELANGOR,33,8,65.58333333333333,30.7,1.0
101.60939593900002,3.0808161339999742,29/07/2025,E11. SRI PJS 8 MENTARI COURT,SELANGOR,31,8,65.58333333333333,30.7,1.0
101.60939593900002,3.0808161339999742,29/07/2025,E11. SRI PJS 8 MENTARI COURT,SELANGOR,32,8,65.58333333333333,30.7,1.0
101.60939593900002,3.0808161339999742,29/07/2025,E11. SRI PJS 8 MENTARI COURT,SELANGOR,34,8,65.58333333333333,30.7,1.0
101.614875794,3.110574172999975,29/07/2025,"E9. KT SS 2 (1) [JLN SS 2/1-2/4, 2/4A,4B, 2/5-2/23, 2/25, 2/25A]",SELANGOR,35,4,63.833333333333336,30.8,0.3
101.614875794,3.110574172999975,29/07/2025,"E9. KT SS 2 (1) [JLN SS 2/1-2/4, 2/4A,4B, 2/5-2/23, 2/25, 2/25A]",SELANGOR,36,4,63.833333333333336,30.8,0.3
101.614875794,3.110574172999975,29/07/2025,"E9. KT SS 2 (1) [JLN SS 2/1-2/4, 2/4A,4B, 2/5-2/23, 2/25, 2/25A]",SELANGOR,34,4,63.833333333333336,30.8,0.3
101.614875794,3.110574172999975,29/07/2025,"E9. KT SS 2 (1) [JLN SS 2/1-2/4, 2/4A,4B, 2/5-2/23, 2/25, 2/25A]",SELANGOR,37,4,63.833333333333336,30.8,0.3
101.60939593900002,3.0808161339999742,30/07/2025,E11. SRI PJS 8 MENTARI COURT,SELANGOR,33,8,69.875,29.5,0.6
101.60939593900002,3.0808161339999742,30/07/2025,E11. SRI PJS 8 MENTARI COURT,SELANGOR,31,8,69.875,29.5,0.6
101.60939593900002,3.0808161339999742,30/07/2025,E11. SRI PJS 8 MENTARI COURT,SELANGOR,32,8,69.875,29.5,0.6
101.60939593900002,3.0808161339999742,30/07/2025,E11. SRI PJS 8 MENTARI COURT,SELANGOR,34,8,69.875,29.5,0.6
101.60939593900002,3.0808161339999742,30/07/2025,E11. SRI PJS 8 MENTARI COURT,SELANGOR,35,8,69.875,29.5,0.6
101.614875794,3.110574172999975,30/07/2025,"E9. KT SS 2 (1) [JLN SS 2/1-2/4, 2/4A,4B, 2/5-2/23, 2/25, 2/25A]",SELANGOR,35,4,67.54166666666667,29.6,0.5
101.614875794,3.110574172999975,30/07/2025,"E9. KT SS 2 (1) [JLN SS 2/1-2/4, 2/4A,4B, 2/5-2/23, 2/25, 2/25A]",SELANGOR,36,4,67.54166666666667,29.6,0.5
101.614875794,3.110574172999975,30/07/2025,"E9. KT SS 2 (1) [JLN SS 2/1-2/4, 2/4A,4B, 2/5-2/23, 2/25, 2/25A]",SELANGOR,34,4,67.54166666666667,29.6,0.5
101.614875794,3.110574172999975,30/07/2025,"E9. KT SS 2 (1) [JLN SS 2/1-2/4, 2/4A,4B, 2/5-2/23, 2/25, 2/25A]",SELANGOR,37,4,67.54166666666667,29.6,0.5
101.60939593900002,3.0808161339999742,31/07/2025,E11. SRI PJS 8 MENTARI COURT,SELANGOR,36,8,68.45833333333333,30.1,0.2
101.60939593900002,3.0808161339999742,01/08/2025,E11. SRI PJS 8 MENTARI COURT,SELANGOR,37,8,65.95833333333333,30.2,1.0
101.60939593900002,3.0808161339999742,01/08/2025,E11. SRI PJS 8 MENTARI COURT,SELANGOR,36,8,65.95833333333333,30.2,1.0
101.60939593900002,3.0808161339999742,02/08/2025,E11. SRI PJS 8 MENTARI COURT,SELANGOR,37,8,70.95833333333333,29.3,2.4
101.60939593900002,3.0808161339999742,02/08/2025,E11. SRI PJS 8 MENTARI COURT,SELANGOR,38,9,70.95833333333333,29.3,2.4
101.60939593900002,3.0808161339999742,02/08/2025,E11. SRI PJS 8 MENTARI COURT,SELANGOR,36,8,70.95833333333333,29.3,2.4
101.60939593900002,3.0808161339999742,03/08/2025,E11. SRI PJS 8 MENTARI COURT,SELANGOR,37,8,68.95833333333333,29.4,1.4
101.60939593900002,3.0808161339999742,03/08/2025,E11. SRI PJS 8 MENTARI COURT,SELANGOR,38,9,68.95833333333333,29.4,1.4
101.60939593900002,3.0808161339999742,03/08/2025,E11. SRI PJS 8 MENTARI COURT,SELANGOR,39,9,68.95833333333333,29.4,1.4
101.60939593900002,3.0808161339999742,03/08/2025,E11. SRI PJS 8 MENTARI COURT,SELANGOR,36,8,68.95833333333333,29.4,1.4
101.60939593900002,3.0808161339999742,04/08/2025,E11. SRI PJS 8 MENTARI COURT,SELANGOR,37,8,79.95833333333333,27.3,32.4
101.60939593900002,3.0808161339999742,04/08/2025,E11. SRI PJS 8 MENTARI COURT,SELANGOR,40,9,79.95833333333333,27.3,32.4
101.60939593900002,3.0808161339999742,04/08/2025,E11. SRI PJS 8 MENTARI COURT,SELANGOR,38,9,79.95833333333333,27.3,32.4
101.60939593900002,3.0808161339999742,04/08/2025,E11. SRI PJS 8 MENTARI COURT,SELANGOR,39,9,79.95833333333333,27.3,32.4
101.60939593900002,3.0808161339999742,04/08/2025,E11. SRI PJS 8 MENTARI COURT,SELANGOR,36,8,79.95833333333333,27.3,32.4
101.60939593900002,3.0808161339999742,05/08/2025,E11. SRI PJS 8 MENTARI COURT,SELANGOR,37,8,76.58333333333333,27.5,0.2
101.60939593900002,3.0808161339999742,05/08/2025,E11. SRI PJS 8 MENTARI COURT,SELANGOR,40,9,76.58333333333333,27.5,0.2
101.60939593900002,3.0808161339999742,05/08/2025,E11. SRI PJS 8 MENTARI COURT,SELANGOR,41,9,76.58333333333333,27.5,0.2
101.60939593900002,3.0808161339999742,05/08/2025,E11. SRI PJS 8 MENTARI COURT,SELANGOR,38,9,76.58333333333333,27.5,0.2
101.60939593900002,3.0808161339999742,05/08/2025,E11. SRI PJS 8 MENTARI COURT,SELANGOR,39,9,76.58333333333333,27.5,0.2
101.60939593900002,3.0808161339999742,05/08/2025,E11. SRI PJS 8 MENTARI COURT,SELANGOR,36,8,76.58333333333333,27.5,0.2
101.60939593900002,3.0808161339999742,06/08/2025,E11. SRI PJS 8 MENTARI COURT,SELANGOR,42,9,79.29166666666667,27.8,3.9
101.60939593900002,3.0808161339999742,06/08/2025,E11. SRI PJS 8 MENTARI COURT,SELANGOR,37,8,79.29166666666667,27.8,3.9
101.60939593900002,3.0808161339999742,06/08/2025,E11. SRI PJS 8 MENTARI COURT,SELANGOR,40,9,79.29166666666667,27.8,3.9
101.60939593900002,3.0808161339999742,06/08/2025,E11. SRI PJS 8 MENTARI COURT,SELANGOR,41,9,79.29166666666667,27.8,3.9
101.60939593900002,3.0808161339999742,06/08/2025,E11. SRI PJS 8 MENTARI COURT,SELANGOR,38,9,79.29166666666667,27.8,3.9
101.60939593900002,3.0808161339999742,06/08/2025,E11. SRI PJS 8 MENTARI COURT,SELANGOR,39,9,79.29166666666667,27.8,3.9
101.60939593900002,3.0808161339999742,06/08/2025,E11. SRI PJS 8 MENTARI COURT,SELANGOR,36,8,79.29166666666667,27.8,3.9
101.60939593900002,3.0808161339999742,07/08/2025,E11. SRI PJS 8 MENTARI COURT,SELANGOR,43,9,76.95833333333333,28.2,2.6
101.60939593900002,3.0808161339999742,08/08/2025,E11. SRI PJS 8 MENTARI COURT,SELANGOR,44,9,75.95833333333333,27.8,2.3
101.60939593900002,3.0808161339999742,08/08/2025,E11. SRI PJS 8 MENTARI COURT,SELANGOR,43,9,75.95833333333333,27.8,2.3
101.60939593900002,3.0808161339999742,09/08/2025,E11. SRI PJS 8 MENTARI COURT,SELANGOR,44,9,78.0,28.1,0.4
101.60939593900002,3.0808161339999742,09/08/2025,E11. SRI PJS 8 MENTARI COURT,SELANGOR,45,9,78.0,28.1,0.4
101.60939593900002,3.0808161339999742,09/08/2025,E11. SRI PJS 8 MENTARI COURT,SELANGOR,43,9,78.0,28.1,0.4
101.60939593900002,3.0808161339999742,10/08/2025,E11. SRI PJS 8 MENTARI COURT,SELANGOR,44,9,84.75,26.5,7.7
101.60939593900002,3.0808161339999742,10/08/2025,E11. SRI PJS 8 MENTARI COURT,SELANGOR,45,9,84.75,26.5,7.7
101.60939593900002,3.0808161339999742,10/08/2025,E11. SRI PJS 8 MENTARI COURT,SELANGOR,43,9,84.75,26.5,7.7
101.60939593900002,3.0808161339999742,11/08/2025,E11. SRI PJS 8 MENTARI COURT,SELANGOR,44,9,82.41666666666667,26.7,2.1
101.60939593900002,3.0808161339999742,11/08/2025,E11. SRI PJS 8 MENTARI COURT,SELANGOR,45,9,82.41666666666667,26.7,2.1
101.60939593900002,3.0808161339999742,11/08/2025,E11. SRI PJS 8 MENTARI COURT,SELANGOR,43,9,82.41666666666667,26.7,2.1
101.60939593900002,3.0808161339999742,11/08/2025,E11. SRI PJS 8 MENTARI COURT,SELANGOR,47,9,82.41666666666667,26.7,2.1
101.60939593900002,3.0808161339999742,12/08/2025,E11. SRI PJS 8 MENTARI COURT,SELANGOR,48,9,75.125,28.0,1.6
101.60939593900002,3.0808161339999742,12/08/2025,E11. SRI PJS 8 MENTARI COURT,SELANGOR,44,9,75.125,28.0,1.6
101.60939593900002,3.0808161339999742,12/08/2025,E11. SRI PJS 8 MENTARI COURT,SELANGOR,45,9,75.125,28.0,1.6
101.60939593900002,3.0808161339999742,12/08/2025,E11. SRI PJS 8 MENTARI COURT,SELANGOR,43,9,75.125,28.0,1.6
101.60939593900002,3.0808161339999742,12/08/2025,E11. SRI PJS 8 MENTARI COURT,SELANGOR,47,9,75.125,28.0,1.6
101.60939593900002,3.0808161339999742,13/08/2025,E11. SRI PJS 8 MENTARI COURT,SELANGOR,48,9,71.83333333333333,28.1,0.0
101.60939593900002,3.0808161339999742,13/08/2025,E11. SRI PJS 8 MENTARI COURT,SELANGOR,44,9,71.83333333333333,28.1,0.0
101.60939593900002,3.0808161339999742,13/08/2025,E11. SRI PJS 8 MENTARI COURT,SELANGOR,49,9,71.83333333333333,28.1,0.0
101.60939593900002,3.0808161339999742,13/08/2025,E11. SRI PJS 8 MENTARI COURT,SELANGOR,45,9,71.83333333333333,28.1,0.0
101.60939593900002,3.0808161339999742,13/08/2025,E11. SRI PJS 8 MENTARI COURT,SELANGOR,43,9,71.83333333333333,28.1,0.0
101.60939593900002,3.0808161339999742,13/08/2025,E11. SRI PJS 8 MENTARI COURT,SELANGOR,47,9,71.83333333333333,28.1,0.0
101.60939593900002,3.0808161339999742,14/08/2025,E11. SRI PJS 8 MENTARI COURT,SELANGOR,50,9,76.95833333333333,27.6,1.9
101.60939593900002,3.0808161339999742,15/08/2025,E11. SRI PJS 8 MENTARI COURT,SELANGOR,50,9,78.79166666666667,27.0,10.8
101.60939593900002,3.0808161339999742,16/08/2025,E11. SRI PJS 8 MENTARI COURT,SELANGOR,50,9,78.70833333333333,27.4,3.6
101.60939593900002,3.0808161339999742,17/08/2025,E11. SRI PJS 8 MENTARI COURT,SELANGOR,50,9,74.58333333333333,28.3,0.2
101.60939593900002,3.0808161339999742,18/08/2025,E11. SRI PJS 8 MENTARI COURT,SELANGOR,50,9,73.16666666666667,28.1,4.1
101.60939593900002,3.0808161339999742,19/08/2025,E11. SRI PJS 8 MENTARI COURT,SELANGOR,50,9,74.25,27.4,0.4
101.60939593900002,3.0808161339999742,20/08/2025,E11. SRI PJS 8 MENTARI COURT,SELANGOR,50,9,79.16666666666667,27.3,2.6
101.62187576299999,3.108956099000011,09/10/2025,"E8. BU SS 21 (2) [JLN SS 21/15,17,19,21,22,24,26,28,30,32,34,36,38,40,42A]",SELANGOR,31,13,74.33333333333333,28.450000000000003,1.7
101.62187576299999,3.108956099000011,10/10/2025,"E8. BU SS 21 (2) [JLN SS 21/15,17,19,21,22,24,26,28,30,32,34,36,38,40,42A]",SELANGOR,32,14,73.625,28.549999999999997,0.3
101.62187576299999,3.108956099000011,10/10/2025,"E8. BU SS 21 (2) [JLN SS 21/15,17,19,21,22,24,26,28,30,32,34,36,38,40,42A]",SELANGOR,31,13,73.625,28.549999999999997,0.3
101.62187576299999,3.108956099000011,11/10/2025,"E8. BU SS 21 (2) [JLN SS 21/15,17,19,21,22,24,26,28,30,32,34,36,38,40,42A]",SELANGOR,32,14,79.75,27.6,1.6
101.62187576299999,3.108956099000011,11/10/2025,"E8. BU SS 21 (2) [JLN SS 21/15,17,19,21,22,24,26,28,30,32,34,36,38,40,42A]",SELANGOR,31,13,79.75,27.6,1.6
101.62187576299999,3.108956099000011,11/10/2025,"E8. BU SS 21 (2) [JLN SS 21/15,17,19,21,22,24,26,28,30,32,34,36,38,40,42A]",SELANGOR,33,14,79.75,27.6,1.6
101.62187576299999,3.108956099000011,12/10/2025,"E8. BU SS 21 (2) [JLN SS 21/15,17,19,21,22,24,26,28,30,32,34,36,38,40,42A]",SELANGOR,34,14,77.875,28.4,5.3
101.62187576299999,3.108956099000011,12/10/2025,"E8. BU SS 21 (2) [JLN SS 21/15,17,19,21,22,24,26,28,30,32,34,36,38,40,42A]",SELANGOR,32,14,77.875,28.4,5.3
101.62187576299999,3.108956099000011,12/10/2025,"E8. BU SS 21 (2) [JLN SS 21/15,17,19,21,22,24,26,28,30,32,34,36,38,40,42A]",SELANGOR,31,13,77.875,28.4,5.3
101.62187576299999,3.108956099000011,12/10/2025,"E8. BU SS 21 (2) [JLN SS 21/15,17,19,21,22,24,26,28,30,32,34,36,38,40,42A]",SELANGOR,33,14,77.875,28.4,5.3
101.62187576299999,3.108956099000011,13/10/2025,"E8. BU SS 21 (2) [JLN SS 21/15,17,19,21,22,24,26,28,30,32,34,36,38,40,42A]",SELANGOR,34,14,76.08333333333333,28.85,1.3
101.62187576299999,3.108956099000011,13/10/2025,"E8. BU SS 21 (2) [JLN SS 21/15,17,19,21,22,24,26,28,30,32,34,36,38,40,42A]",SELANGOR,32,14,76.08333333333333,28.85,1.3
101.62187576299999,3.108956099000011,13/10/2025,"E8. BU SS 21 (2) [JLN SS 21/15,17,19,21,22,24,26,28,30,32,34,36,38,40,42A]",SELANGOR,35,14,76.08333333333333,28.85,1.3
101.62187576299999,3.108956099000011,13/10/2025,"E8. BU SS 21 (2) [JLN SS 21/15,17,19,21,22,24,26,28,30,32,34,36,38,40,42A]",SELANGOR,31,13,76.08333333333333,28.85,1.3
101.62187576299999,3.108956099000011,13/10/2025,"E8. BU SS 21 (2) [JLN SS 21/15,17,19,21,22,24,26,28,30,32,34,36,38,40,42A]",SELANGOR,33,14,76.08333333333333,28.85,1.3
101.62187576299999,3.108956099000011,14/10/2025,"E8. BU SS 21 (2) [JLN SS 21/15,17,19,21,22,24,26,28,30,32,34,36,38,40,42A]",SELANGOR,34,14,76.125,29.25,8.8
101.62187576299999,3.108956099000011,14/10/2025,"E8. BU SS 21 (2) [JLN SS 21/15,17,19,21,22,24,26,28,30,32,34,36,38,40,42A]",SELANGOR,32,14,76.125,29.25,8.8
101.62187576299999,3.108956099000011,14/10/2025,"E8. BU SS 21 (2) [JLN SS 21/15,17,19,21,22,24,26,28,30,32,34,36,38,40,42A]",SELANGOR,35,14,76.125,29.25,8.8
101.62187576299999,3.108956099000011,14/10/2025,"E8. BU SS 21 (2) [JLN SS 21/15,17,19,21,22,24,26,28,30,32,34,36,38,40,42A]",SELANGOR,31,13,76.125,29.25,8.8
101.62187576299999,3.108956099000011,14/10/2025,"E8. BU SS 21 (2) [JLN SS 21/15,17,19,21,22,24,26,28,30,32,34,36,38,40,42A]",SELANGOR,33,14,76.125,29.25,8.8
101.62187576299999,3.108956099000011,14/10/2025,"E8. BU SS 21 (2) [JLN SS 21/15,17,19,21,22,24,26,28,30,32,34,36,38,40,42A]",SELANGOR,36,14,76.125,29.25,8.8
101.62187576299999,3.108956099000011,15/10/2025,"E8. BU SS 21 (2) [JLN SS 21/15,17,19,21,22,24,26,28,30,32,34,36,38,40,42A]",SELANGOR,34,14,74.83333333333333,30.15,12.2
101.62187576299999,3.108956099000011,15/10/2025,"E8. BU SS 21 (2) [JLN SS 21/15,17,19,21,22,24,26,28,30,32,34,36,38,40,42A]",SELANGOR,32,14,74.83333333333333,30.15,12.2
101.62187576299999,3.108956099000011,15/10/2025,"E8. BU SS 21 (2) [JLN SS 21/15,17,19,21,22,24,26,28,30,32,34,36,38,40,42A]",SELANGOR,35,14,74.83333333333333,30.15,12.2
101.62187576299999,3.108956099000011,15/10/2025,"E8. BU SS 21 (2) [JLN SS 21/15,17,19,21,22,24,26,28,30,32,34,36,38,40,42A]",SELANGOR,31,13,74.83333333333333,30.15,12.2
101.62187576299999,3.108956099000011,15/10/2025,"E8. BU SS 21 (2) [JLN SS 21/15,17,19,21,22,24,26,28,30,32,34,36,38,40,42A]",SELANGOR,33,14,74.83333333333333,30.15,12.2
101.62187576299999,3.108956099000011,15/10/2025,"E8. BU SS 21 (2) [JLN SS 21/15,17,19,21,22,24,26,28,30,32,34,36,38,40,42A]",SELANGOR,36,14,74.83333333333333,30.15,12.2
101.62187576299999,3.108956099000011,16/10/2025,"E8. BU SS 21 (2) [JLN SS 21/15,17,19,21,22,24,26,28,30,32,34,36,38,40,42A]",SELANGOR,38,14,79.79166666666667,28.75,3.0
101.62187576299999,3.108956099000011,16/10/2025,"E8. BU SS 21 (2) [JLN SS 21/15,17,19,21,22,24,26,28,30,32,34,36,38,40,42A]",SELANGOR,38,14,81.83333333333333,28.599999999999998,14.4
101.62187576299999,3.108956099000011,17/10/2025,"E8. BU SS 21 (2) [JLN SS 21/15,17,19,21,22,24,26,28,30,32,34,36,38,40,42A]",SELANGOR,38,14,83.0,27.65,5.8
101.62187576299999,3.108956099000011,18/10/2025,"E8. BU SS 21 (2) [JLN SS 21/15,17,19,21,22,24,26,28,30,32,34,36,38,40,42A]",SELANGOR,40,14,83.20833333333333,28.0,10.8
101.62187576299999,3.108956099000011,18/10/2025,"E8. BU SS 21 (2) [JLN SS 21/15,17,19,21,22,24,26,28,30,32,34,36,38,40,42A]",SELANGOR,38,14,83.20833333333333,28.0,10.8
101.62187576299999,3.108956099000011,19/10/2025,"E8. BU SS 21 (2) [JLN SS 21/15,17,19,21,22,24,26,28,30,32,34,36,38,40,42A]",SELANGOR,40,14,83.125,27.95,6.3
101.62187576299999,3.108956099000011,19/10/2025,"E8. BU SS 21 (2) [JLN SS 21/15,17,19,21,22,24,26,28,30,32,34,36,38,40,42A]",SELANGOR,38,14,83.125,27.95,6.3
101.62187576299999,3.108956099000011,19/10/2025,"E8. BU SS 21 (2) [JLN SS 21/15,17,19,21,22,24,26,28,30,32,34,36,38,40,42A]",SELANGOR,41,14,83.125,27.95,6.3
101.62187576299999,3.108956099000011,20/10/2025,"E8. BU SS 21 (2) [JLN SS 21/15,17,19,21,22,24,26,28,30,32,34,36,38,40,42A]",SELANGOR,42,14,85,27.1,3.7
101.62187576299999,3.108956099000011,20/10/2025,"E8. BU SS 21 (2) [JLN SS 21/15,17,19,21,22,24,26,28,30,32,34,36,38,40,42A]",SELANGOR,40,14,85,27.1,3.7
101.62187576299999,3.108956099000011,20/10/2025,"E8. BU SS 21 (2) [JLN SS 21/15,17,19,21,22,24,26,28,30,32,34,36,38,40,42A]",SELANGOR,38,14,85,27.1,3.7
101.62187576299999,3.108956099000011,20/10/2025,"E8. BU SS 21 (2) [JLN SS 21/15,17,19,21,22,24,26,28,30,32,34,36,38,40,42A]",SELANGOR,41,14,85,27.1,3.7
101.62187576299999,3.108956099000011,21/10/2025,"E8. BU SS 21 (2) [JLN SS 21/15,17,19,21,22,24,26,28,30,32,34,36,38,40,42A]",SELANGOR,42,14,76,28.3,0.1
101.62187576299999,3.108956099000011,21/10/2025,"E8. BU SS 21 (2) [JLN SS 21/15,17,19,21,22,24,26,28,30,32,34,36,38,40,42A]",SELANGOR,40,14,76,28.3,0.1
101.62187576299999,3.108956099000011,21/10/2025,"E8. BU SS 21 (2) [JLN SS 21/15,17,19,21,22,24,26,28,30,32,34,36,38,40,42A]",SELANGOR,38,14,76,28.3,0.1
101.62187576299999,3.108956099000011,21/10/2025,"E8. BU SS 21 (2) [JLN SS 21/15,17,19,21,22,24,26,28,30,32,34,36,38,40,42A]",SELANGOR,44,14,76,28.3,0.1
101.62187576299999,3.108956099000011,21/10/2025,"E8. BU SS 21 (2) [JLN SS 21/15,17,19,21,22,24,26,28,30,32,34,36,38,40,42A]",SELANGOR,41,14,76,28.3,0.1
101.60939593900002,3.0808161339999742,27/10/2025,E11. SRI PJS 8 MENTARI COURT,SELANGOR,31,7,72,29.0,0.0
101.60939593900002,3.0808161339999742,28/10/2025,E11. SRI PJS 8 MENTARI COURT,SELANGOR,31,7,76,28.9,0.5
101.60939593900002,3.0808161339999742,28/10/2025,E11. SRI PJS 8 MENTARI COURT,SELANGOR,32,7,76,28.9,0.5
101.60939593900002,3.0808161339999742,29/10/2025,E11. SRI PJS 8 MENTARI COURT,SELANGOR,33,7,73,28.8,0.0
101.60939593900002,3.0808161339999742,30/10/2025,E11. SRI PJS 8 MENTARI COURT,SELANGOR,33,7,75,28.7,0.8
101.60939593900002,3.0808161339999742,31/10/2025,E11. SRI PJS 8 MENTARI COURT,SELANGOR,33,7,71,29.5,0.0
101.60939593900002,3.0808161339999742,02/11/2025,E11. SRI PJS 8 MENTARI COURT,SELANGOR,33,7,83,28.0,5.6
101.60939593900002,3.0808161339999742,02/11/2025,E11. SRI PJS 8 MENTARI COURT,SELANGOR,33,7,83,28.1,8.6
101.60939593900002,3.0808161339999742,02/11/2025,E11. SRI PJS 8 MENTARI COURT,SELANGOR,37,9,83,28.1,8.6
101.60939593900002,3.0808161339999742,03/11/2025,E11. SRI PJS 8 MENTARI COURT,SELANGOR,33,7,83,28.2,10.6
101.60939593900002,3.0808161339999742,03/11/2025,E11. SRI PJS 8 MENTARI COURT,SELANGOR,38,9,83,28.2,10.6
101.60939593900002,3.0808161339999742,03/11/2025,E11. SRI PJS 8 MENTARI COURT,SELANGOR,37,9,83,28.2,10.6
101.60939593900002,3.0808161339999742,04/11/2025,E11. SRI PJS 8 MENTARI COURT,SELANGOR,33,7,78,28.4,1.6
101.60939593900002,3.0808161339999742,04/11/2025,E11. SRI PJS 8 MENTARI COURT,SELANGOR,39,9,78,28.4,1.6
101.60939593900002,3.0808161339999742,04/11/2025,E11. SRI PJS 8 MENTARI COURT,SELANGOR,38,9,78,28.4,1.6
101.60939593900002,3.0808161339999742,04/11/2025,E11. SRI PJS 8 MENTARI COURT,SELANGOR,37,9,78,28.4,1.6
101.60939593900002,3.0808161339999742,05/11/2025,E11. SRI PJS 8 MENTARI COURT,SELANGOR,40,9,75,28.8,0.1
101.60939593900002,3.0808161339999742,06/11/2025,E11. SRI PJS 8 MENTARI COURT,SELANGOR,40,9,74,29.0,0.2
101.60939593900002,3.0808161339999742,07/11/2025,E11. SRI PJS 8 MENTARI COURT,SELANGOR,40,9,73,29.2,0.0
101.60939593900002,3.0808161339999742,07/11/2025,E11. SRI PJS 8 MENTARI COURT,SELANGOR,41,9,73,29.2,0.0
101.60939593900002,3.0808161339999742,07/11/2025,E11. SRI PJS 8 MENTARI COURT,SELANGOR,42,9,73,29.2,0.0
101.60939593900002,3.0808161339999742,08/11/2025,E11. SRI PJS 8 MENTARI COURT,SELANGOR,40,9,73,29.1,0.0
101.60939593900002,3.0808161339999742,08/11/2025,E11. SRI PJS 8 MENTARI COURT,SELANGOR,43,9,73,29.1,0.0
101.60939593900002,3.0808161339999742,08/11/2025,E11. SRI PJS 8 MENTARI COURT,SELANGOR,41,9,73,29.1,0.0
101.60939593900002,3.0808161339999742,08/11/2025,E11. SRI PJS 8 MENTARI COURT,SELANGOR,42,9,73,29.1,0.0
101.60939593900002,3.0808161339999742,09/11/2025,E11. SRI PJS 8 MENTARI COURT,SELANGOR,40,9,77,29.0,2.8
101.60939593900002,3.0808161339999742,09/11/2025,E11. SRI PJS 8 MENTARI COURT,SELANGOR,43,9,77,29.0,2.8
101.60939593900002,3.0808161339999742,09/11/2025,E11. SRI PJS 8 MENTARI COURT,SELANGOR,44,9,77,29.0,2.8
101.60939593900002,3.0808161339999742,09/11/2025,E11. SRI PJS 8 MENTARI COURT,SELANGOR,41,9,77,29.0,2.8
101.60939593900002,3.0808161339999742,09/11/2025,E11. SRI PJS 8 MENTARI COURT,SELANGOR,42,9,77,29.0,2.8
101.60939593900002,3.0808161339999742,10/11/2025,E11. SRI PJS 8 MENTARI COURT,SELANGOR,40,9,79,28.4,8.2
101.60939593900002,3.0808161339999742,10/11/2025,E11. SRI PJS 8 MENTARI COURT,SELANGOR,43,9,79,28.4,8.2
101.60939593900002,3.0808161339999742,10/11/2025,E11. SRI PJS 8 MENTARI COURT,SELANGOR,44,9,79,28.4,8.2
101.60939593900002,3.0808161339999742,10/11/2025,E11. SRI PJS 8 MENTARI COURT,SELANGOR,45,9,79,28.4,8.2
101.60939593900002,3.0808161339999742,10/11/2025,E11. SRI PJS 8 MENTARI COURT,SELANGOR,41,9,79,28.4,8.2
101.60939593900002,3.0808161339999742,10/11/2025,E11. SRI PJS 8 MENTARI COURT,SELANGOR,42,9,79,28.4,8.2
101.60939593900002,3.0808161339999742,11/11/2025,E11. SRI PJS 8 MENTARI COURT,SELANGOR,40,9,80,28.0,6.5
101.60939593900002,3.0808161339999742,11/11/2025,E11. SRI PJS 8 MENTARI COURT,SELANGOR,43,9,80,28.0,6.5
101.60939593900002,3.0808161339999742,11/11/2025,E11. SRI PJS 8 MENTARI COURT,SELANGOR,44,9,80,28.0,6.5
101.60939593900002,3.0808161339999742,11/11/2025,E11. SRI PJS 8 MENTARI COURT,SELANGOR,46,9,80,28.0,6.5
101.60939593900002,3.0808161339999742,11/11/2025,E11. SRI PJS 8 MENTARI COURT,SELANGOR,45,9,80,28.0,6.5
101.60939593900002,3.0808161339999742,11/11/2025,E11. SRI PJS 8 MENTARI COURT,SELANGOR,41,9,80,28.0,6.5
101.60939593900002,3.0808161339999742,11/11/2025,E11. SRI PJS 8 MENTARI COURT,SELANGOR,42,9,80,28.0,6.5
101.60939593900002,3.0808161339999742,12/11/2025,E11. SRI PJS 8 MENTARI COURT,SELANGOR,47,9,83,27.3,9.4
101.60939593900002,3.0808161339999742,13/11/2025,E11. SRI PJS 8 MENTARI COURT,SELANGOR,48,9,83,27.3,9.4
101.60939593900002,3.0808161339999742,13/11/2025,E11. SRI PJS 8 MENTARI COURT,SELANGOR,47,9,83,27.3,9.4
101.60939593900002,3.0808161339999742,14/11/2025,E11. SRI PJS 8 MENTARI COURT,SELANGOR,49,9,83,27.5,12.6
101.60939593900002,3.0808161339999742,14/11/2025,E11. SRI PJS 8 MENTARI COURT,SELANGOR,48,9,83,27.5,12.6
101.60939593900002,3.0808161339999742,14/11/2025,E11. SRI PJS 8 MENTARI COURT,SELANGOR,47,9,83,27.5,12.6
101.60939593900002,3.0808161339999742,15/11/2025,E11. SRI PJS 8 MENTARI COURT,SELANGOR,49,9,84,27.4,23.5
101.60939593900002,3.0808161339999742,15/11/2025,E11. SRI PJS 8 MENTARI COURT,SELANGOR,48,9,84,27.4,23.5
101.60939593900002,3.0808161339999742,15/11/2025,E11. SRI PJS 8 MENTARI COURT,SELANGOR,47,9,84,27.4,23.5
101.60939593900002,3.0808161339999742,16/11/2025,E11. SRI PJS 8 MENTARI COURT,SELANGOR,49,9,87,26.8,58.3
101.60939593900002,3.0808161339999742,16/11/2025,E11. SRI PJS 8 MENTARI COURT,SELANGOR,48,9,87,26.8,58.3
101.60939593900002,3.0808161339999742,16/11/2025,E11. SRI PJS 8 MENTARI COURT,SELANGOR,47,9,87,26.8,58.3
101.60939593900002,3.0808161339999742,17/11/2025,E11. SRI PJS 8 MENTARI COURT,SELANGOR,49,9,84,27.8,11.4
101.60939593900002,3.0808161339999742,17/11/2025,E11. SRI PJS 8 MENTARI COURT,SELANGOR,48,9,84,27.8,11.4
101.60939593900002,3.0808161339999742,17/11/2025,E11. SRI PJS 8 MENTARI COURT,SELANGOR,47,9,84,27.8,11.4
101.60939593900002,3.0808161339999742,18/11/2025,E11. SRI PJS 8 MENTARI COURT,SELANGOR,49,9,86,27.3,10.0
101.60939593900002,3.0808161339999742,18/11/2025,E11. SRI PJS 8 MENTARI COURT,SELANGOR,48,9,86,27.3,10.0
101.60939593900002,3.0808161339999742,18/11/2025,E11. SRI PJS 8 MENTARI COURT,SELANGOR,47,9,86,27.3,10.0
101.67335070899998,3.124403431000019,20/11/2025,ASRAMA UNIKL ( JLN TANDUK ),WILAYAH PERSEKUTUAN,31,5,87,26.6,10.0
101.67335070899998,3.124403431000019,21/11/2025,ASRAMA UNIKL ( JLN TANDUK ),WILAYAH PERSEKUTUAN,31,5,85,27.3,8.2
101.67335070899998,3.124403431000019,22/11/2025,ASRAMA UNIKL ( JLN TANDUK ),WILAYAH PERSEKUTUAN,31,5,88,26.6,15.9
101.67335070899998,3.124403431000019,23/11/2025,ASRAMA UNIKL ( JLN TANDUK ),WILAYAH PERSEKUTUAN,34,5,85,26.7,20.6
101.67335070899998,3.124403431000019,23/11/2025,ASRAMA UNIKL ( JLN TANDUK ),WILAYAH PERSEKUTUAN,31,5,85,26.7,20.6
101.67335070899998,3.124403431000019,23/11/2025,ASRAMA UNIKL ( JLN TANDUK ),WILAYAH PERSEKUTUAN,33,5,85,26.7,20.6
101.67335070899998,3.124403431000019,24/11/2025,ASRAMA UNIKL ( JLN TANDUK ),WILAYAH PERSEKUTUAN,35,5,89,26.4,64.0
101.67335070899998,3.124403431000019,24/11/2025,ASRAMA UNIKL ( JLN TANDUK ),WILAYAH PERSEKUTUAN,34,5,89,26.4,64.0
101.67335070899998,3.124403431000019,24/11/2025,ASRAMA UNIKL ( JLN TANDUK ),WILAYAH PERSEKUTUAN,31,5,89,26.4,64.0
101.67335070899998,3.124403431000019,24/11/2025,ASRAMA UNIKL ( JLN TANDUK ),WILAYAH PERSEKUTUAN,33,5,89,26.4,64.0
101.67335070899998,3.124403431000019,25/11/2025,ASRAMA UNIKL ( JLN TANDUK ),WILAYAH PERSEKUTUAN,35,5,90,25.9,28.0
101.67335070899998,3.124403431000019,25/11/2025,ASRAMA UNIKL ( JLN TANDUK ),WILAYAH PERSEKUTUAN,36,5,90,25.9,28.0
101.67335070899998,3.124403431000019,25/11/2025,ASRAMA UNIKL ( JLN TANDUK ),WILAYAH PERSEKUTUAN,34,5,90,25.9,28.0
101.67335070899998,3.124403431000019,25/11/2025,ASRAMA UNIKL ( JLN TANDUK ),WILAYAH PERSEKUTUAN,31,5,90,25.9,28.0
101.67335070899998,3.124403431000019,25/11/2025,ASRAMA UNIKL ( JLN TANDUK ),WILAYAH PERSEKUTUAN,33,5,90,25.9,28.0
101.67335070899998,3.124403431000019,26/11/2025,ASRAMA UNIKL ( JLN TANDUK ),WILAYAH PERSEKUTUAN,37,5,78,27.6,16.3
103.65680637899999,1.5080404619999968,18/12/2025,TMN SUTERA UTAMA_PULAI 2/,JOHOR,33,14,91,25.3,17.9
100.30268372400002,5.352389039000002,18/12/2025,UNIVERSITY HEIGHT,PULAU PINANG,37,24,79,28.1,3.6
100.30830893299998,5.340919699999972,18/12/2025,PUTRA PLACE CONDOMINIUM,PULAU PINANG,39,23,79,28.1,3.6
101.77149312099999,3.205667525000024,18/12/2025,APPT SRI BAIDURI UP,SELANGOR,51,9,91,24.7,15.9
101.52530608900003,3.0711581369999976,18/12/2025,E1. SEKSYEN 14 (PANGSAPURI VISTA ALAM),SELANGOR,50,27,92,25.7,12.8
101.77735742200002,2.9643135420000135,18/12/2025,JALAN 4/12 SEKSYEN 4 BANDAR BARU BANGI,SELANGOR,31,10,90,25.6,12.9
101.79969370200001,2.99750929999999,18/12/2025,TAMAN SAGA EMAS,SELANGOR,35,7,90,25.5,12.9
101.60841880200002,2.9861052969999946,18/12/2025,"E15. TMN PUCHONG UTAMA 7 (COURT 1) BLOK A, B, C, D, E, F, G, H, J, K, L, M, N, P",SELANGOR,38,6,90,25.8,15.4
101.61112832200001,2.985246838000023,18/12/2025,E15. TMN PUCHONG UTAMA (JLN PU 10),SELANGOR,33,4,90,25.8,15.4
101.801723789,3.0110220529999765,18/12/2025,JALAN JENARIS A-G TAMAN DESA SERI JENARIS,SELANGOR,32,10,90,25.5,12.9
101.646089002,3.1780625819999955,18/12/2025,BOUGAINVILLA APARTMENT,WILAYAH PERSEKUTUAN,51,21,91,24.9,15.9
116.044597619,5.896894664000001,18/12/2025,KG. PASIR PUTIH,SABAH,33,7,80,28.1,6.9
101.662932237,2.7973246199999835,18/12/2025,PANGSAPURI LANGAT UTAMA,SELANGOR,35,42,88,26.3,33.0
101.60399246200001,3.077885985000023,18/12/2025,"E11. SRI PJS 10 (TERES 3) [JLN PJS 10/7C , 10/9A , 10/11A - 10/11D]",SELANGOR,40,9,91,25.4,15.9
101.712787628,3.025972963000015,18/12/2025,E17. TMN MUHIBBAH SRI KEMBANGAN,SELANGOR,56,9,90,25.5,12.9
116.09201812699996,5.957944870000006,18/12/2025,KONDOMINIUM PUNCAK LUYANG,SABAH,34,9,81,27.5,0.2
101.60240391100001,3.1945028229999934,18/12/2025,"E6. BL PJU 9 SD 13 APT SRI MERANTI (1) [A,B,C,D,E,F,G]",SELANGOR,42,18,94,25.7,20.2
101.65486526500001,3.049239875000012,18/12/2025,"PPR PINGGIRAN 2(BLOK G,H,J,K,L,M)",WILAYAH PERSEKUTUAN,31,12,90,25.5,15.4
101.61672701499998,3.067438256999992,18/12/2025,"E13. PJS 7/15 (FLAT KOS RENDAH) BLOK A, B, C, D, E, F, G, H, K",SELANGOR,43,11,91,25.4,15.9
101.52359008799999,3.2150260220000177,18/12/2025,E5. SEKSYEN U17 (AMAN PUTRI : TERES JLN U17/43 - U17/51),SELANGOR,31,11,92,25.5,18.4
101.51005172700002,3.0751249799999982,18/12/2025,E1. SEKSYEN 3 (KOMPLEKS MAIS),SELANGOR,63,23,92,25.7,12.8
101.57379433599999,3.1720262420000154,18/12/2025,E7. KD PJU 5 SEK 7 APT MILIA,SELANGOR,53,12,91,25.1,15.9
101.57404113500002,3.1725872979999963,18/12/2025,E7. KD PJU 5 SEK 7 APT LILY,SELANGOR,34,7,91,25.2,15.9
101.60886383000002,2.883585929999981,18/12/2025,"PALMA SANDS, GAMUDA COVE",SELANGOR,45,8,92,25.4,18.4
103.65680637899999,1.5080404619999968,19/12/2025,TMN SUTERA UTAMA_PULAI 2/,JOHOR,34,14,89,25.6,6.3
103.65680637899999,1.5080404619999968,19/12/2025,TMN SUTERA UTAMA_PULAI 2/,JOHOR,33,14,89,25.6,6.3
100.30268372400002,5.352389039000002,19/12/2025,UNIVERSITY HEIGHT,PULAU PINANG,38,24,75,28.4,3.3
100.30268372400002,5.352389039000002,19/12/2025,UNIVERSITY HEIGHT,PULAU PINANG,37,24,75,28.4,3.3
100.30830893299998,5.340919699999972,19/12/2025,PUTRA PLACE CONDOMINIUM,PULAU PINANG,40,25,75,28.4,3.3
100.30830893299998,5.340919699999972,19/12/2025,PUTRA PLACE CONDOMINIUM,PULAU PINANG,39,23,75,28.4,3.3
101.77149312099999,3.205667525000024,19/12/2025,APPT SRI BAIDURI UP,SELANGOR,52,9,87,25.8,10.0
101.77149312099999,3.205667525000024,19/12/2025,APPT SRI BAIDURI UP,SELANGOR,51,9,87,25.8,10.0
101.52530608900003,3.0711581369999976,19/12/2025,E1. SEKSYEN 14 (PANGSAPURI VISTA ALAM),SELANGOR,51,27,87,26.8,4.6
101.52530608900003,3.0711581369999976,19/12/2025,E1. SEKSYEN 14 (PANGSAPURI VISTA ALAM),SELANGOR,50,27,87,26.8,4.6
101.77735742200002,2.9643135420000135,19/12/2025,JALAN 4/12 SEKSYEN 4 BANDAR BARU BANGI,SELANGOR,32,10,88,26.4,14.1
101.77735742200002,2.9643135420000135,19/12/2025,JALAN 4/12 SEKSYEN 4 BANDAR BARU BANGI,SELANGOR,31,10,88,26.4,14.1
101.79969370200001,2.99750929999999,19/12/2025,TAMAN SAGA EMAS,SELANGOR,36,7,88,26.3,14.1
101.79969370200001,2.99750929999999,19/12/2025,TAMAN SAGA EMAS,SELANGOR,35,7,88,26.3,14.1
101.60841880200002,2.9861052969999946,19/12/2025,"E15. TMN PUCHONG UTAMA 7 (COURT 1) BLOK A, B, C, D, E, F, G, H, J, K, L, M, N, P",SELANGOR,39,6,87,26.5,8.6
101.60841880200002,2.9861052969999946,19/12/2025,"E15. TMN PUCHONG UTAMA 7 (COURT 1) BLOK A, B, C, D, E, F, G, H, J, K, L, M, N, P",SELANGOR,38,6,87,26.5,8.6
101.61112832200001,2.985246838000023,19/12/2025,E15. TMN PUCHONG UTAMA (JLN PU 10),SELANGOR,34,4,87,26.5,8.6
101.61112832200001,2.985246838000023,19/12/2025,E15. TMN PUCHONG UTAMA (JLN PU 10),SELANGOR,33,4,87,26.5,8.6
101.801723789,3.0110220529999765,19/12/2025,JALAN JENARIS A-G TAMAN DESA SERI JENARIS,SELANGOR,33,10,88,26.3,14.1
101.801723789,3.0110220529999765,19/12/2025,JALAN JENARIS A-G TAMAN DESA SERI JENARIS,SELANGOR,32,10,88,26.3,14.1
101.646089002,3.1780625819999955,19/12/2025,BOUGAINVILLA APARTMENT,WILAYAH PERSEKUTUAN,52,21,87,26.0,10.0
101.646089002,3.1780625819999955,19/12/2025,BOUGAINVILLA APARTMENT,WILAYAH PERSEKUTUAN,51,21,87,26.0,10.0
116.044597619,5.896894664000001,19/12/2025,KG. PASIR PUTIH,SABAH,34,7,78,28.8,0.8
116.044597619,5.896894664000001,19/12/2025,KG. PASIR PUTIH,SABAH,33,7,78,28.8,0.8
101.662932237,2.7973246199999835,19/12/2025,PANGSAPURI LANGAT UTAMA,SELANGOR,36,42,85,27.0,10.7
101.662932237,2.7973246199999835,19/12/2025,PANGSAPURI LANGAT UTAMA,SELANGOR,35,42,85,27.0,10.7
101.60399246200001,3.077885985000023,19/12/2025,"E11. SRI PJS 10 (TERES 3) [JLN PJS 10/7C , 10/9A , 10/11A - 10/11D]",SELANGOR,41,9,87,26.5,10.0
101.60399246200001,3.077885985000023,19/12/2025,"E11. SRI PJS 10 (TERES 3) [JLN PJS 10/7C , 10/9A , 10/11A - 10/11D]",SELANGOR,40,9,87,26.5,10.0
101.712787628,3.025972963000015,19/12/2025,E17. TMN MUHIBBAH SRI KEMBANGAN,SELANGOR,57,9,88,26.3,14.1
101.712787628,3.025972963000015,19/12/2025,E17. TMN MUHIBBAH SRI KEMBANGAN,SELANGOR,56,9,88,26.3,14.1
116.09201812699996,5.957944870000006,19/12/2025,KONDOMINIUM PUNCAK LUYANG,SABAH,35,9,80,28.2,0.2
116.09201812699996,5.957944870000006,19/12/2025,KONDOMINIUM PUNCAK LUYANG,SABAH,34,9,80,28.2,0.2
101.60240391100001,3.1945028229999934,19/12/2025,"E6. BL PJU 9 SD 13 APT SRI MERANTI (1) [A,B,C,D,E,F,G]",SELANGOR,43,18,89,27.0,7.3
101.60240391100001,3.1945028229999934,19/12/2025,"E6. BL PJU 9 SD 13 APT SRI MERANTI (1) [A,B,C,D,E,F,G]",SELANGOR,42,18,89,27.0,7.3
101.65486526500001,3.049239875000012,19/12/2025,"PPR PINGGIRAN 2(BLOK G,H,J,K,L,M)",WILAYAH PERSEKUTUAN,32,12,87,26.2,8.6
101.65486526500001,3.049239875000012,19/12/2025,"PPR PINGGIRAN 2(BLOK G,H,J,K,L,M)",WILAYAH PERSEKUTUAN,31,12,87,26.2,8.6
101.61672701499998,3.067438256999992,19/12/2025,"E13. PJS 7/15 (FLAT KOS RENDAH) BLOK A, B, C, D, E, F, G, H, K",SELANGOR,44,11,87,26.5,10.0
101.61672701499998,3.067438256999992,19/12/2025,"E13. PJS 7/15 (FLAT KOS RENDAH) BLOK A, B, C, D, E, F, G, H, K",SELANGOR,43,11,87,26.5,10.0
101.52359008799999,3.2150260220000177,19/12/2025,E5. SEKSYEN U17 (AMAN PUTRI : TERES JLN U17/43 - U17/51),SELANGOR,32,11,86,26.8,6.9
101.52359008799999,3.2150260220000177,19/12/2025,E5. SEKSYEN U17 (AMAN PUTRI : TERES JLN U17/43 - U17/51),SELANGOR,31,11,86,26.8,6.9
101.51005172700002,3.0751249799999982,19/12/2025,E1. SEKSYEN 3 (KOMPLEKS MAIS),SELANGOR,64,23,87,26.8,4.6
101.51005172700002,3.0751249799999982,19/12/2025,E1. SEKSYEN 3 (KOMPLEKS MAIS),SELANGOR,63,23,87,26.8,4.6
101.57379433599999,3.1720262420000154,19/12/2025,E7. KD PJU 5 SEK 7 APT MILIA,SELANGOR,54,12,87,26.2,10.0
101.57379433599999,3.1720262420000154,19/12/2025,E7. KD PJU 5 SEK 7 APT MILIA,SELANGOR,53,12,87,26.2,10.0
101.57404113500002,3.1725872979999963,19/12/2025,E7. KD PJU 5 SEK 7 APT LILY,SELANGOR,35,7,87,26.3,10.0
101.57404113500002,3.1725872979999963,19/12/2025,E7. KD PJU 5 SEK 7 APT LILY,SELANGOR,34,7,87,26.3,10.0
101.60886383000002,2.883585929999981,19/12/2025,"PALMA SANDS, GAMUDA COVE",SELANGOR,46,8,89,26.1,8.2
101.60886383000002,2.883585929999981,19/12/2025,"PALMA SANDS, GAMUDA COVE",SELANGOR,45,8,89,26.1,8.2
101.72534089300001,3.166078734999985,19/12/2025,"KG. DATO KERAMAT ( LORONG KERAMAT 1,2,3)",WILAYAH PERSEKUTUAN,31,6,87,26.6,10.0
103.65680637899999,1.5080404619999968,20/12/2025,TMN SUTERA UTAMA_PULAI 2/,JOHOR,35,14,83,26.8,3.5
103.65680637899999,1.5080404619999968,20/12/2025,TMN SUTERA UTAMA_PULAI 2/,JOHOR,34,14,83,26.8,3.5
103.65680637899999,1.5080404619999968,20/12/2025,TMN SUTERA UTAMA_PULAI 2/,JOHOR,33,14,83,26.8,3.5
100.30268372400002,5.352389039000002,20/12/2025,UNIVERSITY HEIGHT,PULAU PINANG,39,24,77,28.7,3.5
100.30268372400002,5.352389039000002,20/12/2025,UNIVERSITY HEIGHT,PULAU PINANG,38,24,77,28.7,3.5
100.30268372400002,5.352389039000002,20/12/2025,UNIVERSITY HEIGHT,PULAU PINANG,37,24,77,28.7,3.5
100.30830893299998,5.340919699999972,20/12/2025,PUTRA PLACE CONDOMINIUM,PULAU PINANG,41,25,77,28.7,3.5
100.30830893299998,5.340919699999972,20/12/2025,PUTRA PLACE CONDOMINIUM,PULAU PINANG,40,25,77,28.7,3.5
100.30830893299998,5.340919699999972,20/12/2025,PUTRA PLACE CONDOMINIUM,PULAU PINANG,39,23,77,28.7,3.5
101.77149312099999,3.205667525000024,20/12/2025,APPT SRI BAIDURI UP,SELANGOR,52,9,83,26.3,17.3
101.77149312099999,3.205667525000024,20/12/2025,APPT SRI BAIDURI UP,SELANGOR,51,9,83,26.3,17.3
101.52530608900003,3.0711581369999976,20/12/2025,E1. SEKSYEN 14 (PANGSAPURI VISTA ALAM),SELANGOR,52,27,84,27.3,9.1
101.52530608900003,3.0711581369999976,20/12/2025,E1. SEKSYEN 14 (PANGSAPURI VISTA ALAM),SELANGOR,51,27,84,27.3,9.1
101.52530608900003,3.0711581369999976,20/12/2025,E1. SEKSYEN 14 (PANGSAPURI VISTA ALAM),SELANGOR,50,27,84,27.3,9.1
101.77735742200002,2.9643135420000135,20/12/2025,JALAN 4/12 SEKSYEN 4 BANDAR BARU BANGI,SELANGOR,33,10,84,27.1,12.8
101.77735742200002,2.9643135420000135,20/12/2025,JALAN 4/12 SEKSYEN 4 BANDAR BARU BANGI,SELANGOR,32,10,84,27.1,12.8
101.77735742200002,2.9643135420000135,20/12/2025,JALAN 4/12 SEKSYEN 4 BANDAR BARU BANGI,SELANGOR,31,10,84,27.1,12.8
101.79969370200001,2.99750929999999,20/12/2025,TAMAN SAGA EMAS,SELANGOR,37,7,84,27.0,12.8
101.79969370200001,2.99750929999999,20/12/2025,TAMAN SAGA EMAS,SELANGOR,36,7,84,27.0,12.8
101.79969370200001,2.99750929999999,20/12/2025,TAMAN SAGA EMAS,SELANGOR,35,7,84,27.0,12.8
101.60841880200002,2.9861052969999946,20/12/2025,"E15. TMN PUCHONG UTAMA 7 (COURT 1) BLOK A, B, C, D, E, F, G, H, J, K, L, M, N, P",SELANGOR,40,6,83,27.3,12.9
101.60841880200002,2.9861052969999946,20/12/2025,"E15. TMN PUCHONG UTAMA 7 (COURT 1) BLOK A, B, C, D, E, F, G, H, J, K, L, M, N, P",SELANGOR,39,6,83,27.3,12.9
101.60841880200002,2.9861052969999946,20/12/2025,"E15. TMN PUCHONG UTAMA 7 (COURT 1) BLOK A, B, C, D, E, F, G, H, J, K, L, M, N, P",SELANGOR,38,6,83,27.3,12.9
101.61112832200001,2.985246838000023,20/12/2025,E15. TMN PUCHONG UTAMA (JLN PU 10),SELANGOR,35,4,83,27.3,12.9
101.61112832200001,2.985246838000023,20/12/2025,E15. TMN PUCHONG UTAMA (JLN PU 10),SELANGOR,34,4,83,27.3,12.9
101.61112832200001,2.985246838000023,20/12/2025,E15. TMN PUCHONG UTAMA (JLN PU 10),SELANGOR,33,4,83,27.3,12.9
118.06537060100004,5.865935443000012,20/12/2025,TAMAN TYNG BT.5,SABAH,31,14,83,27.6,0.4
101.801723789,3.0110220529999765,20/12/2025,JALAN JENARIS A-G TAMAN DESA SERI JENARIS,SELANGOR,34,10,84,26.9,12.8
101.801723789,3.0110220529999765,20/12/2025,JALAN JENARIS A-G TAMAN DESA SERI JENARIS,SELANGOR,33,10,84,26.9,12.8
101.801723789,3.0110220529999765,20/12/2025,JALAN JENARIS A-G TAMAN DESA SERI JENARIS,SELANGOR,32,10,84,26.9,12.8
101.646089002,3.1780625819999955,20/12/2025,BOUGAINVILLA APARTMENT,WILAYAH PERSEKUTUAN,53,21,83,26.5,17.3
101.646089002,3.1780625819999955,20/12/2025,BOUGAINVILLA APARTMENT,WILAYAH PERSEKUTUAN,52,21,83,26.5,17.3
101.646089002,3.1780625819999955,20/12/2025,BOUGAINVILLA APARTMENT,WILAYAH PERSEKUTUAN,51,21,83,26.5,17.3
116.044597619,5.896894664000001,20/12/2025,KG. PASIR PUTIH,SABAH,35,8,79,29.0,11.5
116.044597619,5.896894664000001,20/12/2025,KG. PASIR PUTIH,SABAH,34,7,79,29.0,11.5
116.044597619,5.896894664000001,20/12/2025,KG. PASIR PUTIH,SABAH,33,7,79,29.0,11.5
101.55522155800003,3.443031311000027,20/12/2025,APT TERATAI TBR BB,SELANGOR,31,8,84,26.8,17.0
101.662932237,2.7973246199999835,20/12/2025,PANGSAPURI LANGAT UTAMA,SELANGOR,37,42,85,27.2,11.6
101.662932237,2.7973246199999835,20/12/2025,PANGSAPURI LANGAT UTAMA,SELANGOR,36,42,85,27.2,11.6
101.662932237,2.7973246199999835,20/12/2025,PANGSAPURI LANGAT UTAMA,SELANGOR,35,42,85,27.2,11.6
101.60213905400002,3.1926946940000107,20/12/2025,"E6. BL PJU 9 SD 13 APT SRI MERANTI (2) [H,J,K,L,M,N,P,Q,R]",SELANGOR,31,10,85,27.7,12.9
101.60399246200001,3.077885985000023,20/12/2025,"E11. SRI PJS 10 (TERES 3) [JLN PJS 10/7C , 10/9A , 10/11A - 10/11D]",SELANGOR,42,9,83,27.0,17.3
101.60399246200001,3.077885985000023,20/12/2025,"E11. SRI PJS 10 (TERES 3) [JLN PJS 10/7C , 10/9A , 10/11A - 10/11D]",SELANGOR,41,9,83,27.0,17.3
101.60399246200001,3.077885985000023,20/12/2025,"E11. SRI PJS 10 (TERES 3) [JLN PJS 10/7C , 10/9A , 10/11A - 10/11D]",SELANGOR,40,9,83,27.0,17.3
101.57530593799999,3.1756490480000252,20/12/2025,"E7. KD PJU 5 SEK 8 GUGUSAN KEMUNING (A,B) PPRT",SELANGOR,31,6,83,26.8,17.3
101.712787628,3.025972963000015,20/12/2025,E17. TMN MUHIBBAH SRI KEMBANGAN,SELANGOR,58,9,84,27.0,12.8
101.712787628,3.025972963000015,20/12/2025,E17. TMN MUHIBBAH SRI KEMBANGAN,SELANGOR,57,9,84,27.0,12.8
101.712787628,3.025972963000015,20/12/2025,E17. TMN MUHIBBAH SRI KEMBANGAN,SELANGOR,56,9,84,27.0,12.8
116.09201812699996,5.957944870000006,20/12/2025,KONDOMINIUM PUNCAK LUYANG,SABAH,36,9,82,28.2,6.0
116.09201812699996,5.957944870000006,20/12/2025,KONDOMINIUM PUNCAK LUYANG,SABAH,35,9,82,28.2,6.0
116.09201812699996,5.957944870000006,20/12/2025,KONDOMINIUM PUNCAK LUYANG,SABAH,34,9,82,28.2,6.0
101.60240391100001,3.1945028229999934,20/12/2025,"E6. BL PJU 9 SD 13 APT SRI MERANTI (1) [A,B,C,D,E,F,G]",SELANGOR,44,18,85,27.7,12.9
101.60240391100001,3.1945028229999934,20/12/2025,"E6. BL PJU 9 SD 13 APT SRI MERANTI (1) [A,B,C,D,E,F,G]",SELANGOR,43,18,85,27.7,12.9
101.60240391100001,3.1945028229999934,20/12/2025,"E6. BL PJU 9 SD 13 APT SRI MERANTI (1) [A,B,C,D,E,F,G]",SELANGOR,42,18,85,27.7,12.9
101.65486526500001,3.049239875000012,20/12/2025,"PPR PINGGIRAN 2(BLOK G,H,J,K,L,M)",WILAYAH PERSEKUTUAN,33,12,83,27.0,12.9
101.65486526500001,3.049239875000012,20/12/2025,"PPR PINGGIRAN 2(BLOK G,H,J,K,L,M)",WILAYAH PERSEKUTUAN,32,12,83,27.0,12.9
101.65486526500001,3.049239875000012,20/12/2025,"PPR PINGGIRAN 2(BLOK G,H,J,K,L,M)",WILAYAH PERSEKUTUAN,31,12,83,27.0,12.9
101.61672701499998,3.067438256999992,20/12/2025,"E13. PJS 7/15 (FLAT KOS RENDAH) BLOK A, B, C, D, E, F, G, H, K",SELANGOR,45,11,83,27.0,17.3
101.61672701499998,3.067438256999992,20/12/2025,"E13. PJS 7/15 (FLAT KOS RENDAH) BLOK A, B, C, D, E, F, G, H, K",SELANGOR,44,11,83,27.0,17.3
101.61672701499998,3.067438256999992,20/12/2025,"E13. PJS 7/15 (FLAT KOS RENDAH) BLOK A, B, C, D, E, F, G, H, K",SELANGOR,43,11,83,27.0,17.3
101.52359008799999,3.2150260220000177,20/12/2025,E5. SEKSYEN U17 (AMAN PUTRI : TERES JLN U17/43 - U17/51),SELANGOR,33,11,84,27.2,11.4
101.52359008799999,3.2150260220000177,20/12/2025,E5. SEKSYEN U17 (AMAN PUTRI : TERES JLN U17/43 - U17/51),SELANGOR,32,11,84,27.2,11.4
101.52359008799999,3.2150260220000177,20/12/2025,E5. SEKSYEN U17 (AMAN PUTRI : TERES JLN U17/43 - U17/51),SELANGOR,31,11,84,27.2,11.4
101.51005172700002,3.0751249799999982,20/12/2025,E1. SEKSYEN 3 (KOMPLEKS MAIS),SELANGOR,65,23,84,27.4,9.1
101.51005172700002,3.0751249799999982,20/12/2025,E1. SEKSYEN 3 (KOMPLEKS MAIS),SELANGOR,64,23,84,27.4,9.1
101.51005172700002,3.0751249799999982,20/12/2025,E1. SEKSYEN 3 (KOMPLEKS MAIS),SELANGOR,63,23,84,27.4,9.1
101.57379433599999,3.1720262420000154,20/12/2025,E7. KD PJU 5 SEK 7 APT MILIA,SELANGOR,54,12,83,26.8,17.3
101.57379433599999,3.1720262420000154,20/12/2025,E7. KD PJU 5 SEK 7 APT MILIA,SELANGOR,53,12,83,26.8,17.3
101.57404113500002,3.1725872979999963,20/12/2025,E7. KD PJU 5 SEK 7 APT LILY,SELANGOR,36,7,83,26.8,17.3
101.57404113500002,3.1725872979999963,20/12/2025,E7. KD PJU 5 SEK 7 APT LILY,SELANGOR,35,7,83,26.8,17.3
101.57404113500002,3.1725872979999963,20/12/2025,E7. KD PJU 5 SEK 7 APT LILY,SELANGOR,34,7,83,26.8,17.3
101.60886383000002,2.883585929999981,20/12/2025,"PALMA SANDS, GAMUDA COVE",SELANGOR,47,8,85,26.8,12.0
101.60886383000002,2.883585929999981,20/12/2025,"PALMA SANDS, GAMUDA COVE",SELANGOR,46,8,85,26.8,12.0
101.60886383000002,2.883585929999981,20/12/2025,"PALMA SANDS, GAMUDA COVE",SELANGOR,45,8,85,26.8,12.0
101.72534089300001,3.166078734999985,20/12/2025,"KG. DATO KERAMAT ( LORONG KERAMAT 1,2,3)",WILAYAH PERSEKUTUAN,32,6,83,27.1,17.3
101.72534089300001,3.166078734999985,20/12/2025,"KG. DATO KERAMAT ( LORONG KERAMAT 1,2,3)",WILAYAH PERSEKUTUAN,31,6,83,27.1,17.3
110.36675289499999,1.5496464619999983,20/12/2025,JALAN TAN SRI DATUK WILLIAM TAN,SARAWAK,31,15,85,27.0,2.0
103.65680637899999,1.5080404619999968,21/12/2025,TMN SUTERA UTAMA_PULAI 2/,JOHOR,35,14,79,27.3,0.6
103.65680637899999,1.5080404619999968,21/12/2025,TMN SUTERA UTAMA_PULAI 2/,JOHOR,36,14,79,27.3,0.6
103.65680637899999,1.5080404619999968,21/12/2025,TMN SUTERA UTAMA_PULAI 2/,JOHOR,34,14,79,27.3,0.6
103.65680637899999,1.5080404619999968,21/12/2025,TMN SUTERA UTAMA_PULAI 2/,JOHOR,33,14,79,27.3,0.6
100.30268372400002,5.352389039000002,21/12/2025,UNIVERSITY HEIGHT,PULAU PINANG,39,24,74,28.9,0.0
100.30268372400002,5.352389039000002,21/12/2025,UNIVERSITY HEIGHT,PULAU PINANG,40,24,74,28.9,0.0
100.30268372400002,5.352389039000002,21/12/2025,UNIVERSITY HEIGHT,PULAU PINANG,38,24,74,28.9,0.0
100.30268372400002,5.352389039000002,21/12/2025,UNIVERSITY HEIGHT,PULAU PINANG,37,24,74,28.9,0.0
100.30830893299998,5.340919699999972,21/12/2025,PUTRA PLACE CONDOMINIUM,PULAU PINANG,41,25,74,28.9,0.0
100.30830893299998,5.340919699999972,21/12/2025,PUTRA PLACE CONDOMINIUM,PULAU PINANG,42,25,74,28.9,0.0
100.30830893299998,5.340919699999972,21/12/2025,PUTRA PLACE CONDOMINIUM,PULAU PINANG,40,25,74,28.9,0.0
100.30830893299998,5.340919699999972,21/12/2025,PUTRA PLACE CONDOMINIUM,PULAU PINANG,39,23,74,28.9,0.0
101.77149312099999,3.205667525000024,21/12/2025,APPT SRI BAIDURI UP,SELANGOR,52,9,82,26.9,20.6
101.77149312099999,3.205667525000024,21/12/2025,APPT SRI BAIDURI UP,SELANGOR,51,9,82,26.9,20.6
101.52530608900003,3.0711581369999976,21/12/2025,E1. SEKSYEN 14 (PANGSAPURI VISTA ALAM),SELANGOR,52,27,82,27.8,13.2
101.52530608900003,3.0711581369999976,21/12/2025,E1. SEKSYEN 14 (PANGSAPURI VISTA ALAM),SELANGOR,53,27,82,27.8,13.2
101.52530608900003,3.0711581369999976,21/12/2025,E1. SEKSYEN 14 (PANGSAPURI VISTA ALAM),SELANGOR,51,27,82,27.8,13.2
101.52530608900003,3.0711581369999976,21/12/2025,E1. SEKSYEN 14 (PANGSAPURI VISTA ALAM),SELANGOR,50,27,82,27.8,13.2
101.77735742200002,2.9643135420000135,21/12/2025,JALAN 4/12 SEKSYEN 4 BANDAR BARU BANGI,SELANGOR,33,10,83,27.6,14.9
101.77735742200002,2.9643135420000135,21/12/2025,JALAN 4/12 SEKSYEN 4 BANDAR BARU BANGI,SELANGOR,34,10,83,27.6,14.9
101.77735742200002,2.9643135420000135,21/12/2025,JALAN 4/12 SEKSYEN 4 BANDAR BARU BANGI,SELANGOR,32,10,83,27.6,14.9
101.77735742200002,2.9643135420000135,21/12/2025,JALAN 4/12 SEKSYEN 4 BANDAR BARU BANGI,SELANGOR,31,10,83,27.6,14.9
101.60939593900002,3.0808161339999742,21/12/2025,E11. SRI PJS 8 MENTARI COURT,SELANGOR,31,6,82,27.6,20.6
101.79969370200001,2.99750929999999,21/12/2025,TAMAN SAGA EMAS,SELANGOR,37,7,83,27.5,14.9
101.79969370200001,2.99750929999999,21/12/2025,TAMAN SAGA EMAS,SELANGOR,36,7,83,27.5,14.9
101.79969370200001,2.99750929999999,21/12/2025,TAMAN SAGA EMAS,SELANGOR,35,7,83,27.5,14.9
101.628348701,3.0835091150000267,21/12/2025,"E12. TM PJS 2C FLAT DESA MENTARI (BLOK 9 , 10)",SELANGOR,31,4,82,27.6,20.6
101.60841880200002,2.9861052969999946,21/12/2025,"E15. TMN PUCHONG UTAMA 7 (COURT 1) BLOK A, B, C, D, E, F, G, H, J, K, L, M, N, P",SELANGOR,40,6,81,27.8,19.7
101.60841880200002,2.9861052969999946,21/12/2025,"E15. TMN PUCHONG UTAMA 7 (COURT 1) BLOK A, B, C, D, E, F, G, H, J, K, L, M, N, P",SELANGOR,39,6,81,27.8,19.7
101.60841880200002,2.9861052969999946,21/12/2025,"E15. TMN PUCHONG UTAMA 7 (COURT 1) BLOK A, B, C, D, E, F, G, H, J, K, L, M, N, P",SELANGOR,38,6,81,27.8,19.7
101.61112832200001,2.985246838000023,21/12/2025,E15. TMN PUCHONG UTAMA (JLN PU 10),SELANGOR,35,4,81,27.8,19.7
101.61112832200001,2.985246838000023,21/12/2025,E15. TMN PUCHONG UTAMA (JLN PU 10),SELANGOR,36,4,81,27.8,19.7
101.61112832200001,2.985246838000023,21/12/2025,E15. TMN PUCHONG UTAMA (JLN PU 10),SELANGOR,34,4,81,27.8,19.7
101.61112832200001,2.985246838000023,21/12/2025,E15. TMN PUCHONG UTAMA (JLN PU 10),SELANGOR,33,4,81,27.8,19.7
118.06537060100004,5.865935443000012,21/12/2025,TAMAN TYNG BT.5,SABAH,31,14,83,27.5,10.7
118.06537060100004,5.865935443000012,21/12/2025,TAMAN TYNG BT.5,SABAH,32,16,83,27.5,10.7
101.801723789,3.0110220529999765,21/12/2025,JALAN JENARIS A-G TAMAN DESA SERI JENARIS,SELANGOR,34,10,83,27.4,14.9
101.801723789,3.0110220529999765,21/12/2025,JALAN JENARIS A-G TAMAN DESA SERI JENARIS,SELANGOR,35,10,83,27.4,14.9
101.801723789,3.0110220529999765,21/12/2025,JALAN JENARIS A-G TAMAN DESA SERI JENARIS,SELANGOR,33,10,83,27.4,14.9
101.801723789,3.0110220529999765,21/12/2025,JALAN JENARIS A-G TAMAN DESA SERI JENARIS,SELANGOR,32,10,83,27.4,14.9
101.646089002,3.1780625819999955,21/12/2025,BOUGAINVILLA APARTMENT,WILAYAH PERSEKUTUAN,53,21,82,27.1,20.6
101.646089002,3.1780625819999955,21/12/2025,BOUGAINVILLA APARTMENT,WILAYAH PERSEKUTUAN,54,21,82,27.1,20.6
101.646089002,3.1780625819999955,21/12/2025,BOUGAINVILLA APARTMENT,WILAYAH PERSEKUTUAN,52,21,82,27.1,20.6
101.646089002,3.1780625819999955,21/12/2025,BOUGAINVILLA APARTMENT,WILAYAH PERSEKUTUAN,51,21,82,27.1,20.6
116.044597619,5.896894664000001,21/12/2025,KG. PASIR PUTIH,SABAH,35,8,82,28.5,14.6
116.044597619,5.896894664000001,21/12/2025,KG. PASIR PUTIH,SABAH,36,8,82,28.5,14.6
116.044597619,5.896894664000001,21/12/2025,KG. PASIR PUTIH,SABAH,34,7,82,28.5,14.6
116.044597619,5.896894664000001,21/12/2025,KG. PASIR PUTIH,SABAH,33,7,82,28.5,14.6
101.55522155800003,3.443031311000027,21/12/2025,APT TERATAI TBR BB,SELANGOR,31,8,83,27.2,16.0
101.662932237,2.7973246199999835,21/12/2025,PANGSAPURI LANGAT UTAMA,SELANGOR,37,42,84,27.3,13.8
101.662932237,2.7973246199999835,21/12/2025,PANGSAPURI LANGAT UTAMA,SELANGOR,38,42,84,27.3,13.8
101.662932237,2.7973246199999835,21/12/2025,PANGSAPURI LANGAT UTAMA,SELANGOR,36,42,84,27.3,13.8
101.662932237,2.7973246199999835,21/12/2025,PANGSAPURI LANGAT UTAMA,SELANGOR,35,42,84,27.3,13.8
101.60213905400002,3.1926946940000107,21/12/2025,"E6. BL PJU 9 SD 13 APT SRI MERANTI (2) [H,J,K,L,M,N,P,Q,R]",SELANGOR,31,10,83,28.2,13.2
101.60213905400002,3.1926946940000107,21/12/2025,"E6. BL PJU 9 SD 13 APT SRI MERANTI (2) [H,J,K,L,M,N,P,Q,R]",SELANGOR,32,11,83,28.2,13.2
101.60399246200001,3.077885985000023,21/12/2025,"E11. SRI PJS 10 (TERES 3) [JLN PJS 10/7C , 10/9A , 10/11A - 10/11D]",SELANGOR,42,9,82,27.6,20.6
101.60399246200001,3.077885985000023,21/12/2025,"E11. SRI PJS 10 (TERES 3) [JLN PJS 10/7C , 10/9A , 10/11A - 10/11D]",SELANGOR,43,9,82,27.6,20.6
101.60399246200001,3.077885985000023,21/12/2025,"E11. SRI PJS 10 (TERES 3) [JLN PJS 10/7C , 10/9A , 10/11A - 10/11D]",SELANGOR,41,9,82,27.6,20.6
101.60399246200001,3.077885985000023,21/12/2025,"E11. SRI PJS 10 (TERES 3) [JLN PJS 10/7C , 10/9A , 10/11A - 10/11D]",SELANGOR,40,9,82,27.6,20.6
101.57530593799999,3.1756490480000252,21/12/2025,"E7. KD PJU 5 SEK 8 GUGUSAN KEMUNING (A,B) PPRT",SELANGOR,31,6,82,27.4,20.6
101.57530593799999,3.1756490480000252,21/12/2025,"E7. KD PJU 5 SEK 8 GUGUSAN KEMUNING (A,B) PPRT",SELANGOR,32,6,82,27.4,20.6
101.712787628,3.025972963000015,21/12/2025,E17. TMN MUHIBBAH SRI KEMBANGAN,SELANGOR,58,9,83,27.5,14.9
101.712787628,3.025972963000015,21/12/2025,E17. TMN MUHIBBAH SRI KEMBANGAN,SELANGOR,59,9,83,27.5,14.9
101.712787628,3.025972963000015,21/12/2025,E17. TMN MUHIBBAH SRI KEMBANGAN,SELANGOR,57,9,83,27.5,14.9
101.712787628,3.025972963000015,21/12/2025,E17. TMN MUHIBBAH SRI KEMBANGAN,SELANGOR,56,9,83,27.5,14.9
116.09201812699996,5.957944870000006,21/12/2025,KONDOMINIUM PUNCAK LUYANG,SABAH,36,9,83,27.9,10.4
116.09201812699996,5.957944870000006,21/12/2025,KONDOMINIUM PUNCAK LUYANG,SABAH,37,9,83,27.9,10.4
116.09201812699996,5.957944870000006,21/12/2025,KONDOMINIUM PUNCAK LUYANG,SABAH,35,9,83,27.9,10.4
116.09201812699996,5.957944870000006,21/12/2025,KONDOMINIUM PUNCAK LUYANG,SABAH,34,9,83,27.9,10.4
101.60240391100001,3.1945028229999934,21/12/2025,"E6. BL PJU 9 SD 13 APT SRI MERANTI (1) [A,B,C,D,E,F,G]",SELANGOR,44,18,83,28.3,13.2
101.60240391100001,3.1945028229999934,21/12/2025,"E6. BL PJU 9 SD 13 APT SRI MERANTI (1) [A,B,C,D,E,F,G]",SELANGOR,45,18,83,28.3,13.2
101.60240391100001,3.1945028229999934,21/12/2025,"E6. BL PJU 9 SD 13 APT SRI MERANTI (1) [A,B,C,D,E,F,G]",SELANGOR,43,18,83,28.3,13.2
101.60240391100001,3.1945028229999934,21/12/2025,"E6. BL PJU 9 SD 13 APT SRI MERANTI (1) [A,B,C,D,E,F,G]",SELANGOR,42,18,83,28.3,13.2
101.65486526500001,3.049239875000012,21/12/2025,"PPR PINGGIRAN 2(BLOK G,H,J,K,L,M)",WILAYAH PERSEKUTUAN,33,12,81,27.5,19.7
101.65486526500001,3.049239875000012,21/12/2025,"PPR PINGGIRAN 2(BLOK G,H,J,K,L,M)",WILAYAH PERSEKUTUAN,34,12,81,27.5,19.7
101.65486526500001,3.049239875000012,21/12/2025,"PPR PINGGIRAN 2(BLOK G,H,J,K,L,M)",WILAYAH PERSEKUTUAN,32,12,81,27.5,19.7
101.65486526500001,3.049239875000012,21/12/2025,"PPR PINGGIRAN 2(BLOK G,H,J,K,L,M)",WILAYAH PERSEKUTUAN,31,12,81,27.5,19.7
101.61672701499998,3.067438256999992,21/12/2025,"E13. PJS 7/15 (FLAT KOS RENDAH) BLOK A, B, C, D, E, F, G, H, K",SELANGOR,45,11,82,27.6,20.6
101.61672701499998,3.067438256999992,21/12/2025,"E13. PJS 7/15 (FLAT KOS RENDAH) BLOK A, B, C, D, E, F, G, H, K",SELANGOR,46,11,82,27.6,20.6
101.61672701499998,3.067438256999992,21/12/2025,"E13. PJS 7/15 (FLAT KOS RENDAH) BLOK A, B, C, D, E, F, G, H, K",SELANGOR,44,11,82,27.6,20.6
101.61672701499998,3.067438256999992,21/12/2025,"E13. PJS 7/15 (FLAT KOS RENDAH) BLOK A, B, C, D, E, F, G, H, K",SELANGOR,43,11,82,27.6,20.6
101.52359008799999,3.2150260220000177,21/12/2025,E5. SEKSYEN U17 (AMAN PUTRI : TERES JLN U17/43 - U17/51),SELANGOR,33,11,82,27.7,12.9
101.52359008799999,3.2150260220000177,21/12/2025,E5. SEKSYEN U17 (AMAN PUTRI : TERES JLN U17/43 - U17/51),SELANGOR,34,11,82,27.7,12.9
101.52359008799999,3.2150260220000177,21/12/2025,E5. SEKSYEN U17 (AMAN PUTRI : TERES JLN U17/43 - U17/51),SELANGOR,32,11,82,27.7,12.9
101.52359008799999,3.2150260220000177,21/12/2025,E5. SEKSYEN U17 (AMAN PUTRI : TERES JLN U17/43 - U17/51),SELANGOR,31,11,82,27.7,12.9
101.51005172700002,3.0751249799999982,21/12/2025,E1. SEKSYEN 3 (KOMPLEKS MAIS),SELANGOR,65,23,82,27.8,13.2
101.51005172700002,3.0751249799999982,21/12/2025,E1. SEKSYEN 3 (KOMPLEKS MAIS),SELANGOR,64,23,82,27.8,13.2
101.51005172700002,3.0751249799999982,21/12/2025,E1. SEKSYEN 3 (KOMPLEKS MAIS),SELANGOR,63,23,82,27.8,13.2
101.57379433599999,3.1720262420000154,21/12/2025,E7. KD PJU 5 SEK 7 APT MILIA,SELANGOR,54,12,82,27.4,20.6
101.57379433599999,3.1720262420000154,21/12/2025,E7. KD PJU 5 SEK 7 APT MILIA,SELANGOR,53,12,82,27.4,20.6
101.57404113500002,3.1725872979999963,21/12/2025,E7. KD PJU 5 SEK 7 APT LILY,SELANGOR,36,7,82,27.4,20.6
101.57404113500002,3.1725872979999963,21/12/2025,E7. KD PJU 5 SEK 7 APT LILY,SELANGOR,37,7,82,27.4,20.6
101.57404113500002,3.1725872979999963,21/12/2025,E7. KD PJU 5 SEK 7 APT LILY,SELANGOR,35,7,82,27.4,20.6
101.57404113500002,3.1725872979999963,21/12/2025,E7. KD PJU 5 SEK 7 APT LILY,SELANGOR,34,7,82,27.4,20.6
101.60886383000002,2.883585929999981,21/12/2025,"PALMA SANDS, GAMUDA COVE",SELANGOR,47,8,84,27.3,18.3
101.60886383000002,2.883585929999981,21/12/2025,"PALMA SANDS, GAMUDA COVE",SELANGOR,48,8,84,27.3,18.3
101.60886383000002,2.883585929999981,21/12/2025,"PALMA SANDS, GAMUDA COVE",SELANGOR,46,8,84,27.3,18.3
101.60886383000002,2.883585929999981,21/12/2025,"PALMA SANDS, GAMUDA COVE",SELANGOR,45,8,84,27.3,18.3
101.72534089300001,3.166078734999985,21/12/2025,"KG. DATO KERAMAT ( LORONG KERAMAT 1,2,3)",WILAYAH PERSEKUTUAN,32,6,82,27.7,20.6
101.72534089300001,3.166078734999985,21/12/2025,"KG. DATO KERAMAT ( LORONG KERAMAT 1,2,3)",WILAYAH PERSEKUTUAN,33,6,82,27.7,20.6
101.72534089300001,3.166078734999985,21/12/2025,"KG. DATO KERAMAT ( LORONG KERAMAT 1,2,3)",WILAYAH PERSEKUTUAN,31,6,82,27.7,20.6
110.36675289499999,1.5496464619999983,21/12/2025,JALAN TAN SRI DATUK WILLIAM TAN,SARAWAK,31,15,90,26.1,4.9
110.36675289499999,1.5496464619999983,21/12/2025,JALAN TAN SRI DATUK WILLIAM TAN,SARAWAK,32,15,90,26.1,4.9
103.65680637899999,1.5080404619999968,22/12/2025,TMN SUTERA UTAMA_PULAI 2/,JOHOR,37,14,78,27.2,0.3
103.65680637899999,1.5080404619999968,22/12/2025,TMN SUTERA UTAMA_PULAI 2/,JOHOR,35,14,78,27.2,0.3
103.65680637899999,1.5080404619999968,22/12/2025,TMN SUTERA UTAMA_PULAI 2/,JOHOR,36,14,78,27.2,0.3
103.65680637899999,1.5080404619999968,22/12/2025,TMN SUTERA UTAMA_PULAI 2/,JOHOR,34,14,78,27.2,0.3
103.65680637899999,1.5080404619999968,22/12/2025,TMN SUTERA UTAMA_PULAI 2/,JOHOR,33,14,78,27.2,0.3
100.30268372400002,5.352389039000002,22/12/2025,UNIVERSITY HEIGHT,PULAU PINANG,41,24,71,29.2,0.0
100.30268372400002,5.352389039000002,22/12/2025,UNIVERSITY HEIGHT,PULAU PINANG,39,24,71,29.2,0.0
100.30268372400002,5.352389039000002,22/12/2025,UNIVERSITY HEIGHT,PULAU PINANG,40,24,71,29.2,0.0
100.30268372400002,5.352389039000002,22/12/2025,UNIVERSITY HEIGHT,PULAU PINANG,38,24,71,29.2,0.0
100.30268372400002,5.352389039000002,22/12/2025,UNIVERSITY HEIGHT,PULAU PINANG,37,24,71,29.2,0.0
100.30830893299998,5.340919699999972,22/12/2025,PUTRA PLACE CONDOMINIUM,PULAU PINANG,43,25,71,29.2,0.0
100.30830893299998,5.340919699999972,22/12/2025,PUTRA PLACE CONDOMINIUM,PULAU PINANG,41,25,71,29.2,0.0
100.30830893299998,5.340919699999972,22/12/2025,PUTRA PLACE CONDOMINIUM,PULAU PINANG,42,25,71,29.2,0.0
100.30830893299998,5.340919699999972,22/12/2025,PUTRA PLACE CONDOMINIUM,PULAU PINANG,40,25,71,29.2,0.0
100.30830893299998,5.340919699999972,22/12/2025,PUTRA PLACE CONDOMINIUM,PULAU PINANG,39,23,71,29.2,0.0
101.77149312099999,3.205667525000024,22/12/2025,APPT SRI BAIDURI UP,SELANGOR,52,9,79,27.2,8.6
101.77149312099999,3.205667525000024,22/12/2025,APPT SRI BAIDURI UP,SELANGOR,51,9,79,27.2,8.6
101.52530608900003,3.0711581369999976,22/12/2025,E1. SEKSYEN 14 (PANGSAPURI VISTA ALAM),SELANGOR,54,27,80,28.0,2.5
101.52530608900003,3.0711581369999976,22/12/2025,E1. SEKSYEN 14 (PANGSAPURI VISTA ALAM),SELANGOR,52,27,80,28.0,2.5
101.52530608900003,3.0711581369999976,22/12/2025,E1. SEKSYEN 14 (PANGSAPURI VISTA ALAM),SELANGOR,53,27,80,28.0,2.5
101.52530608900003,3.0711581369999976,22/12/2025,E1. SEKSYEN 14 (PANGSAPURI VISTA ALAM),SELANGOR,51,27,80,28.0,2.5
101.52530608900003,3.0711581369999976,22/12/2025,E1. SEKSYEN 14 (PANGSAPURI VISTA ALAM),SELANGOR,50,27,80,28.0,2.5
101.77735742200002,2.9643135420000135,22/12/2025,JALAN 4/12 SEKSYEN 4 BANDAR BARU BANGI,SELANGOR,35,10,81,27.8,7.2
101.77735742200002,2.9643135420000135,22/12/2025,JALAN 4/12 SEKSYEN 4 BANDAR BARU BANGI,SELANGOR,33,10,81,27.8,7.2
101.77735742200002,2.9643135420000135,22/12/2025,JALAN 4/12 SEKSYEN 4 BANDAR BARU BANGI,SELANGOR,34,10,81,27.8,7.2
101.77735742200002,2.9643135420000135,22/12/2025,JALAN 4/12 SEKSYEN 4 BANDAR BARU BANGI,SELANGOR,32,10,81,27.8,7.2
101.77735742200002,2.9643135420000135,22/12/2025,JALAN 4/12 SEKSYEN 4 BANDAR BARU BANGI,SELANGOR,31,10,81,27.8,7.2
101.60939593900002,3.0808161339999742,22/12/2025,E11. SRI PJS 8 MENTARI COURT,SELANGOR,32,6,79,27.9,8.6
101.60939593900002,3.0808161339999742,22/12/2025,E11. SRI PJS 8 MENTARI COURT,SELANGOR,31,6,79,27.9,8.6
101.79969370200001,2.99750929999999,22/12/2025,TAMAN SAGA EMAS,SELANGOR,37,7,81,27.7,7.2
101.79969370200001,2.99750929999999,22/12/2025,TAMAN SAGA EMAS,SELANGOR,36,7,81,27.7,7.2
101.79969370200001,2.99750929999999,22/12/2025,TAMAN SAGA EMAS,SELANGOR,35,7,81,27.7,7.2
101.628348701,3.0835091150000267,22/12/2025,"E12. TM PJS 2C FLAT DESA MENTARI (BLOK 9 , 10)",SELANGOR,32,4,79,27.9,8.6
101.628348701,3.0835091150000267,22/12/2025,"E12. TM PJS 2C FLAT DESA MENTARI (BLOK 9 , 10)",SELANGOR,31,4,79,27.9,8.6
101.60841880200002,2.9861052969999946,22/12/2025,"E15. TMN PUCHONG UTAMA 7 (COURT 1) BLOK A, B, C, D, E, F, G, H, J, K, L, M, N, P",SELANGOR,40,6,80,27.9,14.8
101.60841880200002,2.9861052969999946,22/12/2025,"E15. TMN PUCHONG UTAMA 7 (COURT 1) BLOK A, B, C, D, E, F, G, H, J, K, L, M, N, P",SELANGOR,39,6,80,27.9,14.8
101.60841880200002,2.9861052969999946,22/12/2025,"E15. TMN PUCHONG UTAMA 7 (COURT 1) BLOK A, B, C, D, E, F, G, H, J, K, L, M, N, P",SELANGOR,38,6,80,27.9,14.8
101.61112832200001,2.985246838000023,22/12/2025,E15. TMN PUCHONG UTAMA (JLN PU 10),SELANGOR,35,4,80,27.9,14.8
101.61112832200001,2.985246838000023,22/12/2025,E15. TMN PUCHONG UTAMA (JLN PU 10),SELANGOR,36,4,80,27.9,14.8
101.61112832200001,2.985246838000023,22/12/2025,E15. TMN PUCHONG UTAMA (JLN PU 10),SELANGOR,34,4,80,27.9,14.8
101.61112832200001,2.985246838000023,22/12/2025,E15. TMN PUCHONG UTAMA (JLN PU 10),SELANGOR,33,4,80,27.9,14.8
118.06537060100004,5.865935443000012,22/12/2025,TAMAN TYNG BT.5,SABAH,33,16,84,27.3,1.9
118.06537060100004,5.865935443000012,22/12/2025,TAMAN TYNG BT.5,SABAH,31,14,84,27.3,1.9
118.06537060100004,5.865935443000012,22/12/2025,TAMAN TYNG BT.5,SABAH,32,16,84,27.3,1.9
101.801723789,3.0110220529999765,22/12/2025,JALAN JENARIS A-G TAMAN DESA SERI JENARIS,SELANGOR,36,10,81,27.6,7.2
101.801723789,3.0110220529999765,22/12/2025,JALAN JENARIS A-G TAMAN DESA SERI JENARIS,SELANGOR,34,10,81,27.6,7.2
101.801723789,3.0110220529999765,22/12/2025,JALAN JENARIS A-G TAMAN DESA SERI JENARIS,SELANGOR,35,10,81,27.6,7.2
101.801723789,3.0110220529999765,22/12/2025,JALAN JENARIS A-G TAMAN DESA SERI JENARIS,SELANGOR,33,10,81,27.6,7.2
101.801723789,3.0110220529999765,22/12/2025,JALAN JENARIS A-G TAMAN DESA SERI JENARIS,SELANGOR,32,10,81,27.6,7.2
101.646089002,3.1780625819999955,22/12/2025,BOUGAINVILLA APARTMENT,WILAYAH PERSEKUTUAN,55,21,79,27.4,8.6
101.646089002,3.1780625819999955,22/12/2025,BOUGAINVILLA APARTMENT,WILAYAH PERSEKUTUAN,53,21,79,27.4,8.6
101.646089002,3.1780625819999955,22/12/2025,BOUGAINVILLA APARTMENT,WILAYAH PERSEKUTUAN,54,21,79,27.4,8.6
101.646089002,3.1780625819999955,22/12/2025,BOUGAINVILLA APARTMENT,WILAYAH PERSEKUTUAN,52,21,79,27.4,8.6
101.646089002,3.1780625819999955,22/12/2025,BOUGAINVILLA APARTMENT,WILAYAH PERSEKUTUAN,51,21,79,27.4,8.6
116.044597619,5.896894664000001,22/12/2025,KG. PASIR PUTIH,SABAH,37,10,83,28.2,5.4
116.044597619,5.896894664000001,22/12/2025,KG. PASIR PUTIH,SABAH,35,8,83,28.2,5.4
116.044597619,5.896894664000001,22/12/2025,KG. PASIR PUTIH,SABAH,36,8,83,28.2,5.4
116.044597619,5.896894664000001,22/12/2025,KG. PASIR PUTIH,SABAH,34,7,83,28.2,5.4
116.044597619,5.896894664000001,22/12/2025,KG. PASIR PUTIH,SABAH,33,7,83,28.2,5.4
101.55522155800003,3.443031311000027,22/12/2025,APT TERATAI TBR BB,SELANGOR,31,8,80,27.4,7.2
101.662932237,2.7973246199999835,22/12/2025,PANGSAPURI LANGAT UTAMA,SELANGOR,39,43,83,27.4,9.9
101.662932237,2.7973246199999835,22/12/2025,PANGSAPURI LANGAT UTAMA,SELANGOR,37,42,83,27.4,9.9
101.662932237,2.7973246199999835,22/12/2025,PANGSAPURI LANGAT UTAMA,SELANGOR,38,42,83,27.4,9.9
101.662932237,2.7973246199999835,22/12/2025,PANGSAPURI LANGAT UTAMA,SELANGOR,36,42,83,27.4,9.9
101.662932237,2.7973246199999835,22/12/2025,PANGSAPURI LANGAT UTAMA,SELANGOR,35,42,83,27.4,9.9
101.60213905400002,3.1926946940000107,22/12/2025,"E6. BL PJU 9 SD 13 APT SRI MERANTI (2) [H,J,K,L,M,N,P,Q,R]",SELANGOR,33,11,80,28.4,5.5
101.60213905400002,3.1926946940000107,22/12/2025,"E6. BL PJU 9 SD 13 APT SRI MERANTI (2) [H,J,K,L,M,N,P,Q,R]",SELANGOR,31,10,80,28.4,5.5
101.60213905400002,3.1926946940000107,22/12/2025,"E6. BL PJU 9 SD 13 APT SRI MERANTI (2) [H,J,K,L,M,N,P,Q,R]",SELANGOR,32,11,80,28.4,5.5
101.61892700200002,3.079881549999982,22/12/2025,"E11. SRI PJS 6 FLAT DESA MENTARI 1 (BLOK 1 , 2 , 3)",SELANGOR,31,6,79,27.9,8.6
101.60399246200001,3.077885985000023,22/12/2025,"E11. SRI PJS 10 (TERES 3) [JLN PJS 10/7C , 10/9A , 10/11A - 10/11D]",SELANGOR,44,10,79,27.9,8.6
101.60399246200001,3.077885985000023,22/12/2025,"E11. SRI PJS 10 (TERES 3) [JLN PJS 10/7C , 10/9A , 10/11A - 10/11D]",SELANGOR,42,9,79,27.9,8.6
101.60399246200001,3.077885985000023,22/12/2025,"E11. SRI PJS 10 (TERES 3) [JLN PJS 10/7C , 10/9A , 10/11A - 10/11D]",SELANGOR,43,9,79,27.9,8.6
101.60399246200001,3.077885985000023,22/12/2025,"E11. SRI PJS 10 (TERES 3) [JLN PJS 10/7C , 10/9A , 10/11A - 10/11D]",SELANGOR,41,9,79,27.9,8.6
101.60399246200001,3.077885985000023,22/12/2025,"E11. SRI PJS 10 (TERES 3) [JLN PJS 10/7C , 10/9A , 10/11A - 10/11D]",SELANGOR,40,9,79,27.9,8.6
101.57530593799999,3.1756490480000252,22/12/2025,"E7. KD PJU 5 SEK 8 GUGUSAN KEMUNING (A,B) PPRT",SELANGOR,33,6,79,27.6,8.6
101.57530593799999,3.1756490480000252,22/12/2025,"E7. KD PJU 5 SEK 8 GUGUSAN KEMUNING (A,B) PPRT",SELANGOR,31,6,79,27.6,8.6
101.57530593799999,3.1756490480000252,22/12/2025,"E7. KD PJU 5 SEK 8 GUGUSAN KEMUNING (A,B) PPRT",SELANGOR,32,6,79,27.6,8.6
101.712787628,3.025972963000015,22/12/2025,E17. TMN MUHIBBAH SRI KEMBANGAN,SELANGOR,60,9,81,27.7,7.2
101.712787628,3.025972963000015,22/12/2025,E17. TMN MUHIBBAH SRI KEMBANGAN,SELANGOR,58,9,81,27.7,7.2
101.712787628,3.025972963000015,22/12/2025,E17. TMN MUHIBBAH SRI KEMBANGAN,SELANGOR,59,9,81,27.7,7.2
101.712787628,3.025972963000015,22/12/2025,E17. TMN MUHIBBAH SRI KEMBANGAN,SELANGOR,57,9,81,27.7,7.2
101.712787628,3.025972963000015,22/12/2025,E17. TMN MUHIBBAH SRI KEMBANGAN,SELANGOR,56,9,81,27.7,7.2
116.09201812699996,5.957944870000006,22/12/2025,KONDOMINIUM PUNCAK LUYANG,SABAH,38,9,82,27.8,3.7
116.09201812699996,5.957944870000006,22/12/2025,KONDOMINIUM PUNCAK LUYANG,SABAH,36,9,82,27.8,3.7
116.09201812699996,5.957944870000006,22/12/2025,KONDOMINIUM PUNCAK LUYANG,SABAH,37,9,82,27.8,3.7
116.09201812699996,5.957944870000006,22/12/2025,KONDOMINIUM PUNCAK LUYANG,SABAH,35,9,82,27.8,3.7
116.09201812699996,5.957944870000006,22/12/2025,KONDOMINIUM PUNCAK LUYANG,SABAH,34,9,82,27.8,3.7
101.60240391100001,3.1945028229999934,22/12/2025,"E6. BL PJU 9 SD 13 APT SRI MERANTI (1) [A,B,C,D,E,F,G]",SELANGOR,46,18,80,28.5,5.5
101.60240391100001,3.1945028229999934,22/12/2025,"E6. BL PJU 9 SD 13 APT SRI MERANTI (1) [A,B,C,D,E,F,G]",SELANGOR,44,18,80,28.5,5.5
101.60240391100001,3.1945028229999934,22/12/2025,"E6. BL PJU 9 SD 13 APT SRI MERANTI (1) [A,B,C,D,E,F,G]",SELANGOR,45,18,80,28.5,5.5
101.60240391100001,3.1945028229999934,22/12/2025,"E6. BL PJU 9 SD 13 APT SRI MERANTI (1) [A,B,C,D,E,F,G]",SELANGOR,43,18,80,28.5,5.5
101.60240391100001,3.1945028229999934,22/12/2025,"E6. BL PJU 9 SD 13 APT SRI MERANTI (1) [A,B,C,D,E,F,G]",SELANGOR,42,18,80,28.5,5.5
101.65486526500001,3.049239875000012,22/12/2025,"PPR PINGGIRAN 2(BLOK G,H,J,K,L,M)",WILAYAH PERSEKUTUAN,35,13,80,27.6,14.8
101.65486526500001,3.049239875000012,22/12/2025,"PPR PINGGIRAN 2(BLOK G,H,J,K,L,M)",WILAYAH PERSEKUTUAN,33,12,80,27.6,14.8
101.65486526500001,3.049239875000012,22/12/2025,"PPR PINGGIRAN 2(BLOK G,H,J,K,L,M)",WILAYAH PERSEKUTUAN,34,12,80,27.6,14.8
101.65486526500001,3.049239875000012,22/12/2025,"PPR PINGGIRAN 2(BLOK G,H,J,K,L,M)",WILAYAH PERSEKUTUAN,32,12,80,27.6,14.8
101.65486526500001,3.049239875000012,22/12/2025,"PPR PINGGIRAN 2(BLOK G,H,J,K,L,M)",WILAYAH PERSEKUTUAN,31,12,80,27.6,14.8
101.61672701499998,3.067438256999992,22/12/2025,"E13. PJS 7/15 (FLAT KOS RENDAH) BLOK A, B, C, D, E, F, G, H, K",SELANGOR,47,11,79,27.9,8.6
101.61672701499998,3.067438256999992,22/12/2025,"E13. PJS 7/15 (FLAT KOS RENDAH) BLOK A, B, C, D, E, F, G, H, K",SELANGOR,45,11,79,27.9,8.6
101.61672701499998,3.067438256999992,22/12/2025,"E13. PJS 7/15 (FLAT KOS RENDAH) BLOK A, B, C, D, E, F, G, H, K",SELANGOR,46,11,79,27.9,8.6
101.61672701499998,3.067438256999992,22/12/2025,"E13. PJS 7/15 (FLAT KOS RENDAH) BLOK A, B, C, D, E, F, G, H, K",SELANGOR,44,11,79,27.9,8.6
101.61672701499998,3.067438256999992,22/12/2025,"E13. PJS 7/15 (FLAT KOS RENDAH) BLOK A, B, C, D, E, F, G, H, K",SELANGOR,43,11,79,27.9,8.6
101.52359008799999,3.2150260220000177,22/12/2025,E5. SEKSYEN U17 (AMAN PUTRI : TERES JLN U17/43 - U17/51),SELANGOR,35,11,81,27.7,3.7
101.52359008799999,3.2150260220000177,22/12/2025,E5. SEKSYEN U17 (AMAN PUTRI : TERES JLN U17/43 - U17/51),SELANGOR,33,11,81,27.7,3.7
101.52359008799999,3.2150260220000177,22/12/2025,E5. SEKSYEN U17 (AMAN PUTRI : TERES JLN U17/43 - U17/51),SELANGOR,34,11,81,27.7,3.7
101.52359008799999,3.2150260220000177,22/12/2025,E5. SEKSYEN U17 (AMAN PUTRI : TERES JLN U17/43 - U17/51),SELANGOR,32,11,81,27.7,3.7
101.52359008799999,3.2150260220000177,22/12/2025,E5. SEKSYEN U17 (AMAN PUTRI : TERES JLN U17/43 - U17/51),SELANGOR,31,11,81,27.7,3.7
101.51005172700002,3.0751249799999982,22/12/2025,E1. SEKSYEN 3 (KOMPLEKS MAIS),SELANGOR,65,23,80,28.0,2.5
101.51005172700002,3.0751249799999982,22/12/2025,E1. SEKSYEN 3 (KOMPLEKS MAIS),SELANGOR,64,23,80,28.0,2.5
101.51005172700002,3.0751249799999982,22/12/2025,E1. SEKSYEN 3 (KOMPLEKS MAIS),SELANGOR,63,23,80,28.0,2.5
101.57379433599999,3.1720262420000154,22/12/2025,E7. KD PJU 5 SEK 7 APT MILIA,SELANGOR,54,12,79,27.6,8.6
101.57379433599999,3.1720262420000154,22/12/2025,E7. KD PJU 5 SEK 7 APT MILIA,SELANGOR,53,12,79,27.6,8.6
101.57404113500002,3.1725872979999963,22/12/2025,E7. KD PJU 5 SEK 7 APT LILY,SELANGOR,38,7,79,27.6,8.6
101.57404113500002,3.1725872979999963,22/12/2025,E7. KD PJU 5 SEK 7 APT LILY,SELANGOR,36,7,79,27.6,8.6
101.57404113500002,3.1725872979999963,22/12/2025,E7. KD PJU 5 SEK 7 APT LILY,SELANGOR,37,7,79,27.6,8.6
101.57404113500002,3.1725872979999963,22/12/2025,E7. KD PJU 5 SEK 7 APT LILY,SELANGOR,35,7,79,27.6,8.6
101.57404113500002,3.1725872979999963,22/12/2025,E7. KD PJU 5 SEK 7 APT LILY,SELANGOR,34,7,79,27.6,8.6
101.60886383000002,2.883585929999981,22/12/2025,"PALMA SANDS, GAMUDA COVE",SELANGOR,49,8,83,27.3,15.6
101.60886383000002,2.883585929999981,22/12/2025,"PALMA SANDS, GAMUDA COVE",SELANGOR,47,8,83,27.3,15.6
101.60886383000002,2.883585929999981,22/12/2025,"PALMA SANDS, GAMUDA COVE",SELANGOR,48,8,83,27.3,15.6
101.60886383000002,2.883585929999981,22/12/2025,"PALMA SANDS, GAMUDA COVE",SELANGOR,46,8,83,27.3,15.6
101.60886383000002,2.883585929999981,22/12/2025,"PALMA SANDS, GAMUDA COVE",SELANGOR,45,8,83,27.3,15.6
101.72534089300001,3.166078734999985,22/12/2025,"KG. DATO KERAMAT ( LORONG KERAMAT 1,2,3)",WILAYAH PERSEKUTUAN,34,6,79,27.9,8.6
101.72534089300001,3.166078734999985,22/12/2025,"KG. DATO KERAMAT ( LORONG KERAMAT 1,2,3)",WILAYAH PERSEKUTUAN,32,6,79,27.9,8.6
101.72534089300001,3.166078734999985,22/12/2025,"KG. DATO KERAMAT ( LORONG KERAMAT 1,2,3)",WILAYAH PERSEKUTUAN,33,6,79,27.9,8.6
101.72534089300001,3.166078734999985,22/12/2025,"KG. DATO KERAMAT ( LORONG KERAMAT 1,2,3)",WILAYAH PERSEKUTUAN,31,6,79,27.9,8.6
110.36675289499999,1.5496464619999983,22/12/2025,JALAN TAN SRI DATUK WILLIAM TAN,SARAWAK,33,15,89,26.3,6.4
110.36675289499999,1.5496464619999983,22/12/2025,JALAN TAN SRI DATUK WILLIAM TAN,SARAWAK,31,15,89,26.3,6.4
110.36675289499999,1.5496464619999983,22/12/2025,JALAN TAN SRI DATUK WILLIAM TAN,SARAWAK,32,15,89,26.3,6.4
103.65680637899999,1.5080404619999968,23/12/2025,TMN SUTERA UTAMA_PULAI 2/,JOHOR,37,14,78,27.1,0.0
103.65680637899999,1.5080404619999968,23/12/2025,TMN SUTERA UTAMA_PULAI 2/,JOHOR,35,14,78,27.1,0.0
103.65680637899999,1.5080404619999968,23/12/2025,TMN SUTERA UTAMA_PULAI 2/,JOHOR,36,14,78,27.1,0.0
103.65680637899999,1.5080404619999968,23/12/2025,TMN SUTERA UTAMA_PULAI 2/,JOHOR,34,14,78,27.1,0.0
103.65680637899999,1.5080404619999968,23/12/2025,TMN SUTERA UTAMA_PULAI 2/,JOHOR,33,14,78,27.1,0.0
100.30268372400002,5.352389039000002,23/12/2025,UNIVERSITY HEIGHT,PULAU PINANG,41,24,73,28.7,0.5
100.30268372400002,5.352389039000002,23/12/2025,UNIVERSITY HEIGHT,PULAU PINANG,39,24,73,28.7,0.5
100.30268372400002,5.352389039000002,23/12/2025,UNIVERSITY HEIGHT,PULAU PINANG,40,24,73,28.7,0.5
100.30268372400002,5.352389039000002,23/12/2025,UNIVERSITY HEIGHT,PULAU PINANG,38,24,73,28.7,0.5
100.30268372400002,5.352389039000002,23/12/2025,UNIVERSITY HEIGHT,PULAU PINANG,37,24,73,28.7,0.5
100.30830893299998,5.340919699999972,23/12/2025,PUTRA PLACE CONDOMINIUM,PULAU PINANG,43,25,73,28.7,0.5
100.30830893299998,5.340919699999972,23/12/2025,PUTRA PLACE CONDOMINIUM,PULAU PINANG,41,25,73,28.7,0.5
100.30830893299998,5.340919699999972,23/12/2025,PUTRA PLACE CONDOMINIUM,PULAU PINANG,42,25,73,28.7,0.5
100.30830893299998,5.340919699999972,23/12/2025,PUTRA PLACE CONDOMINIUM,PULAU PINANG,40,25,73,28.7,0.5
100.30830893299998,5.340919699999972,23/12/2025,PUTRA PLACE CONDOMINIUM,PULAU PINANG,39,23,73,28.7,0.5
101.77149312099999,3.205667525000024,23/12/2025,APPT SRI BAIDURI UP,SELANGOR,52,9,81,27.1,14.5
101.77149312099999,3.205667525000024,23/12/2025,APPT SRI BAIDURI UP,SELANGOR,51,9,81,27.1,14.5
101.52530608900003,3.0711581369999976,23/12/2025,E1. SEKSYEN 14 (PANGSAPURI VISTA ALAM),SELANGOR,54,27,82,28.0,3.3
101.52530608900003,3.0711581369999976,23/12/2025,E1. SEKSYEN 14 (PANGSAPURI VISTA ALAM),SELANGOR,52,27,82,28.0,3.3
101.52530608900003,3.0711581369999976,23/12/2025,E1. SEKSYEN 14 (PANGSAPURI VISTA ALAM),SELANGOR,53,27,82,28.0,3.3
101.52530608900003,3.0711581369999976,23/12/2025,E1. SEKSYEN 14 (PANGSAPURI VISTA ALAM),SELANGOR,51,27,82,28.0,3.3
101.52530608900003,3.0711581369999976,23/12/2025,E1. SEKSYEN 14 (PANGSAPURI VISTA ALAM),SELANGOR,50,27,82,28.0,3.3
101.77735742200002,2.9643135420000135,23/12/2025,JALAN 4/12 SEKSYEN 4 BANDAR BARU BANGI,SELANGOR,35,10,84,27.5,19.4
101.77735742200002,2.9643135420000135,23/12/2025,JALAN 4/12 SEKSYEN 4 BANDAR BARU BANGI,SELANGOR,33,10,84,27.5,19.4
101.77735742200002,2.9643135420000135,23/12/2025,JALAN 4/12 SEKSYEN 4 BANDAR BARU BANGI,SELANGOR,34,10,84,27.5,19.4
101.77735742200002,2.9643135420000135,23/12/2025,JALAN 4/12 SEKSYEN 4 BANDAR BARU BANGI,SELANGOR,32,10,84,27.5,19.4
101.77735742200002,2.9643135420000135,23/12/2025,JALAN 4/12 SEKSYEN 4 BANDAR BARU BANGI,SELANGOR,31,10,84,27.5,19.4
101.60939593900002,3.0808161339999742,23/12/2025,E11. SRI PJS 8 MENTARI COURT,SELANGOR,32,6,81,27.8,14.5
101.60939593900002,3.0808161339999742,23/12/2025,E11. SRI PJS 8 MENTARI COURT,SELANGOR,31,6,81,27.8,14.5
101.79969370200001,2.99750929999999,23/12/2025,TAMAN SAGA EMAS,SELANGOR,37,7,84,27.4,19.4
101.79969370200001,2.99750929999999,23/12/2025,TAMAN SAGA EMAS,SELANGOR,36,7,84,27.4,19.4
101.79969370200001,2.99750929999999,23/12/2025,TAMAN SAGA EMAS,SELANGOR,35,7,84,27.4,19.4
101.628348701,3.0835091150000267,23/12/2025,"E12. TM PJS 2C FLAT DESA MENTARI (BLOK 9 , 10)",SELANGOR,32,4,81,27.8,14.5
101.628348701,3.0835091150000267,23/12/2025,"E12. TM PJS 2C FLAT DESA MENTARI (BLOK 9 , 10)",SELANGOR,31,4,81,27.8,14.5
101.60841880200002,2.9861052969999946,23/12/2025,"E15. TMN PUCHONG UTAMA 7 (COURT 1) BLOK A, B, C, D, E, F, G, H, J, K, L, M, N, P",SELANGOR,40,6,82,27.9,10.4
101.60841880200002,2.9861052969999946,23/12/2025,"E15. TMN PUCHONG UTAMA 7 (COURT 1) BLOK A, B, C, D, E, F, G, H, J, K, L, M, N, P",SELANGOR,39,6,82,27.9,10.4
101.60841880200002,2.9861052969999946,23/12/2025,"E15. TMN PUCHONG UTAMA 7 (COURT 1) BLOK A, B, C, D, E, F, G, H, J, K, L, M, N, P",SELANGOR,38,6,82,27.9,10.4
101.61112832200001,2.985246838000023,23/12/2025,E15. TMN PUCHONG UTAMA (JLN PU 10),SELANGOR,35,4,82,27.9,10.4
101.61112832200001,2.985246838000023,23/12/2025,E15. TMN PUCHONG UTAMA (JLN PU 10),SELANGOR,36,4,82,27.9,10.4
101.61112832200001,2.985246838000023,23/12/2025,E15. TMN PUCHONG UTAMA (JLN PU 10),SELANGOR,34,4,82,27.9,10.4
101.61112832200001,2.985246838000023,23/12/2025,E15. TMN PUCHONG UTAMA (JLN PU 10),SELANGOR,33,4,82,27.9,10.4
118.06537060100004,5.865935443000012,23/12/2025,TAMAN TYNG BT.5,SABAH,33,16,86,27.3,10.0
118.06537060100004,5.865935443000012,23/12/2025,TAMAN TYNG BT.5,SABAH,31,14,86,27.3,10.0
118.06537060100004,5.865935443000012,23/12/2025,TAMAN TYNG BT.5,SABAH,32,16,86,27.3,10.0
101.801723789,3.0110220529999765,23/12/2025,JALAN JENARIS A-G TAMAN DESA SERI JENARIS,SELANGOR,36,10,84,27.4,19.4
101.801723789,3.0110220529999765,23/12/2025,JALAN JENARIS A-G TAMAN DESA SERI JENARIS,SELANGOR,34,10,84,27.4,19.4
101.801723789,3.0110220529999765,23/12/2025,JALAN JENARIS A-G TAMAN DESA SERI JENARIS,SELANGOR,35,10,84,27.4,19.4
101.801723789,3.0110220529999765,23/12/2025,JALAN JENARIS A-G TAMAN DESA SERI JENARIS,SELANGOR,33,10,84,27.4,19.4
101.801723789,3.0110220529999765,23/12/2025,JALAN JENARIS A-G TAMAN DESA SERI JENARIS,SELANGOR,32,10,84,27.4,19.4
101.646089002,3.1780625819999955,23/12/2025,BOUGAINVILLA APARTMENT,WILAYAH PERSEKUTUAN,55,21,81,27.3,14.5
101.646089002,3.1780625819999955,23/12/2025,BOUGAINVILLA APARTMENT,WILAYAH PERSEKUTUAN,53,21,81,27.3,14.5
101.646089002,3.1780625819999955,23/12/2025,BOUGAINVILLA APARTMENT,WILAYAH PERSEKUTUAN,54,21,81,27.3,14.5
101.646089002,3.1780625819999955,23/12/2025,BOUGAINVILLA APARTMENT,WILAYAH PERSEKUTUAN,52,21,81,27.3,14.5
101.646089002,3.1780625819999955,23/12/2025,BOUGAINVILLA APARTMENT,WILAYAH PERSEKUTUAN,51,21,81,27.3,14.5
116.044597619,5.896894664000001,23/12/2025,KG. PASIR PUTIH,SABAH,37,10,84,28.1,12.9
116.044597619,5.896894664000001,23/12/2025,KG. PASIR PUTIH,SABAH,35,8,84,28.1,12.9
116.044597619,5.896894664000001,23/12/2025,KG. PASIR PUTIH,SABAH,36,8,84,28.1,12.9
116.044597619,5.896894664000001,23/12/2025,KG. PASIR PUTIH,SABAH,34,7,84,28.1,12.9
116.044597619,5.896894664000001,23/12/2025,KG. PASIR PUTIH,SABAH,33,7,84,28.1,12.9
101.55522155800003,3.443031311000027,23/12/2025,APT TERATAI TBR BB,SELANGOR,31,8,81,27.6,4.3
101.662932237,2.7973246199999835,23/12/2025,PANGSAPURI LANGAT UTAMA,SELANGOR,39,43,84,27.3,15.4
101.662932237,2.7973246199999835,23/12/2025,PANGSAPURI LANGAT UTAMA,SELANGOR,37,42,84,27.3,15.4
101.662932237,2.7973246199999835,23/12/2025,PANGSAPURI LANGAT UTAMA,SELANGOR,38,42,84,27.3,15.4
101.662932237,2.7973246199999835,23/12/2025,PANGSAPURI LANGAT UTAMA,SELANGOR,36,42,84,27.3,15.4
101.662932237,2.7973246199999835,23/12/2025,PANGSAPURI LANGAT UTAMA,SELANGOR,35,42,84,27.3,15.4
101.60213905400002,3.1926946940000107,23/12/2025,"E6. BL PJU 9 SD 13 APT SRI MERANTI (2) [H,J,K,L,M,N,P,Q,R]",SELANGOR,33,11,83,28.3,8.4
101.60213905400002,3.1926946940000107,23/12/2025,"E6. BL PJU 9 SD 13 APT SRI MERANTI (2) [H,J,K,L,M,N,P,Q,R]",SELANGOR,31,10,83,28.3,8.4
101.60213905400002,3.1926946940000107,23/12/2025,"E6. BL PJU 9 SD 13 APT SRI MERANTI (2) [H,J,K,L,M,N,P,Q,R]",SELANGOR,32,11,83,28.3,8.4
101.61892700200002,3.079881549999982,23/12/2025,"E11. SRI PJS 6 FLAT DESA MENTARI 1 (BLOK 1 , 2 , 3)",SELANGOR,31,6,81,27.8,14.5
101.60399246200001,3.077885985000023,23/12/2025,"E11. SRI PJS 10 (TERES 3) [JLN PJS 10/7C , 10/9A , 10/11A - 10/11D]",SELANGOR,44,10,81,27.8,14.5
101.60399246200001,3.077885985000023,23/12/2025,"E11. SRI PJS 10 (TERES 3) [JLN PJS 10/7C , 10/9A , 10/11A - 10/11D]",SELANGOR,42,9,81,27.8,14.5
101.60399246200001,3.077885985000023,23/12/2025,"E11. SRI PJS 10 (TERES 3) [JLN PJS 10/7C , 10/9A , 10/11A - 10/11D]",SELANGOR,43,9,81,27.8,14.5
101.60399246200001,3.077885985000023,23/12/2025,"E11. SRI PJS 10 (TERES 3) [JLN PJS 10/7C , 10/9A , 10/11A - 10/11D]",SELANGOR,41,9,81,27.8,14.5
101.60399246200001,3.077885985000023,23/12/2025,"E11. SRI PJS 10 (TERES 3) [JLN PJS 10/7C , 10/9A , 10/11A - 10/11D]",SELANGOR,40,9,81,27.8,14.5
101.57530593799999,3.1756490480000252,23/12/2025,"E7. KD PJU 5 SEK 8 GUGUSAN KEMUNING (A,B) PPRT",SELANGOR,33,6,81,27.6,14.5
101.57530593799999,3.1756490480000252,23/12/2025,"E7. KD PJU 5 SEK 8 GUGUSAN KEMUNING (A,B) PPRT",SELANGOR,31,6,81,27.6,14.5
101.57530593799999,3.1756490480000252,23/12/2025,"E7. KD PJU 5 SEK 8 GUGUSAN KEMUNING (A,B) PPRT",SELANGOR,32,6,81,27.6,14.5
101.712787628,3.025972963000015,23/12/2025,E17. TMN MUHIBBAH SRI KEMBANGAN,SELANGOR,60,9,84,27.4,19.4
101.712787628,3.025972963000015,23/12/2025,E17. TMN MUHIBBAH SRI KEMBANGAN,SELANGOR,58,9,84,27.4,19.4
101.712787628,3.025972963000015,23/12/2025,E17. TMN MUHIBBAH SRI KEMBANGAN,SELANGOR,59,9,84,27.4,19.4
101.712787628,3.025972963000015,23/12/2025,E17. TMN MUHIBBAH SRI KEMBANGAN,SELANGOR,57,9,84,27.4,19.4
101.712787628,3.025972963000015,23/12/2025,E17. TMN MUHIBBAH SRI KEMBANGAN,SELANGOR,56,9,84,27.4,19.4
116.09201812699996,5.957944870000006,23/12/2025,KONDOMINIUM PUNCAK LUYANG,SABAH,38,9,84,27.6,6.5
116.09201812699996,5.957944870000006,23/12/2025,KONDOMINIUM PUNCAK LUYANG,SABAH,36,9,84,27.6,6.5
116.09201812699996,5.957944870000006,23/12/2025,KONDOMINIUM PUNCAK LUYANG,SABAH,37,9,84,27.6,6.5
116.09201812699996,5.957944870000006,23/12/2025,KONDOMINIUM PUNCAK LUYANG,SABAH,35,9,84,27.6,6.5
116.09201812699996,5.957944870000006,23/12/2025,KONDOMINIUM PUNCAK LUYANG,SABAH,34,9,84,27.6,6.5
101.60240391100001,3.1945028229999934,23/12/2025,"E6. BL PJU 9 SD 13 APT SRI MERANTI (1) [A,B,C,D,E,F,G]",SELANGOR,46,18,83,28.4,8.4
101.60240391100001,3.1945028229999934,23/12/2025,"E6. BL PJU 9 SD 13 APT SRI MERANTI (1) [A,B,C,D,E,F,G]",SELANGOR,44,18,83,28.4,8.4
101.60240391100001,3.1945028229999934,23/12/2025,"E6. BL PJU 9 SD 13 APT SRI MERANTI (1) [A,B,C,D,E,F,G]",SELANGOR,45,18,83,28.4,8.4
101.60240391100001,3.1945028229999934,23/12/2025,"E6. BL PJU 9 SD 13 APT SRI MERANTI (1) [A,B,C,D,E,F,G]",SELANGOR,43,18,83,28.4,8.4
101.60240391100001,3.1945028229999934,23/12/2025,"E6. BL PJU 9 SD 13 APT SRI MERANTI (1) [A,B,C,D,E,F,G]",SELANGOR,42,18,83,28.4,8.4
101.65486526500001,3.049239875000012,23/12/2025,"PPR PINGGIRAN 2(BLOK G,H,J,K,L,M)",WILAYAH PERSEKUTUAN,35,13,82,27.5,10.4
101.65486526500001,3.049239875000012,23/12/2025,"PPR PINGGIRAN 2(BLOK G,H,J,K,L,M)",WILAYAH PERSEKUTUAN,33,12,82,27.5,10.4
101.65486526500001,3.049239875000012,23/12/2025,"PPR PINGGIRAN 2(BLOK G,H,J,K,L,M)",WILAYAH PERSEKUTUAN,34,12,82,27.5,10.4
101.65486526500001,3.049239875000012,23/12/2025,"PPR PINGGIRAN 2(BLOK G,H,J,K,L,M)",WILAYAH PERSEKUTUAN,32,12,82,27.5,10.4
101.65486526500001,3.049239875000012,23/12/2025,"PPR PINGGIRAN 2(BLOK G,H,J,K,L,M)",WILAYAH PERSEKUTUAN,31,12,82,27.5,10.4
101.61672701499998,3.067438256999992,23/12/2025,"E13. PJS 7/15 (FLAT KOS RENDAH) BLOK A, B, C, D, E, F, G, H, K",SELANGOR,47,11,81,27.8,14.5
101.61672701499998,3.067438256999992,23/12/2025,"E13. PJS 7/15 (FLAT KOS RENDAH) BLOK A, B, C, D, E, F, G, H, K",SELANGOR,45,11,81,27.8,14.5
101.61672701499998,3.067438256999992,23/12/2025,"E13. PJS 7/15 (FLAT KOS RENDAH) BLOK A, B, C, D, E, F, G, H, K",SELANGOR,46,11,81,27.8,14.5
101.61672701499998,3.067438256999992,23/12/2025,"E13. PJS 7/15 (FLAT KOS RENDAH) BLOK A, B, C, D, E, F, G, H, K",SELANGOR,44,11,81,27.8,14.5
101.61672701499998,3.067438256999992,23/12/2025,"E13. PJS 7/15 (FLAT KOS RENDAH) BLOK A, B, C, D, E, F, G, H, K",SELANGOR,43,11,81,27.8,14.5
101.52359008799999,3.2150260220000177,23/12/2025,E5. SEKSYEN U17 (AMAN PUTRI : TERES JLN U17/43 - U17/51),SELANGOR,35,11,82,27.8,1.4
101.52359008799999,3.2150260220000177,23/12/2025,E5. SEKSYEN U17 (AMAN PUTRI : TERES JLN U17/43 - U17/51),SELANGOR,33,11,82,27.8,1.4
101.52359008799999,3.2150260220000177,23/12/2025,E5. SEKSYEN U17 (AMAN PUTRI : TERES JLN U17/43 - U17/51),SELANGOR,34,11,82,27.8,1.4
101.52359008799999,3.2150260220000177,23/12/2025,E5. SEKSYEN U17 (AMAN PUTRI : TERES JLN U17/43 - U17/51),SELANGOR,32,11,82,27.8,1.4
101.52359008799999,3.2150260220000177,23/12/2025,E5. SEKSYEN U17 (AMAN PUTRI : TERES JLN U17/43 - U17/51),SELANGOR,31,11,82,27.8,1.4
101.51005172700002,3.0751249799999982,23/12/2025,E1. SEKSYEN 3 (KOMPLEKS MAIS),SELANGOR,65,23,82,28.0,3.3
101.51005172700002,3.0751249799999982,23/12/2025,E1. SEKSYEN 3 (KOMPLEKS MAIS),SELANGOR,64,23,82,28.0,3.3
101.51005172700002,3.0751249799999982,23/12/2025,E1. SEKSYEN 3 (KOMPLEKS MAIS),SELANGOR,63,23,82,28.0,3.3
101.57379433599999,3.1720262420000154,23/12/2025,E7. KD PJU 5 SEK 7 APT MILIA,SELANGOR,54,12,81,27.6,14.5
101.57379433599999,3.1720262420000154,23/12/2025,E7. KD PJU 5 SEK 7 APT MILIA,SELANGOR,53,12,81,27.6,14.5
101.57404113500002,3.1725872979999963,23/12/2025,E7. KD PJU 5 SEK 7 APT LILY,SELANGOR,38,7,81,27.6,14.5
101.57404113500002,3.1725872979999963,23/12/2025,E7. KD PJU 5 SEK 7 APT LILY,SELANGOR,36,7,81,27.6,14.5
101.57404113500002,3.1725872979999963,23/12/2025,E7. KD PJU 5 SEK 7 APT LILY,SELANGOR,37,7,81,27.6,14.5
101.57404113500002,3.1725872979999963,23/12/2025,E7. KD PJU 5 SEK 7 APT LILY,SELANGOR,35,7,81,27.6,14.5
101.57404113500002,3.1725872979999963,23/12/2025,E7. KD PJU 5 SEK 7 APT LILY,SELANGOR,34,7,81,27.6,14.5
101.60886383000002,2.883585929999981,23/12/2025,"PALMA SANDS, GAMUDA COVE",SELANGOR,49,8,86,27.2,10.2
101.60886383000002,2.883585929999981,23/12/2025,"PALMA SANDS, GAMUDA COVE",SELANGOR,47,8,86,27.2,10.2
101.60886383000002,2.883585929999981,23/12/2025,"PALMA SANDS, GAMUDA COVE",SELANGOR,48,8,86,27.2,10.2
101.60886383000002,2.883585929999981,23/12/2025,"PALMA SANDS, GAMUDA COVE",SELANGOR,46,8,86,27.2,10.2
101.60886383000002,2.883585929999981,23/12/2025,"PALMA SANDS, GAMUDA COVE",SELANGOR,45,8,86,27.2,10.2
101.72534089300001,3.166078734999985,23/12/2025,"KG. DATO KERAMAT ( LORONG KERAMAT 1,2,3)",WILAYAH PERSEKUTUAN,34,6,81,27.9,14.5
101.72534089300001,3.166078734999985,23/12/2025,"KG. DATO KERAMAT ( LORONG KERAMAT 1,2,3)",WILAYAH PERSEKUTUAN,32,6,81,27.9,14.5
101.72534089300001,3.166078734999985,23/12/2025,"KG. DATO KERAMAT ( LORONG KERAMAT 1,2,3)",WILAYAH PERSEKUTUAN,33,6,81,27.9,14.5
101.72534089300001,3.166078734999985,23/12/2025,"KG. DATO KERAMAT ( LORONG KERAMAT 1,2,3)",WILAYAH PERSEKUTUAN,31,6,81,27.9,14.5
110.36675289499999,1.5496464619999983,23/12/2025,JALAN TAN SRI DATUK WILLIAM TAN,SARAWAK,33,15,85,27.0,2.8
110.36675289499999,1.5496464619999983,23/12/2025,JALAN TAN SRI DATUK WILLIAM TAN,SARAWAK,31,15,85,27.0,2.8
110.36675289499999,1.5496464619999983,23/12/2025,JALAN TAN SRI DATUK WILLIAM TAN,SARAWAK,32,15,85,27.0,2.8
103.65680637899999,1.5080404619999968,25/12/2025,TMN SUTERA UTAMA_PULAI 2/,JOHOR,39,14,85,27.0,9.1
100.30268372400002,5.352389039000002,25/12/2025,UNIVERSITY HEIGHT,PULAU PINANG,44,24,78,28.8,9.1
100.30268372400002,5.352389039000002,25/12/2025,UNIVERSITY HEIGHT,PULAU PINANG,43,24,78,28.8,9.1
100.30830893299998,5.340919699999972,25/12/2025,PUTRA PLACE CONDOMINIUM,PULAU PINANG,46,25,78,28.8,9.1
100.30830893299998,5.340919699999972,25/12/2025,PUTRA PLACE CONDOMINIUM,PULAU PINANG,45,25,78,28.8,9.1
101.52530608900003,3.0711581369999976,25/12/2025,E1. SEKSYEN 14 (PANGSAPURI VISTA ALAM),SELANGOR,57,27,83,27.9,6.9
101.52530608900003,3.0711581369999976,25/12/2025,E1. SEKSYEN 14 (PANGSAPURI VISTA ALAM),SELANGOR,56,27,83,27.9,6.9
101.77735742200002,2.9643135420000135,25/12/2025,JALAN 4/12 SEKSYEN 4 BANDAR BARU BANGI,SELANGOR,38,10,85,27.6,17.1
101.77735742200002,2.9643135420000135,25/12/2025,JALAN 4/12 SEKSYEN 4 BANDAR BARU BANGI,SELANGOR,37,10,85,27.6,17.1
101.60939593900002,3.0808161339999742,25/12/2025,E11. SRI PJS 8 MENTARI COURT,SELANGOR,35,6,82,27.8,18.5
101.60939593900002,3.0808161339999742,25/12/2025,E11. SRI PJS 8 MENTARI COURT,SELANGOR,34,6,82,27.8,18.5
101.628348701,3.0835091150000267,25/12/2025,"E12. TM PJS 2C FLAT DESA MENTARI (BLOK 9 , 10)",SELANGOR,35,4,82,27.8,18.5
101.628348701,3.0835091150000267,25/12/2025,"E12. TM PJS 2C FLAT DESA MENTARI (BLOK 9 , 10)",SELANGOR,34,4,82,27.8,18.5
118.06537060100004,5.865935443000012,25/12/2025,TAMAN TYNG BT.5,SABAH,36,16,87,27.5,10.3
118.06537060100004,5.865935443000012,25/12/2025,TAMAN TYNG BT.5,SABAH,35,16,87,27.5,10.3
101.646089002,3.1780625819999955,25/12/2025,BOUGAINVILLA APARTMENT,WILAYAH PERSEKUTUAN,58,22,82,27.3,18.5
101.646089002,3.1780625819999955,25/12/2025,BOUGAINVILLA APARTMENT,WILAYAH PERSEKUTUAN,57,22,82,27.3,18.5
116.044597619,5.896894664000001,25/12/2025,KG. PASIR PUTIH,SABAH,40,13,81,28.6,5.6
116.044597619,5.896894664000001,25/12/2025,KG. PASIR PUTIH,SABAH,39,13,81,28.6,5.6
101.662932237,2.7973246199999835,25/12/2025,PANGSAPURI LANGAT UTAMA,SELANGOR,42,43,85,27.5,19.7
101.662932237,2.7973246199999835,25/12/2025,PANGSAPURI LANGAT UTAMA,SELANGOR,41,43,85,27.5,19.7
101.60213905400002,3.1926946940000107,25/12/2025,"E6. BL PJU 9 SD 13 APT SRI MERANTI (2) [H,J,K,L,M,N,P,Q,R]",SELANGOR,36,14,83,28.3,10.4
101.60213905400002,3.1926946940000107,25/12/2025,"E6. BL PJU 9 SD 13 APT SRI MERANTI (2) [H,J,K,L,M,N,P,Q,R]",SELANGOR,35,13,83,28.3,10.4
101.61892700200002,3.079881549999982,25/12/2025,"E11. SRI PJS 6 FLAT DESA MENTARI 1 (BLOK 1 , 2 , 3)",SELANGOR,34,6,82,27.8,18.5
101.61892700200002,3.079881549999982,25/12/2025,"E11. SRI PJS 6 FLAT DESA MENTARI 1 (BLOK 1 , 2 , 3)",SELANGOR,33,6,82,27.8,18.5
101.60399246200001,3.077885985000023,25/12/2025,"E11. SRI PJS 10 (TERES 3) [JLN PJS 10/7C , 10/9A , 10/11A - 10/11D]",SELANGOR,47,12,82,27.8,18.5
101.60399246200001,3.077885985000023,25/12/2025,"E11. SRI PJS 10 (TERES 3) [JLN PJS 10/7C , 10/9A , 10/11A - 10/11D]",SELANGOR,46,11,82,27.8,18.5
101.57530593799999,3.1756490480000252,25/12/2025,"E7. KD PJU 5 SEK 8 GUGUSAN KEMUNING (A,B) PPRT",SELANGOR,36,6,82,27.5,18.5
101.57530593799999,3.1756490480000252,25/12/2025,"E7. KD PJU 5 SEK 8 GUGUSAN KEMUNING (A,B) PPRT",SELANGOR,35,6,82,27.5,18.5
101.712787628,3.025972963000015,25/12/2025,E17. TMN MUHIBBAH SRI KEMBANGAN,SELANGOR,63,9,85,27.5,17.1
101.712787628,3.025972963000015,25/12/2025,E17. TMN MUHIBBAH SRI KEMBANGAN,SELANGOR,62,9,85,27.5,17.1
101.60240391100001,3.1945028229999934,25/12/2025,"E6. BL PJU 9 SD 13 APT SRI MERANTI (1) [A,B,C,D,E,F,G]",SELANGOR,49,20,83,28.4,10.4
101.60240391100001,3.1945028229999934,25/12/2025,"E6. BL PJU 9 SD 13 APT SRI MERANTI (1) [A,B,C,D,E,F,G]",SELANGOR,48,20,83,28.4,10.4
101.65486526500001,3.049239875000012,25/12/2025,"PPR PINGGIRAN 2(BLOK G,H,J,K,L,M)",WILAYAH PERSEKUTUAN,38,13,82,27.7,12.0
101.65486526500001,3.049239875000012,25/12/2025,"PPR PINGGIRAN 2(BLOK G,H,J,K,L,M)",WILAYAH PERSEKUTUAN,37,13,82,27.7,12.0
101.61672701499998,3.067438256999992,25/12/2025,"E13. PJS 7/15 (FLAT KOS RENDAH) BLOK A, B, C, D, E, F, G, H, K",SELANGOR,50,11,82,27.8,18.5
101.61672701499998,3.067438256999992,25/12/2025,"E13. PJS 7/15 (FLAT KOS RENDAH) BLOK A, B, C, D, E, F, G, H, K",SELANGOR,49,11,82,27.8,18.5
101.66363211800001,2.798225240000022,25/12/2025,TAMAN LANGAT UTAMA (KEJORA),SELANGOR,33,8,85,27.5,19.7
101.66363211800001,2.798225240000022,25/12/2025,TAMAN LANGAT UTAMA (KEJORA),SELANGOR,32,8,85,27.5,19.7
101.57404113500002,3.1725872979999963,25/12/2025,E7. KD PJU 5 SEK 7 APT LILY,SELANGOR,41,8,82,27.5,18.5
101.57404113500002,3.1725872979999963,25/12/2025,E7. KD PJU 5 SEK 7 APT LILY,SELANGOR,40,8,82,27.5,18.5
101.67660430299998,3.2718447459999993,25/12/2025,FLAT SELAYANG MULIA,SELANGOR,32,7,83,27.9,10.4
101.67660430299998,3.2718447459999993,25/12/2025,FLAT SELAYANG MULIA,SELANGOR,31,7,83,27.9,10.4
101.60886383000002,2.883585929999981,25/12/2025,"PALMA SANDS, GAMUDA COVE",SELANGOR,51,8,85,27.4,8.9
101.72534089300001,3.166078734999985,25/12/2025,"KG. DATO KERAMAT ( LORONG KERAMAT 1,2,3)",WILAYAH PERSEKUTUAN,37,6,82,27.8,18.5
101.72534089300001,3.166078734999985,25/12/2025,"KG. DATO KERAMAT ( LORONG KERAMAT 1,2,3)",WILAYAH PERSEKUTUAN,36,6,82,27.8,18.5
110.36675289499999,1.5496464619999983,25/12/2025,JALAN TAN SRI DATUK WILLIAM TAN,SARAWAK,36,15,83,27.9,2.0
110.36675289499999,1.5496464619999983,25/12/2025,JALAN TAN SRI DATUK WILLIAM TAN,SARAWAK,35,15,83,27.9,2.0
103.65680637899999,1.5080404619999968,25/12/2025,TMN SUTERA UTAMA_PULAI 2/,JOHOR,39,14,84,27.0,9.7
100.30268372400002,5.352389039000002,25/12/2025,UNIVERSITY HEIGHT,PULAU PINANG,44,24,78,28.7,2.8
100.30268372400002,5.352389039000002,25/12/2025,UNIVERSITY HEIGHT,PULAU PINANG,43,24,78,28.7,2.8
100.30830893299998,5.340919699999972,25/12/2025,PUTRA PLACE CONDOMINIUM,PULAU PINANG,46,25,78,28.7,2.8
100.30830893299998,5.340919699999972,25/12/2025,PUTRA PLACE CONDOMINIUM,PULAU PINANG,45,25,78,28.7,2.8
101.52530608900003,3.0711581369999976,25/12/2025,E1. SEKSYEN 14 (PANGSAPURI VISTA ALAM),SELANGOR,57,27,83,27.9,5.3
101.52530608900003,3.0711581369999976,25/12/2025,E1. SEKSYEN 14 (PANGSAPURI VISTA ALAM),SELANGOR,56,27,83,27.9,5.3
101.77735742200002,2.9643135420000135,25/12/2025,JALAN 4/12 SEKSYEN 4 BANDAR BARU BANGI,SELANGOR,38,10,85,27.6,13.6
101.77735742200002,2.9643135420000135,25/12/2025,JALAN 4/12 SEKSYEN 4 BANDAR BARU BANGI,SELANGOR,37,10,85,27.6,13.6
101.60939593900002,3.0808161339999742,25/12/2025,E11. SRI PJS 8 MENTARI COURT,SELANGOR,35,6,82,27.8,17.4
101.60939593900002,3.0808161339999742,25/12/2025,E11. SRI PJS 8 MENTARI COURT,SELANGOR,34,6,82,27.8,17.4
101.628348701,3.0835091150000267,25/12/2025,"E12. TM PJS 2C FLAT DESA MENTARI (BLOK 9 , 10)",SELANGOR,35,4,82,27.8,17.4
101.628348701,3.0835091150000267,25/12/2025,"E12. TM PJS 2C FLAT DESA MENTARI (BLOK 9 , 10)",SELANGOR,34,4,82,27.8,17.4
118.06537060100004,5.865935443000012,25/12/2025,TAMAN TYNG BT.5,SABAH,36,16,87,27.4,10.7
118.06537060100004,5.865935443000012,25/12/2025,TAMAN TYNG BT.5,SABAH,35,16,87,27.4,10.7
101.646089002,3.1780625819999955,25/12/2025,BOUGAINVILLA APARTMENT,WILAYAH PERSEKUTUAN,58,22,82,27.2,17.4
101.646089002,3.1780625819999955,25/12/2025,BOUGAINVILLA APARTMENT,WILAYAH PERSEKUTUAN,57,22,82,27.2,17.4
116.044597619,5.896894664000001,25/12/2025,KG. PASIR PUTIH,SABAH,40,13,82,28.6,10.7
116.044597619,5.896894664000001,25/12/2025,KG. PASIR PUTIH,SABAH,39,13,82,28.6,10.7
101.662932237,2.7973246199999835,25/12/2025,PANGSAPURI LANGAT UTAMA,SELANGOR,42,43,85,27.6,18.4
101.662932237,2.7973246199999835,25/12/2025,PANGSAPURI LANGAT UTAMA,SELANGOR,41,43,85,27.6,18.4
101.60213905400002,3.1926946940000107,25/12/2025,"E6. BL PJU 9 SD 13 APT SRI MERANTI (2) [H,J,K,L,M,N,P,Q,R]",SELANGOR,36,14,83,28.4,8.2
101.60213905400002,3.1926946940000107,25/12/2025,"E6. BL PJU 9 SD 13 APT SRI MERANTI (2) [H,J,K,L,M,N,P,Q,R]",SELANGOR,35,13,83,28.4,8.2
101.61892700200002,3.079881549999982,25/12/2025,"E11. SRI PJS 6 FLAT DESA MENTARI 1 (BLOK 1 , 2 , 3)",SELANGOR,34,6,82,27.8,17.4
101.61892700200002,3.079881549999982,25/12/2025,"E11. SRI PJS 6 FLAT DESA MENTARI 1 (BLOK 1 , 2 , 3)",SELANGOR,33,6,82,27.8,17.4
101.60399246200001,3.077885985000023,25/12/2025,"E11. SRI PJS 10 (TERES 3) [JLN PJS 10/7C , 10/9A , 10/11A - 10/11D]",SELANGOR,47,12,82,27.7,17.4
101.60399246200001,3.077885985000023,25/12/2025,"E11. SRI PJS 10 (TERES 3) [JLN PJS 10/7C , 10/9A , 10/11A - 10/11D]",SELANGOR,46,11,82,27.7,17.4
101.57530593799999,3.1756490480000252,25/12/2025,"E7. KD PJU 5 SEK 8 GUGUSAN KEMUNING (A,B) PPRT",SELANGOR,36,6,82,27.5,17.4
101.57530593799999,3.1756490480000252,25/12/2025,"E7. KD PJU 5 SEK 8 GUGUSAN KEMUNING (A,B) PPRT",SELANGOR,35,6,82,27.5,17.4
101.712787628,3.025972963000015,25/12/2025,E17. TMN MUHIBBAH SRI KEMBANGAN,SELANGOR,63,9,85,27.5,13.6
101.712787628,3.025972963000015,25/12/2025,E17. TMN MUHIBBAH SRI KEMBANGAN,SELANGOR,62,9,85,27.5,13.6
101.60240391100001,3.1945028229999934,25/12/2025,"E6. BL PJU 9 SD 13 APT SRI MERANTI (1) [A,B,C,D,E,F,G]",SELANGOR,49,20,83,28.4,8.2
101.60240391100001,3.1945028229999934,25/12/2025,"E6. BL PJU 9 SD 13 APT SRI MERANTI (1) [A,B,C,D,E,F,G]",SELANGOR,48,20,83,28.4,8.2
101.65486526500001,3.049239875000012,25/12/2025,"PPR PINGGIRAN 2(BLOK G,H,J,K,L,M)",WILAYAH PERSEKUTUAN,38,13,82,27.6,10.9
101.65486526500001,3.049239875000012,25/12/2025,"PPR PINGGIRAN 2(BLOK G,H,J,K,L,M)",WILAYAH PERSEKUTUAN,37,13,82,27.6,10.9
101.61672701499998,3.067438256999992,25/12/2025,"E13. PJS 7/15 (FLAT KOS RENDAH) BLOK A, B, C, D, E, F, G, H, K",SELANGOR,50,11,82,27.8,17.4
101.61672701499998,3.067438256999992,25/12/2025,"E13. PJS 7/15 (FLAT KOS RENDAH) BLOK A, B, C, D, E, F, G, H, K",SELANGOR,49,11,82,27.8,17.4
101.66363211800001,2.798225240000022,25/12/2025,TAMAN LANGAT UTAMA (KEJORA),SELANGOR,33,8,85,27.6,18.4
101.66363211800001,2.798225240000022,25/12/2025,TAMAN LANGAT UTAMA (KEJORA),SELANGOR,32,8,85,27.6,18.4
101.57404113500002,3.1725872979999963,25/12/2025,E7. KD PJU 5 SEK 7 APT LILY,SELANGOR,41,8,82,27.5,17.4
101.57404113500002,3.1725872979999963,25/12/2025,E7. KD PJU 5 SEK 7 APT LILY,SELANGOR,40,8,82,27.5,17.4
101.67660430299998,3.2718447459999993,25/12/2025,FLAT SELAYANG MULIA,SELANGOR,32,7,83,27.9,8.2
101.67660430299998,3.2718447459999993,25/12/2025,FLAT SELAYANG MULIA,SELANGOR,31,7,83,27.9,8.2
101.60886383000002,2.883585929999981,25/12/2025,"PALMA SANDS, GAMUDA COVE",SELANGOR,51,8,85,27.4,6.7
101.72534089300001,3.166078734999985,25/12/2025,"KG. DATO KERAMAT ( LORONG KERAMAT 1,2,3)",WILAYAH PERSEKUTUAN,37,6,82,27.8,17.4
101.72534089300001,3.166078734999985,25/12/2025,"KG. DATO KERAMAT ( LORONG KERAMAT 1,2,3)",WILAYAH PERSEKUTUAN,36,6,82,27.8,17.4
110.36675289499999,1.5496464619999983,25/12/2025,JALAN TAN SRI DATUK WILLIAM TAN,SARAWAK,36,15,84,27.8,1.2
110.36675289499999,1.5496464619999983,25/12/2025,JALAN TAN SRI DATUK WILLIAM TAN,SARAWAK,35,15,84,27.8,1.2
103.65680637899999,1.5080404619999968,26/12/2025,TMN SUTERA UTAMA_PULAI 2/,JOHOR,39,14,87,26.7,12.8
100.30268372400002,5.352389039000002,26/12/2025,UNIVERSITY HEIGHT,PULAU PINANG,44,24,80,28.5,1.9
100.30268372400002,5.352389039000002,26/12/2025,UNIVERSITY HEIGHT,PULAU PINANG,43,24,80,28.5,1.9
100.30830893299998,5.340919699999972,26/12/2025,PUTRA PLACE CONDOMINIUM,PULAU PINANG,47,27,80,28.5,1.9
100.30830893299998,5.340919699999972,26/12/2025,PUTRA PLACE CONDOMINIUM,PULAU PINANG,46,25,80,28.5,1.9
100.30830893299998,5.340919699999972,26/12/2025,PUTRA PLACE CONDOMINIUM,PULAU PINANG,45,25,80,28.5,1.9
101.52530608900003,3.0711581369999976,26/12/2025,E1. SEKSYEN 14 (PANGSAPURI VISTA ALAM),SELANGOR,58,27,85,27.4,24.9
101.52530608900003,3.0711581369999976,26/12/2025,E1. SEKSYEN 14 (PANGSAPURI VISTA ALAM),SELANGOR,57,27,85,27.4,24.9
101.52530608900003,3.0711581369999976,26/12/2025,E1. SEKSYEN 14 (PANGSAPURI VISTA ALAM),SELANGOR,56,27,85,27.4,24.9
101.77735742200002,2.9643135420000135,26/12/2025,JALAN 4/12 SEKSYEN 4 BANDAR BARU BANGI,SELANGOR,39,10,87,27.0,25.2
101.77735742200002,2.9643135420000135,26/12/2025,JALAN 4/12 SEKSYEN 4 BANDAR BARU BANGI,SELANGOR,38,10,87,27.0,25.2
101.77735742200002,2.9643135420000135,26/12/2025,JALAN 4/12 SEKSYEN 4 BANDAR BARU BANGI,SELANGOR,37,10,87,27.0,25.2
101.60939593900002,3.0808161339999742,26/12/2025,E11. SRI PJS 8 MENTARI COURT,SELANGOR,36,6,84,27.3,43.3
101.60939593900002,3.0808161339999742,26/12/2025,E11. SRI PJS 8 MENTARI COURT,SELANGOR,35,6,84,27.3,43.3
101.60939593900002,3.0808161339999742,26/12/2025,E11. SRI PJS 8 MENTARI COURT,SELANGOR,34,6,84,27.3,43.3
101.628348701,3.0835091150000267,26/12/2025,"E12. TM PJS 2C FLAT DESA MENTARI (BLOK 9 , 10)",SELANGOR,36,5,84,27.3,43.3
101.628348701,3.0835091150000267,26/12/2025,"E12. TM PJS 2C FLAT DESA MENTARI (BLOK 9 , 10)",SELANGOR,35,4,84,27.3,43.3
101.628348701,3.0835091150000267,26/12/2025,"E12. TM PJS 2C FLAT DESA MENTARI (BLOK 9 , 10)",SELANGOR,34,4,84,27.3,43.3
118.06537060100004,5.865935443000012,26/12/2025,TAMAN TYNG BT.5,SABAH,37,16,88,27.2,11.8
118.06537060100004,5.865935443000012,26/12/2025,TAMAN TYNG BT.5,SABAH,36,16,88,27.2,11.8
118.06537060100004,5.865935443000012,26/12/2025,TAMAN TYNG BT.5,SABAH,35,16,88,27.2,11.8
118.07731076899995,5.861684525999976,26/12/2025,TAMAN MESRA,SABAH,31,9,88,27.3,11.8
101.646089002,3.1780625819999955,26/12/2025,BOUGAINVILLA APARTMENT,WILAYAH PERSEKUTUAN,59,22,84,26.8,43.3
101.646089002,3.1780625819999955,26/12/2025,BOUGAINVILLA APARTMENT,WILAYAH PERSEKUTUAN,58,22,84,26.8,43.3
101.646089002,3.1780625819999955,26/12/2025,BOUGAINVILLA APARTMENT,WILAYAH PERSEKUTUAN,57,22,84,26.8,43.3
116.044597619,5.896894664000001,26/12/2025,KG. PASIR PUTIH,SABAH,41,13,83,28.3,21.1
116.044597619,5.896894664000001,26/12/2025,KG. PASIR PUTIH,SABAH,40,13,83,28.3,21.1
116.044597619,5.896894664000001,26/12/2025,KG. PASIR PUTIH,SABAH,39,13,83,28.3,21.1
101.662932237,2.7973246199999835,26/12/2025,PANGSAPURI LANGAT UTAMA,SELANGOR,43,43,85,27.1,20.0
101.662932237,2.7973246199999835,26/12/2025,PANGSAPURI LANGAT UTAMA,SELANGOR,42,43,85,27.1,20.0
101.662932237,2.7973246199999835,26/12/2025,PANGSAPURI LANGAT UTAMA,SELANGOR,41,43,85,27.1,20.0
101.60213905400002,3.1926946940000107,26/12/2025,"E6. BL PJU 9 SD 13 APT SRI MERANTI (2) [H,J,K,L,M,N,P,Q,R]",SELANGOR,37,14,86,27.7,32.9
101.60213905400002,3.1926946940000107,26/12/2025,"E6. BL PJU 9 SD 13 APT SRI MERANTI (2) [H,J,K,L,M,N,P,Q,R]",SELANGOR,36,14,86,27.7,32.9
101.60213905400002,3.1926946940000107,26/12/2025,"E6. BL PJU 9 SD 13 APT SRI MERANTI (2) [H,J,K,L,M,N,P,Q,R]",SELANGOR,35,13,86,27.7,32.9
101.61892700200002,3.079881549999982,26/12/2025,"E11. SRI PJS 6 FLAT DESA MENTARI 1 (BLOK 1 , 2 , 3)",SELANGOR,35,6,84,27.3,43.3
101.61892700200002,3.079881549999982,26/12/2025,"E11. SRI PJS 6 FLAT DESA MENTARI 1 (BLOK 1 , 2 , 3)",SELANGOR,34,6,84,27.3,43.3
101.61892700200002,3.079881549999982,26/12/2025,"E11. SRI PJS 6 FLAT DESA MENTARI 1 (BLOK 1 , 2 , 3)",SELANGOR,33,6,84,27.3,43.3
101.60399246200001,3.077885985000023,26/12/2025,"E11. SRI PJS 10 (TERES 3) [JLN PJS 10/7C , 10/9A , 10/11A - 10/11D]",SELANGOR,48,12,84,27.3,43.3
101.60399246200001,3.077885985000023,26/12/2025,"E11. SRI PJS 10 (TERES 3) [JLN PJS 10/7C , 10/9A , 10/11A - 10/11D]",SELANGOR,47,12,84,27.3,43.3
101.60399246200001,3.077885985000023,26/12/2025,"E11. SRI PJS 10 (TERES 3) [JLN PJS 10/7C , 10/9A , 10/11A - 10/11D]",SELANGOR,46,11,84,27.3,43.3
101.57530593799999,3.1756490480000252,26/12/2025,"E7. KD PJU 5 SEK 8 GUGUSAN KEMUNING (A,B) PPRT",SELANGOR,37,6,84,27.0,43.3
101.57530593799999,3.1756490480000252,26/12/2025,"E7. KD PJU 5 SEK 8 GUGUSAN KEMUNING (A,B) PPRT",SELANGOR,36,6,84,27.0,43.3
101.57530593799999,3.1756490480000252,26/12/2025,"E7. KD PJU 5 SEK 8 GUGUSAN KEMUNING (A,B) PPRT",SELANGOR,35,6,84,27.0,43.3
101.712787628,3.025972963000015,26/12/2025,E17. TMN MUHIBBAH SRI KEMBANGAN,SELANGOR,64,9,87,26.9,25.2
101.712787628,3.025972963000015,26/12/2025,E17. TMN MUHIBBAH SRI KEMBANGAN,SELANGOR,63,9,87,26.9,25.2
101.712787628,3.025972963000015,26/12/2025,E17. TMN MUHIBBAH SRI KEMBANGAN,SELANGOR,62,9,87,26.9,25.2
101.60240391100001,3.1945028229999934,26/12/2025,"E6. BL PJU 9 SD 13 APT SRI MERANTI (1) [A,B,C,D,E,F,G]",SELANGOR,50,20,86,27.8,32.9
101.60240391100001,3.1945028229999934,26/12/2025,"E6. BL PJU 9 SD 13 APT SRI MERANTI (1) [A,B,C,D,E,F,G]",SELANGOR,49,20,86,27.8,32.9
101.60240391100001,3.1945028229999934,26/12/2025,"E6. BL PJU 9 SD 13 APT SRI MERANTI (1) [A,B,C,D,E,F,G]",SELANGOR,48,20,86,27.8,32.9
101.65486526500001,3.049239875000012,26/12/2025,"PPR PINGGIRAN 2(BLOK G,H,J,K,L,M)",WILAYAH PERSEKUTUAN,39,13,85,26.9,27.8
101.65486526500001,3.049239875000012,26/12/2025,"PPR PINGGIRAN 2(BLOK G,H,J,K,L,M)",WILAYAH PERSEKUTUAN,38,13,85,26.9,27.8
101.65486526500001,3.049239875000012,26/12/2025,"PPR PINGGIRAN 2(BLOK G,H,J,K,L,M)",WILAYAH PERSEKUTUAN,37,13,85,26.9,27.8
101.61672701499998,3.067438256999992,26/12/2025,"E13. PJS 7/15 (FLAT KOS RENDAH) BLOK A, B, C, D, E, F, G, H, K",SELANGOR,51,11,84,27.3,43.3
101.61672701499998,3.067438256999992,26/12/2025,"E13. PJS 7/15 (FLAT KOS RENDAH) BLOK A, B, C, D, E, F, G, H, K",SELANGOR,50,11,84,27.3,43.3
101.61672701499998,3.067438256999992,26/12/2025,"E13. PJS 7/15 (FLAT KOS RENDAH) BLOK A, B, C, D, E, F, G, H, K",SELANGOR,49,11,84,27.3,43.3
101.66363211800001,2.798225240000022,26/12/2025,TAMAN LANGAT UTAMA (KEJORA),SELANGOR,34,8,85,27.1,20.0
101.66363211800001,2.798225240000022,26/12/2025,TAMAN LANGAT UTAMA (KEJORA),SELANGOR,33,8,85,27.1,20.0
101.66363211800001,2.798225240000022,26/12/2025,TAMAN LANGAT UTAMA (KEJORA),SELANGOR,32,8,85,27.1,20.0
101.39954757700002,3.03254997800002,26/12/2025,KAMPUNG DELEK BARU 08,SELANGOR,31,8,86,27.3,30.9
101.57404113500002,3.1725872979999963,26/12/2025,E7. KD PJU 5 SEK 7 APT LILY,SELANGOR,42,8,84,27.0,43.3
101.57404113500002,3.1725872979999963,26/12/2025,E7. KD PJU 5 SEK 7 APT LILY,SELANGOR,41,8,84,27.0,43.3
101.57404113500002,3.1725872979999963,26/12/2025,E7. KD PJU 5 SEK 7 APT LILY,SELANGOR,40,8,84,27.0,43.3
101.67660430299998,3.2718447459999993,26/12/2025,FLAT SELAYANG MULIA,SELANGOR,33,7,86,27.3,32.9
101.67660430299998,3.2718447459999993,26/12/2025,FLAT SELAYANG MULIA,SELANGOR,32,7,86,27.3,32.9
101.67660430299998,3.2718447459999993,26/12/2025,FLAT SELAYANG MULIA,SELANGOR,31,7,86,27.3,32.9
101.57724761999998,3.1775128849999987,26/12/2025,"E7. KD PJU 5 SEK 8 GUGUSAN KESUMBAR (C,D) PPRT",SELANGOR,31,7,84,27.1,43.3
101.60886383000002,2.883585929999981,26/12/2025,"PALMA SANDS, GAMUDA COVE",SELANGOR,51,8,87,26.8,19.4
101.72534089300001,3.166078734999985,26/12/2025,"KG. DATO KERAMAT ( LORONG KERAMAT 1,2,3)",WILAYAH PERSEKUTUAN,37,6,84,27.3,43.3
101.72534089300001,3.166078734999985,26/12/2025,"KG. DATO KERAMAT ( LORONG KERAMAT 1,2,3)",WILAYAH PERSEKUTUAN,36,6,84,27.3,43.3
110.36675289499999,1.5496464619999983,26/12/2025,JALAN TAN SRI DATUK WILLIAM TAN,SARAWAK,37,15,83,27.2,2.5
110.36675289499999,1.5496464619999983,26/12/2025,JALAN TAN SRI DATUK WILLIAM TAN,SARAWAK,36,15,83,27.2,2.5
110.36675289499999,1.5496464619999983,26/12/2025,JALAN TAN SRI DATUK WILLIAM TAN,SARAWAK,35,15,83,27.2,2.5
103.65680637899999,1.5080404619999968,27/12/2025,TMN SUTERA UTAMA_PULAI 2/,JOHOR,39,14,90,26.2,10.8
100.30268372400002,5.352389039000002,27/12/2025,UNIVERSITY HEIGHT,PULAU PINANG,44,24,78,28.4,16.8
100.30268372400002,5.352389039000002,27/12/2025,UNIVERSITY HEIGHT,PULAU PINANG,43,24,78,28.4,16.8
100.30830893299998,5.340919699999972,27/12/2025,PUTRA PLACE CONDOMINIUM,PULAU PINANG,47,27,78,28.4,16.8
100.30830893299998,5.340919699999972,27/12/2025,PUTRA PLACE CONDOMINIUM,PULAU PINANG,46,25,78,28.4,16.8
100.30830893299998,5.340919699999972,27/12/2025,PUTRA PLACE CONDOMINIUM,PULAU PINANG,45,25,78,28.4,16.8
100.30830893299998,5.340919699999972,27/12/2025,PUTRA PLACE CONDOMINIUM,PULAU PINANG,48,27,78,28.4,16.8
101.67117360600002,3.2672755080000115,27/12/2025,BDR BARU SELAYANG FASA 2B (ZON B),SELANGOR,31,8,89,27.3,6.7
101.52530608900003,3.0711581369999976,27/12/2025,E1. SEKSYEN 14 (PANGSAPURI VISTA ALAM),SELANGOR,58,27,87,27.1,5.6
101.52530608900003,3.0711581369999976,27/12/2025,E1. SEKSYEN 14 (PANGSAPURI VISTA ALAM),SELANGOR,57,27,87,27.1,5.6
101.52530608900003,3.0711581369999976,27/12/2025,E1. SEKSYEN 14 (PANGSAPURI VISTA ALAM),SELANGOR,56,27,87,27.1,5.6
101.52530608900003,3.0711581369999976,27/12/2025,E1. SEKSYEN 14 (PANGSAPURI VISTA ALAM),SELANGOR,59,27,87,27.1,5.6
101.77735742200002,2.9643135420000135,27/12/2025,JALAN 4/12 SEKSYEN 4 BANDAR BARU BANGI,SELANGOR,39,10,83,27.0,0.5
101.77735742200002,2.9643135420000135,27/12/2025,JALAN 4/12 SEKSYEN 4 BANDAR BARU BANGI,SELANGOR,38,10,83,27.0,0.5
101.77735742200002,2.9643135420000135,27/12/2025,JALAN 4/12 SEKSYEN 4 BANDAR BARU BANGI,SELANGOR,37,10,83,27.0,0.5
101.77735742200002,2.9643135420000135,27/12/2025,JALAN 4/12 SEKSYEN 4 BANDAR BARU BANGI,SELANGOR,40,10,83,27.0,0.5
101.60939593900002,3.0808161339999742,27/12/2025,E11. SRI PJS 8 MENTARI COURT,SELANGOR,36,6,80,27.7,0.8
101.60939593900002,3.0808161339999742,27/12/2025,E11. SRI PJS 8 MENTARI COURT,SELANGOR,35,6,80,27.7,0.8
101.60939593900002,3.0808161339999742,27/12/2025,E11. SRI PJS 8 MENTARI COURT,SELANGOR,34,6,80,27.7,0.8
101.60939593900002,3.0808161339999742,27/12/2025,E11. SRI PJS 8 MENTARI COURT,SELANGOR,37,6,80,27.7,0.8
101.628348701,3.0835091150000267,27/12/2025,"E12. TM PJS 2C FLAT DESA MENTARI (BLOK 9 , 10)",SELANGOR,36,5,80,27.7,0.8
101.628348701,3.0835091150000267,27/12/2025,"E12. TM PJS 2C FLAT DESA MENTARI (BLOK 9 , 10)",SELANGOR,35,4,80,27.7,0.8
101.628348701,3.0835091150000267,27/12/2025,"E12. TM PJS 2C FLAT DESA MENTARI (BLOK 9 , 10)",SELANGOR,34,4,80,27.7,0.8
101.628348701,3.0835091150000267,27/12/2025,"E12. TM PJS 2C FLAT DESA MENTARI (BLOK 9 , 10)",SELANGOR,37,5,80,27.7,0.8
118.06537060100004,5.865935443000012,27/12/2025,TAMAN TYNG BT.5,SABAH,37,16,87,27.3,12.5
118.06537060100004,5.865935443000012,27/12/2025,TAMAN TYNG BT.5,SABAH,36,16,87,27.3,12.5
118.06537060100004,5.865935443000012,27/12/2025,TAMAN TYNG BT.5,SABAH,35,16,87,27.3,12.5
118.06537060100004,5.865935443000012,27/12/2025,TAMAN TYNG BT.5,SABAH,38,16,87,27.3,12.5
118.07731076899995,5.861684525999976,27/12/2025,TAMAN MESRA,SABAH,31,9,87,27.3,12.5
118.07731076899995,5.861684525999976,27/12/2025,TAMAN MESRA,SABAH,32,9,87,27.3,12.5
101.646089002,3.1780625819999955,27/12/2025,BOUGAINVILLA APARTMENT,WILAYAH PERSEKUTUAN,59,22,80,27.1,0.8
101.646089002,3.1780625819999955,27/12/2025,BOUGAINVILLA APARTMENT,WILAYAH PERSEKUTUAN,58,22,80,27.1,0.8
101.646089002,3.1780625819999955,27/12/2025,BOUGAINVILLA APARTMENT,WILAYAH PERSEKUTUAN,57,22,80,27.1,0.8
101.646089002,3.1780625819999955,27/12/2025,BOUGAINVILLA APARTMENT,WILAYAH PERSEKUTUAN,60,22,80,27.1,0.8
101.654183305,3.047584969000013,27/12/2025,"PPR PINGGIRAN 1 (BLOK A,B,C,D,E,F)",WILAYAH PERSEKUTUAN,31,11,83,26.9,4.2
116.044597619,5.896894664000001,27/12/2025,KG. PASIR PUTIH,SABAH,41,13,82,28.3,19.8
116.044597619,5.896894664000001,27/12/2025,KG. PASIR PUTIH,SABAH,40,13,82,28.3,19.8
116.044597619,5.896894664000001,27/12/2025,KG. PASIR PUTIH,SABAH,39,13,82,28.3,19.8
116.044597619,5.896894664000001,27/12/2025,KG. PASIR PUTIH,SABAH,42,13,82,28.3,19.8
101.662932237,2.7973246199999835,27/12/2025,PANGSAPURI LANGAT UTAMA,SELANGOR,43,43,83,27.3,23.0
101.662932237,2.7973246199999835,27/12/2025,PANGSAPURI LANGAT UTAMA,SELANGOR,42,43,83,27.3,23.0
101.662932237,2.7973246199999835,27/12/2025,PANGSAPURI LANGAT UTAMA,SELANGOR,41,43,83,27.3,23.0
101.662932237,2.7973246199999835,27/12/2025,PANGSAPURI LANGAT UTAMA,SELANGOR,44,43,83,27.3,23.0
101.60213905400002,3.1926946940000107,27/12/2025,"E6. BL PJU 9 SD 13 APT SRI MERANTI (2) [H,J,K,L,M,N,P,Q,R]",SELANGOR,37,14,89,27.5,6.7
101.60213905400002,3.1926946940000107,27/12/2025,"E6. BL PJU 9 SD 13 APT SRI MERANTI (2) [H,J,K,L,M,N,P,Q,R]",SELANGOR,36,14,89,27.5,6.7
101.60213905400002,3.1926946940000107,27/12/2025,"E6. BL PJU 9 SD 13 APT SRI MERANTI (2) [H,J,K,L,M,N,P,Q,R]",SELANGOR,35,13,89,27.5,6.7
101.60213905400002,3.1926946940000107,27/12/2025,"E6. BL PJU 9 SD 13 APT SRI MERANTI (2) [H,J,K,L,M,N,P,Q,R]",SELANGOR,38,14,89,27.5,6.7
101.61892700200002,3.079881549999982,27/12/2025,"E11. SRI PJS 6 FLAT DESA MENTARI 1 (BLOK 1 , 2 , 3)",SELANGOR,35,6,80,27.7,0.8
101.61892700200002,3.079881549999982,27/12/2025,"E11. SRI PJS 6 FLAT DESA MENTARI 1 (BLOK 1 , 2 , 3)",SELANGOR,34,6,80,27.7,0.8
101.61892700200002,3.079881549999982,27/12/2025,"E11. SRI PJS 6 FLAT DESA MENTARI 1 (BLOK 1 , 2 , 3)",SELANGOR,33,6,80,27.7,0.8
101.61892700200002,3.079881549999982,27/12/2025,"E11. SRI PJS 6 FLAT DESA MENTARI 1 (BLOK 1 , 2 , 3)",SELANGOR,36,6,80,27.7,0.8
101.60399246200001,3.077885985000023,27/12/2025,"E11. SRI PJS 10 (TERES 3) [JLN PJS 10/7C , 10/9A , 10/11A - 10/11D]",SELANGOR,48,12,80,27.6,0.8
101.60399246200001,3.077885985000023,27/12/2025,"E11. SRI PJS 10 (TERES 3) [JLN PJS 10/7C , 10/9A , 10/11A - 10/11D]",SELANGOR,47,12,80,27.6,0.8
101.60399246200001,3.077885985000023,27/12/2025,"E11. SRI PJS 10 (TERES 3) [JLN PJS 10/7C , 10/9A , 10/11A - 10/11D]",SELANGOR,46,11,80,27.6,0.8
101.60399246200001,3.077885985000023,27/12/2025,"E11. SRI PJS 10 (TERES 3) [JLN PJS 10/7C , 10/9A , 10/11A - 10/11D]",SELANGOR,49,12,80,27.6,0.8
101.57530593799999,3.1756490480000252,27/12/2025,"E7. KD PJU 5 SEK 8 GUGUSAN KEMUNING (A,B) PPRT",SELANGOR,37,6,80,27.4,0.8
101.57530593799999,3.1756490480000252,27/12/2025,"E7. KD PJU 5 SEK 8 GUGUSAN KEMUNING (A,B) PPRT",SELANGOR,36,6,80,27.4,0.8
101.57530593799999,3.1756490480000252,27/12/2025,"E7. KD PJU 5 SEK 8 GUGUSAN KEMUNING (A,B) PPRT",SELANGOR,35,6,80,27.4,0.8
101.57530593799999,3.1756490480000252,27/12/2025,"E7. KD PJU 5 SEK 8 GUGUSAN KEMUNING (A,B) PPRT",SELANGOR,38,7,80,27.4,0.8
101.712787628,3.025972963000015,27/12/2025,E17. TMN MUHIBBAH SRI KEMBANGAN,SELANGOR,64,9,83,26.9,0.5
101.712787628,3.025972963000015,27/12/2025,E17. TMN MUHIBBAH SRI KEMBANGAN,SELANGOR,63,9,83,26.9,0.5
101.712787628,3.025972963000015,27/12/2025,E17. TMN MUHIBBAH SRI KEMBANGAN,SELANGOR,62,9,83,26.9,0.5
101.60240391100001,3.1945028229999934,27/12/2025,"E6. BL PJU 9 SD 13 APT SRI MERANTI (1) [A,B,C,D,E,F,G]",SELANGOR,50,20,89,27.6,6.7
101.60240391100001,3.1945028229999934,27/12/2025,"E6. BL PJU 9 SD 13 APT SRI MERANTI (1) [A,B,C,D,E,F,G]",SELANGOR,49,20,89,27.6,6.7
101.60240391100001,3.1945028229999934,27/12/2025,"E6. BL PJU 9 SD 13 APT SRI MERANTI (1) [A,B,C,D,E,F,G]",SELANGOR,48,20,89,27.6,6.7
101.60240391100001,3.1945028229999934,27/12/2025,"E6. BL PJU 9 SD 13 APT SRI MERANTI (1) [A,B,C,D,E,F,G]",SELANGOR,51,20,89,27.6,6.7
101.65486526500001,3.049239875000012,27/12/2025,"PPR PINGGIRAN 2(BLOK G,H,J,K,L,M)",WILAYAH PERSEKUTUAN,39,13,83,27.0,4.2
101.65486526500001,3.049239875000012,27/12/2025,"PPR PINGGIRAN 2(BLOK G,H,J,K,L,M)",WILAYAH PERSEKUTUAN,38,13,83,27.0,4.2
101.65486526500001,3.049239875000012,27/12/2025,"PPR PINGGIRAN 2(BLOK G,H,J,K,L,M)",WILAYAH PERSEKUTUAN,37,13,83,27.0,4.2
101.65486526500001,3.049239875000012,27/12/2025,"PPR PINGGIRAN 2(BLOK G,H,J,K,L,M)",WILAYAH PERSEKUTUAN,40,14,83,27.0,4.2
101.61672701499998,3.067438256999992,27/12/2025,"E13. PJS 7/15 (FLAT KOS RENDAH) BLOK A, B, C, D, E, F, G, H, K",SELANGOR,51,11,80,27.7,0.8
101.61672701499998,3.067438256999992,27/12/2025,"E13. PJS 7/15 (FLAT KOS RENDAH) BLOK A, B, C, D, E, F, G, H, K",SELANGOR,50,11,80,27.7,0.8
101.61672701499998,3.067438256999992,27/12/2025,"E13. PJS 7/15 (FLAT KOS RENDAH) BLOK A, B, C, D, E, F, G, H, K",SELANGOR,49,11,80,27.7,0.8
101.61672701499998,3.067438256999992,27/12/2025,"E13. PJS 7/15 (FLAT KOS RENDAH) BLOK A, B, C, D, E, F, G, H, K",SELANGOR,52,11,80,27.7,0.8
101.66363211800001,2.798225240000022,27/12/2025,TAMAN LANGAT UTAMA (KEJORA),SELANGOR,34,8,83,27.3,23.0
101.66363211800001,2.798225240000022,27/12/2025,TAMAN LANGAT UTAMA (KEJORA),SELANGOR,33,8,83,27.3,23.0
101.66363211800001,2.798225240000022,27/12/2025,TAMAN LANGAT UTAMA (KEJORA),SELANGOR,32,8,83,27.3,23.0
101.66363211800001,2.798225240000022,27/12/2025,TAMAN LANGAT UTAMA (KEJORA),SELANGOR,35,9,83,27.3,23.0
101.39954757700002,3.03254997800002,27/12/2025,KAMPUNG DELEK BARU 08,SELANGOR,31,8,88,26.9,17.1
101.39954757700002,3.03254997800002,27/12/2025,KAMPUNG DELEK BARU 08,SELANGOR,32,8,88,26.9,17.1
101.57404113500002,3.1725872979999963,27/12/2025,E7. KD PJU 5 SEK 7 APT LILY,SELANGOR,42,8,80,27.4,0.8
101.57404113500002,3.1725872979999963,27/12/2025,E7. KD PJU 5 SEK 7 APT LILY,SELANGOR,41,8,80,27.4,0.8
101.57404113500002,3.1725872979999963,27/12/2025,E7. KD PJU 5 SEK 7 APT LILY,SELANGOR,40,8,80,27.4,0.8
101.57404113500002,3.1725872979999963,27/12/2025,E7. KD PJU 5 SEK 7 APT LILY,SELANGOR,43,8,80,27.4,0.8
101.67660430299998,3.2718447459999993,27/12/2025,FLAT SELAYANG MULIA,SELANGOR,33,7,89,27.1,6.7
101.67660430299998,3.2718447459999993,27/12/2025,FLAT SELAYANG MULIA,SELANGOR,32,7,89,27.1,6.7
101.67660430299998,3.2718447459999993,27/12/2025,FLAT SELAYANG MULIA,SELANGOR,31,7,89,27.1,6.7
101.67660430299998,3.2718447459999993,27/12/2025,FLAT SELAYANG MULIA,SELANGOR,34,7,89,27.1,6.7
101.57724761999998,3.1775128849999987,27/12/2025,"E7. KD PJU 5 SEK 8 GUGUSAN KESUMBAR (C,D) PPRT",SELANGOR,31,7,80,27.5,0.8
101.57724761999998,3.1775128849999987,27/12/2025,"E7. KD PJU 5 SEK 8 GUGUSAN KESUMBAR (C,D) PPRT",SELANGOR,32,7,80,27.5,0.8
101.60886383000002,2.883585929999981,27/12/2025,"PALMA SANDS, GAMUDA COVE",SELANGOR,51,8,88,26.6,9.8
101.72534089300001,3.166078734999985,27/12/2025,"KG. DATO KERAMAT ( LORONG KERAMAT 1,2,3)",WILAYAH PERSEKUTUAN,37,6,80,27.7,0.8
101.72534089300001,3.166078734999985,27/12/2025,"KG. DATO KERAMAT ( LORONG KERAMAT 1,2,3)",WILAYAH PERSEKUTUAN,36,6,80,27.7,0.8
110.36675289499999,1.5496464619999983,27/12/2025,JALAN TAN SRI DATUK WILLIAM TAN,SARAWAK,37,15,84,26.8,2.2
110.36675289499999,1.5496464619999983,27/12/2025,JALAN TAN SRI DATUK WILLIAM TAN,SARAWAK,36,15,84,26.8,2.2
110.36675289499999,1.5496464619999983,27/12/2025,JALAN TAN SRI DATUK WILLIAM TAN,SARAWAK,35,15,84,26.8,2.2
110.36675289499999,1.5496464619999983,27/12/2025,JALAN TAN SRI DATUK WILLIAM TAN,SARAWAK,38,15,84,26.8,2.2
103.65680637899999,1.5080404619999968,28/12/2025,TMN SUTERA UTAMA_PULAI 2/,JOHOR,39,14,90,25.8,14.7
100.30268372400002,5.352389039000002,28/12/2025,UNIVERSITY HEIGHT,PULAU PINANG,44,24,74,28.4,5.6
100.30268372400002,5.352389039000002,28/12/2025,UNIVERSITY HEIGHT,PULAU PINANG,43,24,74,28.4,5.6
100.30830893299998,5.340919699999972,28/12/2025,PUTRA PLACE CONDOMINIUM,PULAU PINANG,47,27,74,28.5,5.6
100.30830893299998,5.340919699999972,28/12/2025,PUTRA PLACE CONDOMINIUM,PULAU PINANG,46,25,74,28.5,5.6
100.30830893299998,5.340919699999972,28/12/2025,PUTRA PLACE CONDOMINIUM,PULAU PINANG,45,25,74,28.5,5.6
100.30830893299998,5.340919699999972,28/12/2025,PUTRA PLACE CONDOMINIUM,PULAU PINANG,48,27,74,28.5,5.6
100.30830893299998,5.340919699999972,28/12/2025,PUTRA PLACE CONDOMINIUM,PULAU PINANG,49,27,74,28.5,5.6
101.67117360600002,3.2672755080000115,28/12/2025,BDR BARU SELAYANG FASA 2B (ZON B),SELANGOR,31,8,93,26.7,26.5
101.67117360600002,3.2672755080000115,28/12/2025,BDR BARU SELAYANG FASA 2B (ZON B),SELANGOR,32,9,93,26.7,26.5
116.13677612900005,6.038449952000008,28/12/2025,KG. CONTOH SUANG PARAI,SABAH,31,10,85,27.5,11.9
101.52530608900003,3.0711581369999976,28/12/2025,E1. SEKSYEN 14 (PANGSAPURI VISTA ALAM),SELANGOR,58,27,90,26.6,26.4
101.52530608900003,3.0711581369999976,28/12/2025,E1. SEKSYEN 14 (PANGSAPURI VISTA ALAM),SELANGOR,57,27,90,26.6,26.4
101.52530608900003,3.0711581369999976,28/12/2025,E1. SEKSYEN 14 (PANGSAPURI VISTA ALAM),SELANGOR,56,27,90,26.6,26.4
101.52530608900003,3.0711581369999976,28/12/2025,E1. SEKSYEN 14 (PANGSAPURI VISTA ALAM),SELANGOR,59,27,90,26.6,26.4
101.52530608900003,3.0711581369999976,28/12/2025,E1. SEKSYEN 14 (PANGSAPURI VISTA ALAM),SELANGOR,60,27,90,26.6,26.4
101.77735742200002,2.9643135420000135,28/12/2025,JALAN 4/12 SEKSYEN 4 BANDAR BARU BANGI,SELANGOR,39,10,88,26.3,14.3
101.77735742200002,2.9643135420000135,28/12/2025,JALAN 4/12 SEKSYEN 4 BANDAR BARU BANGI,SELANGOR,38,10,88,26.3,14.3
101.77735742200002,2.9643135420000135,28/12/2025,JALAN 4/12 SEKSYEN 4 BANDAR BARU BANGI,SELANGOR,37,10,88,26.3,14.3
101.77735742200002,2.9643135420000135,28/12/2025,JALAN 4/12 SEKSYEN 4 BANDAR BARU BANGI,SELANGOR,40,10,88,26.3,14.3
101.77735742200002,2.9643135420000135,28/12/2025,JALAN 4/12 SEKSYEN 4 BANDAR BARU BANGI,SELANGOR,41,10,88,26.3,14.3
101.60939593900002,3.0808161339999742,28/12/2025,E11. SRI PJS 8 MENTARI COURT,SELANGOR,36,6,90,26.4,27.8
101.60939593900002,3.0808161339999742,28/12/2025,E11. SRI PJS 8 MENTARI COURT,SELANGOR,35,6,90,26.4,27.8
101.60939593900002,3.0808161339999742,28/12/2025,E11. SRI PJS 8 MENTARI COURT,SELANGOR,34,6,90,26.4,27.8
101.60939593900002,3.0808161339999742,28/12/2025,E11. SRI PJS 8 MENTARI COURT,SELANGOR,37,6,90,26.4,27.8
101.60939593900002,3.0808161339999742,28/12/2025,E11. SRI PJS 8 MENTARI COURT,SELANGOR,38,6,90,26.4,27.8
101.628348701,3.0835091150000267,28/12/2025,"E12. TM PJS 2C FLAT DESA MENTARI (BLOK 9 , 10)",SELANGOR,36,5,90,26.4,27.8
101.628348701,3.0835091150000267,28/12/2025,"E12. TM PJS 2C FLAT DESA MENTARI (BLOK 9 , 10)",SELANGOR,35,4,90,26.4,27.8
101.628348701,3.0835091150000267,28/12/2025,"E12. TM PJS 2C FLAT DESA MENTARI (BLOK 9 , 10)",SELANGOR,34,4,90,26.4,27.8
101.628348701,3.0835091150000267,28/12/2025,"E12. TM PJS 2C FLAT DESA MENTARI (BLOK 9 , 10)",SELANGOR,37,5,90,26.4,27.8
101.628348701,3.0835091150000267,28/12/2025,"E12. TM PJS 2C FLAT DESA MENTARI (BLOK 9 , 10)",SELANGOR,38,5,90,26.4,27.8
118.06537060100004,5.865935443000012,28/12/2025,TAMAN TYNG BT.5,SABAH,37,16,86,27.4,0.4
118.06537060100004,5.865935443000012,28/12/2025,TAMAN TYNG BT.5,SABAH,36,16,86,27.4,0.4
118.06537060100004,5.865935443000012,28/12/2025,TAMAN TYNG BT.5,SABAH,35,16,86,27.4,0.4
118.06537060100004,5.865935443000012,28/12/2025,TAMAN TYNG BT.5,SABAH,38,16,86,27.4,0.4
118.06537060100004,5.865935443000012,28/12/2025,TAMAN TYNG BT.5,SABAH,39,16,86,27.4,0.4
118.07731076899995,5.861684525999976,28/12/2025,TAMAN MESRA,SABAH,31,9,86,27.5,0.4
118.07731076899995,5.861684525999976,28/12/2025,TAMAN MESRA,SABAH,32,9,86,27.5,0.4
118.07731076899995,5.861684525999976,28/12/2025,TAMAN MESRA,SABAH,33,9,86,27.5,0.4
116.09166350999999,5.952981767999972,28/12/2025,TAMAN FU YEN PH.3,SABAH,31,5,85,27.5,11.9
101.646089002,3.1780625819999955,28/12/2025,BOUGAINVILLA APARTMENT,WILAYAH PERSEKUTUAN,59,22,90,25.9,27.8
101.646089002,3.1780625819999955,28/12/2025,BOUGAINVILLA APARTMENT,WILAYAH PERSEKUTUAN,58,22,90,25.9,27.8
101.646089002,3.1780625819999955,28/12/2025,BOUGAINVILLA APARTMENT,WILAYAH PERSEKUTUAN,57,22,90,25.9,27.8
101.646089002,3.1780625819999955,28/12/2025,BOUGAINVILLA APARTMENT,WILAYAH PERSEKUTUAN,60,22,90,25.9,27.8
101.646089002,3.1780625819999955,28/12/2025,BOUGAINVILLA APARTMENT,WILAYAH PERSEKUTUAN,61,22,90,25.9,27.8
101.654183305,3.047584969000013,28/12/2025,"PPR PINGGIRAN 1 (BLOK A,B,C,D,E,F)",WILAYAH PERSEKUTUAN,31,11,89,26.2,31.6
101.654183305,3.047584969000013,28/12/2025,"PPR PINGGIRAN 1 (BLOK A,B,C,D,E,F)",WILAYAH PERSEKUTUAN,32,11,89,26.2,31.6
116.044597619,5.896894664000001,28/12/2025,KG. PASIR PUTIH,SABAH,41,13,83,28.0,30.8
116.044597619,5.896894664000001,28/12/2025,KG. PASIR PUTIH,SABAH,40,13,83,28.0,30.8
116.044597619,5.896894664000001,28/12/2025,KG. PASIR PUTIH,SABAH,39,13,83,28.0,30.8
116.044597619,5.896894664000001,28/12/2025,KG. PASIR PUTIH,SABAH,42,13,83,28.0,30.8
116.044597619,5.896894664000001,28/12/2025,KG. PASIR PUTIH,SABAH,43,13,83,28.0,30.8
101.87197875999999,2.895598650000011,28/12/2025,TAMAN SEMENYIH PARKLANDS,SELANGOR,31,23,84,26.0,6.5
101.662932237,2.7973246199999835,28/12/2025,PANGSAPURI LANGAT UTAMA,SELANGOR,43,43,83,26.8,17.1
101.662932237,2.7973246199999835,28/12/2025,PANGSAPURI LANGAT UTAMA,SELANGOR,42,43,83,26.8,17.1
101.662932237,2.7973246199999835,28/12/2025,PANGSAPURI LANGAT UTAMA,SELANGOR,41,43,83,26.8,17.1
101.662932237,2.7973246199999835,28/12/2025,PANGSAPURI LANGAT UTAMA,SELANGOR,44,43,83,26.8,17.1
101.662932237,2.7973246199999835,28/12/2025,PANGSAPURI LANGAT UTAMA,SELANGOR,45,43,83,26.8,17.1
101.60213905400002,3.1926946940000107,28/12/2025,"E6. BL PJU 9 SD 13 APT SRI MERANTI (2) [H,J,K,L,M,N,P,Q,R]",SELANGOR,37,14,93,26.8,26.5
101.60213905400002,3.1926946940000107,28/12/2025,"E6. BL PJU 9 SD 13 APT SRI MERANTI (2) [H,J,K,L,M,N,P,Q,R]",SELANGOR,36,14,93,26.8,26.5
101.60213905400002,3.1926946940000107,28/12/2025,"E6. BL PJU 9 SD 13 APT SRI MERANTI (2) [H,J,K,L,M,N,P,Q,R]",SELANGOR,35,13,93,26.8,26.5
101.60213905400002,3.1926946940000107,28/12/2025,"E6. BL PJU 9 SD 13 APT SRI MERANTI (2) [H,J,K,L,M,N,P,Q,R]",SELANGOR,38,14,93,26.8,26.5
101.60213905400002,3.1926946940000107,28/12/2025,"E6. BL PJU 9 SD 13 APT SRI MERANTI (2) [H,J,K,L,M,N,P,Q,R]",SELANGOR,39,15,93,26.8,26.5
101.61892700200002,3.079881549999982,28/12/2025,"E11. SRI PJS 6 FLAT DESA MENTARI 1 (BLOK 1 , 2 , 3)",SELANGOR,35,6,90,26.4,27.8
101.61892700200002,3.079881549999982,28/12/2025,"E11. SRI PJS 6 FLAT DESA MENTARI 1 (BLOK 1 , 2 , 3)",SELANGOR,34,6,90,26.4,27.8
101.61892700200002,3.079881549999982,28/12/2025,"E11. SRI PJS 6 FLAT DESA MENTARI 1 (BLOK 1 , 2 , 3)",SELANGOR,33,6,90,26.4,27.8
101.61892700200002,3.079881549999982,28/12/2025,"E11. SRI PJS 6 FLAT DESA MENTARI 1 (BLOK 1 , 2 , 3)",SELANGOR,36,6,90,26.4,27.8
101.61892700200002,3.079881549999982,28/12/2025,"E11. SRI PJS 6 FLAT DESA MENTARI 1 (BLOK 1 , 2 , 3)",SELANGOR,37,6,90,26.4,27.8
101.64749145500002,3.0778750189999755,28/12/2025,E12. TM PJS 1 PARK AVENUE KONDO,SELANGOR,31,4,90,26.4,27.8
101.60399246200001,3.077885985000023,28/12/2025,"E11. SRI PJS 10 (TERES 3) [JLN PJS 10/7C , 10/9A , 10/11A - 10/11D]",SELANGOR,48,12,90,26.4,27.8
101.60399246200001,3.077885985000023,28/12/2025,"E11. SRI PJS 10 (TERES 3) [JLN PJS 10/7C , 10/9A , 10/11A - 10/11D]",SELANGOR,47,12,90,26.4,27.8
101.60399246200001,3.077885985000023,28/12/2025,"E11. SRI PJS 10 (TERES 3) [JLN PJS 10/7C , 10/9A , 10/11A - 10/11D]",SELANGOR,46,11,90,26.4,27.8
101.60399246200001,3.077885985000023,28/12/2025,"E11. SRI PJS 10 (TERES 3) [JLN PJS 10/7C , 10/9A , 10/11A - 10/11D]",SELANGOR,49,12,90,26.4,27.8
101.60399246200001,3.077885985000023,28/12/2025,"E11. SRI PJS 10 (TERES 3) [JLN PJS 10/7C , 10/9A , 10/11A - 10/11D]",SELANGOR,50,12,90,26.4,27.8
101.57530593799999,3.1756490480000252,28/12/2025,"E7. KD PJU 5 SEK 8 GUGUSAN KEMUNING (A,B) PPRT",SELANGOR,37,6,90,26.2,27.8
101.57530593799999,3.1756490480000252,28/12/2025,"E7. KD PJU 5 SEK 8 GUGUSAN KEMUNING (A,B) PPRT",SELANGOR,36,6,90,26.2,27.8
101.57530593799999,3.1756490480000252,28/12/2025,"E7. KD PJU 5 SEK 8 GUGUSAN KEMUNING (A,B) PPRT",SELANGOR,35,6,90,26.2,27.8
101.57530593799999,3.1756490480000252,28/12/2025,"E7. KD PJU 5 SEK 8 GUGUSAN KEMUNING (A,B) PPRT",SELANGOR,38,7,90,26.2,27.8
101.57530593799999,3.1756490480000252,28/12/2025,"E7. KD PJU 5 SEK 8 GUGUSAN KEMUNING (A,B) PPRT",SELANGOR,39,7,90,26.2,27.8
101.712787628,3.025972963000015,28/12/2025,E17. TMN MUHIBBAH SRI KEMBANGAN,SELANGOR,64,9,88,26.2,14.3
101.712787628,3.025972963000015,28/12/2025,E17. TMN MUHIBBAH SRI KEMBANGAN,SELANGOR,63,9,88,26.2,14.3
101.712787628,3.025972963000015,28/12/2025,E17. TMN MUHIBBAH SRI KEMBANGAN,SELANGOR,62,9,88,26.2,14.3
101.60240391100001,3.1945028229999934,28/12/2025,"E6. BL PJU 9 SD 13 APT SRI MERANTI (1) [A,B,C,D,E,F,G]",SELANGOR,50,20,93,26.9,26.5
101.60240391100001,3.1945028229999934,28/12/2025,"E6. BL PJU 9 SD 13 APT SRI MERANTI (1) [A,B,C,D,E,F,G]",SELANGOR,49,20,93,26.9,26.5
101.60240391100001,3.1945028229999934,28/12/2025,"E6. BL PJU 9 SD 13 APT SRI MERANTI (1) [A,B,C,D,E,F,G]",SELANGOR,48,20,93,26.9,26.5
101.60240391100001,3.1945028229999934,28/12/2025,"E6. BL PJU 9 SD 13 APT SRI MERANTI (1) [A,B,C,D,E,F,G]",SELANGOR,51,20,93,26.9,26.5
101.60240391100001,3.1945028229999934,28/12/2025,"E6. BL PJU 9 SD 13 APT SRI MERANTI (1) [A,B,C,D,E,F,G]",SELANGOR,52,20,93,26.9,26.5
101.65486526500001,3.049239875000012,28/12/2025,"PPR PINGGIRAN 2(BLOK G,H,J,K,L,M)",WILAYAH PERSEKUTUAN,39,13,89,26.3,31.6
101.65486526500001,3.049239875000012,28/12/2025,"PPR PINGGIRAN 2(BLOK G,H,J,K,L,M)",WILAYAH PERSEKUTUAN,38,13,89,26.3,31.6
101.65486526500001,3.049239875000012,28/12/2025,"PPR PINGGIRAN 2(BLOK G,H,J,K,L,M)",WILAYAH PERSEKUTUAN,37,13,89,26.3,31.6
101.65486526500001,3.049239875000012,28/12/2025,"PPR PINGGIRAN 2(BLOK G,H,J,K,L,M)",WILAYAH PERSEKUTUAN,40,14,89,26.3,31.6
101.65486526500001,3.049239875000012,28/12/2025,"PPR PINGGIRAN 2(BLOK G,H,J,K,L,M)",WILAYAH PERSEKUTUAN,41,15,89,26.3,31.6
101.61672701499998,3.067438256999992,28/12/2025,"E13. PJS 7/15 (FLAT KOS RENDAH) BLOK A, B, C, D, E, F, G, H, K",SELANGOR,51,11,90,26.4,27.8
101.61672701499998,3.067438256999992,28/12/2025,"E13. PJS 7/15 (FLAT KOS RENDAH) BLOK A, B, C, D, E, F, G, H, K",SELANGOR,50,11,90,26.4,27.8
101.61672701499998,3.067438256999992,28/12/2025,"E13. PJS 7/15 (FLAT KOS RENDAH) BLOK A, B, C, D, E, F, G, H, K",SELANGOR,49,11,90,26.4,27.8
101.61672701499998,3.067438256999992,28/12/2025,"E13. PJS 7/15 (FLAT KOS RENDAH) BLOK A, B, C, D, E, F, G, H, K",SELANGOR,52,11,90,26.4,27.8
101.61672701499998,3.067438256999992,28/12/2025,"E13. PJS 7/15 (FLAT KOS RENDAH) BLOK A, B, C, D, E, F, G, H, K",SELANGOR,53,11,90,26.4,27.8
101.66363211800001,2.798225240000022,28/12/2025,TAMAN LANGAT UTAMA (KEJORA),SELANGOR,34,8,83,26.8,17.1
101.66363211800001,2.798225240000022,28/12/2025,TAMAN LANGAT UTAMA (KEJORA),SELANGOR,33,8,83,26.8,17.1
101.66363211800001,2.798225240000022,28/12/2025,TAMAN LANGAT UTAMA (KEJORA),SELANGOR,32,8,83,26.8,17.1
101.66363211800001,2.798225240000022,28/12/2025,TAMAN LANGAT UTAMA (KEJORA),SELANGOR,35,9,83,26.8,17.1
101.66363211800001,2.798225240000022,28/12/2025,TAMAN LANGAT UTAMA (KEJORA),SELANGOR,36,9,83,26.8,17.1
101.39954757700002,3.03254997800002,28/12/2025,KAMPUNG DELEK BARU 08,SELANGOR,31,8,90,26.6,38.7
101.39954757700002,3.03254997800002,28/12/2025,KAMPUNG DELEK BARU 08,SELANGOR,32,8,90,26.6,38.7
101.39954757700002,3.03254997800002,28/12/2025,KAMPUNG DELEK BARU 08,SELANGOR,33,8,90,26.6,38.7
101.57404113500002,3.1725872979999963,28/12/2025,E7. KD PJU 5 SEK 7 APT LILY,SELANGOR,42,8,90,26.2,27.8
101.57404113500002,3.1725872979999963,28/12/2025,E7. KD PJU 5 SEK 7 APT LILY,SELANGOR,41,8,90,26.2,27.8
101.57404113500002,3.1725872979999963,28/12/2025,E7. KD PJU 5 SEK 7 APT LILY,SELANGOR,40,8,90,26.2,27.8
101.57404113500002,3.1725872979999963,28/12/2025,E7. KD PJU 5 SEK 7 APT LILY,SELANGOR,43,8,90,26.2,27.8
101.57404113500002,3.1725872979999963,28/12/2025,E7. KD PJU 5 SEK 7 APT LILY,SELANGOR,44,8,90,26.2,27.8
101.67660430299998,3.2718447459999993,28/12/2025,FLAT SELAYANG MULIA,SELANGOR,33,7,93,26.4,26.5
101.67660430299998,3.2718447459999993,28/12/2025,FLAT SELAYANG MULIA,SELANGOR,32,7,93,26.4,26.5
101.67660430299998,3.2718447459999993,28/12/2025,FLAT SELAYANG MULIA,SELANGOR,31,7,93,26.4,26.5
101.67660430299998,3.2718447459999993,28/12/2025,FLAT SELAYANG MULIA,SELANGOR,34,7,93,26.4,26.5
101.67660430299998,3.2718447459999993,28/12/2025,FLAT SELAYANG MULIA,SELANGOR,35,7,93,26.4,26.5
101.57724761999998,3.1775128849999987,28/12/2025,"E7. KD PJU 5 SEK 8 GUGUSAN KESUMBAR (C,D) PPRT",SELANGOR,31,7,90,26.2,27.8
101.57724761999998,3.1775128849999987,28/12/2025,"E7. KD PJU 5 SEK 8 GUGUSAN KESUMBAR (C,D) PPRT",SELANGOR,32,7,90,26.2,27.8
101.57724761999998,3.1775128849999987,28/12/2025,"E7. KD PJU 5 SEK 8 GUGUSAN KESUMBAR (C,D) PPRT",SELANGOR,33,7,90,26.2,27.8
101.60886383000002,2.883585929999981,28/12/2025,"PALMA SANDS, GAMUDA COVE",SELANGOR,51,8,91,25.9,34.6
101.72534089300001,3.166078734999985,28/12/2025,"KG. DATO KERAMAT ( LORONG KERAMAT 1,2,3)",WILAYAH PERSEKUTUAN,37,6,90,26.5,27.8
101.72534089300001,3.166078734999985,28/12/2025,"KG. DATO KERAMAT ( LORONG KERAMAT 1,2,3)",WILAYAH PERSEKUTUAN,36,6,90,26.5,27.8
110.36675289499999,1.5496464619999983,28/12/2025,JALAN TAN SRI DATUK WILLIAM TAN,SARAWAK,37,15,82,27.3,0.1
110.36675289499999,1.5496464619999983,28/12/2025,JALAN TAN SRI DATUK WILLIAM TAN,SARAWAK,36,15,82,27.3,0.1
110.36675289499999,1.5496464619999983,28/12/2025,JALAN TAN SRI DATUK WILLIAM TAN,SARAWAK,35,15,82,27.3,0.1
110.36675289499999,1.5496464619999983,28/12/2025,JALAN TAN SRI DATUK WILLIAM TAN,SARAWAK,38,15,82,27.3,0.1
110.36675289499999,1.5496464619999983,28/12/2025,JALAN TAN SRI DATUK WILLIAM TAN,SARAWAK,39,15,82,27.3,0.1
103.65680637899999,1.5080404619999968,29/12/2025,TMN SUTERA UTAMA_PULAI 2/,JOHOR,39,14,87,26.2,3.6
100.30268372400002,5.352389039000002,29/12/2025,UNIVERSITY HEIGHT,PULAU PINANG,44,24,78,28.3,8.1
100.30268372400002,5.352389039000002,29/12/2025,UNIVERSITY HEIGHT,PULAU PINANG,43,24,78,28.3,8.1
100.30830893299998,5.340919699999972,29/12/2025,PUTRA PLACE CONDOMINIUM,PULAU PINANG,47,27,78,28.3,8.1
100.30830893299998,5.340919699999972,29/12/2025,PUTRA PLACE CONDOMINIUM,PULAU PINANG,46,25,78,28.3,8.1
100.30830893299998,5.340919699999972,29/12/2025,PUTRA PLACE CONDOMINIUM,PULAU PINANG,45,25,78,28.3,8.1
100.30830893299998,5.340919699999972,29/12/2025,PUTRA PLACE CONDOMINIUM,PULAU PINANG,48,27,78,28.3,8.1
100.30830893299998,5.340919699999972,29/12/2025,PUTRA PLACE CONDOMINIUM,PULAU PINANG,49,27,78,28.3,8.1
101.67117360600002,3.2672755080000115,29/12/2025,BDR BARU SELAYANG FASA 2B (ZON B),SELANGOR,31,8,88,27.1,14.2
101.67117360600002,3.2672755080000115,29/12/2025,BDR BARU SELAYANG FASA 2B (ZON B),SELANGOR,32,9,88,27.1,14.2
116.13677612900005,6.038449952000008,29/12/2025,KG. CONTOH SUANG PARAI,SABAH,31,10,83,27.9,10.5
101.52530608900003,3.0711581369999976,29/12/2025,E1. SEKSYEN 14 (PANGSAPURI VISTA ALAM),SELANGOR,58,27,87,27.1,14.0
101.52530608900003,3.0711581369999976,29/12/2025,E1. SEKSYEN 14 (PANGSAPURI VISTA ALAM),SELANGOR,57,27,87,27.1,14.0
101.52530608900003,3.0711581369999976,29/12/2025,E1. SEKSYEN 14 (PANGSAPURI VISTA ALAM),SELANGOR,56,27,87,27.1,14.0
101.52530608900003,3.0711581369999976,29/12/2025,E1. SEKSYEN 14 (PANGSAPURI VISTA ALAM),SELANGOR,59,27,87,27.1,14.0
101.52530608900003,3.0711581369999976,29/12/2025,E1. SEKSYEN 14 (PANGSAPURI VISTA ALAM),SELANGOR,60,27,87,27.1,14.0
101.77735742200002,2.9643135420000135,29/12/2025,JALAN 4/12 SEKSYEN 4 BANDAR BARU BANGI,SELANGOR,39,10,83,27.0,10.0
101.77735742200002,2.9643135420000135,29/12/2025,JALAN 4/12 SEKSYEN 4 BANDAR BARU BANGI,SELANGOR,38,10,83,27.0,10.0
101.77735742200002,2.9643135420000135,29/12/2025,JALAN 4/12 SEKSYEN 4 BANDAR BARU BANGI,SELANGOR,37,10,83,27.0,10.0
101.77735742200002,2.9643135420000135,29/12/2025,JALAN 4/12 SEKSYEN 4 BANDAR BARU BANGI,SELANGOR,40,10,83,27.0,10.0
101.77735742200002,2.9643135420000135,29/12/2025,JALAN 4/12 SEKSYEN 4 BANDAR BARU BANGI,SELANGOR,41,10,83,27.0,10.0
101.60939593900002,3.0808161339999742,29/12/2025,E11. SRI PJS 8 MENTARI COURT,SELANGOR,36,6,83,27.1,21.6
101.60939593900002,3.0808161339999742,29/12/2025,E11. SRI PJS 8 MENTARI COURT,SELANGOR,35,6,83,27.1,21.6
101.60939593900002,3.0808161339999742,29/12/2025,E11. SRI PJS 8 MENTARI COURT,SELANGOR,34,6,83,27.1,21.6
101.60939593900002,3.0808161339999742,29/12/2025,E11. SRI PJS 8 MENTARI COURT,SELANGOR,37,6,83,27.1,21.6
101.60939593900002,3.0808161339999742,29/12/2025,E11. SRI PJS 8 MENTARI COURT,SELANGOR,38,6,83,27.1,21.6
101.628348701,3.0835091150000267,29/12/2025,"E12. TM PJS 2C FLAT DESA MENTARI (BLOK 9 , 10)",SELANGOR,36,5,83,27.1,21.6
101.628348701,3.0835091150000267,29/12/2025,"E12. TM PJS 2C FLAT DESA MENTARI (BLOK 9 , 10)",SELANGOR,35,4,83,27.1,21.6
101.628348701,3.0835091150000267,29/12/2025,"E12. TM PJS 2C FLAT DESA MENTARI (BLOK 9 , 10)",SELANGOR,34,4,83,27.1,21.6
101.628348701,3.0835091150000267,29/12/2025,"E12. TM PJS 2C FLAT DESA MENTARI (BLOK 9 , 10)",SELANGOR,37,5,83,27.1,21.6
101.628348701,3.0835091150000267,29/12/2025,"E12. TM PJS 2C FLAT DESA MENTARI (BLOK 9 , 10)",SELANGOR,38,5,83,27.1,21.6
118.06537060100004,5.865935443000012,29/12/2025,TAMAN TYNG BT.5,SABAH,37,16,87,27.2,15.1
118.06537060100004,5.865935443000012,29/12/2025,TAMAN TYNG BT.5,SABAH,36,16,87,27.2,15.1
118.06537060100004,5.865935443000012,29/12/2025,TAMAN TYNG BT.5,SABAH,35,16,87,27.2,15.1
118.06537060100004,5.865935443000012,29/12/2025,TAMAN TYNG BT.5,SABAH,38,16,87,27.2,15.1
118.06537060100004,5.865935443000012,29/12/2025,TAMAN TYNG BT.5,SABAH,39,16,87,27.2,15.1
118.07731076899995,5.861684525999976,29/12/2025,TAMAN MESRA,SABAH,31,9,87,27.2,15.1
118.07731076899995,5.861684525999976,29/12/2025,TAMAN MESRA,SABAH,32,9,87,27.2,15.1
118.07731076899995,5.861684525999976,29/12/2025,TAMAN MESRA,SABAH,33,9,87,27.2,15.1
116.09166350999999,5.952981767999972,29/12/2025,TAMAN FU YEN PH.3,SABAH,31,5,83,27.9,10.5
101.646089002,3.1780625819999955,29/12/2025,BOUGAINVILLA APARTMENT,WILAYAH PERSEKUTUAN,59,22,83,26.6,21.6
101.646089002,3.1780625819999955,29/12/2025,BOUGAINVILLA APARTMENT,WILAYAH PERSEKUTUAN,58,22,83,26.6,21.6
101.646089002,3.1780625819999955,29/12/2025,BOUGAINVILLA APARTMENT,WILAYAH PERSEKUTUAN,57,22,83,26.6,21.6
101.646089002,3.1780625819999955,29/12/2025,BOUGAINVILLA APARTMENT,WILAYAH PERSEKUTUAN,60,22,83,26.6,21.6
101.646089002,3.1780625819999955,29/12/2025,BOUGAINVILLA APARTMENT,WILAYAH PERSEKUTUAN,61,22,83,26.6,21.6
101.654183305,3.047584969000013,29/12/2025,"PPR PINGGIRAN 1 (BLOK A,B,C,D,E,F)",WILAYAH PERSEKUTUAN,31,11,85,26.6,16.9
101.654183305,3.047584969000013,29/12/2025,"PPR PINGGIRAN 1 (BLOK A,B,C,D,E,F)",WILAYAH PERSEKUTUAN,32,11,85,26.6,16.9
116.044597619,5.896894664000001,29/12/2025,KG. PASIR PUTIH,SABAH,41,13,83,28.1,22.4
116.044597619,5.896894664000001,29/12/2025,KG. PASIR PUTIH,SABAH,40,13,83,28.1,22.4
116.044597619,5.896894664000001,29/12/2025,KG. PASIR PUTIH,SABAH,39,13,83,28.1,22.4
116.044597619,5.896894664000001,29/12/2025,KG. PASIR PUTIH,SABAH,42,13,83,28.1,22.4
116.044597619,5.896894664000001,29/12/2025,KG. PASIR PUTIH,SABAH,43,13,83,28.1,22.4
101.87197875999999,2.895598650000011,29/12/2025,TAMAN SEMENYIH PARKLANDS,SELANGOR,31,23,82,26.5,2.4
101.662932237,2.7973246199999835,29/12/2025,PANGSAPURI LANGAT UTAMA,SELANGOR,43,43,81,27.1,19.2
101.662932237,2.7973246199999835,29/12/2025,PANGSAPURI LANGAT UTAMA,SELANGOR,42,43,81,27.1,19.2
101.662932237,2.7973246199999835,29/12/2025,PANGSAPURI LANGAT UTAMA,SELANGOR,41,43,81,27.1,19.2
101.662932237,2.7973246199999835,29/12/2025,PANGSAPURI LANGAT UTAMA,SELANGOR,44,43,81,27.1,19.2
101.662932237,2.7973246199999835,29/12/2025,PANGSAPURI LANGAT UTAMA,SELANGOR,45,43,81,27.1,19.2
101.60213905400002,3.1926946940000107,29/12/2025,"E6. BL PJU 9 SD 13 APT SRI MERANTI (2) [H,J,K,L,M,N,P,Q,R]",SELANGOR,37,14,88,27.3,14.2
101.60213905400002,3.1926946940000107,29/12/2025,"E6. BL PJU 9 SD 13 APT SRI MERANTI (2) [H,J,K,L,M,N,P,Q,R]",SELANGOR,36,14,88,27.3,14.2
101.60213905400002,3.1926946940000107,29/12/2025,"E6. BL PJU 9 SD 13 APT SRI MERANTI (2) [H,J,K,L,M,N,P,Q,R]",SELANGOR,35,13,88,27.3,14.2
101.60213905400002,3.1926946940000107,29/12/2025,"E6. BL PJU 9 SD 13 APT SRI MERANTI (2) [H,J,K,L,M,N,P,Q,R]",SELANGOR,38,14,88,27.3,14.2
101.60213905400002,3.1926946940000107,29/12/2025,"E6. BL PJU 9 SD 13 APT SRI MERANTI (2) [H,J,K,L,M,N,P,Q,R]",SELANGOR,39,15,88,27.3,14.2
101.61892700200002,3.079881549999982,29/12/2025,"E11. SRI PJS 6 FLAT DESA MENTARI 1 (BLOK 1 , 2 , 3)",SELANGOR,35,6,83,27.1,21.6
101.61892700200002,3.079881549999982,29/12/2025,"E11. SRI PJS 6 FLAT DESA MENTARI 1 (BLOK 1 , 2 , 3)",SELANGOR,34,6,83,27.1,21.6
101.61892700200002,3.079881549999982,29/12/2025,"E11. SRI PJS 6 FLAT DESA MENTARI 1 (BLOK 1 , 2 , 3)",SELANGOR,33,6,83,27.1,21.6
101.61892700200002,3.079881549999982,29/12/2025,"E11. SRI PJS 6 FLAT DESA MENTARI 1 (BLOK 1 , 2 , 3)",SELANGOR,36,6,83,27.1,21.6
101.61892700200002,3.079881549999982,29/12/2025,"E11. SRI PJS 6 FLAT DESA MENTARI 1 (BLOK 1 , 2 , 3)",SELANGOR,37,6,83,27.1,21.6
101.64749145500002,3.0778750189999755,29/12/2025,E12. TM PJS 1 PARK AVENUE KONDO,SELANGOR,31,4,83,27.1,21.6
101.60399246200001,3.077885985000023,29/12/2025,"E11. SRI PJS 10 (TERES 3) [JLN PJS 10/7C , 10/9A , 10/11A - 10/11D]",SELANGOR,48,12,83,27.1,21.6
101.60399246200001,3.077885985000023,29/12/2025,"E11. SRI PJS 10 (TERES 3) [JLN PJS 10/7C , 10/9A , 10/11A - 10/11D]",SELANGOR,47,12,83,27.1,21.6
101.60399246200001,3.077885985000023,29/12/2025,"E11. SRI PJS 10 (TERES 3) [JLN PJS 10/7C , 10/9A , 10/11A - 10/11D]",SELANGOR,46,11,83,27.1,21.6
101.60399246200001,3.077885985000023,29/12/2025,"E11. SRI PJS 10 (TERES 3) [JLN PJS 10/7C , 10/9A , 10/11A - 10/11D]",SELANGOR,49,12,83,27.1,21.6
101.60399246200001,3.077885985000023,29/12/2025,"E11. SRI PJS 10 (TERES 3) [JLN PJS 10/7C , 10/9A , 10/11A - 10/11D]",SELANGOR,50,12,83,27.1,21.6
101.57530593799999,3.1756490480000252,29/12/2025,"E7. KD PJU 5 SEK 8 GUGUSAN KEMUNING (A,B) PPRT",SELANGOR,37,6,83,26.8,21.6
101.57530593799999,3.1756490480000252,29/12/2025,"E7. KD PJU 5 SEK 8 GUGUSAN KEMUNING (A,B) PPRT",SELANGOR,36,6,83,26.8,21.6
101.57530593799999,3.1756490480000252,29/12/2025,"E7. KD PJU 5 SEK 8 GUGUSAN KEMUNING (A,B) PPRT",SELANGOR,35,6,83,26.8,21.6
101.57530593799999,3.1756490480000252,29/12/2025,"E7. KD PJU 5 SEK 8 GUGUSAN KEMUNING (A,B) PPRT",SELANGOR,38,7,83,26.8,21.6
101.57530593799999,3.1756490480000252,29/12/2025,"E7. KD PJU 5 SEK 8 GUGUSAN KEMUNING (A,B) PPRT",SELANGOR,39,7,83,26.8,21.6
101.712787628,3.025972963000015,29/12/2025,E17. TMN MUHIBBAH SRI KEMBANGAN,SELANGOR,64,9,83,26.9,10.0
101.712787628,3.025972963000015,29/12/2025,E17. TMN MUHIBBAH SRI KEMBANGAN,SELANGOR,63,9,83,26.9,10.0
101.712787628,3.025972963000015,29/12/2025,E17. TMN MUHIBBAH SRI KEMBANGAN,SELANGOR,62,9,83,26.9,10.0
101.60240391100001,3.1945028229999934,29/12/2025,"E6. BL PJU 9 SD 13 APT SRI MERANTI (1) [A,B,C,D,E,F,G]",SELANGOR,50,20,88,27.4,14.2
101.60240391100001,3.1945028229999934,29/12/2025,"E6. BL PJU 9 SD 13 APT SRI MERANTI (1) [A,B,C,D,E,F,G]",SELANGOR,49,20,88,27.4,14.2
101.60240391100001,3.1945028229999934,29/12/2025,"E6. BL PJU 9 SD 13 APT SRI MERANTI (1) [A,B,C,D,E,F,G]",SELANGOR,48,20,88,27.4,14.2
101.60240391100001,3.1945028229999934,29/12/2025,"E6. BL PJU 9 SD 13 APT SRI MERANTI (1) [A,B,C,D,E,F,G]",SELANGOR,51,20,88,27.4,14.2
101.60240391100001,3.1945028229999934,29/12/2025,"E6. BL PJU 9 SD 13 APT SRI MERANTI (1) [A,B,C,D,E,F,G]",SELANGOR,52,20,88,27.4,14.2
101.65486526500001,3.049239875000012,29/12/2025,"PPR PINGGIRAN 2(BLOK G,H,J,K,L,M)",WILAYAH PERSEKUTUAN,39,13,85,26.7,16.9
101.65486526500001,3.049239875000012,29/12/2025,"PPR PINGGIRAN 2(BLOK G,H,J,K,L,M)",WILAYAH PERSEKUTUAN,38,13,85,26.7,16.9
101.65486526500001,3.049239875000012,29/12/2025,"PPR PINGGIRAN 2(BLOK G,H,J,K,L,M)",WILAYAH PERSEKUTUAN,37,13,85,26.7,16.9
101.65486526500001,3.049239875000012,29/12/2025,"PPR PINGGIRAN 2(BLOK G,H,J,K,L,M)",WILAYAH PERSEKUTUAN,40,14,85,26.7,16.9
101.65486526500001,3.049239875000012,29/12/2025,"PPR PINGGIRAN 2(BLOK G,H,J,K,L,M)",WILAYAH PERSEKUTUAN,41,15,85,26.7,16.9
101.61672701499998,3.067438256999992,29/12/2025,"E13. PJS 7/15 (FLAT KOS RENDAH) BLOK A, B, C, D, E, F, G, H, K",SELANGOR,51,11,83,27.1,21.6
101.61672701499998,3.067438256999992,29/12/2025,"E13. PJS 7/15 (FLAT KOS RENDAH) BLOK A, B, C, D, E, F, G, H, K",SELANGOR,50,11,83,27.1,21.6
101.61672701499998,3.067438256999992,29/12/2025,"E13. PJS 7/15 (FLAT KOS RENDAH) BLOK A, B, C, D, E, F, G, H, K",SELANGOR,49,11,83,27.1,21.6
101.61672701499998,3.067438256999992,29/12/2025,"E13. PJS 7/15 (FLAT KOS RENDAH) BLOK A, B, C, D, E, F, G, H, K",SELANGOR,52,11,83,27.1,21.6
101.61672701499998,3.067438256999992,29/12/2025,"E13. PJS 7/15 (FLAT KOS RENDAH) BLOK A, B, C, D, E, F, G, H, K",SELANGOR,53,11,83,27.1,21.6
101.66363211800001,2.798225240000022,29/12/2025,TAMAN LANGAT UTAMA (KEJORA),SELANGOR,34,8,81,27.1,19.2
101.66363211800001,2.798225240000022,29/12/2025,TAMAN LANGAT UTAMA (KEJORA),SELANGOR,33,8,81,27.1,19.2
101.66363211800001,2.798225240000022,29/12/2025,TAMAN LANGAT UTAMA (KEJORA),SELANGOR,32,8,81,27.1,19.2
101.66363211800001,2.798225240000022,29/12/2025,TAMAN LANGAT UTAMA (KEJORA),SELANGOR,35,9,81,27.1,19.2
101.66363211800001,2.798225240000022,29/12/2025,TAMAN LANGAT UTAMA (KEJORA),SELANGOR,36,9,81,27.1,19.2
101.39954757700002,3.03254997800002,29/12/2025,KAMPUNG DELEK BARU 08,SELANGOR,31,8,84,27.2,19.1
101.39954757700002,3.03254997800002,29/12/2025,KAMPUNG DELEK BARU 08,SELANGOR,32,8,84,27.2,19.1
101.39954757700002,3.03254997800002,29/12/2025,KAMPUNG DELEK BARU 08,SELANGOR,33,8,84,27.2,19.1
101.57404113500002,3.1725872979999963,29/12/2025,E7. KD PJU 5 SEK 7 APT LILY,SELANGOR,42,8,83,26.8,21.6
101.57404113500002,3.1725872979999963,29/12/2025,E7. KD PJU 5 SEK 7 APT LILY,SELANGOR,41,8,83,26.8,21.6
101.57404113500002,3.1725872979999963,29/12/2025,E7. KD PJU 5 SEK 7 APT LILY,SELANGOR,40,8,83,26.8,21.6
101.57404113500002,3.1725872979999963,29/12/2025,E7. KD PJU 5 SEK 7 APT LILY,SELANGOR,43,8,83,26.8,21.6
101.57404113500002,3.1725872979999963,29/12/2025,E7. KD PJU 5 SEK 7 APT LILY,SELANGOR,44,8,83,26.8,21.6
101.67660430299998,3.2718447459999993,29/12/2025,FLAT SELAYANG MULIA,SELANGOR,33,7,88,26.9,14.2
101.67660430299998,3.2718447459999993,29/12/2025,FLAT SELAYANG MULIA,SELANGOR,32,7,88,26.9,14.2
101.67660430299998,3.2718447459999993,29/12/2025,FLAT SELAYANG MULIA,SELANGOR,31,7,88,26.9,14.2
101.67660430299998,3.2718447459999993,29/12/2025,FLAT SELAYANG MULIA,SELANGOR,34,7,88,26.9,14.2
101.67660430299998,3.2718447459999993,29/12/2025,FLAT SELAYANG MULIA,SELANGOR,35,7,88,26.9,14.2
101.57724761999998,3.1775128849999987,29/12/2025,"E7. KD PJU 5 SEK 8 GUGUSAN KESUMBAR (C,D) PPRT",SELANGOR,31,7,83,26.9,21.6
101.57724761999998,3.1775128849999987,29/12/2025,"E7. KD PJU 5 SEK 8 GUGUSAN KESUMBAR (C,D) PPRT",SELANGOR,32,7,83,26.9,21.6
101.57724761999998,3.1775128849999987,29/12/2025,"E7. KD PJU 5 SEK 8 GUGUSAN KESUMBAR (C,D) PPRT",SELANGOR,33,7,83,26.9,21.6
101.60886383000002,2.883585929999981,29/12/2025,"PALMA SANDS, GAMUDA COVE",SELANGOR,51,8,87,26.4,17.3
101.72534089300001,3.166078734999985,29/12/2025,"KG. DATO KERAMAT ( LORONG KERAMAT 1,2,3)",WILAYAH PERSEKUTUAN,37,6,83,27.2,21.6
101.72534089300001,3.166078734999985,29/12/2025,"KG. DATO KERAMAT ( LORONG KERAMAT 1,2,3)",WILAYAH PERSEKUTUAN,36,6,83,27.2,21.6
110.36675289499999,1.5496464619999983,29/12/2025,JALAN TAN SRI DATUK WILLIAM TAN,SARAWAK,37,15,84,26.9,0.0
110.36675289499999,1.5496464619999983,29/12/2025,JALAN TAN SRI DATUK WILLIAM TAN,SARAWAK,36,15,84,26.9,0.0
110.36675289499999,1.5496464619999983,29/12/2025,JALAN TAN SRI DATUK WILLIAM TAN,SARAWAK,35,15,84,26.9,0.0
110.36675289499999,1.5496464619999983,29/12/2025,JALAN TAN SRI DATUK WILLIAM TAN,SARAWAK,38,15,84,26.9,0.0
110.36675289499999,1.5496464619999983,29/12/2025,JALAN TAN SRI DATUK WILLIAM TAN,SARAWAK,39,15,84,26.9,0.0
103.65680637899999,1.5080404619999968,30/12/2025,TMN SUTERA UTAMA_PULAI 2/,JOHOR,39,14,79,26.7,0.5
100.30268372400002,5.352389039000002,30/12/2025,UNIVERSITY HEIGHT,PULAU PINANG,44,24,77,28.3,11.3
100.30268372400002,5.352389039000002,30/12/2025,UNIVERSITY HEIGHT,PULAU PINANG,43,24,77,28.3,11.3
100.30830893299998,5.340919699999972,30/12/2025,PUTRA PLACE CONDOMINIUM,PULAU PINANG,47,27,77,28.3,11.3
100.30830893299998,5.340919699999972,30/12/2025,PUTRA PLACE CONDOMINIUM,PULAU PINANG,51,27,77,28.3,11.3
100.30830893299998,5.340919699999972,30/12/2025,PUTRA PLACE CONDOMINIUM,PULAU PINANG,46,25,77,28.3,11.3
100.30830893299998,5.340919699999972,30/12/2025,PUTRA PLACE CONDOMINIUM,PULAU PINANG,45,25,77,28.3,11.3
100.30830893299998,5.340919699999972,30/12/2025,PUTRA PLACE CONDOMINIUM,PULAU PINANG,48,27,77,28.3,11.3
100.30830893299998,5.340919699999972,30/12/2025,PUTRA PLACE CONDOMINIUM,PULAU PINANG,49,27,77,28.3,11.3
101.67117360600002,3.2672755080000115,30/12/2025,BDR BARU SELAYANG FASA 2B (ZON B),SELANGOR,34,10,83,27.8,13.1
101.67117360600002,3.2672755080000115,30/12/2025,BDR BARU SELAYANG FASA 2B (ZON B),SELANGOR,31,8,83,27.8,13.1
101.67117360600002,3.2672755080000115,30/12/2025,BDR BARU SELAYANG FASA 2B (ZON B),SELANGOR,32,9,83,27.8,13.1
116.13677612900005,6.038449952000008,30/12/2025,KG. CONTOH SUANG PARAI,SABAH,33,11,83,27.5,11.3
116.13677612900005,6.038449952000008,30/12/2025,KG. CONTOH SUANG PARAI,SABAH,31,10,83,27.5,11.3
101.52530608900003,3.0711581369999976,30/12/2025,E1. SEKSYEN 14 (PANGSAPURI VISTA ALAM),SELANGOR,58,27,81,27.7,5.9
101.52530608900003,3.0711581369999976,30/12/2025,E1. SEKSYEN 14 (PANGSAPURI VISTA ALAM),SELANGOR,57,27,81,27.7,5.9
101.52530608900003,3.0711581369999976,30/12/2025,E1. SEKSYEN 14 (PANGSAPURI VISTA ALAM),SELANGOR,56,27,81,27.7,5.9
101.52530608900003,3.0711581369999976,30/12/2025,E1. SEKSYEN 14 (PANGSAPURI VISTA ALAM),SELANGOR,59,27,81,27.7,5.9
101.52530608900003,3.0711581369999976,30/12/2025,E1. SEKSYEN 14 (PANGSAPURI VISTA ALAM),SELANGOR,60,27,81,27.7,5.9
101.77735742200002,2.9643135420000135,30/12/2025,JALAN 4/12 SEKSYEN 4 BANDAR BARU BANGI,SELANGOR,39,10,81,27.5,15.5
101.77735742200002,2.9643135420000135,30/12/2025,JALAN 4/12 SEKSYEN 4 BANDAR BARU BANGI,SELANGOR,43,10,81,27.5,15.5
101.77735742200002,2.9643135420000135,30/12/2025,JALAN 4/12 SEKSYEN 4 BANDAR BARU BANGI,SELANGOR,38,10,81,27.5,15.5
101.77735742200002,2.9643135420000135,30/12/2025,JALAN 4/12 SEKSYEN 4 BANDAR BARU BANGI,SELANGOR,37,10,81,27.5,15.5
101.77735742200002,2.9643135420000135,30/12/2025,JALAN 4/12 SEKSYEN 4 BANDAR BARU BANGI,SELANGOR,40,10,81,27.5,15.5
101.77735742200002,2.9643135420000135,30/12/2025,JALAN 4/12 SEKSYEN 4 BANDAR BARU BANGI,SELANGOR,41,10,81,27.5,15.5
101.60939593900002,3.0808161339999742,30/12/2025,E11. SRI PJS 8 MENTARI COURT,SELANGOR,36,6,79,27.7,10.2
101.60939593900002,3.0808161339999742,30/12/2025,E11. SRI PJS 8 MENTARI COURT,SELANGOR,35,6,79,27.7,10.2
101.60939593900002,3.0808161339999742,30/12/2025,E11. SRI PJS 8 MENTARI COURT,SELANGOR,40,6,79,27.7,10.2
101.60939593900002,3.0808161339999742,30/12/2025,E11. SRI PJS 8 MENTARI COURT,SELANGOR,34,6,79,27.7,10.2
101.60939593900002,3.0808161339999742,30/12/2025,E11. SRI PJS 8 MENTARI COURT,SELANGOR,37,6,79,27.7,10.2
101.60939593900002,3.0808161339999742,30/12/2025,E11. SRI PJS 8 MENTARI COURT,SELANGOR,38,6,79,27.7,10.2
101.628348701,3.0835091150000267,30/12/2025,"E12. TM PJS 2C FLAT DESA MENTARI (BLOK 9 , 10)",SELANGOR,36,5,79,27.7,10.2
101.628348701,3.0835091150000267,30/12/2025,"E12. TM PJS 2C FLAT DESA MENTARI (BLOK 9 , 10)",SELANGOR,35,4,79,27.7,10.2
101.628348701,3.0835091150000267,30/12/2025,"E12. TM PJS 2C FLAT DESA MENTARI (BLOK 9 , 10)",SELANGOR,40,5,79,27.7,10.2
101.628348701,3.0835091150000267,30/12/2025,"E12. TM PJS 2C FLAT DESA MENTARI (BLOK 9 , 10)",SELANGOR,34,4,79,27.7,10.2
101.628348701,3.0835091150000267,30/12/2025,"E12. TM PJS 2C FLAT DESA MENTARI (BLOK 9 , 10)",SELANGOR,37,5,79,27.7,10.2
101.628348701,3.0835091150000267,30/12/2025,"E12. TM PJS 2C FLAT DESA MENTARI (BLOK 9 , 10)",SELANGOR,38,5,79,27.7,10.2
118.06537060100004,5.865935443000012,30/12/2025,TAMAN TYNG BT.5,SABAH,37,16,89,26.5,11.4
118.06537060100004,5.865935443000012,30/12/2025,TAMAN TYNG BT.5,SABAH,36,16,89,26.5,11.4
118.06537060100004,5.865935443000012,30/12/2025,TAMAN TYNG BT.5,SABAH,41,16,89,26.5,11.4
118.06537060100004,5.865935443000012,30/12/2025,TAMAN TYNG BT.5,SABAH,35,16,89,26.5,11.4
118.06537060100004,5.865935443000012,30/12/2025,TAMAN TYNG BT.5,SABAH,38,16,89,26.5,11.4
118.06537060100004,5.865935443000012,30/12/2025,TAMAN TYNG BT.5,SABAH,39,16,89,26.5,11.4
118.07731076899995,5.861684525999976,30/12/2025,TAMAN MESRA,SABAH,31,9,89,26.6,11.4
118.07731076899995,5.861684525999976,30/12/2025,TAMAN MESRA,SABAH,35,9,89,26.6,11.4
118.07731076899995,5.861684525999976,30/12/2025,TAMAN MESRA,SABAH,32,9,89,26.6,11.4
118.07731076899995,5.861684525999976,30/12/2025,TAMAN MESRA,SABAH,33,9,89,26.6,11.4
116.09166350999999,5.952981767999972,30/12/2025,TAMAN FU YEN PH.3,SABAH,33,5,83,27.5,11.3
116.09166350999999,5.952981767999972,30/12/2025,TAMAN FU YEN PH.3,SABAH,31,5,83,27.5,11.3
116.134069673,6.018204632999982,30/12/2025,KG.WARISAN PH 2,SABAH,32,21,83,27.5,11.3
101.646089002,3.1780625819999955,30/12/2025,BOUGAINVILLA APARTMENT,WILAYAH PERSEKUTUAN,59,22,79,27.2,10.2
101.646089002,3.1780625819999955,30/12/2025,BOUGAINVILLA APARTMENT,WILAYAH PERSEKUTUAN,63,22,79,27.2,10.2
101.646089002,3.1780625819999955,30/12/2025,BOUGAINVILLA APARTMENT,WILAYAH PERSEKUTUAN,58,22,79,27.2,10.2
101.646089002,3.1780625819999955,30/12/2025,BOUGAINVILLA APARTMENT,WILAYAH PERSEKUTUAN,57,22,79,27.2,10.2
101.646089002,3.1780625819999955,30/12/2025,BOUGAINVILLA APARTMENT,WILAYAH PERSEKUTUAN,60,22,79,27.2,10.2
101.646089002,3.1780625819999955,30/12/2025,BOUGAINVILLA APARTMENT,WILAYAH PERSEKUTUAN,61,22,79,27.2,10.2
101.654183305,3.047584969000013,30/12/2025,"PPR PINGGIRAN 1 (BLOK A,B,C,D,E,F)",WILAYAH PERSEKUTUAN,34,11,80,27.4,6.3
101.654183305,3.047584969000013,30/12/2025,"PPR PINGGIRAN 1 (BLOK A,B,C,D,E,F)",WILAYAH PERSEKUTUAN,31,11,80,27.4,6.3
101.654183305,3.047584969000013,30/12/2025,"PPR PINGGIRAN 1 (BLOK A,B,C,D,E,F)",WILAYAH PERSEKUTUAN,32,11,80,27.4,6.3
116.044597619,5.896894664000001,30/12/2025,KG. PASIR PUTIH,SABAH,41,13,84,27.7,19.9
116.044597619,5.896894664000001,30/12/2025,KG. PASIR PUTIH,SABAH,45,13,84,27.7,19.9
116.044597619,5.896894664000001,30/12/2025,KG. PASIR PUTIH,SABAH,40,13,84,27.7,19.9
116.044597619,5.896894664000001,30/12/2025,KG. PASIR PUTIH,SABAH,39,13,84,27.7,19.9
116.044597619,5.896894664000001,30/12/2025,KG. PASIR PUTIH,SABAH,42,13,84,27.7,19.9
116.044597619,5.896894664000001,30/12/2025,KG. PASIR PUTIH,SABAH,43,13,84,27.7,19.9
101.87197875999999,2.895598650000011,30/12/2025,TAMAN SEMENYIH PARKLANDS,SELANGOR,33,23,81,26.8,16.7
101.87197875999999,2.895598650000011,30/12/2025,TAMAN SEMENYIH PARKLANDS,SELANGOR,31,23,81,26.8,16.7
101.662932237,2.7973246199999835,30/12/2025,PANGSAPURI LANGAT UTAMA,SELANGOR,43,43,84,27.5,10.9
101.662932237,2.7973246199999835,30/12/2025,PANGSAPURI LANGAT UTAMA,SELANGOR,47,43,84,27.5,10.9
101.662932237,2.7973246199999835,30/12/2025,PANGSAPURI LANGAT UTAMA,SELANGOR,42,43,84,27.5,10.9
101.662932237,2.7973246199999835,30/12/2025,PANGSAPURI LANGAT UTAMA,SELANGOR,41,43,84,27.5,10.9
101.662932237,2.7973246199999835,30/12/2025,PANGSAPURI LANGAT UTAMA,SELANGOR,44,43,84,27.5,10.9
101.662932237,2.7973246199999835,30/12/2025,PANGSAPURI LANGAT UTAMA,SELANGOR,45,43,84,27.5,10.9
101.60213905400002,3.1926946940000107,30/12/2025,"E6. BL PJU 9 SD 13 APT SRI MERANTI (2) [H,J,K,L,M,N,P,Q,R]",SELANGOR,37,14,83,28.0,13.1
101.60213905400002,3.1926946940000107,30/12/2025,"E6. BL PJU 9 SD 13 APT SRI MERANTI (2) [H,J,K,L,M,N,P,Q,R]",SELANGOR,36,14,83,28.0,13.1
101.60213905400002,3.1926946940000107,30/12/2025,"E6. BL PJU 9 SD 13 APT SRI MERANTI (2) [H,J,K,L,M,N,P,Q,R]",SELANGOR,41,15,83,28.0,13.1
101.60213905400002,3.1926946940000107,30/12/2025,"E6. BL PJU 9 SD 13 APT SRI MERANTI (2) [H,J,K,L,M,N,P,Q,R]",SELANGOR,35,13,83,28.0,13.1
101.60213905400002,3.1926946940000107,30/12/2025,"E6. BL PJU 9 SD 13 APT SRI MERANTI (2) [H,J,K,L,M,N,P,Q,R]",SELANGOR,38,14,83,28.0,13.1
101.60213905400002,3.1926946940000107,30/12/2025,"E6. BL PJU 9 SD 13 APT SRI MERANTI (2) [H,J,K,L,M,N,P,Q,R]",SELANGOR,39,15,83,28.0,13.1
101.61892700200002,3.079881549999982,30/12/2025,"E11. SRI PJS 6 FLAT DESA MENTARI 1 (BLOK 1 , 2 , 3)",SELANGOR,35,6,79,27.7,10.2
101.61892700200002,3.079881549999982,30/12/2025,"E11. SRI PJS 6 FLAT DESA MENTARI 1 (BLOK 1 , 2 , 3)",SELANGOR,34,6,79,27.7,10.2
101.61892700200002,3.079881549999982,30/12/2025,"E11. SRI PJS 6 FLAT DESA MENTARI 1 (BLOK 1 , 2 , 3)",SELANGOR,39,7,79,27.7,10.2
101.61892700200002,3.079881549999982,30/12/2025,"E11. SRI PJS 6 FLAT DESA MENTARI 1 (BLOK 1 , 2 , 3)",SELANGOR,33,6,79,27.7,10.2
101.61892700200002,3.079881549999982,30/12/2025,"E11. SRI PJS 6 FLAT DESA MENTARI 1 (BLOK 1 , 2 , 3)",SELANGOR,36,6,79,27.7,10.2
101.61892700200002,3.079881549999982,30/12/2025,"E11. SRI PJS 6 FLAT DESA MENTARI 1 (BLOK 1 , 2 , 3)",SELANGOR,37,6,79,27.7,10.2
101.64749145500002,3.0778750189999755,30/12/2025,E12. TM PJS 1 PARK AVENUE KONDO,SELANGOR,33,4,79,27.7,10.2
101.64749145500002,3.0778750189999755,30/12/2025,E12. TM PJS 1 PARK AVENUE KONDO,SELANGOR,31,4,79,27.7,10.2
101.60399246200001,3.077885985000023,30/12/2025,"E11. SRI PJS 10 (TERES 3) [JLN PJS 10/7C , 10/9A , 10/11A - 10/11D]",SELANGOR,48,12,79,27.7,10.2
101.60399246200001,3.077885985000023,30/12/2025,"E11. SRI PJS 10 (TERES 3) [JLN PJS 10/7C , 10/9A , 10/11A - 10/11D]",SELANGOR,52,13,79,27.7,10.2
101.60399246200001,3.077885985000023,30/12/2025,"E11. SRI PJS 10 (TERES 3) [JLN PJS 10/7C , 10/9A , 10/11A - 10/11D]",SELANGOR,47,12,79,27.7,10.2
101.60399246200001,3.077885985000023,30/12/2025,"E11. SRI PJS 10 (TERES 3) [JLN PJS 10/7C , 10/9A , 10/11A - 10/11D]",SELANGOR,46,11,79,27.7,10.2
101.60399246200001,3.077885985000023,30/12/2025,"E11. SRI PJS 10 (TERES 3) [JLN PJS 10/7C , 10/9A , 10/11A - 10/11D]",SELANGOR,49,12,79,27.7,10.2
101.60399246200001,3.077885985000023,30/12/2025,"E11. SRI PJS 10 (TERES 3) [JLN PJS 10/7C , 10/9A , 10/11A - 10/11D]",SELANGOR,50,12,79,27.7,10.2
101.57530593799999,3.1756490480000252,30/12/2025,"E7. KD PJU 5 SEK 8 GUGUSAN KEMUNING (A,B) PPRT",SELANGOR,37,6,79,27.5,10.2
101.57530593799999,3.1756490480000252,30/12/2025,"E7. KD PJU 5 SEK 8 GUGUSAN KEMUNING (A,B) PPRT",SELANGOR,41,8,79,27.5,10.2
101.57530593799999,3.1756490480000252,30/12/2025,"E7. KD PJU 5 SEK 8 GUGUSAN KEMUNING (A,B) PPRT",SELANGOR,36,6,79,27.5,10.2
101.57530593799999,3.1756490480000252,30/12/2025,"E7. KD PJU 5 SEK 8 GUGUSAN KEMUNING (A,B) PPRT",SELANGOR,35,6,79,27.5,10.2
101.57530593799999,3.1756490480000252,30/12/2025,"E7. KD PJU 5 SEK 8 GUGUSAN KEMUNING (A,B) PPRT",SELANGOR,38,7,79,27.5,10.2
101.57530593799999,3.1756490480000252,30/12/2025,"E7. KD PJU 5 SEK 8 GUGUSAN KEMUNING (A,B) PPRT",SELANGOR,39,7,79,27.5,10.2
101.712787628,3.025972963000015,30/12/2025,E17. TMN MUHIBBAH SRI KEMBANGAN,SELANGOR,64,9,81,27.4,15.5
101.712787628,3.025972963000015,30/12/2025,E17. TMN MUHIBBAH SRI KEMBANGAN,SELANGOR,63,9,81,27.4,15.5
101.712787628,3.025972963000015,30/12/2025,E17. TMN MUHIBBAH SRI KEMBANGAN,SELANGOR,62,9,81,27.4,15.5
101.60240391100001,3.1945028229999934,30/12/2025,"E6. BL PJU 9 SD 13 APT SRI MERANTI (1) [A,B,C,D,E,F,G]",SELANGOR,50,20,83,28.1,13.1
101.60240391100001,3.1945028229999934,30/12/2025,"E6. BL PJU 9 SD 13 APT SRI MERANTI (1) [A,B,C,D,E,F,G]",SELANGOR,54,22,83,28.1,13.1
101.60240391100001,3.1945028229999934,30/12/2025,"E6. BL PJU 9 SD 13 APT SRI MERANTI (1) [A,B,C,D,E,F,G]",SELANGOR,49,20,83,28.1,13.1
101.60240391100001,3.1945028229999934,30/12/2025,"E6. BL PJU 9 SD 13 APT SRI MERANTI (1) [A,B,C,D,E,F,G]",SELANGOR,48,20,83,28.1,13.1
101.60240391100001,3.1945028229999934,30/12/2025,"E6. BL PJU 9 SD 13 APT SRI MERANTI (1) [A,B,C,D,E,F,G]",SELANGOR,51,20,83,28.1,13.1
101.60240391100001,3.1945028229999934,30/12/2025,"E6. BL PJU 9 SD 13 APT SRI MERANTI (1) [A,B,C,D,E,F,G]",SELANGOR,52,20,83,28.1,13.1
101.65486526500001,3.049239875000012,30/12/2025,"PPR PINGGIRAN 2(BLOK G,H,J,K,L,M)",WILAYAH PERSEKUTUAN,39,13,80,27.4,6.3
101.65486526500001,3.049239875000012,30/12/2025,"PPR PINGGIRAN 2(BLOK G,H,J,K,L,M)",WILAYAH PERSEKUTUAN,43,16,80,27.4,6.3
101.65486526500001,3.049239875000012,30/12/2025,"PPR PINGGIRAN 2(BLOK G,H,J,K,L,M)",WILAYAH PERSEKUTUAN,38,13,80,27.4,6.3
101.65486526500001,3.049239875000012,30/12/2025,"PPR PINGGIRAN 2(BLOK G,H,J,K,L,M)",WILAYAH PERSEKUTUAN,37,13,80,27.4,6.3
101.65486526500001,3.049239875000012,30/12/2025,"PPR PINGGIRAN 2(BLOK G,H,J,K,L,M)",WILAYAH PERSEKUTUAN,40,14,80,27.4,6.3
101.65486526500001,3.049239875000012,30/12/2025,"PPR PINGGIRAN 2(BLOK G,H,J,K,L,M)",WILAYAH PERSEKUTUAN,41,15,80,27.4,6.3
101.61672701499998,3.067438256999992,30/12/2025,"E13. PJS 7/15 (FLAT KOS RENDAH) BLOK A, B, C, D, E, F, G, H, K",SELANGOR,51,11,79,27.7,10.2
101.61672701499998,3.067438256999992,30/12/2025,"E13. PJS 7/15 (FLAT KOS RENDAH) BLOK A, B, C, D, E, F, G, H, K",SELANGOR,50,11,79,27.7,10.2
101.61672701499998,3.067438256999992,30/12/2025,"E13. PJS 7/15 (FLAT KOS RENDAH) BLOK A, B, C, D, E, F, G, H, K",SELANGOR,49,11,79,27.7,10.2
101.61672701499998,3.067438256999992,30/12/2025,"E13. PJS 7/15 (FLAT KOS RENDAH) BLOK A, B, C, D, E, F, G, H, K",SELANGOR,52,11,79,27.7,10.2
101.61672701499998,3.067438256999992,30/12/2025,"E13. PJS 7/15 (FLAT KOS RENDAH) BLOK A, B, C, D, E, F, G, H, K",SELANGOR,53,11,79,27.7,10.2
101.66363211800001,2.798225240000022,30/12/2025,TAMAN LANGAT UTAMA (KEJORA),SELANGOR,34,8,84,27.5,10.9
101.66363211800001,2.798225240000022,30/12/2025,TAMAN LANGAT UTAMA (KEJORA),SELANGOR,33,8,84,27.5,10.9
101.66363211800001,2.798225240000022,30/12/2025,TAMAN LANGAT UTAMA (KEJORA),SELANGOR,38,9,84,27.5,10.9
101.66363211800001,2.798225240000022,30/12/2025,TAMAN LANGAT UTAMA (KEJORA),SELANGOR,32,8,84,27.5,10.9
101.66363211800001,2.798225240000022,30/12/2025,TAMAN LANGAT UTAMA (KEJORA),SELANGOR,35,9,84,27.5,10.9
101.66363211800001,2.798225240000022,30/12/2025,TAMAN LANGAT UTAMA (KEJORA),SELANGOR,36,9,84,27.5,10.9
101.39954757700002,3.03254997800002,30/12/2025,KAMPUNG DELEK BARU 08,SELANGOR,31,8,83,27.5,7.2
101.39954757700002,3.03254997800002,30/12/2025,KAMPUNG DELEK BARU 08,SELANGOR,35,8,83,27.5,7.2
101.39954757700002,3.03254997800002,30/12/2025,KAMPUNG DELEK BARU 08,SELANGOR,32,8,83,27.5,7.2
101.39954757700002,3.03254997800002,30/12/2025,KAMPUNG DELEK BARU 08,SELANGOR,33,8,83,27.5,7.2
101.57404113500002,3.1725872979999963,30/12/2025,E7. KD PJU 5 SEK 7 APT LILY,SELANGOR,42,8,79,27.5,10.2
101.57404113500002,3.1725872979999963,30/12/2025,E7. KD PJU 5 SEK 7 APT LILY,SELANGOR,46,8,79,27.5,10.2
101.57404113500002,3.1725872979999963,30/12/2025,E7. KD PJU 5 SEK 7 APT LILY,SELANGOR,41,8,79,27.5,10.2
101.57404113500002,3.1725872979999963,30/12/2025,E7. KD PJU 5 SEK 7 APT LILY,SELANGOR,40,8,79,27.5,10.2
101.57404113500002,3.1725872979999963,30/12/2025,E7. KD PJU 5 SEK 7 APT LILY,SELANGOR,43,8,79,27.5,10.2
101.57404113500002,3.1725872979999963,30/12/2025,E7. KD PJU 5 SEK 7 APT LILY,SELANGOR,44,8,79,27.5,10.2
101.67660430299998,3.2718447459999993,30/12/2025,FLAT SELAYANG MULIA,SELANGOR,33,7,83,27.6,13.1
101.67660430299998,3.2718447459999993,30/12/2025,FLAT SELAYANG MULIA,SELANGOR,32,7,83,27.6,13.1
101.67660430299998,3.2718447459999993,30/12/2025,FLAT SELAYANG MULIA,SELANGOR,37,7,83,27.6,13.1
101.67660430299998,3.2718447459999993,30/12/2025,FLAT SELAYANG MULIA,SELANGOR,31,7,83,27.6,13.1
101.67660430299998,3.2718447459999993,30/12/2025,FLAT SELAYANG MULIA,SELANGOR,34,7,83,27.6,13.1
101.67660430299998,3.2718447459999993,30/12/2025,FLAT SELAYANG MULIA,SELANGOR,35,7,83,27.6,13.1
101.57724761999998,3.1775128849999987,30/12/2025,"E7. KD PJU 5 SEK 8 GUGUSAN KESUMBAR (C,D) PPRT",SELANGOR,31,7,79,27.5,10.2
101.57724761999998,3.1775128849999987,30/12/2025,"E7. KD PJU 5 SEK 8 GUGUSAN KESUMBAR (C,D) PPRT",SELANGOR,35,7,79,27.5,10.2
101.57724761999998,3.1775128849999987,30/12/2025,"E7. KD PJU 5 SEK 8 GUGUSAN KESUMBAR (C,D) PPRT",SELANGOR,32,7,79,27.5,10.2
101.57724761999998,3.1775128849999987,30/12/2025,"E7. KD PJU 5 SEK 8 GUGUSAN KESUMBAR (C,D) PPRT",SELANGOR,33,7,79,27.5,10.2
101.60886383000002,2.883585929999981,30/12/2025,"PALMA SANDS, GAMUDA COVE",SELANGOR,51,8,83,27.1,7.3
101.61195755,2.894012571000019,30/12/2025,MAYABAY RESIDENCES,SELANGOR,31,8,83,27.1,7.3
101.72534089300001,3.166078734999985,30/12/2025,"KG. DATO KERAMAT ( LORONG KERAMAT 1,2,3)",WILAYAH PERSEKUTUAN,37,6,79,27.8,10.2
101.72534089300001,3.166078734999985,30/12/2025,"KG. DATO KERAMAT ( LORONG KERAMAT 1,2,3)",WILAYAH PERSEKUTUAN,36,6,79,27.8,10.2
110.36675289499999,1.5496464619999983,30/12/2025,JALAN TAN SRI DATUK WILLIAM TAN,SARAWAK,37,15,87,26.1,5.0
110.36675289499999,1.5496464619999983,30/12/2025,JALAN TAN SRI DATUK WILLIAM TAN,SARAWAK,36,15,87,26.1,5.0
110.36675289499999,1.5496464619999983,30/12/2025,JALAN TAN SRI DATUK WILLIAM TAN,SARAWAK,41,15,87,26.1,5.0
110.36675289499999,1.5496464619999983,30/12/2025,JALAN TAN SRI DATUK WILLIAM TAN,SARAWAK,35,15,87,26.1,5.0
110.36675289499999,1.5496464619999983,30/12/2025,JALAN TAN SRI DATUK WILLIAM TAN,SARAWAK,38,15,87,26.1,5.0
110.36675289499999,1.5496464619999983,30/12/2025,JALAN TAN SRI DATUK WILLIAM TAN,SARAWAK,39,15,87,26.1,5.0
103.65680637899999,1.5080404619999968,31/12/2025,TMN SUTERA UTAMA_PULAI 2/,JOHOR,39,14,84,26.1,10.9
100.30268372400002,5.352389039000002,31/12/2025,UNIVERSITY HEIGHT,PULAU PINANG,44,24,77,28.8,4.2
100.30268372400002,5.352389039000002,31/12/2025,UNIVERSITY HEIGHT,PULAU PINANG,43,24,77,28.8,4.2
100.30830893299998,5.340919699999972,31/12/2025,PUTRA PLACE CONDOMINIUM,PULAU PINANG,47,27,77,28.8,4.2
100.30830893299998,5.340919699999972,31/12/2025,PUTRA PLACE CONDOMINIUM,PULAU PINANG,51,27,77,28.8,4.2
100.30830893299998,5.340919699999972,31/12/2025,PUTRA PLACE CONDOMINIUM,PULAU PINANG,46,25,77,28.8,4.2
100.30830893299998,5.340919699999972,31/12/2025,PUTRA PLACE CONDOMINIUM,PULAU PINANG,45,25,77,28.8,4.2
100.30830893299998,5.340919699999972,31/12/2025,PUTRA PLACE CONDOMINIUM,PULAU PINANG,48,27,77,28.8,4.2
100.30830893299998,5.340919699999972,31/12/2025,PUTRA PLACE CONDOMINIUM,PULAU PINANG,49,27,77,28.8,4.2
101.67117360600002,3.2672755080000115,31/12/2025,BDR BARU SELAYANG FASA 2B (ZON B),SELANGOR,34,10,84,27.9,6.7
101.67117360600002,3.2672755080000115,31/12/2025,BDR BARU SELAYANG FASA 2B (ZON B),SELANGOR,31,8,84,27.9,6.7
101.67117360600002,3.2672755080000115,31/12/2025,BDR BARU SELAYANG FASA 2B (ZON B),SELANGOR,32,9,84,27.9,6.7
116.13677612900005,6.038449952000008,31/12/2025,KG. CONTOH SUANG PARAI,SABAH,33,11,85,27.2,6.9
116.13677612900005,6.038449952000008,31/12/2025,KG. CONTOH SUANG PARAI,SABAH,31,10,85,27.2,6.9
101.52530608900003,3.0711581369999976,31/12/2025,E1. SEKSYEN 14 (PANGSAPURI VISTA ALAM),SELANGOR,58,27,84,27.5,4.5
101.52530608900003,3.0711581369999976,31/12/2025,E1. SEKSYEN 14 (PANGSAPURI VISTA ALAM),SELANGOR,57,27,84,27.5,4.5
101.52530608900003,3.0711581369999976,31/12/2025,E1. SEKSYEN 14 (PANGSAPURI VISTA ALAM),SELANGOR,56,27,84,27.5,4.5
101.52530608900003,3.0711581369999976,31/12/2025,E1. SEKSYEN 14 (PANGSAPURI VISTA ALAM),SELANGOR,59,27,84,27.5,4.5
101.52530608900003,3.0711581369999976,31/12/2025,E1. SEKSYEN 14 (PANGSAPURI VISTA ALAM),SELANGOR,60,27,84,27.5,4.5
101.77735742200002,2.9643135420000135,31/12/2025,JALAN 4/12 SEKSYEN 4 BANDAR BARU BANGI,SELANGOR,39,10,84,27.4,7.6
101.77735742200002,2.9643135420000135,31/12/2025,JALAN 4/12 SEKSYEN 4 BANDAR BARU BANGI,SELANGOR,43,10,84,27.4,7.6
101.77735742200002,2.9643135420000135,31/12/2025,JALAN 4/12 SEKSYEN 4 BANDAR BARU BANGI,SELANGOR,38,10,84,27.4,7.6
101.77735742200002,2.9643135420000135,31/12/2025,JALAN 4/12 SEKSYEN 4 BANDAR BARU BANGI,SELANGOR,37,10,84,27.4,7.6
101.77735742200002,2.9643135420000135,31/12/2025,JALAN 4/12 SEKSYEN 4 BANDAR BARU BANGI,SELANGOR,40,10,84,27.4,7.6
101.77735742200002,2.9643135420000135,31/12/2025,JALAN 4/12 SEKSYEN 4 BANDAR BARU BANGI,SELANGOR,41,10,84,27.4,7.6
101.60939593900002,3.0808161339999742,31/12/2025,E11. SRI PJS 8 MENTARI COURT,SELANGOR,36,6,81,27.8,6.4
101.60939593900002,3.0808161339999742,31/12/2025,E11. SRI PJS 8 MENTARI COURT,SELANGOR,35,6,81,27.8,6.4
101.60939593900002,3.0808161339999742,31/12/2025,E11. SRI PJS 8 MENTARI COURT,SELANGOR,40,6,81,27.8,6.4
101.60939593900002,3.0808161339999742,31/12/2025,E11. SRI PJS 8 MENTARI COURT,SELANGOR,34,6,81,27.8,6.4
101.60939593900002,3.0808161339999742,31/12/2025,E11. SRI PJS 8 MENTARI COURT,SELANGOR,37,6,81,27.8,6.4
101.60939593900002,3.0808161339999742,31/12/2025,E11. SRI PJS 8 MENTARI COURT,SELANGOR,38,6,81,27.8,6.4
101.628348701,3.0835091150000267,31/12/2025,"E12. TM PJS 2C FLAT DESA MENTARI (BLOK 9 , 10)",SELANGOR,36,5,81,27.8,6.4
101.628348701,3.0835091150000267,31/12/2025,"E12. TM PJS 2C FLAT DESA MENTARI (BLOK 9 , 10)",SELANGOR,35,4,81,27.8,6.4
101.628348701,3.0835091150000267,31/12/2025,"E12. TM PJS 2C FLAT DESA MENTARI (BLOK 9 , 10)",SELANGOR,40,5,81,27.8,6.4
101.628348701,3.0835091150000267,31/12/2025,"E12. TM PJS 2C FLAT DESA MENTARI (BLOK 9 , 10)",SELANGOR,34,4,81,27.8,6.4
101.628348701,3.0835091150000267,31/12/2025,"E12. TM PJS 2C FLAT DESA MENTARI (BLOK 9 , 10)",SELANGOR,37,5,81,27.8,6.4
101.628348701,3.0835091150000267,31/12/2025,"E12. TM PJS 2C FLAT DESA MENTARI (BLOK 9 , 10)",SELANGOR,38,5,81,27.8,6.4
118.06537060100004,5.865935443000012,31/12/2025,TAMAN TYNG BT.5,SABAH,37,16,89,26.5,25.6
118.06537060100004,5.865935443000012,31/12/2025,TAMAN TYNG BT.5,SABAH,36,16,89,26.5,25.6
118.06537060100004,5.865935443000012,31/12/2025,TAMAN TYNG BT.5,SABAH,41,16,89,26.5,25.6
118.06537060100004,5.865935443000012,31/12/2025,TAMAN TYNG BT.5,SABAH,35,16,89,26.5,25.6
118.06537060100004,5.865935443000012,31/12/2025,TAMAN TYNG BT.5,SABAH,38,16,89,26.5,25.6
118.06537060100004,5.865935443000012,31/12/2025,TAMAN TYNG BT.5,SABAH,39,16,89,26.5,25.6
118.07731076899995,5.861684525999976,31/12/2025,TAMAN MESRA,SABAH,31,9,89,26.6,25.6
118.07731076899995,5.861684525999976,31/12/2025,TAMAN MESRA,SABAH,35,9,89,26.6,25.6
118.07731076899995,5.861684525999976,31/12/2025,TAMAN MESRA,SABAH,32,9,89,26.6,25.6
118.07731076899995,5.861684525999976,31/12/2025,TAMAN MESRA,SABAH,33,9,89,26.6,25.6
116.09166350999999,5.952981767999972,31/12/2025,TAMAN FU YEN PH.3,SABAH,33,5,85,27.2,6.9
116.09166350999999,5.952981767999972,31/12/2025,TAMAN FU YEN PH.3,SABAH,31,5,85,27.2,6.9
116.134069673,6.018204632999982,31/12/2025,KG.WARISAN PH 2,SABAH,32,21,85,27.2,6.9
101.646089002,3.1780625819999955,31/12/2025,BOUGAINVILLA APARTMENT,WILAYAH PERSEKUTUAN,59,22,81,27.3,6.4
101.646089002,3.1780625819999955,31/12/2025,BOUGAINVILLA APARTMENT,WILAYAH PERSEKUTUAN,63,22,81,27.3,6.4
101.646089002,3.1780625819999955,31/12/2025,BOUGAINVILLA APARTMENT,WILAYAH PERSEKUTUAN,58,22,81,27.3,6.4
101.646089002,3.1780625819999955,31/12/2025,BOUGAINVILLA APARTMENT,WILAYAH PERSEKUTUAN,57,22,81,27.3,6.4
101.646089002,3.1780625819999955,31/12/2025,BOUGAINVILLA APARTMENT,WILAYAH PERSEKUTUAN,60,22,81,27.3,6.4
101.646089002,3.1780625819999955,31/12/2025,BOUGAINVILLA APARTMENT,WILAYAH PERSEKUTUAN,61,22,81,27.3,6.4
101.654183305,3.047584969000013,31/12/2025,"PPR PINGGIRAN 1 (BLOK A,B,C,D,E,F)",WILAYAH PERSEKUTUAN,34,11,82,27.3,7.2
101.654183305,3.047584969000013,31/12/2025,"PPR PINGGIRAN 1 (BLOK A,B,C,D,E,F)",WILAYAH PERSEKUTUAN,31,11,82,27.3,7.2
101.654183305,3.047584969000013,31/12/2025,"PPR PINGGIRAN 1 (BLOK A,B,C,D,E,F)",WILAYAH PERSEKUTUAN,32,11,82,27.3,7.2
116.044597619,5.896894664000001,31/12/2025,KG. PASIR PUTIH,SABAH,41,13,85,27.5,26.5
116.044597619,5.896894664000001,31/12/2025,KG. PASIR PUTIH,SABAH,45,13,85,27.5,26.5
116.044597619,5.896894664000001,31/12/2025,KG. PASIR PUTIH,SABAH,40,13,85,27.5,26.5
116.044597619,5.896894664000001,31/12/2025,KG. PASIR PUTIH,SABAH,39,13,85,27.5,26.5
116.044597619,5.896894664000001,31/12/2025,KG. PASIR PUTIH,SABAH,42,13,85,27.5,26.5
116.044597619,5.896894664000001,31/12/2025,KG. PASIR PUTIH,SABAH,43,13,85,27.5,26.5
101.87197875999999,2.895598650000011,31/12/2025,TAMAN SEMENYIH PARKLANDS,SELANGOR,33,23,86,26.7,10.8
101.87197875999999,2.895598650000011,31/12/2025,TAMAN SEMENYIH PARKLANDS,SELANGOR,31,23,86,26.7,10.8
101.662932237,2.7973246199999835,31/12/2025,PANGSAPURI LANGAT UTAMA,SELANGOR,43,43,84,27.1,8.8
101.662932237,2.7973246199999835,31/12/2025,PANGSAPURI LANGAT UTAMA,SELANGOR,47,43,84,27.1,8.8
101.662932237,2.7973246199999835,31/12/2025,PANGSAPURI LANGAT UTAMA,SELANGOR,42,43,84,27.1,8.8
101.662932237,2.7973246199999835,31/12/2025,PANGSAPURI LANGAT UTAMA,SELANGOR,41,43,84,27.1,8.8
101.662932237,2.7973246199999835,31/12/2025,PANGSAPURI LANGAT UTAMA,SELANGOR,44,43,84,27.1,8.8
101.662932237,2.7973246199999835,31/12/2025,PANGSAPURI LANGAT UTAMA,SELANGOR,45,43,84,27.1,8.8
101.60213905400002,3.1926946940000107,31/12/2025,"E6. BL PJU 9 SD 13 APT SRI MERANTI (2) [H,J,K,L,M,N,P,Q,R]",SELANGOR,37,14,84,28.0,6.7
101.60213905400002,3.1926946940000107,31/12/2025,"E6. BL PJU 9 SD 13 APT SRI MERANTI (2) [H,J,K,L,M,N,P,Q,R]",SELANGOR,36,14,84,28.0,6.7
101.60213905400002,3.1926946940000107,31/12/2025,"E6. BL PJU 9 SD 13 APT SRI MERANTI (2) [H,J,K,L,M,N,P,Q,R]",SELANGOR,41,15,84,28.0,6.7
101.60213905400002,3.1926946940000107,31/12/2025,"E6. BL PJU 9 SD 13 APT SRI MERANTI (2) [H,J,K,L,M,N,P,Q,R]",SELANGOR,35,13,84,28.0,6.7
101.60213905400002,3.1926946940000107,31/12/2025,"E6. BL PJU 9 SD 13 APT SRI MERANTI (2) [H,J,K,L,M,N,P,Q,R]",SELANGOR,38,14,84,28.0,6.7
101.60213905400002,3.1926946940000107,31/12/2025,"E6. BL PJU 9 SD 13 APT SRI MERANTI (2) [H,J,K,L,M,N,P,Q,R]",SELANGOR,39,15,84,28.0,6.7
101.61892700200002,3.079881549999982,31/12/2025,"E11. SRI PJS 6 FLAT DESA MENTARI 1 (BLOK 1 , 2 , 3)",SELANGOR,35,6,81,27.8,6.4
101.61892700200002,3.079881549999982,31/12/2025,"E11. SRI PJS 6 FLAT DESA MENTARI 1 (BLOK 1 , 2 , 3)",SELANGOR,34,6,81,27.8,6.4
101.61892700200002,3.079881549999982,31/12/2025,"E11. SRI PJS 6 FLAT DESA MENTARI 1 (BLOK 1 , 2 , 3)",SELANGOR,39,7,81,27.8,6.4
101.61892700200002,3.079881549999982,31/12/2025,"E11. SRI PJS 6 FLAT DESA MENTARI 1 (BLOK 1 , 2 , 3)",SELANGOR,33,6,81,27.8,6.4
101.61892700200002,3.079881549999982,31/12/2025,"E11. SRI PJS 6 FLAT DESA MENTARI 1 (BLOK 1 , 2 , 3)",SELANGOR,36,6,81,27.8,6.4
101.61892700200002,3.079881549999982,31/12/2025,"E11. SRI PJS 6 FLAT DESA MENTARI 1 (BLOK 1 , 2 , 3)",SELANGOR,37,6,81,27.8,6.4
101.64749145500002,3.0778750189999755,31/12/2025,E12. TM PJS 1 PARK AVENUE KONDO,SELANGOR,33,4,81,27.8,6.4
101.64749145500002,3.0778750189999755,31/12/2025,E12. TM PJS 1 PARK AVENUE KONDO,SELANGOR,31,4,81,27.8,6.4
101.60399246200001,3.077885985000023,31/12/2025,"E11. SRI PJS 10 (TERES 3) [JLN PJS 10/7C , 10/9A , 10/11A - 10/11D]",SELANGOR,48,12,81,27.8,6.4
101.60399246200001,3.077885985000023,31/12/2025,"E11. SRI PJS 10 (TERES 3) [JLN PJS 10/7C , 10/9A , 10/11A - 10/11D]",SELANGOR,52,13,81,27.8,6.4
101.60399246200001,3.077885985000023,31/12/2025,"E11. SRI PJS 10 (TERES 3) [JLN PJS 10/7C , 10/9A , 10/11A - 10/11D]",SELANGOR,47,12,81,27.8,6.4
101.60399246200001,3.077885985000023,31/12/2025,"E11. SRI PJS 10 (TERES 3) [JLN PJS 10/7C , 10/9A , 10/11A - 10/11D]",SELANGOR,46,11,81,27.8,6.4
101.60399246200001,3.077885985000023,31/12/2025,"E11. SRI PJS 10 (TERES 3) [JLN PJS 10/7C , 10/9A , 10/11A - 10/11D]",SELANGOR,49,12,81,27.8,6.4
101.60399246200001,3.077885985000023,31/12/2025,"E11. SRI PJS 10 (TERES 3) [JLN PJS 10/7C , 10/9A , 10/11A - 10/11D]",SELANGOR,50,12,81,27.8,6.4
101.57530593799999,3.1756490480000252,31/12/2025,"E7. KD PJU 5 SEK 8 GUGUSAN KEMUNING (A,B) PPRT",SELANGOR,37,6,81,27.5,6.4
101.57530593799999,3.1756490480000252,31/12/2025,"E7. KD PJU 5 SEK 8 GUGUSAN KEMUNING (A,B) PPRT",SELANGOR,41,8,81,27.5,6.4
101.57530593799999,3.1756490480000252,31/12/2025,"E7. KD PJU 5 SEK 8 GUGUSAN KEMUNING (A,B) PPRT",SELANGOR,36,6,81,27.5,6.4
101.57530593799999,3.1756490480000252,31/12/2025,"E7. KD PJU 5 SEK 8 GUGUSAN KEMUNING (A,B) PPRT",SELANGOR,35,6,81,27.5,6.4
101.57530593799999,3.1756490480000252,31/12/2025,"E7. KD PJU 5 SEK 8 GUGUSAN KEMUNING (A,B) PPRT",SELANGOR,38,7,81,27.5,6.4
101.57530593799999,3.1756490480000252,31/12/2025,"E7. KD PJU 5 SEK 8 GUGUSAN KEMUNING (A,B) PPRT",SELANGOR,39,7,81,27.5,6.4
101.712787628,3.025972963000015,31/12/2025,E17. TMN MUHIBBAH SRI KEMBANGAN,SELANGOR,64,9,84,27.3,7.6
101.712787628,3.025972963000015,31/12/2025,E17. TMN MUHIBBAH SRI KEMBANGAN,SELANGOR,63,9,84,27.3,7.6
101.712787628,3.025972963000015,31/12/2025,E17. TMN MUHIBBAH SRI KEMBANGAN,SELANGOR,62,9,84,27.3,7.6
101.60240391100001,3.1945028229999934,31/12/2025,"E6. BL PJU 9 SD 13 APT SRI MERANTI (1) [A,B,C,D,E,F,G]",SELANGOR,50,20,84,28.1,6.7
101.60240391100001,3.1945028229999934,31/12/2025,"E6. BL PJU 9 SD 13 APT SRI MERANTI (1) [A,B,C,D,E,F,G]",SELANGOR,54,22,84,28.1,6.7
101.60240391100001,3.1945028229999934,31/12/2025,"E6. BL PJU 9 SD 13 APT SRI MERANTI (1) [A,B,C,D,E,F,G]",SELANGOR,49,20,84,28.1,6.7
101.60240391100001,3.1945028229999934,31/12/2025,"E6. BL PJU 9 SD 13 APT SRI MERANTI (1) [A,B,C,D,E,F,G]",SELANGOR,48,20,84,28.1,6.7
101.60240391100001,3.1945028229999934,31/12/2025,"E6. BL PJU 9 SD 13 APT SRI MERANTI (1) [A,B,C,D,E,F,G]",SELANGOR,51,20,84,28.1,6.7
101.60240391100001,3.1945028229999934,31/12/2025,"E6. BL PJU 9 SD 13 APT SRI MERANTI (1) [A,B,C,D,E,F,G]",SELANGOR,52,20,84,28.1,6.7
101.65486526500001,3.049239875000012,31/12/2025,"PPR PINGGIRAN 2(BLOK G,H,J,K,L,M)",WILAYAH PERSEKUTUAN,39,13,82,27.3,7.2
101.65486526500001,3.049239875000012,31/12/2025,"PPR PINGGIRAN 2(BLOK G,H,J,K,L,M)",WILAYAH PERSEKUTUAN,43,16,82,27.3,7.2
101.65486526500001,3.049239875000012,31/12/2025,"PPR PINGGIRAN 2(BLOK G,H,J,K,L,M)",WILAYAH PERSEKUTUAN,38,13,82,27.3,7.2
101.65486526500001,3.049239875000012,31/12/2025,"PPR PINGGIRAN 2(BLOK G,H,J,K,L,M)",WILAYAH PERSEKUTUAN,37,13,82,27.3,7.2
101.65486526500001,3.049239875000012,31/12/2025,"PPR PINGGIRAN 2(BLOK G,H,J,K,L,M)",WILAYAH PERSEKUTUAN,40,14,82,27.3,7.2
101.65486526500001,3.049239875000012,31/12/2025,"PPR PINGGIRAN 2(BLOK G,H,J,K,L,M)",WILAYAH PERSEKUTUAN,41,15,82,27.3,7.2
101.61672701499998,3.067438256999992,31/12/2025,"E13. PJS 7/15 (FLAT KOS RENDAH) BLOK A, B, C, D, E, F, G, H, K",SELANGOR,51,11,81,27.8,6.4
101.61672701499998,3.067438256999992,31/12/2025,"E13. PJS 7/15 (FLAT KOS RENDAH) BLOK A, B, C, D, E, F, G, H, K",SELANGOR,50,11,81,27.8,6.4
101.61672701499998,3.067438256999992,31/12/2025,"E13. PJS 7/15 (FLAT KOS RENDAH) BLOK A, B, C, D, E, F, G, H, K",SELANGOR,49,11,81,27.8,6.4
101.61672701499998,3.067438256999992,31/12/2025,"E13. PJS 7/15 (FLAT KOS RENDAH) BLOK A, B, C, D, E, F, G, H, K",SELANGOR,52,11,81,27.8,6.4
101.61672701499998,3.067438256999992,31/12/2025,"E13. PJS 7/15 (FLAT KOS RENDAH) BLOK A, B, C, D, E, F, G, H, K",SELANGOR,53,11,81,27.8,6.4
101.66363211800001,2.798225240000022,31/12/2025,TAMAN LANGAT UTAMA (KEJORA),SELANGOR,34,8,84,27.1,8.8
101.66363211800001,2.798225240000022,31/12/2025,TAMAN LANGAT UTAMA (KEJORA),SELANGOR,33,8,84,27.1,8.8
101.66363211800001,2.798225240000022,31/12/2025,TAMAN LANGAT UTAMA (KEJORA),SELANGOR,38,9,84,27.1,8.8
101.66363211800001,2.798225240000022,31/12/2025,TAMAN LANGAT UTAMA (KEJORA),SELANGOR,32,8,84,27.1,8.8
101.66363211800001,2.798225240000022,31/12/2025,TAMAN LANGAT UTAMA (KEJORA),SELANGOR,35,9,84,27.1,8.8
101.66363211800001,2.798225240000022,31/12/2025,TAMAN LANGAT UTAMA (KEJORA),SELANGOR,36,9,84,27.1,8.8
101.39954757700002,3.03254997800002,31/12/2025,KAMPUNG DELEK BARU 08,SELANGOR,31,8,85,27.3,13.0
101.39954757700002,3.03254997800002,31/12/2025,KAMPUNG DELEK BARU 08,SELANGOR,35,8,85,27.3,13.0
101.39954757700002,3.03254997800002,31/12/2025,KAMPUNG DELEK BARU 08,SELANGOR,32,8,85,27.3,13.0
101.39954757700002,3.03254997800002,31/12/2025,KAMPUNG DELEK BARU 08,SELANGOR,33,8,85,27.3,13.0
101.57404113500002,3.1725872979999963,31/12/2025,E7. KD PJU 5 SEK 7 APT LILY,SELANGOR,42,8,81,27.5,6.4
101.57404113500002,3.1725872979999963,31/12/2025,E7. KD PJU 5 SEK 7 APT LILY,SELANGOR,46,8,81,27.5,6.4
101.57404113500002,3.1725872979999963,31/12/2025,E7. KD PJU 5 SEK 7 APT LILY,SELANGOR,41,8,81,27.5,6.4
101.57404113500002,3.1725872979999963,31/12/2025,E7. KD PJU 5 SEK 7 APT LILY,SELANGOR,40,8,81,27.5,6.4
101.57404113500002,3.1725872979999963,31/12/2025,E7. KD PJU 5 SEK 7 APT LILY,SELANGOR,43,8,81,27.5,6.4
101.57404113500002,3.1725872979999963,31/12/2025,E7. KD PJU 5 SEK 7 APT LILY,SELANGOR,44,8,81,27.5,6.4
101.67660430299998,3.2718447459999993,31/12/2025,FLAT SELAYANG MULIA,SELANGOR,33,7,84,27.6,6.7
101.67660430299998,3.2718447459999993,31/12/2025,FLAT SELAYANG MULIA,SELANGOR,32,7,84,27.6,6.7
101.67660430299998,3.2718447459999993,31/12/2025,FLAT SELAYANG MULIA,SELANGOR,37,7,84,27.6,6.7
101.67660430299998,3.2718447459999993,31/12/2025,FLAT SELAYANG MULIA,SELANGOR,31,7,84,27.6,6.7
101.67660430299998,3.2718447459999993,31/12/2025,FLAT SELAYANG MULIA,SELANGOR,34,7,84,27.6,6.7
101.67660430299998,3.2718447459999993,31/12/2025,FLAT SELAYANG MULIA,SELANGOR,35,7,84,27.6,6.7
101.57724761999998,3.1775128849999987,31/12/2025,"E7. KD PJU 5 SEK 8 GUGUSAN KESUMBAR (C,D) PPRT",SELANGOR,31,7,81,27.6,6.4
101.57724761999998,3.1775128849999987,31/12/2025,"E7. KD PJU 5 SEK 8 GUGUSAN KESUMBAR (C,D) PPRT",SELANGOR,35,7,81,27.6,6.4
101.57724761999998,3.1775128849999987,31/12/2025,"E7. KD PJU 5 SEK 8 GUGUSAN KESUMBAR (C,D) PPRT",SELANGOR,32,7,81,27.6,6.4
101.57724761999998,3.1775128849999987,31/12/2025,"E7. KD PJU 5 SEK 8 GUGUSAN KESUMBAR (C,D) PPRT",SELANGOR,33,7,81,27.6,6.4
101.60886383000002,2.883585929999981,31/12/2025,"PALMA SANDS, GAMUDA COVE",SELANGOR,51,8,85,27.0,6.4
101.61195755,2.894012571000019,31/12/2025,MAYABAY RESIDENCES,SELANGOR,31,8,85,27.0,6.4
101.72534089300001,3.166078734999985,31/12/2025,"KG. DATO KERAMAT ( LORONG KERAMAT 1,2,3)",WILAYAH PERSEKUTUAN,37,6,81,27.8,6.4
101.72534089300001,3.166078734999985,31/12/2025,"KG. DATO KERAMAT ( LORONG KERAMAT 1,2,3)",WILAYAH PERSEKUTUAN,36,6,81,27.8,6.4
110.36675289499999,1.5496464619999983,31/12/2025,JALAN TAN SRI DATUK WILLIAM TAN,SARAWAK,37,15,88,25.7,1.7
110.36675289499999,1.5496464619999983,31/12/2025,JALAN TAN SRI DATUK WILLIAM TAN,SARAWAK,36,15,88,25.7,1.7
110.36675289499999,1.5496464619999983,31/12/2025,JALAN TAN SRI DATUK WILLIAM TAN,SARAWAK,41,15,88,25.7,1.7
110.36675289499999,1.5496464619999983,31/12/2025,JALAN TAN SRI DATUK WILLIAM TAN,SARAWAK,35,15,88,25.7,1.7
110.36675289499999,1.5496464619999983,31/12/2025,JALAN TAN SRI DATUK WILLIAM TAN,SARAWAK,38,15,88,25.7,1.7
110.36675289499999,1.5496464619999983,31/12/2025,JALAN TAN SRI DATUK WILLIAM TAN,SARAWAK,39,15,88,25.7,1.7
103.65680637899999,1.5080404619999968,31/12/2025,TMN SUTERA UTAMA_PULAI 2/,JOHOR,39,14,83,26.3,9.5
100.30268372400002,5.352389039000002,31/12/2025,UNIVERSITY HEIGHT,PULAU PINANG,44,24,76,28.9,4.3
100.30268372400002,5.352389039000002,31/12/2025,UNIVERSITY HEIGHT,PULAU PINANG,43,24,76,28.9,4.3
100.30830893299998,5.340919699999972,31/12/2025,PUTRA PLACE CONDOMINIUM,PULAU PINANG,47,27,76,28.9,4.3
100.30830893299998,5.340919699999972,31/12/2025,PUTRA PLACE CONDOMINIUM,PULAU PINANG,51,27,76,28.9,4.3
100.30830893299998,5.340919699999972,31/12/2025,PUTRA PLACE CONDOMINIUM,PULAU PINANG,46,25,76,28.9,4.3
100.30830893299998,5.340919699999972,31/12/2025,PUTRA PLACE CONDOMINIUM,PULAU PINANG,45,25,76,28.9,4.3
100.30830893299998,5.340919699999972,31/12/2025,PUTRA PLACE CONDOMINIUM,PULAU PINANG,48,27,76,28.9,4.3
100.30830893299998,5.340919699999972,31/12/2025,PUTRA PLACE CONDOMINIUM,PULAU PINANG,49,27,76,28.9,4.3
101.67117360600002,3.2672755080000115,31/12/2025,BDR BARU SELAYANG FASA 2B (ZON B),SELANGOR,34,10,85,27.9,8.6
101.67117360600002,3.2672755080000115,31/12/2025,BDR BARU SELAYANG FASA 2B (ZON B),SELANGOR,31,8,85,27.9,8.6
101.67117360600002,3.2672755080000115,31/12/2025,BDR BARU SELAYANG FASA 2B (ZON B),SELANGOR,32,9,85,27.9,8.6
116.13677612900005,6.038449952000008,31/12/2025,KG. CONTOH SUANG PARAI,SABAH,33,11,85,27.3,9.6
116.13677612900005,6.038449952000008,31/12/2025,KG. CONTOH SUANG PARAI,SABAH,31,10,85,27.3,9.6
101.52530608900003,3.0711581369999976,31/12/2025,E1. SEKSYEN 14 (PANGSAPURI VISTA ALAM),SELANGOR,58,27,84,27.6,4.7
101.52530608900003,3.0711581369999976,31/12/2025,E1. SEKSYEN 14 (PANGSAPURI VISTA ALAM),SELANGOR,57,27,84,27.6,4.7
101.52530608900003,3.0711581369999976,31/12/2025,E1. SEKSYEN 14 (PANGSAPURI VISTA ALAM),SELANGOR,56,27,84,27.6,4.7
101.52530608900003,3.0711581369999976,31/12/2025,E1. SEKSYEN 14 (PANGSAPURI VISTA ALAM),SELANGOR,59,27,84,27.6,4.7
101.52530608900003,3.0711581369999976,31/12/2025,E1. SEKSYEN 14 (PANGSAPURI VISTA ALAM),SELANGOR,60,27,84,27.6,4.7
101.77735742200002,2.9643135420000135,31/12/2025,JALAN 4/12 SEKSYEN 4 BANDAR BARU BANGI,SELANGOR,39,10,84,27.5,11.6
101.77735742200002,2.9643135420000135,31/12/2025,JALAN 4/12 SEKSYEN 4 BANDAR BARU BANGI,SELANGOR,43,10,84,27.5,11.6
101.77735742200002,2.9643135420000135,31/12/2025,JALAN 4/12 SEKSYEN 4 BANDAR BARU BANGI,SELANGOR,38,10,84,27.5,11.6
101.77735742200002,2.9643135420000135,31/12/2025,JALAN 4/12 SEKSYEN 4 BANDAR BARU BANGI,SELANGOR,37,10,84,27.5,11.6
101.77735742200002,2.9643135420000135,31/12/2025,JALAN 4/12 SEKSYEN 4 BANDAR BARU BANGI,SELANGOR,40,10,84,27.5,11.6
101.77735742200002,2.9643135420000135,31/12/2025,JALAN 4/12 SEKSYEN 4 BANDAR BARU BANGI,SELANGOR,41,10,84,27.5,11.6
101.60939593900002,3.0808161339999742,31/12/2025,E11. SRI PJS 8 MENTARI COURT,SELANGOR,36,6,80,27.9,6.3
101.60939593900002,3.0808161339999742,31/12/2025,E11. SRI PJS 8 MENTARI COURT,SELANGOR,35,6,80,27.9,6.3
101.60939593900002,3.0808161339999742,31/12/2025,E11. SRI PJS 8 MENTARI COURT,SELANGOR,40,6,80,27.9,6.3
101.60939593900002,3.0808161339999742,31/12/2025,E11. SRI PJS 8 MENTARI COURT,SELANGOR,34,6,80,27.9,6.3
101.60939593900002,3.0808161339999742,31/12/2025,E11. SRI PJS 8 MENTARI COURT,SELANGOR,37,6,80,27.9,6.3
101.60939593900002,3.0808161339999742,31/12/2025,E11. SRI PJS 8 MENTARI COURT,SELANGOR,38,6,80,27.9,6.3
101.628348701,3.0835091150000267,31/12/2025,"E12. TM PJS 2C FLAT DESA MENTARI (BLOK 9 , 10)",SELANGOR,36,5,80,27.9,6.3
101.628348701,3.0835091150000267,31/12/2025,"E12. TM PJS 2C FLAT DESA MENTARI (BLOK 9 , 10)",SELANGOR,35,4,80,27.9,6.3
101.628348701,3.0835091150000267,31/12/2025,"E12. TM PJS 2C FLAT DESA MENTARI (BLOK 9 , 10)",SELANGOR,40,5,80,27.9,6.3
101.628348701,3.0835091150000267,31/12/2025,"E12. TM PJS 2C FLAT DESA MENTARI (BLOK 9 , 10)",SELANGOR,34,4,80,27.9,6.3
101.628348701,3.0835091150000267,31/12/2025,"E12. TM PJS 2C FLAT DESA MENTARI (BLOK 9 , 10)",SELANGOR,37,5,80,27.9,6.3
101.628348701,3.0835091150000267,31/12/2025,"E12. TM PJS 2C FLAT DESA MENTARI (BLOK 9 , 10)",SELANGOR,38,5,80,27.9,6.3
118.06537060100004,5.865935443000012,31/12/2025,TAMAN TYNG BT.5,SABAH,37,16,88,26.7,21.8
118.06537060100004,5.865935443000012,31/12/2025,TAMAN TYNG BT.5,SABAH,36,16,88,26.7,21.8
118.06537060100004,5.865935443000012,31/12/2025,TAMAN TYNG BT.5,SABAH,41,16,88,26.7,21.8
118.06537060100004,5.865935443000012,31/12/2025,TAMAN TYNG BT.5,SABAH,35,16,88,26.7,21.8
118.06537060100004,5.865935443000012,31/12/2025,TAMAN TYNG BT.5,SABAH,38,16,88,26.7,21.8
118.06537060100004,5.865935443000012,31/12/2025,TAMAN TYNG BT.5,SABAH,39,16,88,26.7,21.8
118.07731076899995,5.861684525999976,31/12/2025,TAMAN MESRA,SABAH,31,9,88,26.8,21.8
118.07731076899995,5.861684525999976,31/12/2025,TAMAN MESRA,SABAH,35,9,88,26.8,21.8
118.07731076899995,5.861684525999976,31/12/2025,TAMAN MESRA,SABAH,32,9,88,26.8,21.8
118.07731076899995,5.861684525999976,31/12/2025,TAMAN MESRA,SABAH,33,9,88,26.8,21.8
116.09166350999999,5.952981767999972,31/12/2025,TAMAN FU YEN PH.3,SABAH,33,5,85,27.3,9.6
116.09166350999999,5.952981767999972,31/12/2025,TAMAN FU YEN PH.3,SABAH,31,5,85,27.3,9.6
116.134069673,6.018204632999982,31/12/2025,KG.WARISAN PH 2,SABAH,32,21,85,27.3,9.6
101.646089002,3.1780625819999955,31/12/2025,BOUGAINVILLA APARTMENT,WILAYAH PERSEKUTUAN,59,22,80,27.4,6.3
101.646089002,3.1780625819999955,31/12/2025,BOUGAINVILLA APARTMENT,WILAYAH PERSEKUTUAN,63,22,80,27.4,6.3
101.646089002,3.1780625819999955,31/12/2025,BOUGAINVILLA APARTMENT,WILAYAH PERSEKUTUAN,58,22,80,27.4,6.3
101.646089002,3.1780625819999955,31/12/2025,BOUGAINVILLA APARTMENT,WILAYAH PERSEKUTUAN,57,22,80,27.4,6.3
101.646089002,3.1780625819999955,31/12/2025,BOUGAINVILLA APARTMENT,WILAYAH PERSEKUTUAN,60,22,80,27.4,6.3
101.646089002,3.1780625819999955,31/12/2025,BOUGAINVILLA APARTMENT,WILAYAH PERSEKUTUAN,61,22,80,27.4,6.3
101.654183305,3.047584969000013,31/12/2025,"PPR PINGGIRAN 1 (BLOK A,B,C,D,E,F)",WILAYAH PERSEKUTUAN,34,11,83,27.3,8.8
101.654183305,3.047584969000013,31/12/2025,"PPR PINGGIRAN 1 (BLOK A,B,C,D,E,F)",WILAYAH PERSEKUTUAN,31,11,83,27.3,8.8
101.654183305,3.047584969000013,31/12/2025,"PPR PINGGIRAN 1 (BLOK A,B,C,D,E,F)",WILAYAH PERSEKUTUAN,32,11,83,27.3,8.8
116.044597619,5.896894664000001,31/12/2025,KG. PASIR PUTIH,SABAH,41,13,84,27.7,26.3
116.044597619,5.896894664000001,31/12/2025,KG. PASIR PUTIH,SABAH,45,13,84,27.7,26.3
116.044597619,5.896894664000001,31/12/2025,KG. PASIR PUTIH,SABAH,40,13,84,27.7,26.3
116.044597619,5.896894664000001,31/12/2025,KG. PASIR PUTIH,SABAH,39,13,84,27.7,26.3
116.044597619,5.896894664000001,31/12/2025,KG. PASIR PUTIH,SABAH,42,13,84,27.7,26.3
116.044597619,5.896894664000001,31/12/2025,KG. PASIR PUTIH,SABAH,43,13,84,27.7,26.3
101.87197875999999,2.895598650000011,31/12/2025,TAMAN SEMENYIH PARKLANDS,SELANGOR,33,23,85,26.8,12.5
101.87197875999999,2.895598650000011,31/12/2025,TAMAN SEMENYIH PARKLANDS,SELANGOR,31,23,85,26.8,12.5
101.662932237,2.7973246199999835,31/12/2025,PANGSAPURI LANGAT UTAMA,SELANGOR,43,43,84,27.2,7.8
101.662932237,2.7973246199999835,31/12/2025,PANGSAPURI LANGAT UTAMA,SELANGOR,47,43,84,27.2,7.8
101.662932237,2.7973246199999835,31/12/2025,PANGSAPURI LANGAT UTAMA,SELANGOR,42,43,84,27.2,7.8
101.662932237,2.7973246199999835,31/12/2025,PANGSAPURI LANGAT UTAMA,SELANGOR,41,43,84,27.2,7.8
101.662932237,2.7973246199999835,31/12/2025,PANGSAPURI LANGAT UTAMA,SELANGOR,44,43,84,27.2,7.8
101.662932237,2.7973246199999835,31/12/2025,PANGSAPURI LANGAT UTAMA,SELANGOR,45,43,84,27.2,7.8
101.60213905400002,3.1926946940000107,31/12/2025,"E6. BL PJU 9 SD 13 APT SRI MERANTI (2) [H,J,K,L,M,N,P,Q,R]",SELANGOR,37,14,85,28.0,8.6
101.60213905400002,3.1926946940000107,31/12/2025,"E6. BL PJU 9 SD 13 APT SRI MERANTI (2) [H,J,K,L,M,N,P,Q,R]",SELANGOR,36,14,85,28.0,8.6
101.60213905400002,3.1926946940000107,31/12/2025,"E6. BL PJU 9 SD 13 APT SRI MERANTI (2) [H,J,K,L,M,N,P,Q,R]",SELANGOR,41,15,85,28.0,8.6
101.60213905400002,3.1926946940000107,31/12/2025,"E6. BL PJU 9 SD 13 APT SRI MERANTI (2) [H,J,K,L,M,N,P,Q,R]",SELANGOR,35,13,85,28.0,8.6
101.60213905400002,3.1926946940000107,31/12/2025,"E6. BL PJU 9 SD 13 APT SRI MERANTI (2) [H,J,K,L,M,N,P,Q,R]",SELANGOR,38,14,85,28.0,8.6
101.60213905400002,3.1926946940000107,31/12/2025,"E6. BL PJU 9 SD 13 APT SRI MERANTI (2) [H,J,K,L,M,N,P,Q,R]",SELANGOR,39,15,85,28.0,8.6
101.61892700200002,3.079881549999982,31/12/2025,"E11. SRI PJS 6 FLAT DESA MENTARI 1 (BLOK 1 , 2 , 3)",SELANGOR,35,6,80,27.9,6.3
101.61892700200002,3.079881549999982,31/12/2025,"E11. SRI PJS 6 FLAT DESA MENTARI 1 (BLOK 1 , 2 , 3)",SELANGOR,34,6,80,27.9,6.3
101.61892700200002,3.079881549999982,31/12/2025,"E11. SRI PJS 6 FLAT DESA MENTARI 1 (BLOK 1 , 2 , 3)",SELANGOR,39,7,80,27.9,6.3
101.61892700200002,3.079881549999982,31/12/2025,"E11. SRI PJS 6 FLAT DESA MENTARI 1 (BLOK 1 , 2 , 3)",SELANGOR,33,6,80,27.9,6.3
101.61892700200002,3.079881549999982,31/12/2025,"E11. SRI PJS 6 FLAT DESA MENTARI 1 (BLOK 1 , 2 , 3)",SELANGOR,36,6,80,27.9,6.3
101.61892700200002,3.079881549999982,31/12/2025,"E11. SRI PJS 6 FLAT DESA MENTARI 1 (BLOK 1 , 2 , 3)",SELANGOR,37,6,80,27.9,6.3
101.64749145500002,3.0778750189999755,31/12/2025,E12. TM PJS 1 PARK AVENUE KONDO,SELANGOR,33,4,80,27.9,6.3
101.64749145500002,3.0778750189999755,31/12/2025,E12. TM PJS 1 PARK AVENUE KONDO,SELANGOR,31,4,80,27.9,6.3
101.60399246200001,3.077885985000023,31/12/2025,"E11. SRI PJS 10 (TERES 3) [JLN PJS 10/7C , 10/9A , 10/11A - 10/11D]",SELANGOR,48,12,80,27.9,6.3
101.60399246200001,3.077885985000023,31/12/2025,"E11. SRI PJS 10 (TERES 3) [JLN PJS 10/7C , 10/9A , 10/11A - 10/11D]",SELANGOR,52,13,80,27.9,6.3
101.60399246200001,3.077885985000023,31/12/2025,"E11. SRI PJS 10 (TERES 3) [JLN PJS 10/7C , 10/9A , 10/11A - 10/11D]",SELANGOR,47,12,80,27.9,6.3
101.60399246200001,3.077885985000023,31/12/2025,"E11. SRI PJS 10 (TERES 3) [JLN PJS 10/7C , 10/9A , 10/11A - 10/11D]",SELANGOR,46,11,80,27.9,6.3
101.60399246200001,3.077885985000023,31/12/2025,"E11. SRI PJS 10 (TERES 3) [JLN PJS 10/7C , 10/9A , 10/11A - 10/11D]",SELANGOR,49,12,80,27.9,6.3
101.60399246200001,3.077885985000023,31/12/2025,"E11. SRI PJS 10 (TERES 3) [JLN PJS 10/7C , 10/9A , 10/11A - 10/11D]",SELANGOR,50,12,80,27.9,6.3
101.57530593799999,3.1756490480000252,31/12/2025,"E7. KD PJU 5 SEK 8 GUGUSAN KEMUNING (A,B) PPRT",SELANGOR,37,6,80,27.6,6.3
101.57530593799999,3.1756490480000252,31/12/2025,"E7. KD PJU 5 SEK 8 GUGUSAN KEMUNING (A,B) PPRT",SELANGOR,41,8,80,27.6,6.3
101.57530593799999,3.1756490480000252,31/12/2025,"E7. KD PJU 5 SEK 8 GUGUSAN KEMUNING (A,B) PPRT",SELANGOR,36,6,80,27.6,6.3
101.57530593799999,3.1756490480000252,31/12/2025,"E7. KD PJU 5 SEK 8 GUGUSAN KEMUNING (A,B) PPRT",SELANGOR,35,6,80,27.6,6.3
101.57530593799999,3.1756490480000252,31/12/2025,"E7. KD PJU 5 SEK 8 GUGUSAN KEMUNING (A,B) PPRT",SELANGOR,38,7,80,27.6,6.3
101.57530593799999,3.1756490480000252,31/12/2025,"E7. KD PJU 5 SEK 8 GUGUSAN KEMUNING (A,B) PPRT",SELANGOR,39,7,80,27.6,6.3
101.712787628,3.025972963000015,31/12/2025,E17. TMN MUHIBBAH SRI KEMBANGAN,SELANGOR,64,9,84,27.4,11.6
101.712787628,3.025972963000015,31/12/2025,E17. TMN MUHIBBAH SRI KEMBANGAN,SELANGOR,63,9,84,27.4,11.6
101.712787628,3.025972963000015,31/12/2025,E17. TMN MUHIBBAH SRI KEMBANGAN,SELANGOR,62,9,84,27.4,11.6
101.60240391100001,3.1945028229999934,31/12/2025,"E6. BL PJU 9 SD 13 APT SRI MERANTI (1) [A,B,C,D,E,F,G]",SELANGOR,50,20,85,28.1,8.6
101.60240391100001,3.1945028229999934,31/12/2025,"E6. BL PJU 9 SD 13 APT SRI MERANTI (1) [A,B,C,D,E,F,G]",SELANGOR,54,22,85,28.1,8.6
101.60240391100001,3.1945028229999934,31/12/2025,"E6. BL PJU 9 SD 13 APT SRI MERANTI (1) [A,B,C,D,E,F,G]",SELANGOR,49,20,85,28.1,8.6
101.60240391100001,3.1945028229999934,31/12/2025,"E6. BL PJU 9 SD 13 APT SRI MERANTI (1) [A,B,C,D,E,F,G]",SELANGOR,48,20,85,28.1,8.6
101.60240391100001,3.1945028229999934,31/12/2025,"E6. BL PJU 9 SD 13 APT SRI MERANTI (1) [A,B,C,D,E,F,G]",SELANGOR,51,20,85,28.1,8.6
101.60240391100001,3.1945028229999934,31/12/2025,"E6. BL PJU 9 SD 13 APT SRI MERANTI (1) [A,B,C,D,E,F,G]",SELANGOR,52,20,85,28.1,8.6
101.65486526500001,3.049239875000012,31/12/2025,"PPR PINGGIRAN 2(BLOK G,H,J,K,L,M)",WILAYAH PERSEKUTUAN,39,13,83,27.3,8.8
101.65486526500001,3.049239875000012,31/12/2025,"PPR PINGGIRAN 2(BLOK G,H,J,K,L,M)",WILAYAH PERSEKUTUAN,43,16,83,27.3,8.8
101.65486526500001,3.049239875000012,31/12/2025,"PPR PINGGIRAN 2(BLOK G,H,J,K,L,M)",WILAYAH PERSEKUTUAN,38,13,83,27.3,8.8
101.65486526500001,3.049239875000012,31/12/2025,"PPR PINGGIRAN 2(BLOK G,H,J,K,L,M)",WILAYAH PERSEKUTUAN,37,13,83,27.3,8.8
101.65486526500001,3.049239875000012,31/12/2025,"PPR PINGGIRAN 2(BLOK G,H,J,K,L,M)",WILAYAH PERSEKUTUAN,40,14,83,27.3,8.8
101.65486526500001,3.049239875000012,31/12/2025,"PPR PINGGIRAN 2(BLOK G,H,J,K,L,M)",WILAYAH PERSEKUTUAN,41,15,83,27.3,8.8
101.61672701499998,3.067438256999992,31/12/2025,"E13. PJS 7/15 (FLAT KOS RENDAH) BLOK A, B, C, D, E, F, G, H, K",SELANGOR,51,11,80,27.9,6.3
101.61672701499998,3.067438256999992,31/12/2025,"E13. PJS 7/15 (FLAT KOS RENDAH) BLOK A, B, C, D, E, F, G, H, K",SELANGOR,50,11,80,27.9,6.3
101.61672701499998,3.067438256999992,31/12/2025,"E13. PJS 7/15 (FLAT KOS RENDAH) BLOK A, B, C, D, E, F, G, H, K",SELANGOR,49,11,80,27.9,6.3
101.61672701499998,3.067438256999992,31/12/2025,"E13. PJS 7/15 (FLAT KOS RENDAH) BLOK A, B, C, D, E, F, G, H, K",SELANGOR,52,11,80,27.9,6.3
101.61672701499998,3.067438256999992,31/12/2025,"E13. PJS 7/15 (FLAT KOS RENDAH) BLOK A, B, C, D, E, F, G, H, K",SELANGOR,53,11,80,27.9,6.3
101.66363211800001,2.798225240000022,31/12/2025,TAMAN LANGAT UTAMA (KEJORA),SELANGOR,34,8,84,27.2,7.8
101.66363211800001,2.798225240000022,31/12/2025,TAMAN LANGAT UTAMA (KEJORA),SELANGOR,33,8,84,27.2,7.8
101.66363211800001,2.798225240000022,31/12/2025,TAMAN LANGAT UTAMA (KEJORA),SELANGOR,38,9,84,27.2,7.8
101.66363211800001,2.798225240000022,31/12/2025,TAMAN LANGAT UTAMA (KEJORA),SELANGOR,32,8,84,27.2,7.8
101.66363211800001,2.798225240000022,31/12/2025,TAMAN LANGAT UTAMA (KEJORA),SELANGOR,35,9,84,27.2,7.8
101.66363211800001,2.798225240000022,31/12/2025,TAMAN LANGAT UTAMA (KEJORA),SELANGOR,36,9,84,27.2,7.8
101.39954757700002,3.03254997800002,31/12/2025,KAMPUNG DELEK BARU 08,SELANGOR,31,8,84,27.3,13.0
101.39954757700002,3.03254997800002,31/12/2025,KAMPUNG DELEK BARU 08,SELANGOR,35,8,84,27.3,13.0
101.39954757700002,3.03254997800002,31/12/2025,KAMPUNG DELEK BARU 08,SELANGOR,32,8,84,27.3,13.0
101.39954757700002,3.03254997800002,31/12/2025,KAMPUNG DELEK BARU 08,SELANGOR,33,8,84,27.3,13.0
101.57404113500002,3.1725872979999963,31/12/2025,E7. KD PJU 5 SEK 7 APT LILY,SELANGOR,42,8,80,27.6,6.3
101.57404113500002,3.1725872979999963,31/12/2025,E7. KD PJU 5 SEK 7 APT LILY,SELANGOR,46,8,80,27.6,6.3
101.57404113500002,3.1725872979999963,31/12/2025,E7. KD PJU 5 SEK 7 APT LILY,SELANGOR,41,8,80,27.6,6.3
101.57404113500002,3.1725872979999963,31/12/2025,E7. KD PJU 5 SEK 7 APT LILY,SELANGOR,40,8,80,27.6,6.3
101.57404113500002,3.1725872979999963,31/12/2025,E7. KD PJU 5 SEK 7 APT LILY,SELANGOR,43,8,80,27.6,6.3
101.57404113500002,3.1725872979999963,31/12/2025,E7. KD PJU 5 SEK 7 APT LILY,SELANGOR,44,8,80,27.6,6.3
101.67660430299998,3.2718447459999993,31/12/2025,FLAT SELAYANG MULIA,SELANGOR,33,7,85,27.6,8.6
101.67660430299998,3.2718447459999993,31/12/2025,FLAT SELAYANG MULIA,SELANGOR,32,7,85,27.6,8.6
101.67660430299998,3.2718447459999993,31/12/2025,FLAT SELAYANG MULIA,SELANGOR,37,7,85,27.6,8.6
101.67660430299998,3.2718447459999993,31/12/2025,FLAT SELAYANG MULIA,SELANGOR,31,7,85,27.6,8.6
101.67660430299998,3.2718447459999993,31/12/2025,FLAT SELAYANG MULIA,SELANGOR,34,7,85,27.6,8.6
101.67660430299998,3.2718447459999993,31/12/2025,FLAT SELAYANG MULIA,SELANGOR,35,7,85,27.6,8.6
101.57724761999998,3.1775128849999987,31/12/2025,"E7. KD PJU 5 SEK 8 GUGUSAN KESUMBAR (C,D) PPRT",SELANGOR,31,7,80,27.7,6.3
101.57724761999998,3.1775128849999987,31/12/2025,"E7. KD PJU 5 SEK 8 GUGUSAN KESUMBAR (C,D) PPRT",SELANGOR,35,7,80,27.7,6.3
101.57724761999998,3.1775128849999987,31/12/2025,"E7. KD PJU 5 SEK 8 GUGUSAN KESUMBAR (C,D) PPRT",SELANGOR,32,7,80,27.7,6.3
101.57724761999998,3.1775128849999987,31/12/2025,"E7. KD PJU 5 SEK 8 GUGUSAN KESUMBAR (C,D) PPRT",SELANGOR,33,7,80,27.7,6.3
101.60886383000002,2.883585929999981,31/12/2025,"PALMA SANDS, GAMUDA COVE",SELANGOR,51,8,85,27.1,5.7
101.61195755,2.894012571000019,31/12/2025,MAYABAY RESIDENCES,SELANGOR,31,8,85,27.1,5.7
101.72534089300001,3.166078734999985,31/12/2025,"KG. DATO KERAMAT ( LORONG KERAMAT 1,2,3)",WILAYAH PERSEKUTUAN,37,6,80,28.0,6.3
101.72534089300001,3.166078734999985,31/12/2025,"KG. DATO KERAMAT ( LORONG KERAMAT 1,2,3)",WILAYAH PERSEKUTUAN,36,6,80,28.0,6.3
110.36675289499999,1.5496464619999983,31/12/2025,JALAN TAN SRI DATUK WILLIAM TAN,SARAWAK,37,15,89,25.6,1.6
110.36675289499999,1.5496464619999983,31/12/2025,JALAN TAN SRI DATUK WILLIAM TAN,SARAWAK,36,15,89,25.6,1.6
110.36675289499999,1.5496464619999983,31/12/2025,JALAN TAN SRI DATUK WILLIAM TAN,SARAWAK,41,15,89,25.6,1.6
110.36675289499999,1.5496464619999983,31/12/2025,JALAN TAN SRI DATUK WILLIAM TAN,SARAWAK,35,15,89,25.6,1.6
110.36675289499999,1.5496464619999983,31/12/2025,JALAN TAN SRI DATUK WILLIAM TAN,SARAWAK,38,15,89,25.6,1.6
110.36675289499999,1.5496464619999983,31/12/2025,JALAN TAN SRI DATUK WILLIAM TAN,SARAWAK,39,15,89,25.6,1.6
100.30830893299998,5.340919699999972,02/01/2026,PUTRA PLACE CONDOMINIUM,PULAU PINANG,54,27,72,29.0,2.3
101.67117360600002,3.2672755080000115,02/01/2026,BDR BARU SELAYANG FASA 2B (ZON B),SELANGOR,37,10,91,26.5,25.2
116.13677612900005,6.038449952000008,02/01/2026,KG. CONTOH SUANG PARAI,SABAH,36,12,85,27.2,14.5
101.628348701,3.0835091150000267,02/01/2026,"E12. TM PJS 2C FLAT DESA MENTARI (BLOK 9 , 10)",SELANGOR,43,6,86,26.6,57.3
118.06537060100004,5.865935443000012,02/01/2026,TAMAN TYNG BT.5,SABAH,44,16,87,26.9,21.3
118.07731076899995,5.861684525999976,02/01/2026,TAMAN MESRA,SABAH,38,9,87,27.0,21.3
116.134069673,6.018204632999982,02/01/2026,KG.WARISAN PH 2,SABAH,35,25,85,27.2,14.5
116.13576592499999,6.017628022999986,02/01/2026,TAMAN PURI WARISAN,SABAH,33,25,85,27.2,14.5
101.646089002,3.1780625819999955,02/01/2026,BOUGAINVILLA APARTMENT,WILAYAH PERSEKUTUAN,66,22,86,26.0,57.3
101.654183305,3.047584969000013,02/01/2026,"PPR PINGGIRAN 1 (BLOK A,B,C,D,E,F)",WILAYAH PERSEKUTUAN,37,11,88,26.0,47.6
116.044597619,5.896894664000001,02/01/2026,KG. PASIR PUTIH,SABAH,48,13,86,27.3,39.0
101.71248752899999,3.206255495999983,02/01/2026,TAMAN SETAPAK (JLN SATANG 1),WILAYAH PERSEKUTUAN,31,8,86,26.5,57.3
101.87197875999999,2.895598650000011,02/01/2026,TAMAN SEMENYIH PARKLANDS,SELANGOR,36,27,89,25.5,32.9
101.493268392,2.885318534000021,02/01/2026,TAMAN RAMBAI INDAH,SELANGOR,32,21,88,26.0,36.6
101.662932237,2.7973246199999835,02/01/2026,PANGSAPURI LANGAT UTAMA,SELANGOR,50,45,87,26.2,35.4
101.60213905400002,3.1926946940000107,02/01/2026,"E6. BL PJU 9 SD 13 APT SRI MERANTI (2) [H,J,K,L,M,N,P,Q,R]",SELANGOR,44,16,91,26.7,25.2
101.61892700200002,3.079881549999982,02/01/2026,"E11. SRI PJS 6 FLAT DESA MENTARI 1 (BLOK 1 , 2 , 3)",SELANGOR,42,12,86,26.6,57.3
101.60399246200001,3.077885985000023,02/01/2026,"E11. SRI PJS 10 (TERES 3) [JLN PJS 10/7C , 10/9A , 10/11A - 10/11D]",SELANGOR,55,14,86,26.6,57.3
101.57530593799999,3.1756490480000252,02/01/2026,"E7. KD PJU 5 SEK 8 GUGUSAN KEMUNING (A,B) PPRT",SELANGOR,44,9,86,26.3,57.3
101.60240391100001,3.1945028229999934,02/01/2026,"E6. BL PJU 9 SD 13 APT SRI MERANTI (1) [A,B,C,D,E,F,G]",SELANGOR,57,23,91,26.8,25.2
101.65486526500001,3.049239875000012,02/01/2026,"PPR PINGGIRAN 2(BLOK G,H,J,K,L,M)",WILAYAH PERSEKUTUAN,46,16,88,26.1,47.6
101.66363211800001,2.798225240000022,02/01/2026,TAMAN LANGAT UTAMA (KEJORA),SELANGOR,41,9,87,26.2,35.4
101.57404113500002,3.1725872979999963,02/01/2026,E7. KD PJU 5 SEK 7 APT LILY,SELANGOR,49,8,86,26.3,57.3
101.62844085699999,3.0777045500000213,02/01/2026,"E12. TM PJS 2D TMN MEDAN (TERES 2) [JLN PJS 2D/2,4,5,6,7,8,8C,8D,9,10,11,12,14]",SELANGOR,33,8,86,26.6,57.3
101.67660430299998,3.2718447459999993,02/01/2026,FLAT SELAYANG MULIA,SELANGOR,40,8,91,26.3,25.2
110.36675289499999,1.5496464619999983,02/01/2026,JALAN TAN SRI DATUK WILLIAM TAN,SARAWAK,44,15,91,24.9,4.4
100.30830893299998,5.340919699999972,03/01/2026,PUTRA PLACE CONDOMINIUM,PULAU PINANG,55,27,73,28.0,4.8
100.30830893299998,5.340919699999972,03/01/2026,PUTRA PLACE CONDOMINIUM,PULAU PINANG,54,27,73,28.0,4.8
101.67117360600002,3.2672755080000115,03/01/2026,BDR BARU SELAYANG FASA 2B (ZON B),SELANGOR,38,10,84,27.0,1.5
101.67117360600002,3.2672755080000115,03/01/2026,BDR BARU SELAYANG FASA 2B (ZON B),SELANGOR,37,10,84,27.0,1.5
101.14848615800003,4.630176603999985,03/01/2026,KG TERSUSUN BT 6,PERAK,31,6,89,26.4,55.9
116.13677612900005,6.038449952000008,03/01/2026,KG. CONTOH SUANG PARAI,SABAH,37,14,86,27.2,17.8
116.13677612900005,6.038449952000008,03/01/2026,KG. CONTOH SUANG PARAI,SABAH,36,12,86,27.2,17.8
101.628348701,3.0835091150000267,03/01/2026,"E12. TM PJS 2C FLAT DESA MENTARI (BLOK 9 , 10)",SELANGOR,44,6,80,26.7,2.6
101.628348701,3.0835091150000267,03/01/2026,"E12. TM PJS 2C FLAT DESA MENTARI (BLOK 9 , 10)",SELANGOR,43,6,80,26.7,2.6
101.63196433500002,3.0798106380000263,03/01/2026,E12. TM PJS 2C APT MEDAN JAYA (BLOK I),SELANGOR,31,7,80,26.7,2.6
118.06537060100004,5.865935443000012,03/01/2026,TAMAN TYNG BT.5,SABAH,44,16,87,27.1,25.8
118.07731076899995,5.861684525999976,03/01/2026,TAMAN MESRA,SABAH,39,9,87,27.2,25.8
118.07731076899995,5.861684525999976,03/01/2026,TAMAN MESRA,SABAH,38,9,87,27.2,25.8
116.134069673,6.018204632999982,03/01/2026,KG.WARISAN PH 2,SABAH,36,27,86,27.2,17.8
116.134069673,6.018204632999982,03/01/2026,KG.WARISAN PH 2,SABAH,35,25,86,27.2,17.8
116.13576592499999,6.017628022999986,03/01/2026,TAMAN PURI WARISAN,SABAH,34,25,86,27.2,17.8
116.13576592499999,6.017628022999986,03/01/2026,TAMAN PURI WARISAN,SABAH,33,25,86,27.2,17.8
101.646089002,3.1780625819999955,03/01/2026,BOUGAINVILLA APARTMENT,WILAYAH PERSEKUTUAN,67,22,80,26.2,2.6
101.646089002,3.1780625819999955,03/01/2026,BOUGAINVILLA APARTMENT,WILAYAH PERSEKUTUAN,66,22,80,26.2,2.6
101.654183305,3.047584969000013,03/01/2026,"PPR PINGGIRAN 1 (BLOK A,B,C,D,E,F)",WILAYAH PERSEKUTUAN,38,11,83,26.0,5.7
101.654183305,3.047584969000013,03/01/2026,"PPR PINGGIRAN 1 (BLOK A,B,C,D,E,F)",WILAYAH PERSEKUTUAN,37,11,83,26.0,5.7
116.044597619,5.896894664000001,03/01/2026,KG. PASIR PUTIH,SABAH,49,13,84,27.7,37.6
116.044597619,5.896894664000001,03/01/2026,KG. PASIR PUTIH,SABAH,48,13,84,27.7,37.6
101.71248752899999,3.206255495999983,03/01/2026,TAMAN SETAPAK (JLN SATANG 1),WILAYAH PERSEKUTUAN,32,8,80,26.7,2.6
101.71248752899999,3.206255495999983,03/01/2026,TAMAN SETAPAK (JLN SATANG 1),WILAYAH PERSEKUTUAN,31,8,80,26.7,2.6
101.87197875999999,2.895598650000011,03/01/2026,TAMAN SEMENYIH PARKLANDS,SELANGOR,37,27,82,25.9,1.9
101.87197875999999,2.895598650000011,03/01/2026,TAMAN SEMENYIH PARKLANDS,SELANGOR,36,27,82,25.9,1.9
101.493268392,2.885318534000021,03/01/2026,TAMAN RAMBAI INDAH,SELANGOR,33,21,83,26.5,11.7
101.493268392,2.885318534000021,03/01/2026,TAMAN RAMBAI INDAH,SELANGOR,32,21,83,26.5,11.7
101.662932237,2.7973246199999835,03/01/2026,PANGSAPURI LANGAT UTAMA,SELANGOR,51,45,81,26.8,13.8
101.662932237,2.7973246199999835,03/01/2026,PANGSAPURI LANGAT UTAMA,SELANGOR,50,45,81,26.8,13.8
101.60213905400002,3.1926946940000107,03/01/2026,"E6. BL PJU 9 SD 13 APT SRI MERANTI (2) [H,J,K,L,M,N,P,Q,R]",SELANGOR,45,16,84,27.1,1.5
101.60213905400002,3.1926946940000107,03/01/2026,"E6. BL PJU 9 SD 13 APT SRI MERANTI (2) [H,J,K,L,M,N,P,Q,R]",SELANGOR,44,16,84,27.1,1.5
101.61892700200002,3.079881549999982,03/01/2026,"E11. SRI PJS 6 FLAT DESA MENTARI 1 (BLOK 1 , 2 , 3)",SELANGOR,43,12,80,26.7,2.6
101.61892700200002,3.079881549999982,03/01/2026,"E11. SRI PJS 6 FLAT DESA MENTARI 1 (BLOK 1 , 2 , 3)",SELANGOR,42,12,80,26.7,2.6
101.64749145500002,3.0778750189999755,03/01/2026,E12. TM PJS 1 PARK AVENUE KONDO,SELANGOR,37,5,80,26.7,2.6
101.60399246200001,3.077885985000023,03/01/2026,"E11. SRI PJS 10 (TERES 3) [JLN PJS 10/7C , 10/9A , 10/11A - 10/11D]",SELANGOR,56,14,80,26.7,2.6
101.60399246200001,3.077885985000023,03/01/2026,"E11. SRI PJS 10 (TERES 3) [JLN PJS 10/7C , 10/9A , 10/11A - 10/11D]",SELANGOR,55,14,80,26.7,2.6
101.57530593799999,3.1756490480000252,03/01/2026,"E7. KD PJU 5 SEK 8 GUGUSAN KEMUNING (A,B) PPRT",SELANGOR,45,10,80,26.4,2.6
101.57530593799999,3.1756490480000252,03/01/2026,"E7. KD PJU 5 SEK 8 GUGUSAN KEMUNING (A,B) PPRT",SELANGOR,44,9,80,26.4,2.6
101.60240391100001,3.1945028229999934,03/01/2026,"E6. BL PJU 9 SD 13 APT SRI MERANTI (1) [A,B,C,D,E,F,G]",SELANGOR,58,23,84,27.2,1.5
101.60240391100001,3.1945028229999934,03/01/2026,"E6. BL PJU 9 SD 13 APT SRI MERANTI (1) [A,B,C,D,E,F,G]",SELANGOR,57,23,84,27.2,1.5
101.65486526500001,3.049239875000012,03/01/2026,"PPR PINGGIRAN 2(BLOK G,H,J,K,L,M)",WILAYAH PERSEKUTUAN,47,16,83,26.1,5.7
101.65486526500001,3.049239875000012,03/01/2026,"PPR PINGGIRAN 2(BLOK G,H,J,K,L,M)",WILAYAH PERSEKUTUAN,46,16,83,26.1,5.7
101.66363211800001,2.798225240000022,03/01/2026,TAMAN LANGAT UTAMA (KEJORA),SELANGOR,42,9,81,26.8,13.8
101.66363211800001,2.798225240000022,03/01/2026,TAMAN LANGAT UTAMA (KEJORA),SELANGOR,41,9,81,26.8,13.8
101.57404113500002,3.1725872979999963,03/01/2026,E7. KD PJU 5 SEK 7 APT LILY,SELANGOR,50,8,80,26.4,2.6
101.57404113500002,3.1725872979999963,03/01/2026,E7. KD PJU 5 SEK 7 APT LILY,SELANGOR,49,8,80,26.4,2.6
101.62844085699999,3.0777045500000213,03/01/2026,"E12. TM PJS 2D TMN MEDAN (TERES 2) [JLN PJS 2D/2,4,5,6,7,8,8C,8D,9,10,11,12,14]",SELANGOR,34,8,80,26.7,2.6
101.62844085699999,3.0777045500000213,03/01/2026,"E12. TM PJS 2D TMN MEDAN (TERES 2) [JLN PJS 2D/2,4,5,6,7,8,8C,8D,9,10,11,12,14]",SELANGOR,33,8,80,26.7,2.6
101.67660430299998,3.2718447459999993,03/01/2026,FLAT SELAYANG MULIA,SELANGOR,41,8,84,26.7,1.5
101.67660430299998,3.2718447459999993,03/01/2026,FLAT SELAYANG MULIA,SELANGOR,40,8,84,26.7,1.5
110.36675289499999,1.5496464619999983,03/01/2026,JALAN TAN SRI DATUK WILLIAM TAN,SARAWAK,44,15,89,25.4,12.8
100.30830893299998,5.340919699999972,04/01/2026,PUTRA PLACE CONDOMINIUM,PULAU PINANG,55,27,70,28.5,1.7
100.30830893299998,5.340919699999972,04/01/2026,PUTRA PLACE CONDOMINIUM,PULAU PINANG,54,27,70,28.5,1.7
101.67117360600002,3.2672755080000115,04/01/2026,BDR BARU SELAYANG FASA 2B (ZON B),SELANGOR,38,10,72,28.0,0.0
101.67117360600002,3.2672755080000115,04/01/2026,BDR BARU SELAYANG FASA 2B (ZON B),SELANGOR,37,10,72,28.0,0.0
101.14848615800003,4.630176603999985,04/01/2026,KG TERSUSUN BT 6,PERAK,31,6,80,27.0,0.6
116.13677612900005,6.038449952000008,04/01/2026,KG. CONTOH SUANG PARAI,SABAH,37,14,88,26.8,23.4
116.13677612900005,6.038449952000008,04/01/2026,KG. CONTOH SUANG PARAI,SABAH,36,12,88,26.8,23.4
101.628348701,3.0835091150000267,04/01/2026,"E12. TM PJS 2C FLAT DESA MENTARI (BLOK 9 , 10)",SELANGOR,44,6,65,28.0,0.0
101.628348701,3.0835091150000267,04/01/2026,"E12. TM PJS 2C FLAT DESA MENTARI (BLOK 9 , 10)",SELANGOR,43,6,65,28.0,0.0
101.63196433500002,3.0798106380000263,04/01/2026,E12. TM PJS 2C APT MEDAN JAYA (BLOK I),SELANGOR,31,7,65,27.9,0.0
118.06537060100004,5.865935443000012,04/01/2026,TAMAN TYNG BT.5,SABAH,44,16,89,26.6,21.5
118.07731076899995,5.861684525999976,04/01/2026,TAMAN MESRA,SABAH,39,9,89,26.7,21.5
118.07731076899995,5.861684525999976,04/01/2026,TAMAN MESRA,SABAH,38,9,89,26.7,21.5
116.134069673,6.018204632999982,04/01/2026,KG.WARISAN PH 2,SABAH,36,27,88,26.8,23.4
116.134069673,6.018204632999982,04/01/2026,KG.WARISAN PH 2,SABAH,35,25,88,26.8,23.4
116.13576592499999,6.017628022999986,04/01/2026,TAMAN PURI WARISAN,SABAH,34,25,88,26.8,23.4
116.13576592499999,6.017628022999986,04/01/2026,TAMAN PURI WARISAN,SABAH,33,25,88,26.8,23.4
101.646089002,3.1780625819999955,04/01/2026,BOUGAINVILLA APARTMENT,WILAYAH PERSEKUTUAN,67,22,65,27.4,0.0
101.646089002,3.1780625819999955,04/01/2026,BOUGAINVILLA APARTMENT,WILAYAH PERSEKUTUAN,66,22,65,27.4,0.0
101.654183305,3.047584969000013,04/01/2026,"PPR PINGGIRAN 1 (BLOK A,B,C,D,E,F)",WILAYAH PERSEKUTUAN,38,11,69,27.0,0.0
101.654183305,3.047584969000013,04/01/2026,"PPR PINGGIRAN 1 (BLOK A,B,C,D,E,F)",WILAYAH PERSEKUTUAN,37,11,69,27.0,0.0
116.044597619,5.896894664000001,04/01/2026,KG. PASIR PUTIH,SABAH,49,13,84,27.6,28.1
116.044597619,5.896894664000001,04/01/2026,KG. PASIR PUTIH,SABAH,48,13,84,27.6,28.1
101.71248752899999,3.206255495999983,04/01/2026,TAMAN SETAPAK (JLN SATANG 1),WILAYAH PERSEKUTUAN,32,8,65,27.9,0.0
101.71248752899999,3.206255495999983,04/01/2026,TAMAN SETAPAK (JLN SATANG 1),WILAYAH PERSEKUTUAN,31,8,65,27.9,0.0
101.87197875999999,2.895598650000011,04/01/2026,TAMAN SEMENYIH PARKLANDS,SELANGOR,37,27,68,26.7,0.0
101.87197875999999,2.895598650000011,04/01/2026,TAMAN SEMENYIH PARKLANDS,SELANGOR,36,27,68,26.7,0.0
101.493268392,2.885318534000021,04/01/2026,TAMAN RAMBAI INDAH,SELANGOR,33,21,69,27.5,0.0
101.493268392,2.885318534000021,04/01/2026,TAMAN RAMBAI INDAH,SELANGOR,32,21,69,27.5,0.0
101.662932237,2.7973246199999835,04/01/2026,PANGSAPURI LANGAT UTAMA,SELANGOR,51,45,69,27.7,0.0
101.662932237,2.7973246199999835,04/01/2026,PANGSAPURI LANGAT UTAMA,SELANGOR,50,45,69,27.7,0.0
101.60213905400002,3.1926946940000107,04/01/2026,"E6. BL PJU 9 SD 13 APT SRI MERANTI (2) [H,J,K,L,M,N,P,Q,R]",SELANGOR,45,16,72,28.2,0.0
101.60213905400002,3.1926946940000107,04/01/2026,"E6. BL PJU 9 SD 13 APT SRI MERANTI (2) [H,J,K,L,M,N,P,Q,R]",SELANGOR,44,16,72,28.2,0.0
101.61892700200002,3.079881549999982,04/01/2026,"E11. SRI PJS 6 FLAT DESA MENTARI 1 (BLOK 1 , 2 , 3)",SELANGOR,43,12,65,28.0,0.0
101.61892700200002,3.079881549999982,04/01/2026,"E11. SRI PJS 6 FLAT DESA MENTARI 1 (BLOK 1 , 2 , 3)",SELANGOR,42,12,65,28.0,0.0
101.64749145500002,3.0778750189999755,04/01/2026,E12. TM PJS 1 PARK AVENUE KONDO,SELANGOR,37,5,65,27.9,0.0
101.60399246200001,3.077885985000023,04/01/2026,"E11. SRI PJS 10 (TERES 3) [JLN PJS 10/7C , 10/9A , 10/11A - 10/11D]",SELANGOR,56,14,65,28.0,0.0
101.60399246200001,3.077885985000023,04/01/2026,"E11. SRI PJS 10 (TERES 3) [JLN PJS 10/7C , 10/9A , 10/11A - 10/11D]",SELANGOR,55,14,65,28.0,0.0
101.57530593799999,3.1756490480000252,04/01/2026,"E7. KD PJU 5 SEK 8 GUGUSAN KEMUNING (A,B) PPRT",SELANGOR,45,10,65,27.7,0.0
101.57530593799999,3.1756490480000252,04/01/2026,"E7. KD PJU 5 SEK 8 GUGUSAN KEMUNING (A,B) PPRT",SELANGOR,44,9,65,27.7,0.0
101.60240391100001,3.1945028229999934,04/01/2026,"E6. BL PJU 9 SD 13 APT SRI MERANTI (1) [A,B,C,D,E,F,G]",SELANGOR,58,23,72,28.3,0.0
101.60240391100001,3.1945028229999934,04/01/2026,"E6. BL PJU 9 SD 13 APT SRI MERANTI (1) [A,B,C,D,E,F,G]",SELANGOR,57,23,72,28.3,0.0
101.65486526500001,3.049239875000012,04/01/2026,"PPR PINGGIRAN 2(BLOK G,H,J,K,L,M)",WILAYAH PERSEKUTUAN,47,16,69,27.1,0.0
101.65486526500001,3.049239875000012,04/01/2026,"PPR PINGGIRAN 2(BLOK G,H,J,K,L,M)",WILAYAH PERSEKUTUAN,46,16,69,27.1,0.0
101.66363211800001,2.798225240000022,04/01/2026,TAMAN LANGAT UTAMA (KEJORA),SELANGOR,42,9,69,27.7,0.0
101.66363211800001,2.798225240000022,04/01/2026,TAMAN LANGAT UTAMA (KEJORA),SELANGOR,41,9,69,27.7,0.0
101.57404113500002,3.1725872979999963,04/01/2026,E7. KD PJU 5 SEK 7 APT LILY,SELANGOR,50,8,65,27.7,0.0
101.57404113500002,3.1725872979999963,04/01/2026,E7. KD PJU 5 SEK 7 APT LILY,SELANGOR,49,8,65,27.7,0.0
101.62844085699999,3.0777045500000213,04/01/2026,"E12. TM PJS 2D TMN MEDAN (TERES 2) [JLN PJS 2D/2,4,5,6,7,8,8C,8D,9,10,11,12,14]",SELANGOR,34,8,65,28.0,0.0
101.62844085699999,3.0777045500000213,04/01/2026,"E12. TM PJS 2D TMN MEDAN (TERES 2) [JLN PJS 2D/2,4,5,6,7,8,8C,8D,9,10,11,12,14]",SELANGOR,33,8,65,28.0,0.0
101.67660430299998,3.2718447459999993,04/01/2026,FLAT SELAYANG MULIA,SELANGOR,41,8,72,27.8,0.0
101.67660430299998,3.2718447459999993,04/01/2026,FLAT SELAYANG MULIA,SELANGOR,40,8,72,27.8,0.0
110.36675289499999,1.5496464619999983,04/01/2026,JALAN TAN SRI DATUK WILLIAM TAN,SARAWAK,44,15,88,25.2,2.4
100.30830893299998,5.340919699999972,05/01/2026,PUTRA PLACE CONDOMINIUM,PULAU PINANG,57,27,65,28.9,0.0
100.30830893299998,5.340919699999972,05/01/2026,PUTRA PLACE CONDOMINIUM,PULAU PINANG,55,27,65,28.9,0.0
100.30830893299998,5.340919699999972,05/01/2026,PUTRA PLACE CONDOMINIUM,PULAU PINANG,56,27,65,28.9,0.0
100.30830893299998,5.340919699999972,05/01/2026,PUTRA PLACE CONDOMINIUM,PULAU PINANG,54,27,65,28.9,0.0
101.67117360600002,3.2672755080000115,05/01/2026,BDR BARU SELAYANG FASA 2B (ZON B),SELANGOR,40,10,71,28.0,0.0
101.67117360600002,3.2672755080000115,05/01/2026,BDR BARU SELAYANG FASA 2B (ZON B),SELANGOR,38,10,71,28.0,0.0
101.67117360600002,3.2672755080000115,05/01/2026,BDR BARU SELAYANG FASA 2B (ZON B),SELANGOR,39,10,71,28.0,0.0
101.67117360600002,3.2672755080000115,05/01/2026,BDR BARU SELAYANG FASA 2B (ZON B),SELANGOR,37,10,71,28.0,0.0
101.14848615800003,4.630176603999985,05/01/2026,KG TERSUSUN BT 6,PERAK,33,6,71,28.0,0.0
101.14848615800003,4.630176603999985,05/01/2026,KG TERSUSUN BT 6,PERAK,31,6,71,28.0,0.0
101.14848615800003,4.630176603999985,05/01/2026,KG TERSUSUN BT 6,PERAK,32,6,71,28.0,0.0
116.13677612900005,6.038449952000008,05/01/2026,KG. CONTOH SUANG PARAI,SABAH,39,14,82,27.5,12.3
116.13677612900005,6.038449952000008,05/01/2026,KG. CONTOH SUANG PARAI,SABAH,37,14,82,27.5,12.3
116.13677612900005,6.038449952000008,05/01/2026,KG. CONTOH SUANG PARAI,SABAH,38,14,82,27.5,12.3
116.13677612900005,6.038449952000008,05/01/2026,KG. CONTOH SUANG PARAI,SABAH,36,12,82,27.5,12.3
101.628348701,3.0835091150000267,05/01/2026,"E12. TM PJS 2C FLAT DESA MENTARI (BLOK 9 , 10)",SELANGOR,46,6,65,28.1,0.0
101.628348701,3.0835091150000267,05/01/2026,"E12. TM PJS 2C FLAT DESA MENTARI (BLOK 9 , 10)",SELANGOR,44,6,65,28.1,0.0
101.628348701,3.0835091150000267,05/01/2026,"E12. TM PJS 2C FLAT DESA MENTARI (BLOK 9 , 10)",SELANGOR,45,6,65,28.1,0.0
101.628348701,3.0835091150000267,05/01/2026,"E12. TM PJS 2C FLAT DESA MENTARI (BLOK 9 , 10)",SELANGOR,43,6,65,28.1,0.0
101.63196433500002,3.0798106380000263,05/01/2026,E12. TM PJS 2C APT MEDAN JAYA (BLOK I),SELANGOR,33,7,65,28.1,0.0
101.63196433500002,3.0798106380000263,05/01/2026,E12. TM PJS 2C APT MEDAN JAYA (BLOK I),SELANGOR,31,7,65,28.1,0.0
101.63196433500002,3.0798106380000263,05/01/2026,E12. TM PJS 2C APT MEDAN JAYA (BLOK I),SELANGOR,32,7,65,28.1,0.0
118.06537060100004,5.865935443000012,05/01/2026,TAMAN TYNG BT.5,SABAH,44,16,89,26.4,21.8
118.07731076899995,5.861684525999976,05/01/2026,TAMAN MESRA,SABAH,39,9,89,26.4,21.8
118.07731076899995,5.861684525999976,05/01/2026,TAMAN MESRA,SABAH,38,9,89,26.4,21.8
116.134069673,6.018204632999982,05/01/2026,KG.WARISAN PH 2,SABAH,38,29,82,27.5,12.3
116.134069673,6.018204632999982,05/01/2026,KG.WARISAN PH 2,SABAH,36,27,82,27.5,12.3
116.134069673,6.018204632999982,05/01/2026,KG.WARISAN PH 2,SABAH,37,28,82,27.5,12.3
116.134069673,6.018204632999982,05/01/2026,KG.WARISAN PH 2,SABAH,35,25,82,27.5,12.3
116.13576592499999,6.017628022999986,05/01/2026,TAMAN PURI WARISAN,SABAH,36,25,82,27.5,12.3
116.13576592499999,6.017628022999986,05/01/2026,TAMAN PURI WARISAN,SABAH,34,25,82,27.5,12.3
116.13576592499999,6.017628022999986,05/01/2026,TAMAN PURI WARISAN,SABAH,35,25,82,27.5,12.3
116.13576592499999,6.017628022999986,05/01/2026,TAMAN PURI WARISAN,SABAH,33,25,82,27.5,12.3
101.646089002,3.1780625819999955,05/01/2026,BOUGAINVILLA APARTMENT,WILAYAH PERSEKUTUAN,67,22,65,27.6,0.0
101.646089002,3.1780625819999955,05/01/2026,BOUGAINVILLA APARTMENT,WILAYAH PERSEKUTUAN,68,22,65,27.6,0.0
101.646089002,3.1780625819999955,05/01/2026,BOUGAINVILLA APARTMENT,WILAYAH PERSEKUTUAN,66,22,65,27.6,0.0
101.654183305,3.047584969000013,05/01/2026,"PPR PINGGIRAN 1 (BLOK A,B,C,D,E,F)",WILAYAH PERSEKUTUAN,40,11,68,27.3,0.0
101.654183305,3.047584969000013,05/01/2026,"PPR PINGGIRAN 1 (BLOK A,B,C,D,E,F)",WILAYAH PERSEKUTUAN,38,11,68,27.3,0.0
101.654183305,3.047584969000013,05/01/2026,"PPR PINGGIRAN 1 (BLOK A,B,C,D,E,F)",WILAYAH PERSEKUTUAN,39,11,68,27.3,0.0
101.654183305,3.047584969000013,05/01/2026,"PPR PINGGIRAN 1 (BLOK A,B,C,D,E,F)",WILAYAH PERSEKUTUAN,37,11,68,27.3,0.0
116.044597619,5.896894664000001,05/01/2026,KG. PASIR PUTIH,SABAH,51,13,82,27.9,41.8
116.044597619,5.896894664000001,05/01/2026,KG. PASIR PUTIH,SABAH,49,13,82,27.9,41.8
116.044597619,5.896894664000001,05/01/2026,KG. PASIR PUTIH,SABAH,50,13,82,27.9,41.8
116.044597619,5.896894664000001,05/01/2026,KG. PASIR PUTIH,SABAH,48,13,82,27.9,41.8
101.71248752899999,3.206255495999983,05/01/2026,TAMAN SETAPAK (JLN SATANG 1),WILAYAH PERSEKUTUAN,34,8,65,28.1,0.0
101.71248752899999,3.206255495999983,05/01/2026,TAMAN SETAPAK (JLN SATANG 1),WILAYAH PERSEKUTUAN,32,8,65,28.1,0.0
101.71248752899999,3.206255495999983,05/01/2026,TAMAN SETAPAK (JLN SATANG 1),WILAYAH PERSEKUTUAN,33,8,65,28.1,0.0
101.71248752899999,3.206255495999983,05/01/2026,TAMAN SETAPAK (JLN SATANG 1),WILAYAH PERSEKUTUAN,31,8,65,28.1,0.0
101.87197875999999,2.895598650000011,05/01/2026,TAMAN SEMENYIH PARKLANDS,SELANGOR,39,28,67,27.1,0.1
101.87197875999999,2.895598650000011,05/01/2026,TAMAN SEMENYIH PARKLANDS,SELANGOR,37,27,67,27.1,0.1
101.87197875999999,2.895598650000011,05/01/2026,TAMAN SEMENYIH PARKLANDS,SELANGOR,38,27,67,27.1,0.1
101.87197875999999,2.895598650000011,05/01/2026,TAMAN SEMENYIH PARKLANDS,SELANGOR,36,27,67,27.1,0.1
101.493268392,2.885318534000021,05/01/2026,TAMAN RAMBAI INDAH,SELANGOR,35,21,69,27.5,0.0
101.493268392,2.885318534000021,05/01/2026,TAMAN RAMBAI INDAH,SELANGOR,33,21,69,27.5,0.0
101.493268392,2.885318534000021,05/01/2026,TAMAN RAMBAI INDAH,SELANGOR,34,21,69,27.5,0.0
101.493268392,2.885318534000021,05/01/2026,TAMAN RAMBAI INDAH,SELANGOR,32,21,69,27.5,0.0
101.662932237,2.7973246199999835,05/01/2026,PANGSAPURI LANGAT UTAMA,SELANGOR,53,46,70,27.6,0.0
101.662932237,2.7973246199999835,05/01/2026,PANGSAPURI LANGAT UTAMA,SELANGOR,51,45,70,27.6,0.0
101.662932237,2.7973246199999835,05/01/2026,PANGSAPURI LANGAT UTAMA,SELANGOR,52,46,70,27.6,0.0
101.662932237,2.7973246199999835,05/01/2026,PANGSAPURI LANGAT UTAMA,SELANGOR,50,45,70,27.6,0.0
101.60213905400002,3.1926946940000107,05/01/2026,"E6. BL PJU 9 SD 13 APT SRI MERANTI (2) [H,J,K,L,M,N,P,Q,R]",SELANGOR,47,16,71,28.2,0.0
101.60213905400002,3.1926946940000107,05/01/2026,"E6. BL PJU 9 SD 13 APT SRI MERANTI (2) [H,J,K,L,M,N,P,Q,R]",SELANGOR,45,16,71,28.2,0.0
101.60213905400002,3.1926946940000107,05/01/2026,"E6. BL PJU 9 SD 13 APT SRI MERANTI (2) [H,J,K,L,M,N,P,Q,R]",SELANGOR,46,16,71,28.2,0.0
101.60213905400002,3.1926946940000107,05/01/2026,"E6. BL PJU 9 SD 13 APT SRI MERANTI (2) [H,J,K,L,M,N,P,Q,R]",SELANGOR,44,16,71,28.2,0.0
101.61892700200002,3.079881549999982,05/01/2026,"E11. SRI PJS 6 FLAT DESA MENTARI 1 (BLOK 1 , 2 , 3)",SELANGOR,45,13,65,28.1,0.0
101.61892700200002,3.079881549999982,05/01/2026,"E11. SRI PJS 6 FLAT DESA MENTARI 1 (BLOK 1 , 2 , 3)",SELANGOR,43,12,65,28.1,0.0
101.61892700200002,3.079881549999982,05/01/2026,"E11. SRI PJS 6 FLAT DESA MENTARI 1 (BLOK 1 , 2 , 3)",SELANGOR,44,13,65,28.1,0.0
101.61892700200002,3.079881549999982,05/01/2026,"E11. SRI PJS 6 FLAT DESA MENTARI 1 (BLOK 1 , 2 , 3)",SELANGOR,42,12,65,28.1,0.0
101.64749145500002,3.0778750189999755,05/01/2026,E12. TM PJS 1 PARK AVENUE KONDO,SELANGOR,39,6,65,28.1,0.0
101.64749145500002,3.0778750189999755,05/01/2026,E12. TM PJS 1 PARK AVENUE KONDO,SELANGOR,37,5,65,28.1,0.0
101.64749145500002,3.0778750189999755,05/01/2026,E12. TM PJS 1 PARK AVENUE KONDO,SELANGOR,38,6,65,28.1,0.0
101.60399246200001,3.077885985000023,05/01/2026,"E11. SRI PJS 10 (TERES 3) [JLN PJS 10/7C , 10/9A , 10/11A - 10/11D]",SELANGOR,58,14,65,28.1,0.0
101.60399246200001,3.077885985000023,05/01/2026,"E11. SRI PJS 10 (TERES 3) [JLN PJS 10/7C , 10/9A , 10/11A - 10/11D]",SELANGOR,56,14,65,28.1,0.0
101.60399246200001,3.077885985000023,05/01/2026,"E11. SRI PJS 10 (TERES 3) [JLN PJS 10/7C , 10/9A , 10/11A - 10/11D]",SELANGOR,57,14,65,28.1,0.0
101.60399246200001,3.077885985000023,05/01/2026,"E11. SRI PJS 10 (TERES 3) [JLN PJS 10/7C , 10/9A , 10/11A - 10/11D]",SELANGOR,55,14,65,28.1,0.0
101.57530593799999,3.1756490480000252,05/01/2026,"E7. KD PJU 5 SEK 8 GUGUSAN KEMUNING (A,B) PPRT",SELANGOR,47,10,65,27.9,0.0
101.57530593799999,3.1756490480000252,05/01/2026,"E7. KD PJU 5 SEK 8 GUGUSAN KEMUNING (A,B) PPRT",SELANGOR,45,10,65,27.9,0.0
101.57530593799999,3.1756490480000252,05/01/2026,"E7. KD PJU 5 SEK 8 GUGUSAN KEMUNING (A,B) PPRT",SELANGOR,46,10,65,27.9,0.0
101.57530593799999,3.1756490480000252,05/01/2026,"E7. KD PJU 5 SEK 8 GUGUSAN KEMUNING (A,B) PPRT",SELANGOR,44,9,65,27.9,0.0
101.60240391100001,3.1945028229999934,05/01/2026,"E6. BL PJU 9 SD 13 APT SRI MERANTI (1) [A,B,C,D,E,F,G]",SELANGOR,60,23,71,28.2,0.0
101.60240391100001,3.1945028229999934,05/01/2026,"E6. BL PJU 9 SD 13 APT SRI MERANTI (1) [A,B,C,D,E,F,G]",SELANGOR,58,23,71,28.2,0.0
101.60240391100001,3.1945028229999934,05/01/2026,"E6. BL PJU 9 SD 13 APT SRI MERANTI (1) [A,B,C,D,E,F,G]",SELANGOR,59,23,71,28.2,0.0
101.60240391100001,3.1945028229999934,05/01/2026,"E6. BL PJU 9 SD 13 APT SRI MERANTI (1) [A,B,C,D,E,F,G]",SELANGOR,57,23,71,28.2,0.0
101.65486526500001,3.049239875000012,05/01/2026,"PPR PINGGIRAN 2(BLOK G,H,J,K,L,M)",WILAYAH PERSEKUTUAN,49,17,68,27.4,0.0
101.65486526500001,3.049239875000012,05/01/2026,"PPR PINGGIRAN 2(BLOK G,H,J,K,L,M)",WILAYAH PERSEKUTUAN,47,16,68,27.4,0.0
101.65486526500001,3.049239875000012,05/01/2026,"PPR PINGGIRAN 2(BLOK G,H,J,K,L,M)",WILAYAH PERSEKUTUAN,48,16,68,27.4,0.0
101.65486526500001,3.049239875000012,05/01/2026,"PPR PINGGIRAN 2(BLOK G,H,J,K,L,M)",WILAYAH PERSEKUTUAN,46,16,68,27.4,0.0
101.580114939,3.151507788999993,05/01/2026,E7. KD PJU 5 SEK 4 GUGUSAN MATAHARI,SELANGOR,31,16,65,28.0,0.0
101.57243728700001,3.1693078289999903,05/01/2026,E7. KD PJU 5 SEK 7 GUGUSAN KEKWA,SELANGOR,31,11,65,27.9,0.0
101.66363211800001,2.798225240000022,05/01/2026,TAMAN LANGAT UTAMA (KEJORA),SELANGOR,44,9,70,27.6,0.0
101.66363211800001,2.798225240000022,05/01/2026,TAMAN LANGAT UTAMA (KEJORA),SELANGOR,42,9,70,27.6,0.0
101.66363211800001,2.798225240000022,05/01/2026,TAMAN LANGAT UTAMA (KEJORA),SELANGOR,43,9,70,27.6,0.0
101.66363211800001,2.798225240000022,05/01/2026,TAMAN LANGAT UTAMA (KEJORA),SELANGOR,41,9,70,27.6,0.0
101.57404113500002,3.1725872979999963,05/01/2026,E7. KD PJU 5 SEK 7 APT LILY,SELANGOR,50,8,65,27.9,0.0
101.57404113500002,3.1725872979999963,05/01/2026,E7. KD PJU 5 SEK 7 APT LILY,SELANGOR,49,8,65,27.9,0.0
101.62844085699999,3.0777045500000213,05/01/2026,"E12. TM PJS 2D TMN MEDAN (TERES 2) [JLN PJS 2D/2,4,5,6,7,8,8C,8D,9,10,11,12,14]",SELANGOR,36,9,65,28.1,0.0
101.62844085699999,3.0777045500000213,05/01/2026,"E12. TM PJS 2D TMN MEDAN (TERES 2) [JLN PJS 2D/2,4,5,6,7,8,8C,8D,9,10,11,12,14]",SELANGOR,34,8,65,28.1,0.0
101.62844085699999,3.0777045500000213,05/01/2026,"E12. TM PJS 2D TMN MEDAN (TERES 2) [JLN PJS 2D/2,4,5,6,7,8,8C,8D,9,10,11,12,14]",SELANGOR,35,9,65,28.1,0.0
101.62844085699999,3.0777045500000213,05/01/2026,"E12. TM PJS 2D TMN MEDAN (TERES 2) [JLN PJS 2D/2,4,5,6,7,8,8C,8D,9,10,11,12,14]",SELANGOR,33,8,65,28.1,0.0
101.67660430299998,3.2718447459999993,05/01/2026,FLAT SELAYANG MULIA,SELANGOR,43,8,71,27.8,0.0
101.67660430299998,3.2718447459999993,05/01/2026,FLAT SELAYANG MULIA,SELANGOR,41,8,71,27.8,0.0
101.67660430299998,3.2718447459999993,05/01/2026,FLAT SELAYANG MULIA,SELANGOR,42,8,71,27.8,0.0
101.67660430299998,3.2718447459999993,05/01/2026,FLAT SELAYANG MULIA,SELANGOR,40,8,71,27.8,0.0
101.61383335599999,2.894310895999979,05/01/2026,TAPAK BINA NORTH WOODS,SELANGOR,32,23,69,27.2,0.0
101.61383335599999,2.894310895999979,05/01/2026,TAPAK BINA NORTH WOODS,SELANGOR,31,23,69,27.2,0.0
110.36675289499999,1.5496464619999983,05/01/2026,JALAN TAN SRI DATUK WILLIAM TAN,SARAWAK,44,15,85,25.8,1.6
100.30830893299998,5.340919699999972,06/01/2026,PUTRA PLACE CONDOMINIUM,PULAU PINANG,58,27,72,28.8,2.8
100.30830893299998,5.340919699999972,06/01/2026,PUTRA PLACE CONDOMINIUM,PULAU PINANG,57,27,72,28.8,2.8
100.30830893299998,5.340919699999972,06/01/2026,PUTRA PLACE CONDOMINIUM,PULAU PINANG,55,27,72,28.8,2.8
100.30830893299998,5.340919699999972,06/01/2026,PUTRA PLACE CONDOMINIUM,PULAU PINANG,56,27,72,28.8,2.8
100.30830893299998,5.340919699999972,06/01/2026,PUTRA PLACE CONDOMINIUM,PULAU PINANG,54,27,72,28.8,2.8
101.67117360600002,3.2672755080000115,06/01/2026,BDR BARU SELAYANG FASA 2B (ZON B),SELANGOR,41,10,78,28.0,0.1
101.67117360600002,3.2672755080000115,06/01/2026,BDR BARU SELAYANG FASA 2B (ZON B),SELANGOR,40,10,78,28.0,0.1
101.67117360600002,3.2672755080000115,06/01/2026,BDR BARU SELAYANG FASA 2B (ZON B),SELANGOR,38,10,78,28.0,0.1
101.67117360600002,3.2672755080000115,06/01/2026,BDR BARU SELAYANG FASA 2B (ZON B),SELANGOR,39,10,78,28.0,0.1
101.67117360600002,3.2672755080000115,06/01/2026,BDR BARU SELAYANG FASA 2B (ZON B),SELANGOR,37,10,78,28.0,0.1
101.14848615800003,4.630176603999985,06/01/2026,KG TERSUSUN BT 6,PERAK,34,6,78,28.5,0.2
101.14848615800003,4.630176603999985,06/01/2026,KG TERSUSUN BT 6,PERAK,33,6,78,28.5,0.2
101.14848615800003,4.630176603999985,06/01/2026,KG TERSUSUN BT 6,PERAK,31,6,78,28.5,0.2
101.14848615800003,4.630176603999985,06/01/2026,KG TERSUSUN BT 6,PERAK,32,6,78,28.5,0.2
116.13677612900005,6.038449952000008,06/01/2026,KG. CONTOH SUANG PARAI,SABAH,40,15,83,26.8,0.1
116.13677612900005,6.038449952000008,06/01/2026,KG. CONTOH SUANG PARAI,SABAH,39,14,83,26.8,0.1
116.13677612900005,6.038449952000008,06/01/2026,KG. CONTOH SUANG PARAI,SABAH,37,14,83,26.8,0.1
116.13677612900005,6.038449952000008,06/01/2026,KG. CONTOH SUANG PARAI,SABAH,38,14,83,26.8,0.1
116.13677612900005,6.038449952000008,06/01/2026,KG. CONTOH SUANG PARAI,SABAH,36,12,83,26.8,0.1
101.628348701,3.0835091150000267,06/01/2026,"E12. TM PJS 2C FLAT DESA MENTARI (BLOK 9 , 10)",SELANGOR,47,6,70,28.5,0.0
101.628348701,3.0835091150000267,06/01/2026,"E12. TM PJS 2C FLAT DESA MENTARI (BLOK 9 , 10)",SELANGOR,46,6,70,28.5,0.0
101.628348701,3.0835091150000267,06/01/2026,"E12. TM PJS 2C FLAT DESA MENTARI (BLOK 9 , 10)",SELANGOR,44,6,70,28.5,0.0
101.628348701,3.0835091150000267,06/01/2026,"E12. TM PJS 2C FLAT DESA MENTARI (BLOK 9 , 10)",SELANGOR,45,6,70,28.5,0.0
101.628348701,3.0835091150000267,06/01/2026,"E12. TM PJS 2C FLAT DESA MENTARI (BLOK 9 , 10)",SELANGOR,43,6,70,28.5,0.0
101.63196433500002,3.0798106380000263,06/01/2026,E12. TM PJS 2C APT MEDAN JAYA (BLOK I),SELANGOR,34,7,70,28.4,0.0
101.63196433500002,3.0798106380000263,06/01/2026,E12. TM PJS 2C APT MEDAN JAYA (BLOK I),SELANGOR,33,7,70,28.4,0.0
101.63196433500002,3.0798106380000263,06/01/2026,E12. TM PJS 2C APT MEDAN JAYA (BLOK I),SELANGOR,31,7,70,28.4,0.0
101.63196433500002,3.0798106380000263,06/01/2026,E12. TM PJS 2C APT MEDAN JAYA (BLOK I),SELANGOR,32,7,70,28.4,0.0
101.61095695,3.0608085050000113,06/01/2026,E13. PJS 9/1 (LAGOON PERDANA & RUMAH KEDAI),SELANGOR,31,5,71,28.1,0.0
118.06537060100004,5.865935443000012,06/01/2026,TAMAN TYNG BT.5,SABAH,44,16,85,26.7,1.9
118.07731076899995,5.861684525999976,06/01/2026,TAMAN MESRA,SABAH,39,9,85,26.8,1.9
118.07731076899995,5.861684525999976,06/01/2026,TAMAN MESRA,SABAH,38,9,85,26.8,1.9
116.134069673,6.018204632999982,06/01/2026,KG.WARISAN PH 2,SABAH,39,29,83,26.8,0.1
116.134069673,6.018204632999982,06/01/2026,KG.WARISAN PH 2,SABAH,38,29,83,26.8,0.1
116.134069673,6.018204632999982,06/01/2026,KG.WARISAN PH 2,SABAH,36,27,83,26.8,0.1
116.134069673,6.018204632999982,06/01/2026,KG.WARISAN PH 2,SABAH,37,28,83,26.8,0.1
116.134069673,6.018204632999982,06/01/2026,KG.WARISAN PH 2,SABAH,35,25,83,26.8,0.1
116.13576592499999,6.017628022999986,06/01/2026,TAMAN PURI WARISAN,SABAH,37,25,83,26.8,0.1
116.13576592499999,6.017628022999986,06/01/2026,TAMAN PURI WARISAN,SABAH,36,25,83,26.8,0.1
116.13576592499999,6.017628022999986,06/01/2026,TAMAN PURI WARISAN,SABAH,34,25,83,26.8,0.1
116.13576592499999,6.017628022999986,06/01/2026,TAMAN PURI WARISAN,SABAH,35,25,83,26.8,0.1
116.13576592499999,6.017628022999986,06/01/2026,TAMAN PURI WARISAN,SABAH,33,25,83,26.8,0.1
101.646089002,3.1780625819999955,06/01/2026,BOUGAINVILLA APARTMENT,WILAYAH PERSEKUTUAN,67,22,70,27.9,0.0
101.646089002,3.1780625819999955,06/01/2026,BOUGAINVILLA APARTMENT,WILAYAH PERSEKUTUAN,68,22,70,27.9,0.0
101.646089002,3.1780625819999955,06/01/2026,BOUGAINVILLA APARTMENT,WILAYAH PERSEKUTUAN,66,22,70,27.9,0.0
101.654183305,3.047584969000013,06/01/2026,"PPR PINGGIRAN 1 (BLOK A,B,C,D,E,F)",WILAYAH PERSEKUTUAN,41,11,71,27.7,0.0
101.654183305,3.047584969000013,06/01/2026,"PPR PINGGIRAN 1 (BLOK A,B,C,D,E,F)",WILAYAH PERSEKUTUAN,40,11,71,27.7,0.0
101.654183305,3.047584969000013,06/01/2026,"PPR PINGGIRAN 1 (BLOK A,B,C,D,E,F)",WILAYAH PERSEKUTUAN,38,11,71,27.7,0.0
101.654183305,3.047584969000013,06/01/2026,"PPR PINGGIRAN 1 (BLOK A,B,C,D,E,F)",WILAYAH PERSEKUTUAN,39,11,71,27.7,0.0
101.654183305,3.047584969000013,06/01/2026,"PPR PINGGIRAN 1 (BLOK A,B,C,D,E,F)",WILAYAH PERSEKUTUAN,37,11,71,27.7,0.0
116.044597619,5.896894664000001,06/01/2026,KG. PASIR PUTIH,SABAH,51,13,81,27.5,12.8
116.044597619,5.896894664000001,06/01/2026,KG. PASIR PUTIH,SABAH,49,13,81,27.5,12.8
116.044597619,5.896894664000001,06/01/2026,KG. PASIR PUTIH,SABAH,50,13,81,27.5,12.8
116.044597619,5.896894664000001,06/01/2026,KG. PASIR PUTIH,SABAH,48,13,81,27.5,12.8
101.71248752899999,3.206255495999983,06/01/2026,TAMAN SETAPAK (JLN SATANG 1),WILAYAH PERSEKUTUAN,35,8,70,28.4,0.0
101.71248752899999,3.206255495999983,06/01/2026,TAMAN SETAPAK (JLN SATANG 1),WILAYAH PERSEKUTUAN,34,8,70,28.4,0.0
101.71248752899999,3.206255495999983,06/01/2026,TAMAN SETAPAK (JLN SATANG 1),WILAYAH PERSEKUTUAN,32,8,70,28.4,0.0
101.71248752899999,3.206255495999983,06/01/2026,TAMAN SETAPAK (JLN SATANG 1),WILAYAH PERSEKUTUAN,33,8,70,28.4,0.0
101.71248752899999,3.206255495999983,06/01/2026,TAMAN SETAPAK (JLN SATANG 1),WILAYAH PERSEKUTUAN,31,8,70,28.4,0.0
101.87197875999999,2.895598650000011,06/01/2026,TAMAN SEMENYIH PARKLANDS,SELANGOR,40,28,75,26.7,0.0
101.87197875999999,2.895598650000011,06/01/2026,TAMAN SEMENYIH PARKLANDS,SELANGOR,39,28,75,26.7,0.0
101.87197875999999,2.895598650000011,06/01/2026,TAMAN SEMENYIH PARKLANDS,SELANGOR,37,27,75,26.7,0.0
101.87197875999999,2.895598650000011,06/01/2026,TAMAN SEMENYIH PARKLANDS,SELANGOR,38,27,75,26.7,0.0
101.87197875999999,2.895598650000011,06/01/2026,TAMAN SEMENYIH PARKLANDS,SELANGOR,36,27,75,26.7,0.0
101.493268392,2.885318534000021,06/01/2026,TAMAN RAMBAI INDAH,SELANGOR,36,21,72,28.0,0.0
101.493268392,2.885318534000021,06/01/2026,TAMAN RAMBAI INDAH,SELANGOR,35,21,72,28.0,0.0
101.493268392,2.885318534000021,06/01/2026,TAMAN RAMBAI INDAH,SELANGOR,33,21,72,28.0,0.0
101.493268392,2.885318534000021,06/01/2026,TAMAN RAMBAI INDAH,SELANGOR,34,21,72,28.0,0.0
101.493268392,2.885318534000021,06/01/2026,TAMAN RAMBAI INDAH,SELANGOR,32,21,72,28.0,0.0
101.662932237,2.7973246199999835,06/01/2026,PANGSAPURI LANGAT UTAMA,SELANGOR,54,46,73,27.8,0.1
101.662932237,2.7973246199999835,06/01/2026,PANGSAPURI LANGAT UTAMA,SELANGOR,53,46,73,27.8,0.1
101.662932237,2.7973246199999835,06/01/2026,PANGSAPURI LANGAT UTAMA,SELANGOR,51,45,73,27.8,0.1
101.662932237,2.7973246199999835,06/01/2026,PANGSAPURI LANGAT UTAMA,SELANGOR,52,46,73,27.8,0.1
101.662932237,2.7973246199999835,06/01/2026,PANGSAPURI LANGAT UTAMA,SELANGOR,50,45,73,27.8,0.1
101.60213905400002,3.1926946940000107,06/01/2026,"E6. BL PJU 9 SD 13 APT SRI MERANTI (2) [H,J,K,L,M,N,P,Q,R]",SELANGOR,48,17,78,28.1,0.1
101.60213905400002,3.1926946940000107,06/01/2026,"E6. BL PJU 9 SD 13 APT SRI MERANTI (2) [H,J,K,L,M,N,P,Q,R]",SELANGOR,47,16,78,28.1,0.1
101.60213905400002,3.1926946940000107,06/01/2026,"E6. BL PJU 9 SD 13 APT SRI MERANTI (2) [H,J,K,L,M,N,P,Q,R]",SELANGOR,45,16,78,28.1,0.1
101.60213905400002,3.1926946940000107,06/01/2026,"E6. BL PJU 9 SD 13 APT SRI MERANTI (2) [H,J,K,L,M,N,P,Q,R]",SELANGOR,46,16,78,28.1,0.1
101.60213905400002,3.1926946940000107,06/01/2026,"E6. BL PJU 9 SD 13 APT SRI MERANTI (2) [H,J,K,L,M,N,P,Q,R]",SELANGOR,44,16,78,28.1,0.1
101.61892700200002,3.079881549999982,06/01/2026,"E11. SRI PJS 6 FLAT DESA MENTARI 1 (BLOK 1 , 2 , 3)",SELANGOR,46,13,70,28.5,0.0
101.61892700200002,3.079881549999982,06/01/2026,"E11. SRI PJS 6 FLAT DESA MENTARI 1 (BLOK 1 , 2 , 3)",SELANGOR,45,13,70,28.5,0.0
101.61892700200002,3.079881549999982,06/01/2026,"E11. SRI PJS 6 FLAT DESA MENTARI 1 (BLOK 1 , 2 , 3)",SELANGOR,43,12,70,28.5,0.0
101.61892700200002,3.079881549999982,06/01/2026,"E11. SRI PJS 6 FLAT DESA MENTARI 1 (BLOK 1 , 2 , 3)",SELANGOR,44,13,70,28.5,0.0
101.61892700200002,3.079881549999982,06/01/2026,"E11. SRI PJS 6 FLAT DESA MENTARI 1 (BLOK 1 , 2 , 3)",SELANGOR,42,12,70,28.5,0.0
101.64749145500002,3.0778750189999755,06/01/2026,E12. TM PJS 1 PARK AVENUE KONDO,SELANGOR,40,7,70,28.4,0.0
101.64749145500002,3.0778750189999755,06/01/2026,E12. TM PJS 1 PARK AVENUE KONDO,SELANGOR,39,6,70,28.4,0.0
101.64749145500002,3.0778750189999755,06/01/2026,E12. TM PJS 1 PARK AVENUE KONDO,SELANGOR,37,5,70,28.4,0.0
101.64749145500002,3.0778750189999755,06/01/2026,E12. TM PJS 1 PARK AVENUE KONDO,SELANGOR,38,6,70,28.4,0.0
101.60399246200001,3.077885985000023,06/01/2026,"E11. SRI PJS 10 (TERES 3) [JLN PJS 10/7C , 10/9A , 10/11A - 10/11D]",SELANGOR,59,14,70,28.5,0.0
101.60399246200001,3.077885985000023,06/01/2026,"E11. SRI PJS 10 (TERES 3) [JLN PJS 10/7C , 10/9A , 10/11A - 10/11D]",SELANGOR,58,14,70,28.5,0.0
101.60399246200001,3.077885985000023,06/01/2026,"E11. SRI PJS 10 (TERES 3) [JLN PJS 10/7C , 10/9A , 10/11A - 10/11D]",SELANGOR,56,14,70,28.5,0.0
101.60399246200001,3.077885985000023,06/01/2026,"E11. SRI PJS 10 (TERES 3) [JLN PJS 10/7C , 10/9A , 10/11A - 10/11D]",SELANGOR,57,14,70,28.5,0.0
101.60399246200001,3.077885985000023,06/01/2026,"E11. SRI PJS 10 (TERES 3) [JLN PJS 10/7C , 10/9A , 10/11A - 10/11D]",SELANGOR,55,14,70,28.5,0.0
101.57530593799999,3.1756490480000252,06/01/2026,"E7. KD PJU 5 SEK 8 GUGUSAN KEMUNING (A,B) PPRT",SELANGOR,48,10,70,28.2,0.0
101.57530593799999,3.1756490480000252,06/01/2026,"E7. KD PJU 5 SEK 8 GUGUSAN KEMUNING (A,B) PPRT",SELANGOR,47,10,70,28.2,0.0
101.57530593799999,3.1756490480000252,06/01/2026,"E7. KD PJU 5 SEK 8 GUGUSAN KEMUNING (A,B) PPRT",SELANGOR,45,10,70,28.2,0.0
101.57530593799999,3.1756490480000252,06/01/2026,"E7. KD PJU 5 SEK 8 GUGUSAN KEMUNING (A,B) PPRT",SELANGOR,46,10,70,28.2,0.0
101.57530593799999,3.1756490480000252,06/01/2026,"E7. KD PJU 5 SEK 8 GUGUSAN KEMUNING (A,B) PPRT",SELANGOR,44,9,70,28.2,0.0
101.60240391100001,3.1945028229999934,06/01/2026,"E6. BL PJU 9 SD 13 APT SRI MERANTI (1) [A,B,C,D,E,F,G]",SELANGOR,61,23,78,28.2,0.1
101.60240391100001,3.1945028229999934,06/01/2026,"E6. BL PJU 9 SD 13 APT SRI MERANTI (1) [A,B,C,D,E,F,G]",SELANGOR,60,23,78,28.2,0.1
101.60240391100001,3.1945028229999934,06/01/2026,"E6. BL PJU 9 SD 13 APT SRI MERANTI (1) [A,B,C,D,E,F,G]",SELANGOR,58,23,78,28.2,0.1
101.60240391100001,3.1945028229999934,06/01/2026,"E6. BL PJU 9 SD 13 APT SRI MERANTI (1) [A,B,C,D,E,F,G]",SELANGOR,59,23,78,28.2,0.1
101.60240391100001,3.1945028229999934,06/01/2026,"E6. BL PJU 9 SD 13 APT SRI MERANTI (1) [A,B,C,D,E,F,G]",SELANGOR,57,23,78,28.2,0.1
101.65486526500001,3.049239875000012,06/01/2026,"PPR PINGGIRAN 2(BLOK G,H,J,K,L,M)",WILAYAH PERSEKUTUAN,50,18,71,27.8,0.0
101.65486526500001,3.049239875000012,06/01/2026,"PPR PINGGIRAN 2(BLOK G,H,J,K,L,M)",WILAYAH PERSEKUTUAN,49,17,71,27.8,0.0
101.65486526500001,3.049239875000012,06/01/2026,"PPR PINGGIRAN 2(BLOK G,H,J,K,L,M)",WILAYAH PERSEKUTUAN,47,16,71,27.8,0.0
101.65486526500001,3.049239875000012,06/01/2026,"PPR PINGGIRAN 2(BLOK G,H,J,K,L,M)",WILAYAH PERSEKUTUAN,48,16,71,27.8,0.0
101.65486526500001,3.049239875000012,06/01/2026,"PPR PINGGIRAN 2(BLOK G,H,J,K,L,M)",WILAYAH PERSEKUTUAN,46,16,71,27.8,0.0
101.580114939,3.151507788999993,06/01/2026,E7. KD PJU 5 SEK 4 GUGUSAN MATAHARI,SELANGOR,32,16,70,28.3,0.0
101.580114939,3.151507788999993,06/01/2026,E7. KD PJU 5 SEK 4 GUGUSAN MATAHARI,SELANGOR,31,16,70,28.3,0.0
101.57243728700001,3.1693078289999903,06/01/2026,E7. KD PJU 5 SEK 7 GUGUSAN KEKWA,SELANGOR,32,11,70,28.2,0.0
101.57243728700001,3.1693078289999903,06/01/2026,E7. KD PJU 5 SEK 7 GUGUSAN KEKWA,SELANGOR,31,11,70,28.2,0.0
101.66363211800001,2.798225240000022,06/01/2026,TAMAN LANGAT UTAMA (KEJORA),SELANGOR,45,9,73,27.8,0.1
101.66363211800001,2.798225240000022,06/01/2026,TAMAN LANGAT UTAMA (KEJORA),SELANGOR,44,9,73,27.8,0.1
101.66363211800001,2.798225240000022,06/01/2026,TAMAN LANGAT UTAMA (KEJORA),SELANGOR,42,9,73,27.8,0.1
101.66363211800001,2.798225240000022,06/01/2026,TAMAN LANGAT UTAMA (KEJORA),SELANGOR,43,9,73,27.8,0.1
101.66363211800001,2.798225240000022,06/01/2026,TAMAN LANGAT UTAMA (KEJORA),SELANGOR,41,9,73,27.8,0.1
101.57404113500002,3.1725872979999963,06/01/2026,E7. KD PJU 5 SEK 7 APT LILY,SELANGOR,50,8,70,28.2,0.0
101.57404113500002,3.1725872979999963,06/01/2026,E7. KD PJU 5 SEK 7 APT LILY,SELANGOR,49,8,70,28.2,0.0
101.62844085699999,3.0777045500000213,06/01/2026,"E12. TM PJS 2D TMN MEDAN (TERES 2) [JLN PJS 2D/2,4,5,6,7,8,8C,8D,9,10,11,12,14]",SELANGOR,37,9,70,28.5,0.0
101.62844085699999,3.0777045500000213,06/01/2026,"E12. TM PJS 2D TMN MEDAN (TERES 2) [JLN PJS 2D/2,4,5,6,7,8,8C,8D,9,10,11,12,14]",SELANGOR,36,9,70,28.5,0.0
101.62844085699999,3.0777045500000213,06/01/2026,"E12. TM PJS 2D TMN MEDAN (TERES 2) [JLN PJS 2D/2,4,5,6,7,8,8C,8D,9,10,11,12,14]",SELANGOR,34,8,70,28.5,0.0
101.62844085699999,3.0777045500000213,06/01/2026,"E12. TM PJS 2D TMN MEDAN (TERES 2) [JLN PJS 2D/2,4,5,6,7,8,8C,8D,9,10,11,12,14]",SELANGOR,35,9,70,28.5,0.0
101.62844085699999,3.0777045500000213,06/01/2026,"E12. TM PJS 2D TMN MEDAN (TERES 2) [JLN PJS 2D/2,4,5,6,7,8,8C,8D,9,10,11,12,14]",SELANGOR,33,8,70,28.5,0.0
101.67660430299998,3.2718447459999993,06/01/2026,FLAT SELAYANG MULIA,SELANGOR,44,8,78,27.7,0.1
101.67660430299998,3.2718447459999993,06/01/2026,FLAT SELAYANG MULIA,SELANGOR,43,8,78,27.7,0.1
101.67660430299998,3.2718447459999993,06/01/2026,FLAT SELAYANG MULIA,SELANGOR,41,8,78,27.7,0.1
101.67660430299998,3.2718447459999993,06/01/2026,FLAT SELAYANG MULIA,SELANGOR,42,8,78,27.7,0.1
101.67660430299998,3.2718447459999993,06/01/2026,FLAT SELAYANG MULIA,SELANGOR,40,8,78,27.7,0.1
101.61383335599999,2.894310895999979,06/01/2026,TAPAK BINA NORTH WOODS,SELANGOR,33,23,74,27.5,0.0
101.61383335599999,2.894310895999979,06/01/2026,TAPAK BINA NORTH WOODS,SELANGOR,32,23,74,27.5,0.0
101.61383335599999,2.894310895999979,06/01/2026,TAPAK BINA NORTH WOODS,SELANGOR,31,23,74,27.5,0.0
110.36675289499999,1.5496464619999983,06/01/2026,JALAN TAN SRI DATUK WILLIAM TAN,SARAWAK,44,15,83,26.7,0.8
103.76978572000002,1.5308252560000142,07/01/2026,TMN ISTIMEWA,JOHOR,31,7,87,25.8,11.2
100.30830893299998,5.340919699999972,07/01/2026,PUTRA PLACE CONDOMINIUM,PULAU PINANG,59,27,73,28.8,1.1
101.67117360600002,3.2672755080000115,07/01/2026,BDR BARU SELAYANG FASA 2B (ZON B),SELANGOR,42,10,83,27.3,4.9
101.14848615800003,4.630176603999985,07/01/2026,KG TERSUSUN BT 6,PERAK,35,6,85,27.5,6.0
116.13677612900005,6.038449952000008,07/01/2026,KG. CONTOH SUANG PARAI,SABAH,41,15,87,26.1,10.9
101.628348701,3.0835091150000267,07/01/2026,"E12. TM PJS 2C FLAT DESA MENTARI (BLOK 9 , 10)",SELANGOR,48,6,75,27.9,2.2
101.63196433500002,3.0798106380000263,07/01/2026,E12. TM PJS 2C APT MEDAN JAYA (BLOK I),SELANGOR,35,7,75,27.9,2.2
101.61095695,3.0608085050000113,07/01/2026,E13. PJS 9/1 (LAGOON PERDANA & RUMAH KEDAI),SELANGOR,32,5,78,27.4,4.1
116.134069673,6.018204632999982,07/01/2026,KG.WARISAN PH 2,SABAH,40,29,87,26.1,10.9
116.13576592499999,6.017628022999986,07/01/2026,TAMAN PURI WARISAN,SABAH,38,25,87,26.1,10.9
101.71248752899999,3.206255495999983,07/01/2026,TAMAN SETAPAK (JLN SATANG 1),WILAYAH PERSEKUTUAN,36,8,75,27.9,2.2
101.87197875999999,2.895598650000011,07/01/2026,TAMAN SEMENYIH PARKLANDS,SELANGOR,41,29,78,26.5,0.9
101.493268392,2.885318534000021,07/01/2026,TAMAN RAMBAI INDAH,SELANGOR,37,21,79,27.3,7.0
101.662932237,2.7973246199999835,07/01/2026,PANGSAPURI LANGAT UTAMA,SELANGOR,55,46,78,27.4,13.3
101.60213905400002,3.1926946940000107,07/01/2026,"E6. BL PJU 9 SD 13 APT SRI MERANTI (2) [H,J,K,L,M,N,P,Q,R]",SELANGOR,49,18,83,27.5,4.9
101.61892700200002,3.079881549999982,07/01/2026,"E11. SRI PJS 6 FLAT DESA MENTARI 1 (BLOK 1 , 2 , 3)",SELANGOR,47,13,75,27.9,2.2
101.64749145500002,3.0778750189999755,07/01/2026,E12. TM PJS 1 PARK AVENUE KONDO,SELANGOR,41,7,75,27.9,2.2
101.60399246200001,3.077885985000023,07/01/2026,"E11. SRI PJS 10 (TERES 3) [JLN PJS 10/7C , 10/9A , 10/11A - 10/11D]",SELANGOR,60,14,75,27.9,2.2
101.57530593799999,3.1756490480000252,07/01/2026,"E7. KD PJU 5 SEK 8 GUGUSAN KEMUNING (A,B) PPRT",SELANGOR,49,10,75,27.6,2.2
101.60240391100001,3.1945028229999934,07/01/2026,"E6. BL PJU 9 SD 13 APT SRI MERANTI (1) [A,B,C,D,E,F,G]",SELANGOR,62,24,83,27.6,4.9
101.65486526500001,3.049239875000012,07/01/2026,"PPR PINGGIRAN 2(BLOK G,H,J,K,L,M)",WILAYAH PERSEKUTUAN,51,18,78,27.1,4.1
101.580114939,3.151507788999993,07/01/2026,E7. KD PJU 5 SEK 4 GUGUSAN MATAHARI,SELANGOR,33,17,75,27.8,2.2
101.57243728700001,3.1693078289999903,07/01/2026,E7. KD PJU 5 SEK 7 GUGUSAN KEKWA,SELANGOR,33,11,75,27.7,2.2
101.66363211800001,2.798225240000022,07/01/2026,TAMAN LANGAT UTAMA (KEJORA),SELANGOR,46,9,78,27.4,13.3
101.62844085699999,3.0777045500000213,07/01/2026,"E12. TM PJS 2D TMN MEDAN (TERES 2) [JLN PJS 2D/2,4,5,6,7,8,8C,8D,9,10,11,12,14]",SELANGOR,38,9,75,27.9,2.2
101.67660430299998,3.2718447459999993,07/01/2026,FLAT SELAYANG MULIA,SELANGOR,45,9,83,27.1,4.9
103.76978572000002,1.5308252560000142,08/01/2026,TMN ISTIMEWA,JOHOR,31,7,83,25.9,2.6
100.30830893299998,5.340919699999972,08/01/2026,PUTRA PLACE CONDOMINIUM,PULAU PINANG,59,27,67,28.9,2.0
101.67117360600002,3.2672755080000115,08/01/2026,BDR BARU SELAYANG FASA 2B (ZON B),SELANGOR,42,10,81,27.4,0.9
101.14848615800003,4.630176603999985,08/01/2026,KG TERSUSUN BT 6,PERAK,35,6,81,27.3,15.9
116.13677612900005,6.038449952000008,08/01/2026,KG. CONTOH SUANG PARAI,SABAH,41,15,88,26.5,12.2
101.628348701,3.0835091150000267,08/01/2026,"E12. TM PJS 2C FLAT DESA MENTARI (BLOK 9 , 10)",SELANGOR,48,6,78,27.0,12.7
101.63196433500002,3.0798106380000263,08/01/2026,E12. TM PJS 2C APT MEDAN JAYA (BLOK I),SELANGOR,35,7,78,27.0,12.7
101.61095695,3.0608085050000113,08/01/2026,E13. PJS 9/1 (LAGOON PERDANA & RUMAH KEDAI),SELANGOR,32,5,78,26.7,19.8
116.134069673,6.018204632999982,08/01/2026,KG.WARISAN PH 2,SABAH,40,29,88,26.5,12.2
116.13576592499999,6.017628022999986,08/01/2026,TAMAN PURI WARISAN,SABAH,38,25,88,26.5,12.2
101.71248752899999,3.206255495999983,08/01/2026,TAMAN SETAPAK (JLN SATANG 1),WILAYAH PERSEKUTUAN,36,8,78,27.0,12.7
101.87197875999999,2.895598650000011,08/01/2026,TAMAN SEMENYIH PARKLANDS,SELANGOR,41,29,76,26.3,0.0
101.493268392,2.885318534000021,08/01/2026,TAMAN RAMBAI INDAH,SELANGOR,37,21,77,26.9,18.2
101.662932237,2.7973246199999835,08/01/2026,PANGSAPURI LANGAT UTAMA,SELANGOR,55,46,78,27.0,9.8
101.60213905400002,3.1926946940000107,08/01/2026,"E6. BL PJU 9 SD 13 APT SRI MERANTI (2) [H,J,K,L,M,N,P,Q,R]",SELANGOR,49,18,81,27.5,0.9
101.61892700200002,3.079881549999982,08/01/2026,"E11. SRI PJS 6 FLAT DESA MENTARI 1 (BLOK 1 , 2 , 3)",SELANGOR,47,13,78,27.0,12.7
101.64749145500002,3.0778750189999755,08/01/2026,E12. TM PJS 1 PARK AVENUE KONDO,SELANGOR,41,7,78,27.0,12.7
101.60399246200001,3.077885985000023,08/01/2026,"E11. SRI PJS 10 (TERES 3) [JLN PJS 10/7C , 10/9A , 10/11A - 10/11D]",SELANGOR,60,14,78,27.0,12.7
101.57530593799999,3.1756490480000252,08/01/2026,"E7. KD PJU 5 SEK 8 GUGUSAN KEMUNING (A,B) PPRT",SELANGOR,49,10,78,26.7,12.7
101.60240391100001,3.1945028229999934,08/01/2026,"E6. BL PJU 9 SD 13 APT SRI MERANTI (1) [A,B,C,D,E,F,G]",SELANGOR,62,24,81,27.6,0.9
101.65486526500001,3.049239875000012,08/01/2026,"PPR PINGGIRAN 2(BLOK G,H,J,K,L,M)",WILAYAH PERSEKUTUAN,51,18,78,26.4,19.8
101.580114939,3.151507788999993,08/01/2026,E7. KD PJU 5 SEK 4 GUGUSAN MATAHARI,SELANGOR,33,17,78,26.9,12.7
101.57243728700001,3.1693078289999903,08/01/2026,E7. KD PJU 5 SEK 7 GUGUSAN KEKWA,SELANGOR,33,11,78,26.8,12.7
101.66363211800001,2.798225240000022,08/01/2026,TAMAN LANGAT UTAMA (KEJORA),SELANGOR,46,9,78,27.0,9.8
101.62844085699999,3.0777045500000213,08/01/2026,"E12. TM PJS 2D TMN MEDAN (TERES 2) [JLN PJS 2D/2,4,5,6,7,8,8C,8D,9,10,11,12,14]",SELANGOR,38,9,78,27.0,12.7
101.67660430299998,3.2718447459999993,08/01/2026,FLAT SELAYANG MULIA,SELANGOR,45,9,81,27.1,0.9
103.76978572000002,1.5308252560000142,09/01/2026,TMN ISTIMEWA,JOHOR,31,7,78,25.7,0.0
100.30830893299998,5.340919699999972,09/01/2026,PUTRA PLACE CONDOMINIUM,PULAU PINANG,59,27,69,28.7,0.8
101.67117360600002,3.2672755080000115,09/01/2026,BDR BARU SELAYANG FASA 2B (ZON B),SELANGOR,42,10,75,27.9,2.1
101.14848615800003,4.630176603999985,09/01/2026,KG TERSUSUN BT 6,PERAK,35,6,79,27.7,5.8
116.13677612900005,6.038449952000008,09/01/2026,KG. CONTOH SUANG PARAI,SABAH,41,15,90,26.1,31.8
101.628348701,3.0835091150000267,09/01/2026,"E12. TM PJS 2C FLAT DESA MENTARI (BLOK 9 , 10)",SELANGOR,48,6,75,27.3,3.0
101.63196433500002,3.0798106380000263,09/01/2026,E12. TM PJS 2C APT MEDAN JAYA (BLOK I),SELANGOR,35,7,75,27.3,3.0
101.61095695,3.0608085050000113,09/01/2026,E13. PJS 9/1 (LAGOON PERDANA & RUMAH KEDAI),SELANGOR,32,5,74,27.4,1.4
116.134069673,6.018204632999982,09/01/2026,KG.WARISAN PH 2,SABAH,40,29,90,26.1,31.8
116.13576592499999,6.017628022999986,09/01/2026,TAMAN PURI WARISAN,SABAH,38,25,90,26.1,31.8
101.71248752899999,3.206255495999983,09/01/2026,TAMAN SETAPAK (JLN SATANG 1),WILAYAH PERSEKUTUAN,36,8,75,27.3,3.0
101.87197875999999,2.895598650000011,09/01/2026,TAMAN SEMENYIH PARKLANDS,SELANGOR,41,29,71,26.6,0.6
101.493268392,2.885318534000021,09/01/2026,TAMAN RAMBAI INDAH,SELANGOR,37,21,72,27.3,0.4
101.662932237,2.7973246199999835,09/01/2026,PANGSAPURI LANGAT UTAMA,SELANGOR,55,46,71,27.3,2.2
101.60213905400002,3.1926946940000107,09/01/2026,"E6. BL PJU 9 SD 13 APT SRI MERANTI (2) [H,J,K,L,M,N,P,Q,R]",SELANGOR,49,18,75,28.0,2.1
101.61892700200002,3.079881549999982,09/01/2026,"E11. SRI PJS 6 FLAT DESA MENTARI 1 (BLOK 1 , 2 , 3)",SELANGOR,47,13,75,27.3,3.0
101.64749145500002,3.0778750189999755,09/01/2026,E12. TM PJS 1 PARK AVENUE KONDO,SELANGOR,41,7,75,27.3,3.0
101.60399246200001,3.077885985000023,09/01/2026,"E11. SRI PJS 10 (TERES 3) [JLN PJS 10/7C , 10/9A , 10/11A - 10/11D]",SELANGOR,60,14,75,27.3,3.0
101.57530593799999,3.1756490480000252,09/01/2026,"E7. KD PJU 5 SEK 8 GUGUSAN KEMUNING (A,B) PPRT",SELANGOR,49,10,75,27.1,3.0
101.60240391100001,3.1945028229999934,09/01/2026,"E6. BL PJU 9 SD 13 APT SRI MERANTI (1) [A,B,C,D,E,F,G]",SELANGOR,62,24,75,28.1,2.1
101.65486526500001,3.049239875000012,09/01/2026,"PPR PINGGIRAN 2(BLOK G,H,J,K,L,M)",WILAYAH PERSEKUTUAN,51,18,74,27.1,1.4
101.580114939,3.151507788999993,09/01/2026,E7. KD PJU 5 SEK 4 GUGUSAN MATAHARI,SELANGOR,33,17,75,27.2,3.0
101.57243728700001,3.1693078289999903,09/01/2026,E7. KD PJU 5 SEK 7 GUGUSAN KEKWA,SELANGOR,33,11,75,27.1,3.0
101.66363211800001,2.798225240000022,09/01/2026,TAMAN LANGAT UTAMA (KEJORA),SELANGOR,46,9,71,27.3,2.2
101.62844085699999,3.0777045500000213,09/01/2026,"E12. TM PJS 2D TMN MEDAN (TERES 2) [JLN PJS 2D/2,4,5,6,7,8,8C,8D,9,10,11,12,14]",SELANGOR,38,9,75,27.3,3.0
101.67660430299998,3.2718447459999993,09/01/2026,FLAT SELAYANG MULIA,SELANGOR,45,9,75,27.6,2.1
103.76978572000002,1.5308252560000142,10/01/2026,TMN ISTIMEWA,JOHOR,33,7,78,25.7,0.4
103.76978572000002,1.5308252560000142,10/01/2026,TMN ISTIMEWA,JOHOR,34,7,78,25.7,0.4
103.76978572000002,1.5308252560000142,10/01/2026,TMN ISTIMEWA,JOHOR,31,7,78,25.7,0.4
100.30830893299998,5.340919699999972,10/01/2026,PUTRA PLACE CONDOMINIUM,PULAU PINANG,59,27,69,28.4,0.0
101.67117360600002,3.2672755080000115,10/01/2026,BDR BARU SELAYANG FASA 2B (ZON B),SELANGOR,44,10,82,27.7,5.2
101.67117360600002,3.2672755080000115,10/01/2026,BDR BARU SELAYANG FASA 2B (ZON B),SELANGOR,45,10,82,27.7,5.2
101.67117360600002,3.2672755080000115,10/01/2026,BDR BARU SELAYANG FASA 2B (ZON B),SELANGOR,42,10,82,27.7,5.2
101.14848615800003,4.630176603999985,10/01/2026,KG TERSUSUN BT 6,PERAK,37,6,76,28.1,1.8
101.14848615800003,4.630176603999985,10/01/2026,KG TERSUSUN BT 6,PERAK,38,6,76,28.1,1.8
101.14848615800003,4.630176603999985,10/01/2026,KG TERSUSUN BT 6,PERAK,35,6,76,28.1,1.8
116.13677612900005,6.038449952000008,10/01/2026,KG. CONTOH SUANG PARAI,SABAH,43,17,84,27.0,0.9
116.13677612900005,6.038449952000008,10/01/2026,KG. CONTOH SUANG PARAI,SABAH,44,17,84,27.0,0.9
116.13677612900005,6.038449952000008,10/01/2026,KG. CONTOH SUANG PARAI,SABAH,41,15,84,27.0,0.9
101.628348701,3.0835091150000267,10/01/2026,"E12. TM PJS 2C FLAT DESA MENTARI (BLOK 9 , 10)",SELANGOR,50,7,78,27.5,6.2
101.628348701,3.0835091150000267,10/01/2026,"E12. TM PJS 2C FLAT DESA MENTARI (BLOK 9 , 10)",SELANGOR,51,7,78,27.5,6.2
101.628348701,3.0835091150000267,10/01/2026,"E12. TM PJS 2C FLAT DESA MENTARI (BLOK 9 , 10)",SELANGOR,48,6,78,27.5,6.2
101.63196433500002,3.0798106380000263,10/01/2026,E12. TM PJS 2C APT MEDAN JAYA (BLOK I),SELANGOR,37,7,78,27.5,6.2
101.63196433500002,3.0798106380000263,10/01/2026,E12. TM PJS 2C APT MEDAN JAYA (BLOK I),SELANGOR,38,7,78,27.5,6.2
101.63196433500002,3.0798106380000263,10/01/2026,E12. TM PJS 2C APT MEDAN JAYA (BLOK I),SELANGOR,35,7,78,27.5,6.2
101.61095695,3.0608085050000113,10/01/2026,E13. PJS 9/1 (LAGOON PERDANA & RUMAH KEDAI),SELANGOR,34,5,79,27.1,6.4
101.61095695,3.0608085050000113,10/01/2026,E13. PJS 9/1 (LAGOON PERDANA & RUMAH KEDAI),SELANGOR,35,5,79,27.1,6.4
101.61095695,3.0608085050000113,10/01/2026,E13. PJS 9/1 (LAGOON PERDANA & RUMAH KEDAI),SELANGOR,32,5,79,27.1,6.4
101.63677034900002,3.039421563000019,10/01/2026,E15. TMN BKT KINRARA (MELOR),SELANGOR,31,14,79,26.9,6.4
116.134069673,6.018204632999982,10/01/2026,KG.WARISAN PH 2,SABAH,42,30,84,27.0,0.9
116.134069673,6.018204632999982,10/01/2026,KG.WARISAN PH 2,SABAH,43,30,84,27.0,0.9
116.134069673,6.018204632999982,10/01/2026,KG.WARISAN PH 2,SABAH,40,29,84,27.0,0.9
116.13576592499999,6.017628022999986,10/01/2026,TAMAN PURI WARISAN,SABAH,40,25,84,26.9,0.9
116.13576592499999,6.017628022999986,10/01/2026,TAMAN PURI WARISAN,SABAH,38,25,84,26.9,0.9
101.71248752899999,3.206255495999983,10/01/2026,TAMAN SETAPAK (JLN SATANG 1),WILAYAH PERSEKUTUAN,38,8,78,27.5,6.2
101.71248752899999,3.206255495999983,10/01/2026,TAMAN SETAPAK (JLN SATANG 1),WILAYAH PERSEKUTUAN,39,8,78,27.5,6.2
101.71248752899999,3.206255495999983,10/01/2026,TAMAN SETAPAK (JLN SATANG 1),WILAYAH PERSEKUTUAN,36,8,78,27.5,6.2
101.87197875999999,2.895598650000011,10/01/2026,TAMAN SEMENYIH PARKLANDS,SELANGOR,43,31,78,26.5,0.1
101.87197875999999,2.895598650000011,10/01/2026,TAMAN SEMENYIH PARKLANDS,SELANGOR,44,31,78,26.5,0.1
101.87197875999999,2.895598650000011,10/01/2026,TAMAN SEMENYIH PARKLANDS,SELANGOR,41,29,78,26.5,0.1
101.493268392,2.885318534000021,10/01/2026,TAMAN RAMBAI INDAH,SELANGOR,39,21,80,26.7,10.1
101.493268392,2.885318534000021,10/01/2026,TAMAN RAMBAI INDAH,SELANGOR,40,21,80,26.7,10.1
101.493268392,2.885318534000021,10/01/2026,TAMAN RAMBAI INDAH,SELANGOR,37,21,80,26.7,10.1
101.662932237,2.7973246199999835,10/01/2026,PANGSAPURI LANGAT UTAMA,SELANGOR,57,47,81,26.8,11.7
101.662932237,2.7973246199999835,10/01/2026,PANGSAPURI LANGAT UTAMA,SELANGOR,58,47,81,26.8,11.7
101.662932237,2.7973246199999835,10/01/2026,PANGSAPURI LANGAT UTAMA,SELANGOR,55,46,81,26.8,11.7
101.60213905400002,3.1926946940000107,10/01/2026,"E6. BL PJU 9 SD 13 APT SRI MERANTI (2) [H,J,K,L,M,N,P,Q,R]",SELANGOR,51,22,82,27.9,5.2
101.60213905400002,3.1926946940000107,10/01/2026,"E6. BL PJU 9 SD 13 APT SRI MERANTI (2) [H,J,K,L,M,N,P,Q,R]",SELANGOR,52,22,82,27.9,5.2
101.60213905400002,3.1926946940000107,10/01/2026,"E6. BL PJU 9 SD 13 APT SRI MERANTI (2) [H,J,K,L,M,N,P,Q,R]",SELANGOR,49,18,82,27.9,5.2
101.61892700200002,3.079881549999982,10/01/2026,"E11. SRI PJS 6 FLAT DESA MENTARI 1 (BLOK 1 , 2 , 3)",SELANGOR,49,13,78,27.5,6.2
101.61892700200002,3.079881549999982,10/01/2026,"E11. SRI PJS 6 FLAT DESA MENTARI 1 (BLOK 1 , 2 , 3)",SELANGOR,50,13,78,27.5,6.2
101.61892700200002,3.079881549999982,10/01/2026,"E11. SRI PJS 6 FLAT DESA MENTARI 1 (BLOK 1 , 2 , 3)",SELANGOR,47,13,78,27.5,6.2
101.64749145500002,3.0778750189999755,10/01/2026,E12. TM PJS 1 PARK AVENUE KONDO,SELANGOR,43,8,78,27.5,6.2
101.64749145500002,3.0778750189999755,10/01/2026,E12. TM PJS 1 PARK AVENUE KONDO,SELANGOR,44,8,78,27.5,6.2
101.64749145500002,3.0778750189999755,10/01/2026,E12. TM PJS 1 PARK AVENUE KONDO,SELANGOR,41,7,78,27.5,6.2
101.60399246200001,3.077885985000023,10/01/2026,"E11. SRI PJS 10 (TERES 3) [JLN PJS 10/7C , 10/9A , 10/11A - 10/11D]",SELANGOR,62,16,78,27.5,6.2
101.60399246200001,3.077885985000023,10/01/2026,"E11. SRI PJS 10 (TERES 3) [JLN PJS 10/7C , 10/9A , 10/11A - 10/11D]",SELANGOR,63,16,78,27.5,6.2
101.60399246200001,3.077885985000023,10/01/2026,"E11. SRI PJS 10 (TERES 3) [JLN PJS 10/7C , 10/9A , 10/11A - 10/11D]",SELANGOR,60,14,78,27.5,6.2
101.57530593799999,3.1756490480000252,10/01/2026,"E7. KD PJU 5 SEK 8 GUGUSAN KEMUNING (A,B) PPRT",SELANGOR,51,10,78,27.2,6.2
101.57530593799999,3.1756490480000252,10/01/2026,"E7. KD PJU 5 SEK 8 GUGUSAN KEMUNING (A,B) PPRT",SELANGOR,52,10,78,27.2,6.2
101.57530593799999,3.1756490480000252,10/01/2026,"E7. KD PJU 5 SEK 8 GUGUSAN KEMUNING (A,B) PPRT",SELANGOR,49,10,78,27.2,6.2
101.63796997100002,3.0817074779999984,10/01/2026,"E12. TM TMN DATO HARUN (TERES 3) [JLN 11,13,2/8,2/15,2/17,PJS 2/2,2/4]",SELANGOR,31,4,78,27.5,6.2
101.63796997100002,3.0817074779999984,10/01/2026,"E12. TM TMN DATO HARUN (TERES 3) [JLN 11,13,2/8,2/15,2/17,PJS 2/2,2/4]",SELANGOR,32,4,78,27.5,6.2
101.60240391100001,3.1945028229999934,10/01/2026,"E6. BL PJU 9 SD 13 APT SRI MERANTI (1) [A,B,C,D,E,F,G]",SELANGOR,64,25,82,27.9,5.2
101.60240391100001,3.1945028229999934,10/01/2026,"E6. BL PJU 9 SD 13 APT SRI MERANTI (1) [A,B,C,D,E,F,G]",SELANGOR,65,25,82,27.9,5.2
101.60240391100001,3.1945028229999934,10/01/2026,"E6. BL PJU 9 SD 13 APT SRI MERANTI (1) [A,B,C,D,E,F,G]",SELANGOR,62,24,82,27.9,5.2
101.65486526500001,3.049239875000012,10/01/2026,"PPR PINGGIRAN 2(BLOK G,H,J,K,L,M)",WILAYAH PERSEKUTUAN,53,18,79,26.8,6.4
101.65486526500001,3.049239875000012,10/01/2026,"PPR PINGGIRAN 2(BLOK G,H,J,K,L,M)",WILAYAH PERSEKUTUAN,54,18,79,26.8,6.4
101.65486526500001,3.049239875000012,10/01/2026,"PPR PINGGIRAN 2(BLOK G,H,J,K,L,M)",WILAYAH PERSEKUTUAN,51,18,79,26.8,6.4
101.580114939,3.151507788999993,10/01/2026,E7. KD PJU 5 SEK 4 GUGUSAN MATAHARI,SELANGOR,35,19,78,27.4,6.2
101.580114939,3.151507788999993,10/01/2026,E7. KD PJU 5 SEK 4 GUGUSAN MATAHARI,SELANGOR,36,20,78,27.4,6.2
101.580114939,3.151507788999993,10/01/2026,E7. KD PJU 5 SEK 4 GUGUSAN MATAHARI,SELANGOR,33,17,78,27.4,6.2
101.57243728700001,3.1693078289999903,10/01/2026,E7. KD PJU 5 SEK 7 GUGUSAN KEKWA,SELANGOR,35,11,78,27.3,6.2
101.57243728700001,3.1693078289999903,10/01/2026,E7. KD PJU 5 SEK 7 GUGUSAN KEKWA,SELANGOR,36,11,78,27.3,6.2
101.57243728700001,3.1693078289999903,10/01/2026,E7. KD PJU 5 SEK 7 GUGUSAN KEKWA,SELANGOR,33,11,78,27.3,6.2
101.66363211800001,2.798225240000022,10/01/2026,TAMAN LANGAT UTAMA (KEJORA),SELANGOR,46,9,81,26.8,11.7
101.62844085699999,3.0777045500000213,10/01/2026,"E12. TM PJS 2D TMN MEDAN (TERES 2) [JLN PJS 2D/2,4,5,6,7,8,8C,8D,9,10,11,12,14]",SELANGOR,40,10,78,27.5,6.2
101.62844085699999,3.0777045500000213,10/01/2026,"E12. TM PJS 2D TMN MEDAN (TERES 2) [JLN PJS 2D/2,4,5,6,7,8,8C,8D,9,10,11,12,14]",SELANGOR,41,10,78,27.5,6.2
101.62844085699999,3.0777045500000213,10/01/2026,"E12. TM PJS 2D TMN MEDAN (TERES 2) [JLN PJS 2D/2,4,5,6,7,8,8C,8D,9,10,11,12,14]",SELANGOR,38,9,78,27.5,6.2
101.67660430299998,3.2718447459999993,10/01/2026,FLAT SELAYANG MULIA,SELANGOR,47,11,82,27.4,5.2
101.67660430299998,3.2718447459999993,10/01/2026,FLAT SELAYANG MULIA,SELANGOR,48,11,82,27.4,5.2
101.67660430299998,3.2718447459999993,10/01/2026,FLAT SELAYANG MULIA,SELANGOR,45,9,82,27.4,5.2
103.76978572000002,1.5308252560000142,11/01/2026,TMN ISTIMEWA,JOHOR,33,7,76,25.7,0.0
103.76978572000002,1.5308252560000142,11/01/2026,TMN ISTIMEWA,JOHOR,34,7,76,25.7,0.0
103.76978572000002,1.5308252560000142,11/01/2026,TMN ISTIMEWA,JOHOR,31,7,76,25.7,0.0
103.76978572000002,1.5308252560000142,11/01/2026,TMN ISTIMEWA,JOHOR,35,7,76,25.7,0.0
100.30830893299998,5.340919699999972,11/01/2026,PUTRA PLACE CONDOMINIUM,PULAU PINANG,59,27,70,28.1,0.0
101.67117360600002,3.2672755080000115,11/01/2026,BDR BARU SELAYANG FASA 2B (ZON B),SELANGOR,44,10,79,27.7,3.5
101.67117360600002,3.2672755080000115,11/01/2026,BDR BARU SELAYANG FASA 2B (ZON B),SELANGOR,45,10,79,27.7,3.5
101.67117360600002,3.2672755080000115,11/01/2026,BDR BARU SELAYANG FASA 2B (ZON B),SELANGOR,42,10,79,27.7,3.5
101.67117360600002,3.2672755080000115,11/01/2026,BDR BARU SELAYANG FASA 2B (ZON B),SELANGOR,46,10,79,27.7,3.5
101.14848615800003,4.630176603999985,11/01/2026,KG TERSUSUN BT 6,PERAK,37,6,76,28.5,0.4
101.14848615800003,4.630176603999985,11/01/2026,KG TERSUSUN BT 6,PERAK,38,6,76,28.5,0.4
101.14848615800003,4.630176603999985,11/01/2026,KG TERSUSUN BT 6,PERAK,35,6,76,28.5,0.4
101.14848615800003,4.630176603999985,11/01/2026,KG TERSUSUN BT 6,PERAK,39,7,76,28.5,0.4
101.084001527,4.584305601999972,11/01/2026,TMN HOOVER,PERAK,31,9,76,28.7,0.4
116.13677612900005,6.038449952000008,11/01/2026,KG. CONTOH SUANG PARAI,SABAH,43,17,85,27.2,1.4
116.13677612900005,6.038449952000008,11/01/2026,KG. CONTOH SUANG PARAI,SABAH,44,17,85,27.2,1.4
116.13677612900005,6.038449952000008,11/01/2026,KG. CONTOH SUANG PARAI,SABAH,41,15,85,27.2,1.4
116.13677612900005,6.038449952000008,11/01/2026,KG. CONTOH SUANG PARAI,SABAH,45,17,85,27.2,1.4
101.628348701,3.0835091150000267,11/01/2026,"E12. TM PJS 2C FLAT DESA MENTARI (BLOK 9 , 10)",SELANGOR,50,7,76,27.3,3.9
101.628348701,3.0835091150000267,11/01/2026,"E12. TM PJS 2C FLAT DESA MENTARI (BLOK 9 , 10)",SELANGOR,51,7,76,27.3,3.9
101.628348701,3.0835091150000267,11/01/2026,"E12. TM PJS 2C FLAT DESA MENTARI (BLOK 9 , 10)",SELANGOR,48,6,76,27.3,3.9
101.628348701,3.0835091150000267,11/01/2026,"E12. TM PJS 2C FLAT DESA MENTARI (BLOK 9 , 10)",SELANGOR,52,7,76,27.3,3.9
101.63196433500002,3.0798106380000263,11/01/2026,E12. TM PJS 2C APT MEDAN JAYA (BLOK I),SELANGOR,37,7,76,27.3,3.9
101.63196433500002,3.0798106380000263,11/01/2026,E12. TM PJS 2C APT MEDAN JAYA (BLOK I),SELANGOR,38,7,76,27.3,3.9
101.63196433500002,3.0798106380000263,11/01/2026,E12. TM PJS 2C APT MEDAN JAYA (BLOK I),SELANGOR,35,7,76,27.3,3.9
101.63196433500002,3.0798106380000263,11/01/2026,E12. TM PJS 2C APT MEDAN JAYA (BLOK I),SELANGOR,39,7,76,27.3,3.9
101.61095695,3.0608085050000113,11/01/2026,E13. PJS 9/1 (LAGOON PERDANA & RUMAH KEDAI),SELANGOR,34,5,78,27.4,2.0
101.61095695,3.0608085050000113,11/01/2026,E13. PJS 9/1 (LAGOON PERDANA & RUMAH KEDAI),SELANGOR,35,5,78,27.4,2.0
101.61095695,3.0608085050000113,11/01/2026,E13. PJS 9/1 (LAGOON PERDANA & RUMAH KEDAI),SELANGOR,32,5,78,27.4,2.0
101.61095695,3.0608085050000113,11/01/2026,E13. PJS 9/1 (LAGOON PERDANA & RUMAH KEDAI),SELANGOR,36,5,78,27.4,2.0
101.63677034900002,3.039421563000019,11/01/2026,E15. TMN BKT KINRARA (MELOR),SELANGOR,31,14,78,27.2,2.0
101.63677034900002,3.039421563000019,11/01/2026,E15. TMN BKT KINRARA (MELOR),SELANGOR,32,14,78,27.2,2.0
116.134069673,6.018204632999982,11/01/2026,KG.WARISAN PH 2,SABAH,42,30,85,27.2,1.4
116.134069673,6.018204632999982,11/01/2026,KG.WARISAN PH 2,SABAH,43,30,85,27.2,1.4
116.134069673,6.018204632999982,11/01/2026,KG.WARISAN PH 2,SABAH,40,29,85,27.2,1.4
116.134069673,6.018204632999982,11/01/2026,KG.WARISAN PH 2,SABAH,44,30,85,27.2,1.4
116.13576592499999,6.017628022999986,11/01/2026,TAMAN PURI WARISAN,SABAH,40,25,85,27.2,1.4
116.13576592499999,6.017628022999986,11/01/2026,TAMAN PURI WARISAN,SABAH,38,25,85,27.2,1.4
101.71248752899999,3.206255495999983,11/01/2026,TAMAN SETAPAK (JLN SATANG 1),WILAYAH PERSEKUTUAN,38,8,76,27.3,3.9
101.71248752899999,3.206255495999983,11/01/2026,TAMAN SETAPAK (JLN SATANG 1),WILAYAH PERSEKUTUAN,39,8,76,27.3,3.9
101.71248752899999,3.206255495999983,11/01/2026,TAMAN SETAPAK (JLN SATANG 1),WILAYAH PERSEKUTUAN,36,8,76,27.3,3.9
101.71248752899999,3.206255495999983,11/01/2026,TAMAN SETAPAK (JLN SATANG 1),WILAYAH PERSEKUTUAN,40,9,76,27.3,3.9
101.87197875999999,2.895598650000011,11/01/2026,TAMAN SEMENYIH PARKLANDS,SELANGOR,43,31,78,26.5,5.5
101.87197875999999,2.895598650000011,11/01/2026,TAMAN SEMENYIH PARKLANDS,SELANGOR,44,31,78,26.5,5.5
101.87197875999999,2.895598650000011,11/01/2026,TAMAN SEMENYIH PARKLANDS,SELANGOR,41,29,78,26.5,5.5
101.87197875999999,2.895598650000011,11/01/2026,TAMAN SEMENYIH PARKLANDS,SELANGOR,45,31,78,26.5,5.5
101.493268392,2.885318534000021,11/01/2026,TAMAN RAMBAI INDAH,SELANGOR,39,21,79,27.1,2.1
101.493268392,2.885318534000021,11/01/2026,TAMAN RAMBAI INDAH,SELANGOR,40,21,79,27.1,2.1
101.493268392,2.885318534000021,11/01/2026,TAMAN RAMBAI INDAH,SELANGOR,37,21,79,27.1,2.1
101.493268392,2.885318534000021,11/01/2026,TAMAN RAMBAI INDAH,SELANGOR,41,21,79,27.1,2.1
101.662932237,2.7973246199999835,11/01/2026,PANGSAPURI LANGAT UTAMA,SELANGOR,57,47,81,27.1,1.3
101.662932237,2.7973246199999835,11/01/2026,PANGSAPURI LANGAT UTAMA,SELANGOR,58,47,81,27.1,1.3
101.662932237,2.7973246199999835,11/01/2026,PANGSAPURI LANGAT UTAMA,SELANGOR,55,46,81,27.1,1.3
101.662932237,2.7973246199999835,11/01/2026,PANGSAPURI LANGAT UTAMA,SELANGOR,59,47,81,27.1,1.3
101.60213905400002,3.1926946940000107,11/01/2026,"E6. BL PJU 9 SD 13 APT SRI MERANTI (2) [H,J,K,L,M,N,P,Q,R]",SELANGOR,51,22,79,27.8,3.5
101.60213905400002,3.1926946940000107,11/01/2026,"E6. BL PJU 9 SD 13 APT SRI MERANTI (2) [H,J,K,L,M,N,P,Q,R]",SELANGOR,52,22,79,27.8,3.5
101.60213905400002,3.1926946940000107,11/01/2026,"E6. BL PJU 9 SD 13 APT SRI MERANTI (2) [H,J,K,L,M,N,P,Q,R]",SELANGOR,49,18,79,27.8,3.5
101.60213905400002,3.1926946940000107,11/01/2026,"E6. BL PJU 9 SD 13 APT SRI MERANTI (2) [H,J,K,L,M,N,P,Q,R]",SELANGOR,53,23,79,27.8,3.5
101.61892700200002,3.079881549999982,11/01/2026,"E11. SRI PJS 6 FLAT DESA MENTARI 1 (BLOK 1 , 2 , 3)",SELANGOR,49,13,76,27.3,3.9
101.61892700200002,3.079881549999982,11/01/2026,"E11. SRI PJS 6 FLAT DESA MENTARI 1 (BLOK 1 , 2 , 3)",SELANGOR,50,13,76,27.3,3.9
101.61892700200002,3.079881549999982,11/01/2026,"E11. SRI PJS 6 FLAT DESA MENTARI 1 (BLOK 1 , 2 , 3)",SELANGOR,47,13,76,27.3,3.9
101.61892700200002,3.079881549999982,11/01/2026,"E11. SRI PJS 6 FLAT DESA MENTARI 1 (BLOK 1 , 2 , 3)",SELANGOR,51,13,76,27.3,3.9
101.64749145500002,3.0778750189999755,11/01/2026,E12. TM PJS 1 PARK AVENUE KONDO,SELANGOR,43,8,76,27.3,3.9
101.64749145500002,3.0778750189999755,11/01/2026,E12. TM PJS 1 PARK AVENUE KONDO,SELANGOR,44,8,76,27.3,3.9
101.64749145500002,3.0778750189999755,11/01/2026,E12. TM PJS 1 PARK AVENUE KONDO,SELANGOR,41,7,76,27.3,3.9
101.64749145500002,3.0778750189999755,11/01/2026,E12. TM PJS 1 PARK AVENUE KONDO,SELANGOR,45,8,76,27.3,3.9
101.60399246200001,3.077885985000023,11/01/2026,"E11. SRI PJS 10 (TERES 3) [JLN PJS 10/7C , 10/9A , 10/11A - 10/11D]",SELANGOR,62,16,76,27.3,3.9
101.60399246200001,3.077885985000023,11/01/2026,"E11. SRI PJS 10 (TERES 3) [JLN PJS 10/7C , 10/9A , 10/11A - 10/11D]",SELANGOR,63,16,76,27.3,3.9
101.60399246200001,3.077885985000023,11/01/2026,"E11. SRI PJS 10 (TERES 3) [JLN PJS 10/7C , 10/9A , 10/11A - 10/11D]",SELANGOR,60,14,76,27.3,3.9
101.60399246200001,3.077885985000023,11/01/2026,"E11. SRI PJS 10 (TERES 3) [JLN PJS 10/7C , 10/9A , 10/11A - 10/11D]",SELANGOR,64,16,76,27.3,3.9
101.57530593799999,3.1756490480000252,11/01/2026,"E7. KD PJU 5 SEK 8 GUGUSAN KEMUNING (A,B) PPRT",SELANGOR,51,10,76,27.1,3.9
101.57530593799999,3.1756490480000252,11/01/2026,"E7. KD PJU 5 SEK 8 GUGUSAN KEMUNING (A,B) PPRT",SELANGOR,52,10,76,27.1,3.9
101.57530593799999,3.1756490480000252,11/01/2026,"E7. KD PJU 5 SEK 8 GUGUSAN KEMUNING (A,B) PPRT",SELANGOR,49,10,76,27.1,3.9
101.57530593799999,3.1756490480000252,11/01/2026,"E7. KD PJU 5 SEK 8 GUGUSAN KEMUNING (A,B) PPRT",SELANGOR,53,10,76,27.1,3.9
101.633338676,3.076355078000006,11/01/2026,E12. TM PJS 2D FLAT DESA MENTARI (BLOK 11),SELANGOR,31,7,76,27.3,3.9
101.63796997100002,3.0817074779999984,11/01/2026,"E12. TM TMN DATO HARUN (TERES 3) [JLN 11,13,2/8,2/15,2/17,PJS 2/2,2/4]",SELANGOR,31,4,76,27.3,3.9
101.63796997100002,3.0817074779999984,11/01/2026,"E12. TM TMN DATO HARUN (TERES 3) [JLN 11,13,2/8,2/15,2/17,PJS 2/2,2/4]",SELANGOR,32,4,76,27.3,3.9
101.63796997100002,3.0817074779999984,11/01/2026,"E12. TM TMN DATO HARUN (TERES 3) [JLN 11,13,2/8,2/15,2/17,PJS 2/2,2/4]",SELANGOR,33,4,76,27.3,3.9
101.60240391100001,3.1945028229999934,11/01/2026,"E6. BL PJU 9 SD 13 APT SRI MERANTI (1) [A,B,C,D,E,F,G]",SELANGOR,64,25,79,27.9,3.5
101.60240391100001,3.1945028229999934,11/01/2026,"E6. BL PJU 9 SD 13 APT SRI MERANTI (1) [A,B,C,D,E,F,G]",SELANGOR,65,25,79,27.9,3.5
101.60240391100001,3.1945028229999934,11/01/2026,"E6. BL PJU 9 SD 13 APT SRI MERANTI (1) [A,B,C,D,E,F,G]",SELANGOR,62,24,79,27.9,3.5
101.60240391100001,3.1945028229999934,11/01/2026,"E6. BL PJU 9 SD 13 APT SRI MERANTI (1) [A,B,C,D,E,F,G]",SELANGOR,66,26,79,27.9,3.5
101.65486526500001,3.049239875000012,11/01/2026,"PPR PINGGIRAN 2(BLOK G,H,J,K,L,M)",WILAYAH PERSEKUTUAN,53,18,78,27.1,2.0
101.65486526500001,3.049239875000012,11/01/2026,"PPR PINGGIRAN 2(BLOK G,H,J,K,L,M)",WILAYAH PERSEKUTUAN,54,18,78,27.1,2.0
101.65486526500001,3.049239875000012,11/01/2026,"PPR PINGGIRAN 2(BLOK G,H,J,K,L,M)",WILAYAH PERSEKUTUAN,51,18,78,27.1,2.0
101.65486526500001,3.049239875000012,11/01/2026,"PPR PINGGIRAN 2(BLOK G,H,J,K,L,M)",WILAYAH PERSEKUTUAN,55,18,78,27.1,2.0
101.580114939,3.151507788999993,11/01/2026,E7. KD PJU 5 SEK 4 GUGUSAN MATAHARI,SELANGOR,35,19,76,27.2,3.9
101.580114939,3.151507788999993,11/01/2026,E7. KD PJU 5 SEK 4 GUGUSAN MATAHARI,SELANGOR,36,20,76,27.2,3.9
101.580114939,3.151507788999993,11/01/2026,E7. KD PJU 5 SEK 4 GUGUSAN MATAHARI,SELANGOR,33,17,76,27.2,3.9
101.580114939,3.151507788999993,11/01/2026,E7. KD PJU 5 SEK 4 GUGUSAN MATAHARI,SELANGOR,37,20,76,27.2,3.9
101.57243728700001,3.1693078289999903,11/01/2026,E7. KD PJU 5 SEK 7 GUGUSAN KEKWA,SELANGOR,35,11,76,27.1,3.9
101.57243728700001,3.1693078289999903,11/01/2026,E7. KD PJU 5 SEK 7 GUGUSAN KEKWA,SELANGOR,36,11,76,27.1,3.9
101.57243728700001,3.1693078289999903,11/01/2026,E7. KD PJU 5 SEK 7 GUGUSAN KEKWA,SELANGOR,33,11,76,27.1,3.9
101.57243728700001,3.1693078289999903,11/01/2026,E7. KD PJU 5 SEK 7 GUGUSAN KEKWA,SELANGOR,37,11,76,27.1,3.9
101.66363211800001,2.798225240000022,11/01/2026,TAMAN LANGAT UTAMA (KEJORA),SELANGOR,46,9,81,27.1,1.3
101.62844085699999,3.0777045500000213,11/01/2026,"E12. TM PJS 2D TMN MEDAN (TERES 2) [JLN PJS 2D/2,4,5,6,7,8,8C,8D,9,10,11,12,14]",SELANGOR,40,10,76,27.3,3.9
101.62844085699999,3.0777045500000213,11/01/2026,"E12. TM PJS 2D TMN MEDAN (TERES 2) [JLN PJS 2D/2,4,5,6,7,8,8C,8D,9,10,11,12,14]",SELANGOR,41,10,76,27.3,3.9
101.62844085699999,3.0777045500000213,11/01/2026,"E12. TM PJS 2D TMN MEDAN (TERES 2) [JLN PJS 2D/2,4,5,6,7,8,8C,8D,9,10,11,12,14]",SELANGOR,38,9,76,27.3,3.9
101.62844085699999,3.0777045500000213,11/01/2026,"E12. TM PJS 2D TMN MEDAN (TERES 2) [JLN PJS 2D/2,4,5,6,7,8,8C,8D,9,10,11,12,14]",SELANGOR,42,10,76,27.3,3.9
101.67660430299998,3.2718447459999993,11/01/2026,FLAT SELAYANG MULIA,SELANGOR,47,11,79,27.4,3.5
101.67660430299998,3.2718447459999993,11/01/2026,FLAT SELAYANG MULIA,SELANGOR,48,11,79,27.4,3.5
101.67660430299998,3.2718447459999993,11/01/2026,FLAT SELAYANG MULIA,SELANGOR,45,9,79,27.4,3.5
101.67660430299998,3.2718447459999993,11/01/2026,FLAT SELAYANG MULIA,SELANGOR,49,11,79,27.4,3.5
