x,y,date,area,state,days_duration,total_active_cases,humidity,temperature,rainfall
101.61369705200002,3.090625763999981,23/04/2025,E9. KT SS 8 APT KELANA IMPIAN,SELANGOR,32,9,85.66666666666667,26.6,15.5
101.61369705200002,3.090625763999981,24/04/2025,E9. KT SS 8 APT KELANA IMPIAN,SELANGOR,32,9,82.08333333333333,27.3,6.6
101.61369705200002,3.090625763999981,25/04/2025,E9. KT SS 8 APT KELANA IMPIAN,SELANGOR,34,9,77.04166666666667,28.6,0.1
101.61369705200002,3.090625763999981,26/04/2025,E9. KT SS 8 APT KELANA IMPIAN,SELANGOR,34,9,86.41666666666667,27.0,8.7
101.61369705200002,3.090625763999981,27/04/2025,E9. KT SS 8 APT KELANA IMPIAN,SELANGOR,34,9,81.25,27.5,4.2
101.61746538,3.078889870000012,28/04/2025,"E11. SRI PJS 6 FLAT DESA MENTARI 2 (BLOK 4 , 5 , 6)",SELANGOR,33,5,85.95833333333333,26.8,13.2
101.61369705200002,3.090625763999981,28/04/2025,E9. KT SS 8 APT KELANA IMPIAN,SELANGOR,34,9,85.95833333333333,26.7,13.2
101.61369705200002,3.090625763999981,28/04/2025,E9. KT SS 8 APT KELANA IMPIAN,SELANGOR,37,10,85.95833333333333,26.7,13.2
101.61746538,3.078889870000012,29/04/2025,"E11. SRI PJS 6 FLAT DESA MENTARI 2 (BLOK 4 , 5 , 6)",SELANGOR,33,5,81.29166666666667,27.3,4.8
101.61369705200002,3.090625763999981,29/04/2025,E9. KT SS 8 APT KELANA IMPIAN,SELANGOR,34,9,81.29166666666667,27.2,4.8
101.61369705200002,3.090625763999981,29/04/2025,E9. KT SS 8 APT KELANA IMPIAN,SELANGOR,37,10,81.29166666666667,27.2,4.8
101.61746538,3.078889870000012,30/04/2025,"E11. SRI PJS 6 FLAT DESA MENTARI 2 (BLOK 4 , 5 , 6)",SELANGOR,35,5,85.58333333333333,26.7,8.2
101.61746538,3.078889870000012,30/04/2025,"E11. SRI PJS 6 FLAT DESA MENTARI 2 (BLOK 4 , 5 , 6)",SELANGOR,33,5,85.58333333333333,26.7,8.2
101.61369705200002,3.090625763999981,30/04/2025,E9. KT SS 8 APT KELANA IMPIAN,SELANGOR,39,10,85.58333333333333,26.7,8.2
101.61369705200002,3.090625763999981,30/04/2025,E9. KT SS 8 APT KELANA IMPIAN,SELANGOR,34,9,85.58333333333333,26.7,8.2
101.61369705200002,3.090625763999981,30/04/2025,E9. KT SS 8 APT KELANA IMPIAN,SELANGOR,37,10,85.58333333333333,26.7,8.2
101.61746538,3.078889870000012,01/05/2025,"E11. SRI PJS 6 FLAT DESA MENTARI 2 (BLOK 4 , 5 , 6)",SELANGOR,36,5,85.25,27.1,11.6
101.61369705200002,3.090625763999981,01/05/2025,E9. KT SS 8 APT KELANA IMPIAN,SELANGOR,40,10,85.25,27.0,11.6
101.61746538,3.078889870000012,02/05/2025,"E11. SRI PJS 6 FLAT DESA MENTARI 2 (BLOK 4 , 5 , 6)",SELANGOR,36,5,84.16666666666667,27.5,8.3
101.61746538,3.078889870000012,02/05/2025,"E11. SRI PJS 6 FLAT DESA MENTARI 2 (BLOK 4 , 5 , 6)",SELANGOR,37,6,84.16666666666667,27.5,8.3
101.61369705200002,3.090625763999981,02/05/2025,E9. KT SS 8 APT KELANA IMPIAN,SELANGOR,40,10,84.16666666666667,27.5,8.3
101.61369705200002,3.090625763999981,02/05/2025,E9. KT SS 8 APT KELANA IMPIAN,SELANGOR,41,10,84.16666666666667,27.5,8.3
101.61746538,3.078889870000012,03/05/2025,"E11. SRI PJS 6 FLAT DESA MENTARI 2 (BLOK 4 , 5 , 6)",SELANGOR,38,6,87.20833333333333,26.8,17.8
101.61746538,3.078889870000012,03/05/2025,"E11. SRI PJS 6 FLAT DESA MENTARI 2 (BLOK 4 , 5 , 6)",SELANGOR,36,5,87.20833333333333,26.8,17.8
101.61746538,3.078889870000012,03/05/2025,"E11. SRI PJS 6 FLAT DESA MENTARI 2 (BLOK 4 , 5 , 6)",SELANGOR,37,6,87.20833333333333,26.8,17.8
101.61369705200002,3.090625763999981,03/05/2025,E9. KT SS 8 APT KELANA IMPIAN,SELANGOR,42,10,87.20833333333333,26.8,17.8
101.61369705200002,3.090625763999981,03/05/2025,E9. KT SS 8 APT KELANA IMPIAN,SELANGOR,40,10,87.20833333333333,26.8,17.8
101.61369705200002,3.090625763999981,03/05/2025,E9. KT SS 8 APT KELANA IMPIAN,SELANGOR,41,10,87.20833333333333,26.8,17.8
101.61746538,3.078889870000012,04/05/2025,"E11. SRI PJS 6 FLAT DESA MENTARI 2 (BLOK 4 , 5 , 6)",SELANGOR,38,6,89.95833333333333,26.0,16.3
101.61746538,3.078889870000012,04/05/2025,"E11. SRI PJS 6 FLAT DESA MENTARI 2 (BLOK 4 , 5 , 6)",SELANGOR,36,5,89.95833333333333,26.0,16.3
101.61746538,3.078889870000012,04/05/2025,"E11. SRI PJS 6 FLAT DESA MENTARI 2 (BLOK 4 , 5 , 6)",SELANGOR,37,6,89.95833333333333,26.0,16.3
101.61746538,3.078889870000012,04/05/2025,"E11. SRI PJS 6 FLAT DESA MENTARI 2 (BLOK 4 , 5 , 6)",SELANGOR,39,6,89.95833333333333,26.0,16.3
101.61369705200002,3.090625763999981,04/05/2025,E9. KT SS 8 APT KELANA IMPIAN,SELANGOR,42,10,89.95833333333333,25.9,16.3
101.61369705200002,3.090625763999981,04/05/2025,E9. KT SS 8 APT KELANA IMPIAN,SELANGOR,40,10,89.95833333333333,25.9,16.3
101.61369705200002,3.090625763999981,04/05/2025,E9. KT SS 8 APT KELANA IMPIAN,SELANGOR,41,10,89.95833333333333,25.9,16.3
101.61369705200002,3.090625763999981,04/05/2025,E9. KT SS 8 APT KELANA IMPIAN,SELANGOR,43,10,89.95833333333333,25.9,16.3
101.61746538,3.078889870000012,05/05/2025,"E11. SRI PJS 6 FLAT DESA MENTARI 2 (BLOK 4 , 5 , 6)",SELANGOR,38,6,89.04166666666667,26.1,18.5
101.61746538,3.078889870000012,05/05/2025,"E11. SRI PJS 6 FLAT DESA MENTARI 2 (BLOK 4 , 5 , 6)",SELANGOR,36,5,89.04166666666667,26.1,18.5
101.61746538,3.078889870000012,05/05/2025,"E11. SRI PJS 6 FLAT DESA MENTARI 2 (BLOK 4 , 5 , 6)",SELANGOR,37,6,89.04166666666667,26.1,18.5
101.61746538,3.078889870000012,05/05/2025,"E11. SRI PJS 6 FLAT DESA MENTARI 2 (BLOK 4 , 5 , 6)",SELANGOR,39,6,89.04166666666667,26.1,18.5
101.61746538,3.078889870000012,05/05/2025,"E11. SRI PJS 6 FLAT DESA MENTARI 2 (BLOK 4 , 5 , 6)",SELANGOR,40,6,89.04166666666667,26.1,18.5
101.61369705200002,3.090625763999981,05/05/2025,E9. KT SS 8 APT KELANA IMPIAN,SELANGOR,42,10,89.0,26.1,18.5
101.61369705200002,3.090625763999981,05/05/2025,E9. KT SS 8 APT KELANA IMPIAN,SELANGOR,40,10,89.0,26.1,18.5
101.61369705200002,3.090625763999981,05/05/2025,E9. KT SS 8 APT KELANA IMPIAN,SELANGOR,41,10,89.0,26.1,18.5
101.61369705200002,3.090625763999981,05/05/2025,E9. KT SS 8 APT KELANA IMPIAN,SELANGOR,43,10,89.0,26.1,18.5
101.61369705200002,3.090625763999981,05/05/2025,E9. KT SS 8 APT KELANA IMPIAN,SELANGOR,44,10,89.0,26.1,18.5
101.61746538,3.078889870000012,06/05/2025,"E11. SRI PJS 6 FLAT DESA MENTARI 2 (BLOK 4 , 5 , 6)",SELANGOR,38,6,80.25,28.4,2.3
101.61746538,3.078889870000012,06/05/2025,"E11. SRI PJS 6 FLAT DESA MENTARI 2 (BLOK 4 , 5 , 6)",SELANGOR,36,5,80.25,28.4,2.3
101.61746538,3.078889870000012,06/05/2025,"E11. SRI PJS 6 FLAT DESA MENTARI 2 (BLOK 4 , 5 , 6)",SELANGOR,37,6,80.25,28.4,2.3
101.61746538,3.078889870000012,06/05/2025,"E11. SRI PJS 6 FLAT DESA MENTARI 2 (BLOK 4 , 5 , 6)",SELANGOR,39,6,80.25,28.4,2.3
101.61746538,3.078889870000012,06/05/2025,"E11. SRI PJS 6 FLAT DESA MENTARI 2 (BLOK 4 , 5 , 6)",SELANGOR,40,6,80.25,28.4,2.3
101.61369705200002,3.090625763999981,06/05/2025,E9. KT SS 8 APT KELANA IMPIAN,SELANGOR,42,10,80.25,28.3,2.3
101.61369705200002,3.090625763999981,06/05/2025,E9. KT SS 8 APT KELANA IMPIAN,SELANGOR,40,10,80.25,28.3,2.3
101.61369705200002,3.090625763999981,06/05/2025,E9. KT SS 8 APT KELANA IMPIAN,SELANGOR,41,10,80.25,28.3,2.3
101.61369705200002,3.090625763999981,06/05/2025,E9. KT SS 8 APT KELANA IMPIAN,SELANGOR,43,10,80.25,28.3,2.3
101.61369705200002,3.090625763999981,06/05/2025,E9. KT SS 8 APT KELANA IMPIAN,SELANGOR,44,10,80.25,28.3,2.3
101.61746538,3.078889870000012,07/05/2025,"E11. SRI PJS 6 FLAT DESA MENTARI 2 (BLOK 4 , 5 , 6)",SELANGOR,38,6,83.54166666666667,27.8,5.6
101.61746538,3.078889870000012,07/05/2025,"E11. SRI PJS 6 FLAT DESA MENTARI 2 (BLOK 4 , 5 , 6)",SELANGOR,36,5,83.54166666666667,27.8,5.6
101.61746538,3.078889870000012,07/05/2025,"E11. SRI PJS 6 FLAT DESA MENTARI 2 (BLOK 4 , 5 , 6)",SELANGOR,42,6,83.54166666666667,27.8,5.6
101.61746538,3.078889870000012,07/05/2025,"E11. SRI PJS 6 FLAT DESA MENTARI 2 (BLOK 4 , 5 , 6)",SELANGOR,37,6,83.54166666666667,27.8,5.6
101.61746538,3.078889870000012,07/05/2025,"E11. SRI PJS 6 FLAT DESA MENTARI 2 (BLOK 4 , 5 , 6)",SELANGOR,39,6,83.54166666666667,27.8,5.6
101.61746538,3.078889870000012,07/05/2025,"E11. SRI PJS 6 FLAT DESA MENTARI 2 (BLOK 4 , 5 , 6)",SELANGOR,40,6,83.54166666666667,27.8,5.6
101.61369705200002,3.090625763999981,07/05/2025,E9. KT SS 8 APT KELANA IMPIAN,SELANGOR,42,10,83.54166666666667,27.8,5.6
101.61369705200002,3.090625763999981,07/05/2025,E9. KT SS 8 APT KELANA IMPIAN,SELANGOR,40,10,83.54166666666667,27.8,5.6
101.61369705200002,3.090625763999981,07/05/2025,E9. KT SS 8 APT KELANA IMPIAN,SELANGOR,46,10,83.54166666666667,27.8,5.6
101.61369705200002,3.090625763999981,07/05/2025,E9. KT SS 8 APT KELANA IMPIAN,SELANGOR,41,10,83.54166666666667,27.8,5.6
101.61369705200002,3.090625763999981,07/05/2025,E9. KT SS 8 APT KELANA IMPIAN,SELANGOR,43,10,83.54166666666667,27.8,5.6
101.61369705200002,3.090625763999981,07/05/2025,E9. KT SS 8 APT KELANA IMPIAN,SELANGOR,44,10,83.54166666666667,27.8,5.6
101.61746538,3.078889870000012,08/05/2025,"E11. SRI PJS 6 FLAT DESA MENTARI 2 (BLOK 4 , 5 , 6)",SELANGOR,43,6,83.20833333333333,27.7,3.0
101.61369705200002,3.090625763999981,08/05/2025,E9. KT SS 8 APT KELANA IMPIAN,SELANGOR,47,10,83.20833333333333,27.7,3.0
101.61746538,3.078889870000012,09/05/2025,"E11. SRI PJS 6 FLAT DESA MENTARI 2 (BLOK 4 , 5 , 6)",SELANGOR,43,6,84.375,27.8,3.3
101.61746538,3.078889870000012,09/05/2025,"E11. SRI PJS 6 FLAT DESA MENTARI 2 (BLOK 4 , 5 , 6)",SELANGOR,44,6,84.375,27.8,3.3
101.61369705200002,3.090625763999981,09/05/2025,E9. KT SS 8 APT KELANA IMPIAN,SELANGOR,47,10,84.375,27.7,3.3
101.61369705200002,3.090625763999981,09/05/2025,E9. KT SS 8 APT KELANA IMPIAN,SELANGOR,48,10,84.375,27.7,3.3
101.61746538,3.078889870000012,10/05/2025,"E11. SRI PJS 6 FLAT DESA MENTARI 2 (BLOK 4 , 5 , 6)",SELANGOR,43,6,81.25,28.0,8.4
101.61746538,3.078889870000012,10/05/2025,"E11. SRI PJS 6 FLAT DESA MENTARI 2 (BLOK 4 , 5 , 6)",SELANGOR,44,6,81.25,28.0,8.4
101.61746538,3.078889870000012,10/05/2025,"E11. SRI PJS 6 FLAT DESA MENTARI 2 (BLOK 4 , 5 , 6)",SELANGOR,45,6,81.25,28.0,8.4
101.61369705200002,3.090625763999981,10/05/2025,E9. KT SS 8 APT KELANA IMPIAN,SELANGOR,47,10,81.25,27.9,8.4
101.61369705200002,3.090625763999981,10/05/2025,E9. KT SS 8 APT KELANA IMPIAN,SELANGOR,48,10,81.25,27.9,8.4
101.61746538,3.078889870000012,11/05/2025,"E11. SRI PJS 6 FLAT DESA MENTARI 2 (BLOK 4 , 5 , 6)",SELANGOR,43,6,84.08333333333333,27.6,1.6
101.61746538,3.078889870000012,11/05/2025,"E11. SRI PJS 6 FLAT DESA MENTARI 2 (BLOK 4 , 5 , 6)",SELANGOR,44,6,84.08333333333333,27.6,1.6
101.61746538,3.078889870000012,11/05/2025,"E11. SRI PJS 6 FLAT DESA MENTARI 2 (BLOK 4 , 5 , 6)",SELANGOR,46,6,84.08333333333333,27.6,1.6
101.61746538,3.078889870000012,11/05/2025,"E11. SRI PJS 6 FLAT DESA MENTARI 2 (BLOK 4 , 5 , 6)",SELANGOR,45,6,84.08333333333333,27.6,1.6
101.61369705200002,3.090625763999981,11/05/2025,E9. KT SS 8 APT KELANA IMPIAN,SELANGOR,47,10,84.08333333333333,27.6,1.6
101.61369705200002,3.090625763999981,11/05/2025,E9. KT SS 8 APT KELANA IMPIAN,SELANGOR,48,10,84.08333333333333,27.6,1.6
101.61746538,3.078889870000012,12/05/2025,"E11. SRI PJS 6 FLAT DESA MENTARI 2 (BLOK 4 , 5 , 6)",SELANGOR,43,6,79.83333333333333,28.5,0.5
101.61746538,3.078889870000012,12/05/2025,"E11. SRI PJS 6 FLAT DESA MENTARI 2 (BLOK 4 , 5 , 6)",SELANGOR,44,6,79.83333333333333,28.5,0.5
101.61746538,3.078889870000012,12/05/2025,"E11. SRI PJS 6 FLAT DESA MENTARI 2 (BLOK 4 , 5 , 6)",SELANGOR,46,6,79.83333333333333,28.5,0.5
101.61746538,3.078889870000012,12/05/2025,"E11. SRI PJS 6 FLAT DESA MENTARI 2 (BLOK 4 , 5 , 6)",SELANGOR,45,6,79.83333333333333,28.5,0.5
101.61746538,3.078889870000012,12/05/2025,"E11. SRI PJS 6 FLAT DESA MENTARI 2 (BLOK 4 , 5 , 6)",SELANGOR,47,6,79.83333333333333,28.5,0.5
101.61369705200002,3.090625763999981,12/05/2025,E9. KT SS 8 APT KELANA IMPIAN,SELANGOR,47,10,79.83333333333333,28.4,0.5
101.61369705200002,3.090625763999981,12/05/2025,E9. KT SS 8 APT KELANA IMPIAN,SELANGOR,48,10,79.83333333333333,28.4,0.5
101.61746538,3.078889870000012,13/05/2025,"E11. SRI PJS 6 FLAT DESA MENTARI 2 (BLOK 4 , 5 , 6)",SELANGOR,43,6,78.25,28.8,6.5
101.61746538,3.078889870000012,13/05/2025,"E11. SRI PJS 6 FLAT DESA MENTARI 2 (BLOK 4 , 5 , 6)",SELANGOR,48,6,78.25,28.8,6.5
101.61746538,3.078889870000012,13/05/2025,"E11. SRI PJS 6 FLAT DESA MENTARI 2 (BLOK 4 , 5 , 6)",SELANGOR,44,6,78.25,28.8,6.5
101.61746538,3.078889870000012,13/05/2025,"E11. SRI PJS 6 FLAT DESA MENTARI 2 (BLOK 4 , 5 , 6)",SELANGOR,46,6,78.25,28.8,6.5
101.61746538,3.078889870000012,13/05/2025,"E11. SRI PJS 6 FLAT DESA MENTARI 2 (BLOK 4 , 5 , 6)",SELANGOR,45,6,78.25,28.8,6.5
101.61746538,3.078889870000012,13/05/2025,"E11. SRI PJS 6 FLAT DESA MENTARI 2 (BLOK 4 , 5 , 6)",SELANGOR,47,6,78.25,28.8,6.5
101.61369705200002,3.090625763999981,13/05/2025,E9. KT SS 8 APT KELANA IMPIAN,SELANGOR,47,10,78.25,28.7,6.5
101.61369705200002,3.090625763999981,13/05/2025,E9. KT SS 8 APT KELANA IMPIAN,SELANGOR,48,10,78.25,28.7,6.5
101.647563935,3.1525615460000154,13/05/2025,BUKIT DAMANSARA (DESA DAMANSARA CONDOMINIUM),WILAYAH PERSEKUTUAN,31,5,78.625,28.1,6.3
101.61746538,3.078889870000012,14/05/2025,"E11. SRI PJS 6 FLAT DESA MENTARI 2 (BLOK 4 , 5 , 6)",SELANGOR,49,6,77.91666666666667,28.8,2.7
101.61746538,3.078889870000012,14/05/2025,"E11. SRI PJS 6 FLAT DESA MENTARI 2 (BLOK 4 , 5 , 6)",SELANGOR,43,6,77.91666666666667,28.8,2.7
101.61746538,3.078889870000012,14/05/2025,"E11. SRI PJS 6 FLAT DESA MENTARI 2 (BLOK 4 , 5 , 6)",SELANGOR,48,6,77.91666666666667,28.8,2.7
101.61746538,3.078889870000012,14/05/2025,"E11. SRI PJS 6 FLAT DESA MENTARI 2 (BLOK 4 , 5 , 6)",SELANGOR,44,6,77.91666666666667,28.8,2.7
101.61746538,3.078889870000012,14/05/2025,"E11. SRI PJS 6 FLAT DESA MENTARI 2 (BLOK 4 , 5 , 6)",SELANGOR,46,6,77.91666666666667,28.8,2.7
101.61746538,3.078889870000012,14/05/2025,"E11. SRI PJS 6 FLAT DESA MENTARI 2 (BLOK 4 , 5 , 6)",SELANGOR,45,6,77.91666666666667,28.8,2.7
101.61746538,3.078889870000012,14/05/2025,"E11. SRI PJS 6 FLAT DESA MENTARI 2 (BLOK 4 , 5 , 6)",SELANGOR,47,6,77.91666666666667,28.8,2.7
101.61369705200002,3.090625763999981,14/05/2025,E9. KT SS 8 APT KELANA IMPIAN,SELANGOR,47,10,77.91666666666667,28.7,2.7
101.61369705200002,3.090625763999981,14/05/2025,E9. KT SS 8 APT KELANA IMPIAN,SELANGOR,48,10,77.91666666666667,28.7,2.7
101.647563935,3.1525615460000154,14/05/2025,BUKIT DAMANSARA (DESA DAMANSARA CONDOMINIUM),WILAYAH PERSEKUTUAN,32,7,78.5,28.1,7.7
101.647563935,3.1525615460000154,14/05/2025,BUKIT DAMANSARA (DESA DAMANSARA CONDOMINIUM),WILAYAH PERSEKUTUAN,31,5,78.5,28.1,7.7
101.647563935,3.1525615460000154,15/05/2025,BUKIT DAMANSARA (DESA DAMANSARA CONDOMINIUM),WILAYAH PERSEKUTUAN,33,7,73.375,28.6,0.1
101.647563935,3.1525615460000154,16/05/2025,BUKIT DAMANSARA (DESA DAMANSARA CONDOMINIUM),WILAYAH PERSEKUTUAN,33,7,79.45833333333333,27.7,2.4
101.647563935,3.1525615460000154,16/05/2025,BUKIT DAMANSARA (DESA DAMANSARA CONDOMINIUM),WILAYAH PERSEKUTUAN,34,7,79.45833333333333,27.7,2.4
101.647563935,3.1525615460000154,17/05/2025,BUKIT DAMANSARA (DESA DAMANSARA CONDOMINIUM),WILAYAH PERSEKUTUAN,33,7,78.79166666666667,28.2,0.4
101.647563935,3.1525615460000154,17/05/2025,BUKIT DAMANSARA (DESA DAMANSARA CONDOMINIUM),WILAYAH PERSEKUTUAN,35,7,78.79166666666667,28.2,0.4
101.647563935,3.1525615460000154,17/05/2025,BUKIT DAMANSARA (DESA DAMANSARA CONDOMINIUM),WILAYAH PERSEKUTUAN,34,7,78.79166666666667,28.2,0.4
101.647563935,3.1525615460000154,18/05/2025,BUKIT DAMANSARA (DESA DAMANSARA CONDOMINIUM),WILAYAH PERSEKUTUAN,33,7,85.875,26.7,9.1
101.647563935,3.1525615460000154,18/05/2025,BUKIT DAMANSARA (DESA DAMANSARA CONDOMINIUM),WILAYAH PERSEKUTUAN,35,7,85.875,26.7,9.1
101.647563935,3.1525615460000154,18/05/2025,BUKIT DAMANSARA (DESA DAMANSARA CONDOMINIUM),WILAYAH PERSEKUTUAN,34,7,85.875,26.7,9.1
101.647563935,3.1525615460000154,18/05/2025,BUKIT DAMANSARA (DESA DAMANSARA CONDOMINIUM),WILAYAH PERSEKUTUAN,36,7,85.875,26.7,9.1
101.647563935,3.1525615460000154,19/05/2025,BUKIT DAMANSARA (DESA DAMANSARA CONDOMINIUM),WILAYAH PERSEKUTUAN,37,7,87.5,26.3,14.3
101.647563935,3.1525615460000154,19/05/2025,BUKIT DAMANSARA (DESA DAMANSARA CONDOMINIUM),WILAYAH PERSEKUTUAN,33,7,87.5,26.3,14.3
101.647563935,3.1525615460000154,19/05/2025,BUKIT DAMANSARA (DESA DAMANSARA CONDOMINIUM),WILAYAH PERSEKUTUAN,35,7,87.5,26.3,14.3
101.647563935,3.1525615460000154,19/05/2025,BUKIT DAMANSARA (DESA DAMANSARA CONDOMINIUM),WILAYAH PERSEKUTUAN,34,7,87.5,26.3,14.3
101.647563935,3.1525615460000154,19/05/2025,BUKIT DAMANSARA (DESA DAMANSARA CONDOMINIUM),WILAYAH PERSEKUTUAN,36,7,87.5,26.3,14.3
101.647563935,3.1525615460000154,20/05/2025,BUKIT DAMANSARA (DESA DAMANSARA CONDOMINIUM),WILAYAH PERSEKUTUAN,37,7,87.83333333333333,26.0,18.2
101.647563935,3.1525615460000154,20/05/2025,BUKIT DAMANSARA (DESA DAMANSARA CONDOMINIUM),WILAYAH PERSEKUTUAN,33,7,87.83333333333333,26.0,18.2
101.647563935,3.1525615460000154,20/05/2025,BUKIT DAMANSARA (DESA DAMANSARA CONDOMINIUM),WILAYAH PERSEKUTUAN,35,7,87.83333333333333,26.0,18.2
101.647563935,3.1525615460000154,20/05/2025,BUKIT DAMANSARA (DESA DAMANSARA CONDOMINIUM),WILAYAH PERSEKUTUAN,34,7,87.83333333333333,26.0,18.2
101.647563935,3.1525615460000154,20/05/2025,BUKIT DAMANSARA (DESA DAMANSARA CONDOMINIUM),WILAYAH PERSEKUTUAN,38,8,87.83333333333333,26.0,18.2
101.647563935,3.1525615460000154,20/05/2025,BUKIT DAMANSARA (DESA DAMANSARA CONDOMINIUM),WILAYAH PERSEKUTUAN,36,7,87.83333333333333,26.0,18.2
101.647563935,3.1525615460000154,21/05/2025,BUKIT DAMANSARA (DESA DAMANSARA CONDOMINIUM),WILAYAH PERSEKUTUAN,37,7,88.83333333333333,26.0,20.9
101.647563935,3.1525615460000154,21/05/2025,BUKIT DAMANSARA (DESA DAMANSARA CONDOMINIUM),WILAYAH PERSEKUTUAN,39,8,88.83333333333333,26.0,20.9
101.647563935,3.1525615460000154,21/05/2025,BUKIT DAMANSARA (DESA DAMANSARA CONDOMINIUM),WILAYAH PERSEKUTUAN,33,7,88.83333333333333,26.0,20.9
101.647563935,3.1525615460000154,21/05/2025,BUKIT DAMANSARA (DESA DAMANSARA CONDOMINIUM),WILAYAH PERSEKUTUAN,35,7,88.83333333333333,26.0,20.9
101.647563935,3.1525615460000154,21/05/2025,BUKIT DAMANSARA (DESA DAMANSARA CONDOMINIUM),WILAYAH PERSEKUTUAN,34,7,88.83333333333333,26.0,20.9
101.647563935,3.1525615460000154,21/05/2025,BUKIT DAMANSARA (DESA DAMANSARA CONDOMINIUM),WILAYAH PERSEKUTUAN,38,8,88.83333333333333,26.0,20.9
101.647563935,3.1525615460000154,21/05/2025,BUKIT DAMANSARA (DESA DAMANSARA CONDOMINIUM),WILAYAH PERSEKUTUAN,36,7,88.83333333333333,26.0,20.9
101.647563935,3.1525615460000154,22/05/2025,BUKIT DAMANSARA (DESA DAMANSARA CONDOMINIUM),WILAYAH PERSEKUTUAN,40,8,86.25,26.6,5.5
101.647563935,3.1525615460000154,23/05/2025,BUKIT DAMANSARA (DESA DAMANSARA CONDOMINIUM),WILAYAH PERSEKUTUAN,41,8,80.58333333333333,27.5,0.7
101.647563935,3.1525615460000154,23/05/2025,BUKIT DAMANSARA (DESA DAMANSARA CONDOMINIUM),WILAYAH PERSEKUTUAN,40,8,80.58333333333333,27.5,0.7
101.647563935,3.1525615460000154,24/05/2025,BUKIT DAMANSARA (DESA DAMANSARA CONDOMINIUM),WILAYAH PERSEKUTUAN,41,8,76.95833333333333,28.2,1.0
101.647563935,3.1525615460000154,24/05/2025,BUKIT DAMANSARA (DESA DAMANSARA CONDOMINIUM),WILAYAH PERSEKUTUAN,40,8,76.95833333333333,28.2,1.0
101.647563935,3.1525615460000154,24/05/2025,BUKIT DAMANSARA (DESA DAMANSARA CONDOMINIUM),WILAYAH PERSEKUTUAN,42,8,76.95833333333333,28.2,1.0
101.647563935,3.1525615460000154,25/05/2025,BUKIT DAMANSARA (DESA DAMANSARA CONDOMINIUM),WILAYAH PERSEKUTUAN,41,8,80.70833333333333,27.7,2.2
101.647563935,3.1525615460000154,25/05/2025,BUKIT DAMANSARA (DESA DAMANSARA CONDOMINIUM),WILAYAH PERSEKUTUAN,43,8,80.70833333333333,27.7,2.2
101.647563935,3.1525615460000154,25/05/2025,BUKIT DAMANSARA (DESA DAMANSARA CONDOMINIUM),WILAYAH PERSEKUTUAN,40,8,80.70833333333333,27.7,2.2
101.647563935,3.1525615460000154,25/05/2025,BUKIT DAMANSARA (DESA DAMANSARA CONDOMINIUM),WILAYAH PERSEKUTUAN,42,8,80.70833333333333,27.7,2.2
101.647563935,3.1525615460000154,26/05/2025,BUKIT DAMANSARA (DESA DAMANSARA CONDOMINIUM),WILAYAH PERSEKUTUAN,41,8,77.91666666666667,27.3,0.0
101.647563935,3.1525615460000154,26/05/2025,BUKIT DAMANSARA (DESA DAMANSARA CONDOMINIUM),WILAYAH PERSEKUTUAN,43,8,77.91666666666667,27.3,0.0
101.647563935,3.1525615460000154,26/05/2025,BUKIT DAMANSARA (DESA DAMANSARA CONDOMINIUM),WILAYAH PERSEKUTUAN,40,8,77.91666666666667,27.3,0.0
101.647563935,3.1525615460000154,26/05/2025,BUKIT DAMANSARA (DESA DAMANSARA CONDOMINIUM),WILAYAH PERSEKUTUAN,42,8,77.91666666666667,27.3,0.0
101.647563935,3.1525615460000154,27/05/2025,BUKIT DAMANSARA (DESA DAMANSARA CONDOMINIUM),WILAYAH PERSEKUTUAN,41,8,76.16666666666667,28.6,0.0
101.647563935,3.1525615460000154,27/05/2025,BUKIT DAMANSARA (DESA DAMANSARA CONDOMINIUM),WILAYAH PERSEKUTUAN,43,8,76.16666666666667,28.6,0.0
101.647563935,3.1525615460000154,27/05/2025,BUKIT DAMANSARA (DESA DAMANSARA CONDOMINIUM),WILAYAH PERSEKUTUAN,40,8,76.16666666666667,28.6,0.0
101.647563935,3.1525615460000154,27/05/2025,BUKIT DAMANSARA (DESA DAMANSARA CONDOMINIUM),WILAYAH PERSEKUTUAN,42,8,76.16666666666667,28.6,0.0
101.647563935,3.1525615460000154,28/05/2025,BUKIT DAMANSARA (DESA DAMANSARA CONDOMINIUM),WILAYAH PERSEKUTUAN,41,8,74.08333333333333,29.3,0.4
101.647563935,3.1525615460000154,28/05/2025,BUKIT DAMANSARA (DESA DAMANSARA CONDOMINIUM),WILAYAH PERSEKUTUAN,43,8,74.08333333333333,29.3,0.4
101.647563935,3.1525615460000154,28/05/2025,BUKIT DAMANSARA (DESA DAMANSARA CONDOMINIUM),WILAYAH PERSEKUTUAN,40,8,74.08333333333333,29.3,0.4
101.647563935,3.1525615460000154,28/05/2025,BUKIT DAMANSARA (DESA DAMANSARA CONDOMINIUM),WILAYAH PERSEKUTUAN,42,8,74.08333333333333,29.3,0.4
101.647563935,3.1525615460000154,29/05/2025,BUKIT DAMANSARA (DESA DAMANSARA CONDOMINIUM),WILAYAH PERSEKUTUAN,47,8,83.04166666666667,26.2,5.1
101.647563935,3.1525615460000154,30/05/2025,BUKIT DAMANSARA (DESA DAMANSARA CONDOMINIUM),WILAYAH PERSEKUTUAN,48,8,76.66666666666667,26.9,4.1
101.647563935,3.1525615460000154,30/05/2025,BUKIT DAMANSARA (DESA DAMANSARA CONDOMINIUM),WILAYAH PERSEKUTUAN,47,8,76.66666666666667,26.9,4.1
101.647563935,3.1525615460000154,31/05/2025,BUKIT DAMANSARA (DESA DAMANSARA CONDOMINIUM),WILAYAH PERSEKUTUAN,48,8,79.5,27.6,0.3
101.647563935,3.1525615460000154,31/05/2025,BUKIT DAMANSARA (DESA DAMANSARA CONDOMINIUM),WILAYAH PERSEKUTUAN,49,8,79.5,27.6,0.3
101.647563935,3.1525615460000154,31/05/2025,BUKIT DAMANSARA (DESA DAMANSARA CONDOMINIUM),WILAYAH PERSEKUTUAN,47,8,79.5,27.6,0.3
101.647563935,3.1525615460000154,01/06/2025,BUKIT DAMANSARA (DESA DAMANSARA CONDOMINIUM),WILAYAH PERSEKUTUAN,50,8,63.166666666666664,29.4,0.1
101.647563935,3.1525615460000154,01/06/2025,BUKIT DAMANSARA (DESA DAMANSARA CONDOMINIUM),WILAYAH PERSEKUTUAN,48,8,63.166666666666664,29.4,0.1
101.647563935,3.1525615460000154,01/06/2025,BUKIT DAMANSARA (DESA DAMANSARA CONDOMINIUM),WILAYAH PERSEKUTUAN,49,8,63.166666666666664,29.4,0.1
101.647563935,3.1525615460000154,01/06/2025,BUKIT DAMANSARA (DESA DAMANSARA CONDOMINIUM),WILAYAH PERSEKUTUAN,47,8,63.166666666666664,29.4,0.1
101.647563935,3.1525615460000154,02/06/2025,BUKIT DAMANSARA (DESA DAMANSARA CONDOMINIUM),WILAYAH PERSEKUTUAN,50,8,72.04166666666667,28.3,1.2
101.647563935,3.1525615460000154,02/06/2025,BUKIT DAMANSARA (DESA DAMANSARA CONDOMINIUM),WILAYAH PERSEKUTUAN,48,8,72.04166666666667,28.3,1.2
101.647563935,3.1525615460000154,02/06/2025,BUKIT DAMANSARA (DESA DAMANSARA CONDOMINIUM),WILAYAH PERSEKUTUAN,49,8,72.04166666666667,28.3,1.2
101.647563935,3.1525615460000154,02/06/2025,BUKIT DAMANSARA (DESA DAMANSARA CONDOMINIUM),WILAYAH PERSEKUTUAN,47,8,72.04166666666667,28.3,1.2
101.647563935,3.1525615460000154,03/06/2025,BUKIT DAMANSARA (DESA DAMANSARA CONDOMINIUM),WILAYAH PERSEKUTUAN,50,8,72.375,28.4,0.9
101.647563935,3.1525615460000154,03/06/2025,BUKIT DAMANSARA (DESA DAMANSARA CONDOMINIUM),WILAYAH PERSEKUTUAN,48,8,72.375,28.4,0.9
101.647563935,3.1525615460000154,03/06/2025,BUKIT DAMANSARA (DESA DAMANSARA CONDOMINIUM),WILAYAH PERSEKUTUAN,49,8,72.375,28.4,0.9
101.647563935,3.1525615460000154,03/06/2025,BUKIT DAMANSARA (DESA DAMANSARA CONDOMINIUM),WILAYAH PERSEKUTUAN,47,8,72.375,28.4,0.9
101.647563935,3.1525615460000154,04/06/2025,BUKIT DAMANSARA (DESA DAMANSARA CONDOMINIUM),WILAYAH PERSEKUTUAN,50,8,77.45833333333333,27.8,7.5
101.647563935,3.1525615460000154,04/06/2025,BUKIT DAMANSARA (DESA DAMANSARA CONDOMINIUM),WILAYAH PERSEKUTUAN,48,8,77.45833333333333,27.8,7.5
101.647563935,3.1525615460000154,04/06/2025,BUKIT DAMANSARA (DESA DAMANSARA CONDOMINIUM),WILAYAH PERSEKUTUAN,49,8,77.45833333333333,27.8,7.5
101.647563935,3.1525615460000154,04/06/2025,BUKIT DAMANSARA (DESA DAMANSARA CONDOMINIUM),WILAYAH PERSEKUTUAN,47,8,77.45833333333333,27.8,7.5
101.647563935,3.1525615460000154,05/06/2025,BUKIT DAMANSARA (DESA DAMANSARA CONDOMINIUM),WILAYAH PERSEKUTUAN,50,8,79.41666666666667,27.5,0.8
101.647563935,3.1525615460000154,05/06/2025,BUKIT DAMANSARA (DESA DAMANSARA CONDOMINIUM),WILAYAH PERSEKUTUAN,48,8,79.41666666666667,27.5,0.8
101.647563935,3.1525615460000154,05/06/2025,BUKIT DAMANSARA (DESA DAMANSARA CONDOMINIUM),WILAYAH PERSEKUTUAN,49,8,79.41666666666667,27.5,0.8
101.647563935,3.1525615460000154,05/06/2025,BUKIT DAMANSARA (DESA DAMANSARA CONDOMINIUM),WILAYAH PERSEKUTUAN,47,8,79.41666666666667,27.5,0.8
101.61892700200002,3.079881549999982,06/06/2025,"E11. SRI PJS 6 FLAT DESA MENTARI 1 (BLOK 1 , 2 , 3)",SELANGOR,31,9,87.5,26.7,11.0
101.61892700200002,3.079881549999982,07/06/2025,"E11. SRI PJS 6 FLAT DESA MENTARI 1 (BLOK 1 , 2 , 3)",SELANGOR,31,9,85.91666666666667,27.0,10.6
101.61892700200002,3.079881549999982,07/06/2025,"E11. SRI PJS 6 FLAT DESA MENTARI 1 (BLOK 1 , 2 , 3)",SELANGOR,32,10,85.91666666666667,27.0,10.6
101.61892700200002,3.079881549999982,08/06/2025,"E11. SRI PJS 6 FLAT DESA MENTARI 1 (BLOK 1 , 2 , 3)",SELANGOR,31,9,80.29166666666667,27.7,0.6
101.61892700200002,3.079881549999982,08/06/2025,"E11. SRI PJS 6 FLAT DESA MENTARI 1 (BLOK 1 , 2 , 3)",SELANGOR,32,10,80.29166666666667,27.7,0.6
101.61892700200002,3.079881549999982,09/06/2025,"E11. SRI PJS 6 FLAT DESA MENTARI 1 (BLOK 1 , 2 , 3)",SELANGOR,31,9,73.79166666666667,28.6,0.0
101.61892700200002,3.079881549999982,09/06/2025,"E11. SRI PJS 6 FLAT DESA MENTARI 1 (BLOK 1 , 2 , 3)",SELANGOR,32,10,73.79166666666667,28.6,0.0
101.67136617699998,3.123569739000004,10/06/2025,BANGSAR HEIGHT KONDO,WILAYAH PERSEKUTUAN,31,5,84.83333333333333,26.4,22.4
101.61892700200002,3.079881549999982,10/06/2025,"E11. SRI PJS 6 FLAT DESA MENTARI 1 (BLOK 1 , 2 , 3)",SELANGOR,31,9,83.70833333333333,26.9,14.9
101.61892700200002,3.079881549999982,10/06/2025,"E11. SRI PJS 6 FLAT DESA MENTARI 1 (BLOK 1 , 2 , 3)",SELANGOR,35,10,83.70833333333333,26.9,14.9
101.61892700200002,3.079881549999982,10/06/2025,"E11. SRI PJS 6 FLAT DESA MENTARI 1 (BLOK 1 , 2 , 3)",SELANGOR,32,10,83.70833333333333,26.9,14.9
101.67136617699998,3.123569739000004,11/06/2025,BANGSAR HEIGHT KONDO,WILAYAH PERSEKUTUAN,31,5,72.58333333333333,27.4,0.0
101.61892700200002,3.079881549999982,11/06/2025,"E11. SRI PJS 6 FLAT DESA MENTARI 1 (BLOK 1 , 2 , 3)",SELANGOR,31,9,73.16666666666667,28.0,0.0
101.61892700200002,3.079881549999982,11/06/2025,"E11. SRI PJS 6 FLAT DESA MENTARI 1 (BLOK 1 , 2 , 3)",SELANGOR,35,10,73.16666666666667,28.0,0.0
101.61892700200002,3.079881549999982,11/06/2025,"E11. SRI PJS 6 FLAT DESA MENTARI 1 (BLOK 1 , 2 , 3)",SELANGOR,32,10,73.16666666666667,28.0,0.0
101.67136617699998,3.123569739000004,12/06/2025,BANGSAR HEIGHT KONDO,WILAYAH PERSEKUTUAN,31,5,74.5,28.1,0.0
101.61892700200002,3.079881549999982,12/06/2025,"E11. SRI PJS 6 FLAT DESA MENTARI 1 (BLOK 1 , 2 , 3)",SELANGOR,31,9,72.54166666666667,28.5,0.0
101.61892700200002,3.079881549999982,12/06/2025,"E11. SRI PJS 6 FLAT DESA MENTARI 1 (BLOK 1 , 2 , 3)",SELANGOR,35,10,72.54166666666667,28.5,0.0
101.61892700200002,3.079881549999982,12/06/2025,"E11. SRI PJS 6 FLAT DESA MENTARI 1 (BLOK 1 , 2 , 3)",SELANGOR,32,10,72.54166666666667,28.5,0.0
101.67136617699998,3.123569739000004,13/06/2025,BANGSAR HEIGHT KONDO,WILAYAH PERSEKUTUAN,34,7,74.58333333333333,28.3,0.0
101.61892700200002,3.079881549999982,13/06/2025,"E11. SRI PJS 6 FLAT DESA MENTARI 1 (BLOK 1 , 2 , 3)",SELANGOR,38,10,72.66666666666667,29.0,0.0
101.67136617699998,3.123569739000004,14/06/2025,BANGSAR HEIGHT KONDO,WILAYAH PERSEKUTUAN,35,7,73.75,28.6,0.2
101.67136617699998,3.123569739000004,14/06/2025,BANGSAR HEIGHT KONDO,WILAYAH PERSEKUTUAN,34,7,73.75,28.6,0.2
101.61892700200002,3.079881549999982,14/06/2025,"E11. SRI PJS 6 FLAT DESA MENTARI 1 (BLOK 1 , 2 , 3)",SELANGOR,39,10,71.25,29.2,0.3
101.61892700200002,3.079881549999982,14/06/2025,"E11. SRI PJS 6 FLAT DESA MENTARI 1 (BLOK 1 , 2 , 3)",SELANGOR,38,10,71.25,29.2,0.3
101.67136617699998,3.123569739000004,15/06/2025,BANGSAR HEIGHT KONDO,WILAYAH PERSEKUTUAN,35,7,74.625,28.6,1.1
101.67136617699998,3.123569739000004,15/06/2025,BANGSAR HEIGHT KONDO,WILAYAH PERSEKUTUAN,36,7,74.625,28.6,1.1
101.67136617699998,3.123569739000004,15/06/2025,BANGSAR HEIGHT KONDO,WILAYAH PERSEKUTUAN,34,7,74.625,28.6,1.1
101.61892700200002,3.079881549999982,15/06/2025,"E11. SRI PJS 6 FLAT DESA MENTARI 1 (BLOK 1 , 2 , 3)",SELANGOR,39,10,74.83333333333333,29.1,4.6
101.61892700200002,3.079881549999982,15/06/2025,"E11. SRI PJS 6 FLAT DESA MENTARI 1 (BLOK 1 , 2 , 3)",SELANGOR,40,10,74.83333333333333,29.1,4.6
101.61892700200002,3.079881549999982,15/06/2025,"E11. SRI PJS 6 FLAT DESA MENTARI 1 (BLOK 1 , 2 , 3)",SELANGOR,38,10,74.83333333333333,29.1,4.6
101.60939593900002,3.0808161339999742,16/06/2025,E11. SRI PJS 8 MENTARI COURT,SELANGOR,31,8,83.25,26.8,24.4
101.67136617699998,3.123569739000004,16/06/2025,BANGSAR HEIGHT KONDO,WILAYAH PERSEKUTUAN,35,7,82.75,26.5,38.1
101.67136617699998,3.123569739000004,16/06/2025,BANGSAR HEIGHT KONDO,WILAYAH PERSEKUTUAN,36,7,82.75,26.5,38.1
101.67136617699998,3.123569739000004,16/06/2025,BANGSAR HEIGHT KONDO,WILAYAH PERSEKUTUAN,37,7,82.75,26.5,38.1
101.67136617699998,3.123569739000004,16/06/2025,BANGSAR HEIGHT KONDO,WILAYAH PERSEKUTUAN,34,7,82.75,26.5,38.1
101.61892700200002,3.079881549999982,16/06/2025,"E11. SRI PJS 6 FLAT DESA MENTARI 1 (BLOK 1 , 2 , 3)",SELANGOR,39,10,83.25,26.8,24.4
101.61892700200002,3.079881549999982,16/06/2025,"E11. SRI PJS 6 FLAT DESA MENTARI 1 (BLOK 1 , 2 , 3)",SELANGOR,40,10,83.25,26.8,24.4
101.61892700200002,3.079881549999982,16/06/2025,"E11. SRI PJS 6 FLAT DESA MENTARI 1 (BLOK 1 , 2 , 3)",SELANGOR,41,10,83.25,26.8,24.4
101.61892700200002,3.079881549999982,16/06/2025,"E11. SRI PJS 6 FLAT DESA MENTARI 1 (BLOK 1 , 2 , 3)",SELANGOR,38,10,83.25,26.8,24.4
101.60939593900002,3.0808161339999742,17/06/2025,E11. SRI PJS 8 MENTARI COURT,SELANGOR,31,8,85.83333333333333,26.5,17.0
101.60939593900002,3.0808161339999742,17/06/2025,E11. SRI PJS 8 MENTARI COURT,SELANGOR,32,8,85.83333333333333,26.5,17.0
101.67136617699998,3.123569739000004,17/06/2025,BANGSAR HEIGHT KONDO,WILAYAH PERSEKUTUAN,35,7,85.54166666666667,26.1,19.3
101.67136617699998,3.123569739000004,17/06/2025,BANGSAR HEIGHT KONDO,WILAYAH PERSEKUTUAN,36,7,85.54166666666667,26.1,19.3
101.67136617699998,3.123569739000004,17/06/2025,BANGSAR HEIGHT KONDO,WILAYAH PERSEKUTUAN,37,7,85.54166666666667,26.1,19.3
101.67136617699998,3.123569739000004,17/06/2025,BANGSAR HEIGHT KONDO,WILAYAH PERSEKUTUAN,38,7,85.54166666666667,26.1,19.3
101.67136617699998,3.123569739000004,17/06/2025,BANGSAR HEIGHT KONDO,WILAYAH PERSEKUTUAN,34,7,85.54166666666667,26.1,19.3
101.61892700200002,3.079881549999982,17/06/2025,"E11. SRI PJS 6 FLAT DESA MENTARI 1 (BLOK 1 , 2 , 3)",SELANGOR,39,10,85.83333333333333,26.5,17.0
101.61892700200002,3.079881549999982,17/06/2025,"E11. SRI PJS 6 FLAT DESA MENTARI 1 (BLOK 1 , 2 , 3)",SELANGOR,40,10,85.83333333333333,26.5,17.0
101.61892700200002,3.079881549999982,17/06/2025,"E11. SRI PJS 6 FLAT DESA MENTARI 1 (BLOK 1 , 2 , 3)",SELANGOR,41,10,85.83333333333333,26.5,17.0
101.61892700200002,3.079881549999982,17/06/2025,"E11. SRI PJS 6 FLAT DESA MENTARI 1 (BLOK 1 , 2 , 3)",SELANGOR,42,10,85.83333333333333,26.5,17.0
101.61892700200002,3.079881549999982,17/06/2025,"E11. SRI PJS 6 FLAT DESA MENTARI 1 (BLOK 1 , 2 , 3)",SELANGOR,38,10,85.83333333333333,26.5,17.0
101.60939593900002,3.0808161339999742,18/06/2025,E11. SRI PJS 8 MENTARI COURT,SELANGOR,33,8,73.20833333333333,28.0,0.1
101.60939593900002,3.0808161339999742,18/06/2025,E11. SRI PJS 8 MENTARI COURT,SELANGOR,31,8,73.20833333333333,28.0,0.1
101.60939593900002,3.0808161339999742,18/06/2025,E11. SRI PJS 8 MENTARI COURT,SELANGOR,32,8,73.20833333333333,28.0,0.1
101.67136617699998,3.123569739000004,18/06/2025,BANGSAR HEIGHT KONDO,WILAYAH PERSEKUTUAN,35,7,72.375,27.6,0.2
101.67136617699998,3.123569739000004,18/06/2025,BANGSAR HEIGHT KONDO,WILAYAH PERSEKUTUAN,39,7,72.375,27.6,0.2
101.67136617699998,3.123569739000004,18/06/2025,BANGSAR HEIGHT KONDO,WILAYAH PERSEKUTUAN,36,7,72.375,27.6,0.2
101.67136617699998,3.123569739000004,18/06/2025,BANGSAR HEIGHT KONDO,WILAYAH PERSEKUTUAN,37,7,72.375,27.6,0.2
101.67136617699998,3.123569739000004,18/06/2025,BANGSAR HEIGHT KONDO,WILAYAH PERSEKUTUAN,38,7,72.375,27.6,0.2
101.67136617699998,3.123569739000004,18/06/2025,BANGSAR HEIGHT KONDO,WILAYAH PERSEKUTUAN,34,7,72.375,27.6,0.2
101.61892700200002,3.079881549999982,18/06/2025,"E11. SRI PJS 6 FLAT DESA MENTARI 1 (BLOK 1 , 2 , 3)",SELANGOR,39,10,73.20833333333333,28.0,0.1
101.61892700200002,3.079881549999982,18/06/2025,"E11. SRI PJS 6 FLAT DESA MENTARI 1 (BLOK 1 , 2 , 3)",SELANGOR,43,10,73.20833333333333,28.0,0.1
101.61892700200002,3.079881549999982,18/06/2025,"E11. SRI PJS 6 FLAT DESA MENTARI 1 (BLOK 1 , 2 , 3)",SELANGOR,40,10,73.20833333333333,28.0,0.1
101.61892700200002,3.079881549999982,18/06/2025,"E11. SRI PJS 6 FLAT DESA MENTARI 1 (BLOK 1 , 2 , 3)",SELANGOR,41,10,73.20833333333333,28.0,0.1
101.61892700200002,3.079881549999982,18/06/2025,"E11. SRI PJS 6 FLAT DESA MENTARI 1 (BLOK 1 , 2 , 3)",SELANGOR,42,10,73.20833333333333,28.0,0.1
101.61892700200002,3.079881549999982,18/06/2025,"E11. SRI PJS 6 FLAT DESA MENTARI 1 (BLOK 1 , 2 , 3)",SELANGOR,38,10,73.20833333333333,28.0,0.1
101.60939593900002,3.0808161339999742,19/06/2025,E11. SRI PJS 8 MENTARI COURT,SELANGOR,34,8,74.25,28.6,0.4
101.67136617699998,3.123569739000004,19/06/2025,BANGSAR HEIGHT KONDO,WILAYAH PERSEKUTUAN,40,7,74.66666666666667,28.2,0.2
101.60939593900002,3.0808161339999742,20/06/2025,E11. SRI PJS 8 MENTARI COURT,SELANGOR,34,8,85.29166666666667,26.4,3.1
101.60939593900002,3.0808161339999742,20/06/2025,E11. SRI PJS 8 MENTARI COURT,SELANGOR,35,8,85.29166666666667,26.4,3.1
101.67136617699998,3.123569739000004,20/06/2025,BANGSAR HEIGHT KONDO,WILAYAH PERSEKUTUAN,40,7,84.70833333333333,25.6,1.9
101.67136617699998,3.123569739000004,20/06/2025,BANGSAR HEIGHT KONDO,WILAYAH PERSEKUTUAN,41,7,84.70833333333333,25.6,1.9
101.60939593900002,3.0808161339999742,21/06/2025,E11. SRI PJS 8 MENTARI COURT,SELANGOR,36,8,75.66666666666667,27.7,0.2
101.60939593900002,3.0808161339999742,21/06/2025,E11. SRI PJS 8 MENTARI COURT,SELANGOR,34,8,75.66666666666667,27.7,0.2
101.60939593900002,3.0808161339999742,21/06/2025,E11. SRI PJS 8 MENTARI COURT,SELANGOR,35,8,75.66666666666667,27.7,0.2
101.67136617699998,3.123569739000004,21/06/2025,BANGSAR HEIGHT KONDO,WILAYAH PERSEKUTUAN,42,7,75.29166666666667,27.2,0.0
101.67136617699998,3.123569739000004,21/06/2025,BANGSAR HEIGHT KONDO,WILAYAH PERSEKUTUAN,40,7,75.29166666666667,27.2,0.0
101.67136617699998,3.123569739000004,21/06/2025,BANGSAR HEIGHT KONDO,WILAYAH PERSEKUTUAN,41,7,75.29166666666667,27.2,0.0
101.60939593900002,3.0808161339999742,22/06/2025,E11. SRI PJS 8 MENTARI COURT,SELANGOR,36,8,70.91666666666667,28.6,0.0
101.60939593900002,3.0808161339999742,22/06/2025,E11. SRI PJS 8 MENTARI COURT,SELANGOR,34,8,70.91666666666667,28.6,0.0
101.60939593900002,3.0808161339999742,22/06/2025,E11. SRI PJS 8 MENTARI COURT,SELANGOR,35,8,70.91666666666667,28.6,0.0
101.67136617699998,3.123569739000004,22/06/2025,BANGSAR HEIGHT KONDO,WILAYAH PERSEKUTUAN,42,7,69.66666666666667,28.3,0.0
101.67136617699998,3.123569739000004,22/06/2025,BANGSAR HEIGHT KONDO,WILAYAH PERSEKUTUAN,40,7,69.66666666666667,28.3,0.0
101.67136617699998,3.123569739000004,22/06/2025,BANGSAR HEIGHT KONDO,WILAYAH PERSEKUTUAN,41,7,69.66666666666667,28.3,0.0
101.60939593900002,3.0808161339999742,23/06/2025,E11. SRI PJS 8 MENTARI COURT,SELANGOR,36,8,67.58333333333333,29.4,0.0
101.60939593900002,3.0808161339999742,23/06/2025,E11. SRI PJS 8 MENTARI COURT,SELANGOR,34,8,67.58333333333333,29.4,0.0
101.60939593900002,3.0808161339999742,23/06/2025,E11. SRI PJS 8 MENTARI COURT,SELANGOR,35,8,67.58333333333333,29.4,0.0
101.66316124000002,3.103425506999997,23/06/2025,KONDO RAKYAT,WILAYAH PERSEKUTUAN,31,9,66.04166666666667,29.1,0.0
101.67136617699998,3.123569739000004,23/06/2025,BANGSAR HEIGHT KONDO,WILAYAH PERSEKUTUAN,42,7,66.04166666666667,29.2,0.0
101.67136617699998,3.123569739000004,23/06/2025,BANGSAR HEIGHT KONDO,WILAYAH PERSEKUTUAN,44,7,66.04166666666667,29.2,0.0
101.67136617699998,3.123569739000004,23/06/2025,BANGSAR HEIGHT KONDO,WILAYAH PERSEKUTUAN,40,7,66.04166666666667,29.2,0.0
101.67136617699998,3.123569739000004,23/06/2025,BANGSAR HEIGHT KONDO,WILAYAH PERSEKUTUAN,41,7,66.04166666666667,29.2,0.0
101.60939593900002,3.0808161339999742,24/06/2025,E11. SRI PJS 8 MENTARI COURT,SELANGOR,36,8,66.5,29.5,0.0
101.60939593900002,3.0808161339999742,24/06/2025,E11. SRI PJS 8 MENTARI COURT,SELANGOR,34,8,66.5,29.5,0.0
101.60939593900002,3.0808161339999742,24/06/2025,E11. SRI PJS 8 MENTARI COURT,SELANGOR,35,8,66.5,29.5,0.0
101.66316124000002,3.103425506999997,24/06/2025,KONDO RAKYAT,WILAYAH PERSEKUTUAN,31,9,65.875,29.2,0.0
101.66316124000002,3.103425506999997,24/06/2025,KONDO RAKYAT,WILAYAH PERSEKUTUAN,32,9,65.875,29.2,0.0
101.67136617699998,3.123569739000004,24/06/2025,BANGSAR HEIGHT KONDO,WILAYAH PERSEKUTUAN,42,7,65.91666666666667,29.3,0.0
101.67136617699998,3.123569739000004,24/06/2025,BANGSAR HEIGHT KONDO,WILAYAH PERSEKUTUAN,44,7,65.91666666666667,29.3,0.0
101.67136617699998,3.123569739000004,24/06/2025,BANGSAR HEIGHT KONDO,WILAYAH PERSEKUTUAN,45,7,65.91666666666667,29.3,0.0
101.67136617699998,3.123569739000004,24/06/2025,BANGSAR HEIGHT KONDO,WILAYAH PERSEKUTUAN,40,7,65.91666666666667,29.3,0.0
101.67136617699998,3.123569739000004,24/06/2025,BANGSAR HEIGHT KONDO,WILAYAH PERSEKUTUAN,41,7,65.91666666666667,29.3,0.0
101.60939593900002,3.0808161339999742,25/06/2025,E11. SRI PJS 8 MENTARI COURT,SELANGOR,36,8,66.25,29.7,0.1
101.60939593900002,3.0808161339999742,25/06/2025,E11. SRI PJS 8 MENTARI COURT,SELANGOR,34,8,66.25,29.7,0.1
101.60939593900002,3.0808161339999742,25/06/2025,E11. SRI PJS 8 MENTARI COURT,SELANGOR,35,8,66.25,29.7,0.1
101.66316124000002,3.103425506999997,25/06/2025,KONDO RAKYAT,WILAYAH PERSEKUTUAN,31,9,67.25,29.2,1.0
101.66316124000002,3.103425506999997,25/06/2025,KONDO RAKYAT,WILAYAH PERSEKUTUAN,33,9,67.25,29.2,1.0
101.66316124000002,3.103425506999997,25/06/2025,KONDO RAKYAT,WILAYAH PERSEKUTUAN,32,9,67.25,29.2,1.0
101.67136617699998,3.123569739000004,25/06/2025,BANGSAR HEIGHT KONDO,WILAYAH PERSEKUTUAN,42,7,67.25,29.3,1.0
101.67136617699998,3.123569739000004,25/06/2025,BANGSAR HEIGHT KONDO,WILAYAH PERSEKUTUAN,44,7,67.25,29.3,1.0
101.67136617699998,3.123569739000004,25/06/2025,BANGSAR HEIGHT KONDO,WILAYAH PERSEKUTUAN,45,7,67.25,29.3,1.0
101.67136617699998,3.123569739000004,25/06/2025,BANGSAR HEIGHT KONDO,WILAYAH PERSEKUTUAN,40,7,67.25,29.3,1.0
101.67136617699998,3.123569739000004,25/06/2025,BANGSAR HEIGHT KONDO,WILAYAH PERSEKUTUAN,41,7,67.25,29.3,1.0
101.66316124000002,3.103425506999997,26/06/2025,KONDO RAKYAT,WILAYAH PERSEKUTUAN,34,9,66.79166666666667,29.2,0.1
101.66316124000002,3.103425506999997,27/06/2025,KONDO RAKYAT,WILAYAH PERSEKUTUAN,35,9,72.33333333333333,28.5,2.4
101.66316124000002,3.103425506999997,27/06/2025,KONDO RAKYAT,WILAYAH PERSEKUTUAN,34,9,72.33333333333333,28.5,2.4
101.66316124000002,3.103425506999997,28/06/2025,KONDO RAKYAT,WILAYAH PERSEKUTUAN,35,9,69.25,28.3,3.3
101.66316124000002,3.103425506999997,28/06/2025,KONDO RAKYAT,WILAYAH PERSEKUTUAN,36,9,69.25,28.3,3.3
101.66316124000002,3.103425506999997,28/06/2025,KONDO RAKYAT,WILAYAH PERSEKUTUAN,34,9,69.25,28.3,3.3
101.66316124000002,3.103425506999997,29/06/2025,KONDO RAKYAT,WILAYAH PERSEKUTUAN,35,9,60.583333333333336,29.8,0.6
101.66316124000002,3.103425506999997,29/06/2025,KONDO RAKYAT,WILAYAH PERSEKUTUAN,37,9,60.583333333333336,29.8,0.6
101.66316124000002,3.103425506999997,29/06/2025,KONDO RAKYAT,WILAYAH PERSEKUTUAN,36,9,60.583333333333336,29.8,0.6
101.66316124000002,3.103425506999997,29/06/2025,KONDO RAKYAT,WILAYAH PERSEKUTUAN,34,9,60.583333333333336,29.8,0.6
101.66316124000002,3.103425506999997,30/06/2025,KONDO RAKYAT,WILAYAH PERSEKUTUAN,38,9,59.125,29.9,1.5
101.66316124000002,3.103425506999997,30/06/2025,KONDO RAKYAT,WILAYAH PERSEKUTUAN,35,9,59.125,29.9,1.5
101.66316124000002,3.103425506999997,30/06/2025,KONDO RAKYAT,WILAYAH PERSEKUTUAN,37,9,59.125,29.9,1.5
101.66316124000002,3.103425506999997,30/06/2025,KONDO RAKYAT,WILAYAH PERSEKUTUAN,36,9,59.125,29.9,1.5
101.66316124000002,3.103425506999997,30/06/2025,KONDO RAKYAT,WILAYAH PERSEKUTUAN,34,9,59.125,29.9,1.5
101.66316124000002,3.103425506999997,01/07/2025,KONDO RAKYAT,WILAYAH PERSEKUTUAN,38,9,59.458333333333336,30.2,0.2
101.66316124000002,3.103425506999997,01/07/2025,KONDO RAKYAT,WILAYAH PERSEKUTUAN,35,9,59.458333333333336,30.2,0.2
101.66316124000002,3.103425506999997,01/07/2025,KONDO RAKYAT,WILAYAH PERSEKUTUAN,37,9,59.458333333333336,30.2,0.2
101.66316124000002,3.103425506999997,01/07/2025,KONDO RAKYAT,WILAYAH PERSEKUTUAN,36,9,59.458333333333336,30.2,0.2
101.66316124000002,3.103425506999997,01/07/2025,KONDO RAKYAT,WILAYAH PERSEKUTUAN,39,9,59.458333333333336,30.2,0.2
101.66316124000002,3.103425506999997,01/07/2025,KONDO RAKYAT,WILAYAH PERSEKUTUAN,34,9,59.458333333333336,30.2,0.2
101.67500959199998,3.108856885000023,02/07/2025,PPR KG LIMAU,WILAYAH PERSEKUTUAN,31,11,67.33333333333333,29.4,0.9
101.66316124000002,3.103425506999997,02/07/2025,KONDO RAKYAT,WILAYAH PERSEKUTUAN,40,9,67.20833333333333,29.0,0.9
101.67500959199998,3.108856885000023,03/07/2025,PPR KG LIMAU,WILAYAH PERSEKUTUAN,32,11,70.95833333333333,29.0,0.1
101.67500959199998,3.108856885000023,03/07/2025,PPR KG LIMAU,WILAYAH PERSEKUTUAN,31,11,70.95833333333333,29.0,0.1
101.66316124000002,3.103425506999997,03/07/2025,KONDO RAKYAT,WILAYAH PERSEKUTUAN,41,9,70.91666666666667,28.6,0.1
101.66316124000002,3.103425506999997,03/07/2025,KONDO RAKYAT,WILAYAH PERSEKUTUAN,40,9,70.91666666666667,28.6,0.1
101.67500959199998,3.108856885000023,04/07/2025,PPR KG LIMAU,WILAYAH PERSEKUTUAN,32,11,70.08333333333333,28.9,2.8
101.67500959199998,3.108856885000023,04/07/2025,PPR KG LIMAU,WILAYAH PERSEKUTUAN,33,11,70.08333333333333,28.9,2.8
101.67500959199998,3.108856885000023,04/07/2025,PPR KG LIMAU,WILAYAH PERSEKUTUAN,31,11,70.08333333333333,28.9,2.8
101.66316124000002,3.103425506999997,04/07/2025,KONDO RAKYAT,WILAYAH PERSEKUTUAN,41,9,70.04166666666667,28.5,2.8
101.66316124000002,3.103425506999997,04/07/2025,KONDO RAKYAT,WILAYAH PERSEKUTUAN,42,9,70.04166666666667,28.5,2.8
101.66316124000002,3.103425506999997,04/07/2025,KONDO RAKYAT,WILAYAH PERSEKUTUAN,40,9,70.04166666666667,28.5,2.8
101.67500959199998,3.108856885000023,05/07/2025,PPR KG LIMAU,WILAYAH PERSEKUTUAN,34,11,68.95833333333333,29.1,0.9
101.67500959199998,3.108856885000023,05/07/2025,PPR KG LIMAU,WILAYAH PERSEKUTUAN,32,11,68.95833333333333,29.1,0.9
101.67500959199998,3.108856885000023,05/07/2025,PPR KG LIMAU,WILAYAH PERSEKUTUAN,33,11,68.95833333333333,29.1,0.9
101.67500959199998,3.108856885000023,05/07/2025,PPR KG LIMAU,WILAYAH PERSEKUTUAN,31,11,68.95833333333333,29.1,0.9
101.66316124000002,3.103425506999997,05/07/2025,KONDO RAKYAT,WILAYAH PERSEKUTUAN,41,9,68.95833333333333,28.7,0.9
101.66316124000002,3.103425506999997,05/07/2025,KONDO RAKYAT,WILAYAH PERSEKUTUAN,42,9,68.95833333333333,28.7,0.9
101.66316124000002,3.103425506999997,05/07/2025,KONDO RAKYAT,WILAYAH PERSEKUTUAN,40,9,68.95833333333333,28.7,0.9
101.67500959199998,3.108856885000023,06/07/2025,PPR KG LIMAU,WILAYAH PERSEKUTUAN,34,11,67.29166666666667,29.1,1.3
101.67500959199998,3.108856885000023,06/07/2025,PPR KG LIMAU,WILAYAH PERSEKUTUAN,35,11,67.29166666666667,29.1,1.3
101.67500959199998,3.108856885000023,06/07/2025,PPR KG LIMAU,WILAYAH PERSEKUTUAN,32,11,67.29166666666667,29.1,1.3
101.67500959199998,3.108856885000023,06/07/2025,PPR KG LIMAU,WILAYAH PERSEKUTUAN,33,11,67.29166666666667,29.1,1.3
101.67500959199998,3.108856885000023,06/07/2025,PPR KG LIMAU,WILAYAH PERSEKUTUAN,31,11,67.29166666666667,29.1,1.3
101.66316124000002,3.103425506999997,06/07/2025,KONDO RAKYAT,WILAYAH PERSEKUTUAN,41,9,67.16666666666667,28.8,1.3
101.66316124000002,3.103425506999997,06/07/2025,KONDO RAKYAT,WILAYAH PERSEKUTUAN,42,9,67.16666666666667,28.8,1.3
101.66316124000002,3.103425506999997,06/07/2025,KONDO RAKYAT,WILAYAH PERSEKUTUAN,40,9,67.16666666666667,28.8,1.3
101.67500959199998,3.108856885000023,07/07/2025,PPR KG LIMAU,WILAYAH PERSEKUTUAN,34,11,57.875,30.4,0.2
101.67500959199998,3.108856885000023,07/07/2025,PPR KG LIMAU,WILAYAH PERSEKUTUAN,35,11,57.875,30.4,0.2
101.67500959199998,3.108856885000023,07/07/2025,PPR KG LIMAU,WILAYAH PERSEKUTUAN,32,11,57.875,30.4,0.2
101.67500959199998,3.108856885000023,07/07/2025,PPR KG LIMAU,WILAYAH PERSEKUTUAN,33,11,57.875,30.4,0.2
101.67500959199998,3.108856885000023,07/07/2025,PPR KG LIMAU,WILAYAH PERSEKUTUAN,36,11,57.875,30.4,0.2
101.67500959199998,3.108856885000023,07/07/2025,PPR KG LIMAU,WILAYAH PERSEKUTUAN,31,11,57.875,30.4,0.2
101.66316124000002,3.103425506999997,07/07/2025,KONDO RAKYAT,WILAYAH PERSEKUTUAN,41,9,57.791666666666664,30.0,0.2
101.66316124000002,3.103425506999997,07/07/2025,KONDO RAKYAT,WILAYAH PERSEKUTUAN,42,9,57.791666666666664,30.0,0.2
101.66316124000002,3.103425506999997,07/07/2025,KONDO RAKYAT,WILAYAH PERSEKUTUAN,40,9,57.791666666666664,30.0,0.2
101.67500959199998,3.108856885000023,08/07/2025,PPR KG LIMAU,WILAYAH PERSEKUTUAN,34,11,68.45833333333333,28.9,2.1
101.67500959199998,3.108856885000023,08/07/2025,PPR KG LIMAU,WILAYAH PERSEKUTUAN,35,11,68.45833333333333,28.9,2.1
101.67500959199998,3.108856885000023,08/07/2025,PPR KG LIMAU,WILAYAH PERSEKUTUAN,32,11,68.45833333333333,28.9,2.1
101.67500959199998,3.108856885000023,08/07/2025,PPR KG LIMAU,WILAYAH PERSEKUTUAN,33,11,68.45833333333333,28.9,2.1
101.67500959199998,3.108856885000023,08/07/2025,PPR KG LIMAU,WILAYAH PERSEKUTUAN,36,11,68.45833333333333,28.9,2.1
101.67500959199998,3.108856885000023,08/07/2025,PPR KG LIMAU,WILAYAH PERSEKUTUAN,31,11,68.45833333333333,28.9,2.1
101.66316124000002,3.103425506999997,08/07/2025,KONDO RAKYAT,WILAYAH PERSEKUTUAN,41,9,68.41666666666667,28.5,2.1
101.66316124000002,3.103425506999997,08/07/2025,KONDO RAKYAT,WILAYAH PERSEKUTUAN,42,9,68.41666666666667,28.5,2.1
101.66316124000002,3.103425506999997,08/07/2025,KONDO RAKYAT,WILAYAH PERSEKUTUAN,40,9,68.41666666666667,28.5,2.1
101.67500959199998,3.108856885000023,09/07/2025,PPR KG LIMAU,WILAYAH PERSEKUTUAN,34,11,66.79166666666667,29.5,0.0
101.67500959199998,3.108856885000023,09/07/2025,PPR KG LIMAU,WILAYAH PERSEKUTUAN,35,11,66.79166666666667,29.5,0.0
101.67500959199998,3.108856885000023,09/07/2025,PPR KG LIMAU,WILAYAH PERSEKUTUAN,32,11,66.79166666666667,29.5,0.0
101.67500959199998,3.108856885000023,09/07/2025,PPR KG LIMAU,WILAYAH PERSEKUTUAN,33,11,66.79166666666667,29.5,0.0
101.67500959199998,3.108856885000023,09/07/2025,PPR KG LIMAU,WILAYAH PERSEKUTUAN,36,11,66.79166666666667,29.5,0.0
101.67500959199998,3.108856885000023,09/07/2025,PPR KG LIMAU,WILAYAH PERSEKUTUAN,31,11,66.79166666666667,29.5,0.0
101.66316124000002,3.103425506999997,09/07/2025,KONDO RAKYAT,WILAYAH PERSEKUTUAN,41,9,66.66666666666667,29.1,0.0
101.66316124000002,3.103425506999997,09/07/2025,KONDO RAKYAT,WILAYAH PERSEKUTUAN,42,9,66.66666666666667,29.1,0.0
101.66316124000002,3.103425506999997,09/07/2025,KONDO RAKYAT,WILAYAH PERSEKUTUAN,40,9,66.66666666666667,29.1,0.0
101.614875794,3.110574172999975,21/07/2025,"E9. KT SS 2 (1) [JLN SS 2/1-2/4, 2/4A,4B, 2/5-2/23, 2/25, 2/25A]",SELANGOR,31,4,58.125,30.8,0.0
101.614875794,3.110574172999975,22/07/2025,"E9. KT SS 2 (1) [JLN SS 2/1-2/4, 2/4A,4B, 2/5-2/23, 2/25, 2/25A]",SELANGOR,31,4,64.70833333333333,29.3,2.7
101.614875794,3.110574172999975,22/07/2025,"E9. KT SS 2 (1) [JLN SS 2/1-2/4, 2/4A,4B, 2/5-2/23, 2/25, 2/25A]",SELANGOR,32,4,64.70833333333333,29.3,2.7
101.614875794,3.110574172999975,23/07/2025,"E9. KT SS 2 (1) [JLN SS 2/1-2/4, 2/4A,4B, 2/5-2/23, 2/25, 2/25A]",SELANGOR,31,4,64.20833333333333,29.9,0.2
101.614875794,3.110574172999975,23/07/2025,"E9. KT SS 2 (1) [JLN SS 2/1-2/4, 2/4A,4B, 2/5-2/23, 2/25, 2/25A]",SELANGOR,32,4,64.20833333333333,29.9,0.2
101.614875794,3.110574172999975,23/07/2025,"E9. KT SS 2 (1) [JLN SS 2/1-2/4, 2/4A,4B, 2/5-2/23, 2/25, 2/25A]",SELANGOR,33,4,64.20833333333333,29.9,0.2
101.614875794,3.110574172999975,24/07/2025,"E9. KT SS 2 (1) [JLN SS 2/1-2/4, 2/4A,4B, 2/5-2/23, 2/25, 2/25A]",SELANGOR,34,4,69.54166666666667,29.4,3.5
101.614875794,3.110574172999975,25/07/2025,"E9. KT SS 2 (1) [JLN SS 2/1-2/4, 2/4A,4B, 2/5-2/23, 2/25, 2/25A]",SELANGOR,35,4,74.625,28.1,2.6
101.614875794,3.110574172999975,25/07/2025,"E9. KT SS 2 (1) [JLN SS 2/1-2/4, 2/4A,4B, 2/5-2/23, 2/25, 2/25A]",SELANGOR,34,4,74.625,28.1,2.6
101.60939593900002,3.0808161339999742,26/07/2025,E11. SRI PJS 8 MENTARI COURT,SELANGOR,31,8,77.5,27.9,6.1
101.614875794,3.110574172999975,26/07/2025,"E9. KT SS 2 (1) [JLN SS 2/1-2/4, 2/4A,4B, 2/5-2/23, 2/25, 2/25A]",SELANGOR,35,4,76.0,27.9,6.6
101.614875794,3.110574172999975,26/07/2025,"E9. KT SS 2 (1) [JLN SS 2/1-2/4, 2/4A,4B, 2/5-2/23, 2/25, 2/25A]",SELANGOR,36,4,76.0,27.9,6.6
101.614875794,3.110574172999975,26/07/2025,"E9. KT SS 2 (1) [JLN SS 2/1-2/4, 2/4A,4B, 2/5-2/23, 2/25, 2/25A]",SELANGOR,34,4,76.0,27.9,6.6
101.60939593900002,3.0808161339999742,27/07/2025,E11. SRI PJS 8 MENTARI COURT,SELANGOR,31,8,76.41666666666667,28.6,1.4
101.60939593900002,3.0808161339999742,27/07/2025,E11. SRI PJS 8 MENTARI COURT,SELANGOR,32,8,76.41666666666667,28.6,1.4
101.614875794,3.110574172999975,27/07/2025,"E9. KT SS 2 (1) [JLN SS 2/1-2/4, 2/4A,4B, 2/5-2/23, 2/25, 2/25A]",SELANGOR,35,4,76.33333333333333,28.5,2.3
101.614875794,3.110574172999975,27/07/2025,"E9. KT SS 2 (1) [JLN SS 2/1-2/4, 2/4A,4B, 2/5-2/23, 2/25, 2/25A]",SELANGOR,36,4,76.33333333333333,28.5,2.3
101.614875794,3.110574172999975,27/07/2025,"E9. KT SS 2 (1) [JLN SS 2/1-2/4, 2/4A,4B, 2/5-2/23, 2/25, 2/25A]",SELANGOR,34,4,76.33333333333333,28.5,2.3
101.614875794,3.110574172999975,27/07/2025,"E9. KT SS 2 (1) [JLN SS 2/1-2/4, 2/4A,4B, 2/5-2/23, 2/25, 2/25A]",SELANGOR,37,4,76.33333333333333,28.5,2.3
101.60939593900002,3.0808161339999742,28/07/2025,E11. SRI PJS 8 MENTARI COURT,SELANGOR,33,8,69.54166666666667,29.7,0.2
101.60939593900002,3.0808161339999742,28/07/2025,E11. SRI PJS 8 MENTARI COURT,SELANGOR,31,8,69.54166666666667,29.7,0.2
101.60939593900002,3.0808161339999742,28/07/2025,E11. SRI PJS 8 MENTARI COURT,SELANGOR,32,8,69.54166666666667,29.7,0.2
101.614875794,3.110574172999975,28/07/2025,"E9. KT SS 2 (1) [JLN SS 2/1-2/4, 2/4A,4B, 2/5-2/23, 2/25, 2/25A]",SELANGOR,35,4,69.20833333333333,29.5,0.1
101.614875794,3.110574172999975,28/07/2025,"E9. KT SS 2 (1) [JLN SS 2/1-2/4, 2/4A,4B, 2/5-2/23, 2/25, 2/25A]",SELANGOR,36,4,69.20833333333333,29.5,0.1
101.614875794,3.110574172999975,28/07/2025,"E9. KT SS 2 (1) [JLN SS 2/1-2/4, 2/4A,4B, 2/5-2/23, 2/25, 2/25A]",SELANGOR,34,4,69.20833333333333,29.5,0.1
101.614875794,3.110574172999975,28/07/2025,"E9. KT SS 2 (1) [JLN SS 2/1-2/4, 2/4A,4B, 2/5-2/23, 2/25, 2/25A]",SELANGOR,37,4,69.20833333333333,29.5,0.1
101.60939593900002,3.0808161339999742,29/07/2025,E11. SRI PJS 8 MENTARI COURT,SELANGOR,33,8,65.58333333333333,30.7,1.0
101.60939593900002,3.0808161339999742,29/07/2025,E11. SRI PJS 8 MENTARI COURT,SELANGOR,31,8,65.58333333333333,30.7,1.0
101.60939593900002,3.0808161339999742,29/07/2025,E11. SRI PJS 8 MENTARI COURT,SELANGOR,32,8,65.58333333333333,30.7,1.0
101.60939593900002,3.0808161339999742,29/07/2025,E11. SRI PJS 8 MENTARI COURT,SELANGOR,34,8,65.58333333333333,30.7,1.0
101.614875794,3.110574172999975,29/07/2025,"E9. KT SS 2 (1) [JLN SS 2/1-2/4, 2/4A,4B, 2/5-2/23, 2/25, 2/25A]",SELANGOR,35,4,63.833333333333336,30.8,0.3
101.614875794,3.110574172999975,29/07/2025,"E9. KT SS 2 (1) [JLN SS 2/1-2/4, 2/4A,4B, 2/5-2/23, 2/25, 2/25A]",SELANGOR,36,4,63.833333333333336,30.8,0.3
101.614875794,3.110574172999975,29/07/2025,"E9. KT SS 2 (1) [JLN SS 2/1-2/4, 2/4A,4B, 2/5-2/23, 2/25, 2/25A]",SELANGOR,34,4,63.833333333333336,30.8,0.3
101.614875794,3.110574172999975,29/07/2025,"E9. KT SS 2 (1) [JLN SS 2/1-2/4, 2/4A,4B, 2/5-2/23, 2/25, 2/25A]",SELANGOR,37,4,63.833333333333336,30.8,0.3
101.60939593900002,3.0808161339999742,30/07/2025,E11. SRI PJS 8 MENTARI COURT,SELANGOR,33,8,69.875,29.5,0.6
101.60939593900002,3.0808161339999742,30/07/2025,E11. SRI PJS 8 MENTARI COURT,SELANGOR,31,8,69.875,29.5,0.6
101.60939593900002,3.0808161339999742,30/07/2025,E11. SRI PJS 8 MENTARI COURT,SELANGOR,32,8,69.875,29.5,0.6
101.60939593900002,3.0808161339999742,30/07/2025,E11. SRI PJS 8 MENTARI COURT,SELANGOR,34,8,69.875,29.5,0.6
101.60939593900002,3.0808161339999742,30/07/2025,E11. SRI PJS 8 MENTARI COURT,SELANGOR,35,8,69.875,29.5,0.6
101.614875794,3.110574172999975,30/07/2025,"E9. KT SS 2 (1) [JLN SS 2/1-2/4, 2/4A,4B, 2/5-2/23, 2/25, 2/25A]",SELANGOR,35,4,67.54166666666667,29.6,0.5
101.614875794,3.110574172999975,30/07/2025,"E9. KT SS 2 (1) [JLN SS 2/1-2/4, 2/4A,4B, 2/5-2/23, 2/25, 2/25A]",SELANGOR,36,4,67.54166666666667,29.6,0.5
101.614875794,3.110574172999975,30/07/2025,"E9. KT SS 2 (1) [JLN SS 2/1-2/4, 2/4A,4B, 2/5-2/23, 2/25, 2/25A]",SELANGOR,34,4,67.54166666666667,29.6,0.5
101.614875794,3.110574172999975,30/07/2025,"E9. KT SS 2 (1) [JLN SS 2/1-2/4, 2/4A,4B, 2/5-2/23, 2/25, 2/25A]",SELANGOR,37,4,67.54166666666667,29.6,0.5
101.60939593900002,3.0808161339999742,31/07/2025,E11. SRI PJS 8 MENTARI COURT,SELANGOR,36,8,68.45833333333333,30.1,0.2
101.60939593900002,3.0808161339999742,01/08/2025,E11. SRI PJS 8 MENTARI COURT,SELANGOR,37,8,65.95833333333333,30.2,1.0
101.60939593900002,3.0808161339999742,01/08/2025,E11. SRI PJS 8 MENTARI COURT,SELANGOR,36,8,65.95833333333333,30.2,1.0
101.60939593900002,3.0808161339999742,02/08/2025,E11. SRI PJS 8 MENTARI COURT,SELANGOR,37,8,70.95833333333333,29.3,2.4
101.60939593900002,3.0808161339999742,02/08/2025,E11. SRI PJS 8 MENTARI COURT,SELANGOR,38,9,70.95833333333333,29.3,2.4
101.60939593900002,3.0808161339999742,02/08/2025,E11. SRI PJS 8 MENTARI COURT,SELANGOR,36,8,70.95833333333333,29.3,2.4
101.60939593900002,3.0808161339999742,03/08/2025,E11. SRI PJS 8 MENTARI COURT,SELANGOR,37,8,68.95833333333333,29.4,1.4
101.60939593900002,3.0808161339999742,03/08/2025,E11. SRI PJS 8 MENTARI COURT,SELANGOR,38,9,68.95833333333333,29.4,1.4
101.60939593900002,3.0808161339999742,03/08/2025,E11. SRI PJS 8 MENTARI COURT,SELANGOR,39,9,68.95833333333333,29.4,1.4
101.60939593900002,3.0808161339999742,03/08/2025,E11. SRI PJS 8 MENTARI COURT,SELANGOR,36,8,68.95833333333333,29.4,1.4
101.60939593900002,3.0808161339999742,04/08/2025,E11. SRI PJS 8 MENTARI COURT,SELANGOR,37,8,79.95833333333333,27.3,32.4
101.60939593900002,3.0808161339999742,04/08/2025,E11. SRI PJS 8 MENTARI COURT,SELANGOR,40,9,79.95833333333333,27.3,32.4
101.60939593900002,3.0808161339999742,04/08/2025,E11. SRI PJS 8 MENTARI COURT,SELANGOR,38,9,79.95833333333333,27.3,32.4
101.60939593900002,3.0808161339999742,04/08/2025,E11. SRI PJS 8 MENTARI COURT,SELANGOR,39,9,79.95833333333333,27.3,32.4
101.60939593900002,3.0808161339999742,04/08/2025,E11. SRI PJS 8 MENTARI COURT,SELANGOR,36,8,79.95833333333333,27.3,32.4
101.60939593900002,3.0808161339999742,05/08/2025,E11. SRI PJS 8 MENTARI COURT,SELANGOR,37,8,76.58333333333333,27.5,0.2
101.60939593900002,3.0808161339999742,05/08/2025,E11. SRI PJS 8 MENTARI COURT,SELANGOR,40,9,76.58333333333333,27.5,0.2
101.60939593900002,3.0808161339999742,05/08/2025,E11. SRI PJS 8 MENTARI COURT,SELANGOR,41,9,76.58333333333333,27.5,0.2
101.60939593900002,3.0808161339999742,05/08/2025,E11. SRI PJS 8 MENTARI COURT,SELANGOR,38,9,76.58333333333333,27.5,0.2
101.60939593900002,3.0808161339999742,05/08/2025,E11. SRI PJS 8 MENTARI COURT,SELANGOR,39,9,76.58333333333333,27.5,0.2
101.60939593900002,3.0808161339999742,05/08/2025,E11. SRI PJS 8 MENTARI COURT,SELANGOR,36,8,76.58333333333333,27.5,0.2
101.60939593900002,3.0808161339999742,06/08/2025,E11. SRI PJS 8 MENTARI COURT,SELANGOR,42,9,79.29166666666667,27.8,3.9
101.60939593900002,3.0808161339999742,06/08/2025,E11. SRI PJS 8 MENTARI COURT,SELANGOR,37,8,79.29166666666667,27.8,3.9
101.60939593900002,3.0808161339999742,06/08/2025,E11. SRI PJS 8 MENTARI COURT,SELANGOR,40,9,79.29166666666667,27.8,3.9
101.60939593900002,3.0808161339999742,06/08/2025,E11. SRI PJS 8 MENTARI COURT,SELANGOR,41,9,79.29166666666667,27.8,3.9
101.60939593900002,3.0808161339999742,06/08/2025,E11. SRI PJS 8 MENTARI COURT,SELANGOR,38,9,79.29166666666667,27.8,3.9
101.60939593900002,3.0808161339999742,06/08/2025,E11. SRI PJS 8 MENTARI COURT,SELANGOR,39,9,79.29166666666667,27.8,3.9
101.60939593900002,3.0808161339999742,06/08/2025,E11. SRI PJS 8 MENTARI COURT,SELANGOR,36,8,79.29166666666667,27.8,3.9
101.60939593900002,3.0808161339999742,07/08/2025,E11. SRI PJS 8 MENTARI COURT,SELANGOR,43,9,76.95833333333333,28.2,2.6
101.60939593900002,3.0808161339999742,08/08/2025,E11. SRI PJS 8 MENTARI COURT,SELANGOR,44,9,75.95833333333333,27.8,2.3
101.60939593900002,3.0808161339999742,08/08/2025,E11. SRI PJS 8 MENTARI COURT,SELANGOR,43,9,75.95833333333333,27.8,2.3
101.60939593900002,3.0808161339999742,09/08/2025,E11. SRI PJS 8 MENTARI COURT,SELANGOR,44,9,78.0,28.1,0.4
101.60939593900002,3.0808161339999742,09/08/2025,E11. SRI PJS 8 MENTARI COURT,SELANGOR,45,9,78.0,28.1,0.4
101.60939593900002,3.0808161339999742,09/08/2025,E11. SRI PJS 8 MENTARI COURT,SELANGOR,43,9,78.0,28.1,0.4
101.60939593900002,3.0808161339999742,10/08/2025,E11. SRI PJS 8 MENTARI COURT,SELANGOR,44,9,84.75,26.5,7.7
101.60939593900002,3.0808161339999742,10/08/2025,E11. SRI PJS 8 MENTARI COURT,SELANGOR,45,9,84.75,26.5,7.7
101.60939593900002,3.0808161339999742,10/08/2025,E11. SRI PJS 8 MENTARI COURT,SELANGOR,43,9,84.75,26.5,7.7
101.60939593900002,3.0808161339999742,11/08/2025,E11. SRI PJS 8 MENTARI COURT,SELANGOR,44,9,82.41666666666667,26.7,2.1
101.60939593900002,3.0808161339999742,11/08/2025,E11. SRI PJS 8 MENTARI COURT,SELANGOR,45,9,82.41666666666667,26.7,2.1
101.60939593900002,3.0808161339999742,11/08/2025,E11. SRI PJS 8 MENTARI COURT,SELANGOR,43,9,82.41666666666667,26.7,2.1
101.60939593900002,3.0808161339999742,11/08/2025,E11. SRI PJS 8 MENTARI COURT,SELANGOR,47,9,82.41666666666667,26.7,2.1
101.60939593900002,3.0808161339999742,12/08/2025,E11. SRI PJS 8 MENTARI COURT,SELANGOR,48,9,75.125,28.0,1.6
101.60939593900002,3.0808161339999742,12/08/2025,E11. SRI PJS 8 MENTARI COURT,SELANGOR,44,9,75.125,28.0,1.6
101.60939593900002,3.0808161339999742,12/08/2025,E11. SRI PJS 8 MENTARI COURT,SELANGOR,45,9,75.125,28.0,1.6
101.60939593900002,3.0808161339999742,12/08/2025,E11. SRI PJS 8 MENTARI COURT,SELANGOR,43,9,75.125,28.0,1.6
101.60939593900002,3.0808161339999742,12/08/2025,E11. SRI PJS 8 MENTARI COURT,SELANGOR,47,9,75.125,28.0,1.6
101.60939593900002,3.0808161339999742,13/08/2025,E11. SRI PJS 8 MENTARI COURT,SELANGOR,48,9,71.83333333333333,28.1,0.0
101.60939593900002,3.0808161339999742,13/08/2025,E11. SRI PJS 8 MENTARI COURT,SELANGOR,44,9,71.83333333333333,28.1,0.0
101.60939593900002,3.0808161339999742,13/08/2025,E11. SRI PJS 8 MENTARI COURT,SELANGOR,49,9,71.83333333333333,28.1,0.0
101.60939593900002,3.0808161339999742,13/08/2025,E11. SRI PJS 8 MENTARI COURT,SELANGOR,45,9,71.83333333333333,28.1,0.0
101.60939593900002,3.0808161339999742,13/08/2025,E11. SRI PJS 8 MENTARI COURT,SELANGOR,43,9,71.83333333333333,28.1,0.0
101.60939593900002,3.0808161339999742,13/08/2025,E11. SRI PJS 8 MENTARI COURT,SELANGOR,47,9,71.83333333333333,28.1,0.0
101.60939593900002,3.0808161339999742,14/08/2025,E11. SRI PJS 8 MENTARI COURT,SELANGOR,50,9,76.95833333333333,27.6,1.9
101.60939593900002,3.0808161339999742,15/08/2025,E11. SRI PJS 8 MENTARI COURT,SELANGOR,50,9,78.79166666666667,27.0,10.8
101.60939593900002,3.0808161339999742,16/08/2025,E11. SRI PJS 8 MENTARI COURT,SELANGOR,50,9,78.70833333333333,27.4,3.6
101.60939593900002,3.0808161339999742,17/08/2025,E11. SRI PJS 8 MENTARI COURT,SELANGOR,50,9,74.58333333333333,28.3,0.2
101.60939593900002,3.0808161339999742,18/08/2025,E11. SRI PJS 8 MENTARI COURT,SELANGOR,50,9,73.16666666666667,28.1,4.1
101.60939593900002,3.0808161339999742,19/08/2025,E11. SRI PJS 8 MENTARI COURT,SELANGOR,50,9,74.25,27.4,0.4
101.60939593900002,3.0808161339999742,20/08/2025,E11. SRI PJS 8 MENTARI COURT,SELANGOR,50,9,79.16666666666667,27.3,2.6
101.62187576299999,3.108956099000011,09/10/2025,"E8. BU SS 21 (2) [JLN SS 21/15,17,19,21,22,24,26,28,30,32,34,36,38,40,42A]",SELANGOR,31,13,74.33333333333333,28.450000000000003,1.7
101.62187576299999,3.108956099000011,10/10/2025,"E8. BU SS 21 (2) [JLN SS 21/15,17,19,21,22,24,26,28,30,32,34,36,38,40,42A]",SELANGOR,32,14,73.625,28.549999999999997,0.3
101.62187576299999,3.108956099000011,10/10/2025,"E8. BU SS 21 (2) [JLN SS 21/15,17,19,21,22,24,26,28,30,32,34,36,38,40,42A]",SELANGOR,31,13,73.625,28.549999999999997,0.3
101.62187576299999,3.108956099000011,11/10/2025,"E8. BU SS 21 (2) [JLN SS 21/15,17,19,21,22,24,26,28,30,32,34,36,38,40,42A]",SELANGOR,32,14,79.75,27.6,1.6
101.62187576299999,3.108956099000011,11/10/2025,"E8. BU SS 21 (2) [JLN SS 21/15,17,19,21,22,24,26,28,30,32,34,36,38,40,42A]",SELANGOR,31,13,79.75,27.6,1.6
101.62187576299999,3.108956099000011,11/10/2025,"E8. BU SS 21 (2) [JLN SS 21/15,17,19,21,22,24,26,28,30,32,34,36,38,40,42A]",SELANGOR,33,14,79.75,27.6,1.6
101.62187576299999,3.108956099000011,12/10/2025,"E8. BU SS 21 (2) [JLN SS 21/15,17,19,21,22,24,26,28,30,32,34,36,38,40,42A]",SELANGOR,34,14,77.875,28.4,5.3
101.62187576299999,3.108956099000011,12/10/2025,"E8. BU SS 21 (2) [JLN SS 21/15,17,19,21,22,24,26,28,30,32,34,36,38,40,42A]",SELANGOR,32,14,77.875,28.4,5.3
101.62187576299999,3.108956099000011,12/10/2025,"E8. BU SS 21 (2) [JLN SS 21/15,17,19,21,22,24,26,28,30,32,34,36,38,40,42A]",SELANGOR,31,13,77.875,28.4,5.3
101.62187576299999,3.108956099000011,12/10/2025,"E8. BU SS 21 (2) [JLN SS 21/15,17,19,21,22,24,26,28,30,32,34,36,38,40,42A]",SELANGOR,33,14,77.875,28.4,5.3
101.62187576299999,3.108956099000011,13/10/2025,"E8. BU SS 21 (2) [JLN SS 21/15,17,19,21,22,24,26,28,30,32,34,36,38,40,42A]",SELANGOR,34,14,76.08333333333333,28.85,1.3
101.62187576299999,3.108956099000011,13/10/2025,"E8. BU SS 21 (2) [JLN SS 21/15,17,19,21,22,24,26,28,30,32,34,36,38,40,42A]",SELANGOR,32,14,76.08333333333333,28.85,1.3
101.62187576299999,3.108956099000011,13/10/2025,"E8. BU SS 21 (2) [JLN SS 21/15,17,19,21,22,24,26,28,30,32,34,36,38,40,42A]",SELANGOR,35,14,76.08333333333333,28.85,1.3
101.62187576299999,3.108956099000011,13/10/2025,"E8. BU SS 21 (2) [JLN SS 21/15,17,19,21,22,24,26,28,30,32,34,36,38,40,42A]",SELANGOR,31,13,76.08333333333333,28.85,1.3
101.62187576299999,3.108956099000011,13/10/2025,"E8. BU SS 21 (2) [JLN SS 21/15,17,19,21,22,24,26,28,30,32,34,36,38,40,42A]",SELANGOR,33,14,76.08333333333333,28.85,1.3
101.62187576299999,3.108956099000011,14/10/2025,"E8. BU SS 21 (2) [JLN SS 21/15,17,19,21,22,24,26,28,30,32,34,36,38,40,42A]",SELANGOR,34,14,76.125,29.25,8.8
101.62187576299999,3.108956099000011,14/10/2025,"E8. BU SS 21 (2) [JLN SS 21/15,17,19,21,22,24,26,28,30,32,34,36,38,40,42A]",SELANGOR,32,14,76.125,29.25,8.8
101.62187576299999,3.108956099000011,14/10/2025,"E8. BU SS 21 (2) [JLN SS 21/15,17,19,21,22,24,26,28,30,32,34,36,38,40,42A]",SELANGOR,35,14,76.125,29.25,8.8
101.62187576299999,3.108956099000011,14/10/2025,"E8. BU SS 21 (2) [JLN SS 21/15,17,19,21,22,24,26,28,30,32,34,36,38,40,42A]",SELANGOR,31,13,76.125,29.25,8.8
101.62187576299999,3.108956099000011,14/10/2025,"E8. BU SS 21 (2) [JLN SS 21/15,17,19,21,22,24,26,28,30,32,34,36,38,40,42A]",SELANGOR,33,14,76.125,29.25,8.8
101.62187576299999,3.108956099000011,14/10/2025,"E8. BU SS 21 (2) [JLN SS 21/15,17,19,21,22,24,26,28,30,32,34,36,38,40,42A]",SELANGOR,36,14,76.125,29.25,8.8
101.62187576299999,3.108956099000011,15/10/2025,"E8. BU SS 21 (2) [JLN SS 21/15,17,19,21,22,24,26,28,30,32,34,36,38,40,42A]",SELANGOR,34,14,74.83333333333333,30.15,12.2
101.62187576299999,3.108956099000011,15/10/2025,"E8. BU SS 21 (2) [JLN SS 21/15,17,19,21,22,24,26,28,30,32,34,36,38,40,42A]",SELANGOR,32,14,74.83333333333333,30.15,12.2
101.62187576299999,3.108956099000011,15/10/2025,"E8. BU SS 21 (2) [JLN SS 21/15,17,19,21,22,24,26,28,30,32,34,36,38,40,42A]",SELANGOR,35,14,74.83333333333333,30.15,12.2
101.62187576299999,3.108956099000011,15/10/2025,"E8. BU SS 21 (2) [JLN SS 21/15,17,19,21,22,24,26,28,30,32,34,36,38,40,42A]",SELANGOR,31,13,74.83333333333333,30.15,12.2
101.62187576299999,3.108956099000011,15/10/2025,"E8. BU SS 21 (2) [JLN SS 21/15,17,19,21,22,24,26,28,30,32,34,36,38,40,42A]",SELANGOR,33,14,74.83333333333333,30.15,12.2
101.62187576299999,3.108956099000011,15/10/2025,"E8. BU SS 21 (2) [JLN SS 21/15,17,19,21,22,24,26,28,30,32,34,36,38,40,42A]",SELANGOR,36,14,74.83333333333333,30.15,12.2
101.62187576299999,3.108956099000011,16/10/2025,"E8. BU SS 21 (2) [JLN SS 21/15,17,19,21,22,24,26,28,30,32,34,36,38,40,42A]",SELANGOR,38,14,79.79166666666667,28.75,3.0
101.62187576299999,3.108956099000011,16/10/2025,"E8. BU SS 21 (2) [JLN SS 21/15,17,19,21,22,24,26,28,30,32,34,36,38,40,42A]",SELANGOR,38,14,81.83333333333333,28.599999999999998,14.4
101.62187576299999,3.108956099000011,17/10/2025,"E8. BU SS 21 (2) [JLN SS 21/15,17,19,21,22,24,26,28,30,32,34,36,38,40,42A]",SELANGOR,38,14,83.0,27.65,5.8
101.62187576299999,3.108956099000011,18/10/2025,"E8. BU SS 21 (2) [JLN SS 21/15,17,19,21,22,24,26,28,30,32,34,36,38,40,42A]",SELANGOR,40,14,83.20833333333333,28.0,10.8
101.62187576299999,3.108956099000011,18/10/2025,"E8. BU SS 21 (2) [JLN SS 21/15,17,19,21,22,24,26,28,30,32,34,36,38,40,42A]",SELANGOR,38,14,83.20833333333333,28.0,10.8
101.62187576299999,3.108956099000011,19/10/2025,"E8. BU SS 21 (2) [JLN SS 21/15,17,19,21,22,24,26,28,30,32,34,36,38,40,42A]",SELANGOR,40,14,83.125,27.95,6.3
101.62187576299999,3.108956099000011,19/10/2025,"E8. BU SS 21 (2) [JLN SS 21/15,17,19,21,22,24,26,28,30,32,34,36,38,40,42A]",SELANGOR,38,14,83.125,27.95,6.3
101.62187576299999,3.108956099000011,19/10/2025,"E8. BU SS 21 (2) [JLN SS 21/15,17,19,21,22,24,26,28,30,32,34,36,38,40,42A]",SELANGOR,41,14,83.125,27.95,6.3
101.62187576299999,3.108956099000011,20/10/2025,"E8. BU SS 21 (2) [JLN SS 21/15,17,19,21,22,24,26,28,30,32,34,36,38,40,42A]",SELANGOR,42,14,85,27.1,3.7
101.62187576299999,3.108956099000011,20/10/2025,"E8. BU SS 21 (2) [JLN SS 21/15,17,19,21,22,24,26,28,30,32,34,36,38,40,42A]",SELANGOR,40,14,85,27.1,3.7
101.62187576299999,3.108956099000011,20/10/2025,"E8. BU SS 21 (2) [JLN SS 21/15,17,19,21,22,24,26,28,30,32,34,36,38,40,42A]",SELANGOR,38,14,85,27.1,3.7
101.62187576299999,3.108956099000011,20/10/2025,"E8. BU SS 21 (2) [JLN SS 21/15,17,19,21,22,24,26,28,30,32,34,36,38,40,42A]",SELANGOR,41,14,85,27.1,3.7
101.62187576299999,3.108956099000011,21/10/2025,"E8. BU SS 21 (2) [JLN SS 21/15,17,19,21,22,24,26,28,30,32,34,36,38,40,42A]",SELANGOR,42,14,76,28.3,0.1
101.62187576299999,3.108956099000011,21/10/2025,"E8. BU SS 21 (2) [JLN SS 21/15,17,19,21,22,24,26,28,30,32,34,36,38,40,42A]",SELANGOR,40,14,76,28.3,0.1
101.62187576299999,3.108956099000011,21/10/2025,"E8. BU SS 21 (2) [JLN SS 21/15,17,19,21,22,24,26,28,30,32,34,36,38,40,42A]",SELANGOR,38,14,76,28.3,0.1
101.62187576299999,3.108956099000011,21/10/2025,"E8. BU SS 21 (2) [JLN SS 21/15,17,19,21,22,24,26,28,30,32,34,36,38,40,42A]",SELANGOR,44,14,76,28.3,0.1
101.62187576299999,3.108956099000011,21/10/2025,"E8. BU SS 21 (2) [JLN SS 21/15,17,19,21,22,24,26,28,30,32,34,36,38,40,42A]",SELANGOR,41,14,76,28.3,0.1
101.60939593900002,3.0808161339999742,27/10/2025,E11. SRI PJS 8 MENTARI COURT,SELANGOR,31,7,72,29.0,0.0
101.60939593900002,3.0808161339999742,28/10/2025,E11. SRI PJS 8 MENTARI COURT,SELANGOR,31,7,76,28.9,0.5
101.60939593900002,3.0808161339999742,28/10/2025,E11. SRI PJS 8 MENTARI COURT,SELANGOR,32,7,76,28.9,0.5
101.60939593900002,3.0808161339999742,29/10/2025,E11. SRI PJS 8 MENTARI COURT,SELANGOR,33,7,73,28.8,0.0
101.60939593900002,3.0808161339999742,30/10/2025,E11. SRI PJS 8 MENTARI COURT,SELANGOR,33,7,75,28.7,0.8
101.60939593900002,3.0808161339999742,31/10/2025,E11. SRI PJS 8 MENTARI COURT,SELANGOR,33,7,71,29.5,0.0
101.60939593900002,3.0808161339999742,02/11/2025,E11. SRI PJS 8 MENTARI COURT,SELANGOR,33,7,83,28.0,5.6
101.60939593900002,3.0808161339999742,02/11/2025,E11. SRI PJS 8 MENTARI COURT,SELANGOR,33,7,83,28.1,8.6
101.60939593900002,3.0808161339999742,02/11/2025,E11. SRI PJS 8 MENTARI COURT,SELANGOR,37,9,83,28.1,8.6
101.60939593900002,3.0808161339999742,03/11/2025,E11. SRI PJS 8 MENTARI COURT,SELANGOR,33,7,83,28.2,10.6
101.60939593900002,3.0808161339999742,03/11/2025,E11. SRI PJS 8 MENTARI COURT,SELANGOR,38,9,83,28.2,10.6
101.60939593900002,3.0808161339999742,03/11/2025,E11. SRI PJS 8 MENTARI COURT,SELANGOR,37,9,83,28.2,10.6
101.60939593900002,3.0808161339999742,04/11/2025,E11. SRI PJS 8 MENTARI COURT,SELANGOR,33,7,78,28.4,1.6
101.60939593900002,3.0808161339999742,04/11/2025,E11. SRI PJS 8 MENTARI COURT,SELANGOR,39,9,78,28.4,1.6
101.60939593900002,3.0808161339999742,04/11/2025,E11. SRI PJS 8 MENTARI COURT,SELANGOR,38,9,78,28.4,1.6
101.60939593900002,3.0808161339999742,04/11/2025,E11. SRI PJS 8 MENTARI COURT,SELANGOR,37,9,78,28.4,1.6
101.60939593900002,3.0808161339999742,05/11/2025,E11. SRI PJS 8 MENTARI COURT,SELANGOR,40,9,75,28.8,0.1
101.60939593900002,3.0808161339999742,06/11/2025,E11. SRI PJS 8 MENTARI COURT,SELANGOR,40,9,74,29.0,0.2
101.60939593900002,3.0808161339999742,07/11/2025,E11. SRI PJS 8 MENTARI COURT,SELANGOR,40,9,73,29.2,0.0
101.60939593900002,3.0808161339999742,07/11/2025,E11. SRI PJS 8 MENTARI COURT,SELANGOR,41,9,73,29.2,0.0
101.60939593900002,3.0808161339999742,07/11/2025,E11. SRI PJS 8 MENTARI COURT,SELANGOR,42,9,73,29.2,0.0
101.60939593900002,3.0808161339999742,08/11/2025,E11. SRI PJS 8 MENTARI COURT,SELANGOR,40,9,73,29.1,0.0
101.60939593900002,3.0808161339999742,08/11/2025,E11. SRI PJS 8 MENTARI COURT,SELANGOR,43,9,73,29.1,0.0
101.60939593900002,3.0808161339999742,08/11/2025,E11. SRI PJS 8 MENTARI COURT,SELANGOR,41,9,73,29.1,0.0
101.60939593900002,3.0808161339999742,08/11/2025,E11. SRI PJS 8 MENTARI COURT,SELANGOR,42,9,73,29.1,0.0
101.60939593900002,3.0808161339999742,09/11/2025,E11. SRI PJS 8 MENTARI COURT,SELANGOR,40,9,77,29.0,2.8
101.60939593900002,3.0808161339999742,09/11/2025,E11. SRI PJS 8 MENTARI COURT,SELANGOR,43,9,77,29.0,2.8
101.60939593900002,3.0808161339999742,09/11/2025,E11. SRI PJS 8 MENTARI COURT,SELANGOR,44,9,77,29.0,2.8
101.60939593900002,3.0808161339999742,09/11/2025,E11. SRI PJS 8 MENTARI COURT,SELANGOR,41,9,77,29.0,2.8
101.60939593900002,3.0808161339999742,09/11/2025,E11. SRI PJS 8 MENTARI COURT,SELANGOR,42,9,77,29.0,2.8
101.60939593900002,3.0808161339999742,10/11/2025,E11. SRI PJS 8 MENTARI COURT,SELANGOR,40,9,79,28.4,8.2
101.60939593900002,3.0808161339999742,10/11/2025,E11. SRI PJS 8 MENTARI COURT,SELANGOR,43,9,79,28.4,8.2
101.60939593900002,3.0808161339999742,10/11/2025,E11. SRI PJS 8 MENTARI COURT,SELANGOR,44,9,79,28.4,8.2
101.60939593900002,3.0808161339999742,10/11/2025,E11. SRI PJS 8 MENTARI COURT,SELANGOR,45,9,79,28.4,8.2
101.60939593900002,3.0808161339999742,10/11/2025,E11. SRI PJS 8 MENTARI COURT,SELANGOR,41,9,79,28.4,8.2
101.60939593900002,3.0808161339999742,10/11/2025,E11. SRI PJS 8 MENTARI COURT,SELANGOR,42,9,79,28.4,8.2
101.60939593900002,3.0808161339999742,11/11/2025,E11. SRI PJS 8 MENTARI COURT,SELANGOR,40,9,80,28.0,6.5
101.60939593900002,3.0808161339999742,11/11/2025,E11. SRI PJS 8 MENTARI COURT,SELANGOR,43,9,80,28.0,6.5
101.60939593900002,3.0808161339999742,11/11/2025,E11. SRI PJS 8 MENTARI COURT,SELANGOR,44,9,80,28.0,6.5
101.60939593900002,3.0808161339999742,11/11/2025,E11. SRI PJS 8 MENTARI COURT,SELANGOR,46,9,80,28.0,6.5
101.60939593900002,3.0808161339999742,11/11/2025,E11. SRI PJS 8 MENTARI COURT,SELANGOR,45,9,80,28.0,6.5
101.60939593900002,3.0808161339999742,11/11/2025,E11. SRI PJS 8 MENTARI COURT,SELANGOR,41,9,80,28.0,6.5
101.60939593900002,3.0808161339999742,11/11/2025,E11. SRI PJS 8 MENTARI COURT,SELANGOR,42,9,80,28.0,6.5
101.60939593900002,3.0808161339999742,12/11/2025,E11. SRI PJS 8 MENTARI COURT,SELANGOR,47,9,83,27.3,9.4
101.60939593900002,3.0808161339999742,13/11/2025,E11. SRI PJS 8 MENTARI COURT,SELANGOR,48,9,83,27.3,9.4
101.60939593900002,3.0808161339999742,13/11/2025,E11. SRI PJS 8 MENTARI COURT,SELANGOR,47,9,83,27.3,9.4
101.60939593900002,3.0808161339999742,14/11/2025,E11. SRI PJS 8 MENTARI COURT,SELANGOR,49,9,83,27.5,12.6
101.60939593900002,3.0808161339999742,14/11/2025,E11. SRI PJS 8 MENTARI COURT,SELANGOR,48,9,83,27.5,12.6
101.60939593900002,3.0808161339999742,14/11/2025,E11. SRI PJS 8 MENTARI COURT,SELANGOR,47,9,83,27.5,12.6
101.60939593900002,3.0808161339999742,15/11/2025,E11. SRI PJS 8 MENTARI COURT,SELANGOR,49,9,84,27.4,23.5
101.60939593900002,3.0808161339999742,15/11/2025,E11. SRI PJS 8 MENTARI COURT,SELANGOR,48,9,84,27.4,23.5
101.60939593900002,3.0808161339999742,15/11/2025,E11. SRI PJS 8 MENTARI COURT,SELANGOR,47,9,84,27.4,23.5
101.60939593900002,3.0808161339999742,16/11/2025,E11. SRI PJS 8 MENTARI COURT,SELANGOR,49,9,87,26.8,58.3
101.60939593900002,3.0808161339999742,16/11/2025,E11. SRI PJS 8 MENTARI COURT,SELANGOR,48,9,87,26.8,58.3
101.60939593900002,3.0808161339999742,16/11/2025,E11. SRI PJS 8 MENTARI COURT,SELANGOR,47,9,87,26.8,58.3
101.60939593900002,3.0808161339999742,17/11/2025,E11. SRI PJS 8 MENTARI COURT,SELANGOR,49,9,84,27.8,11.4
101.60939593900002,3.0808161339999742,17/11/2025,E11. SRI PJS 8 MENTARI COURT,SELANGOR,48,9,84,27.8,11.4
101.60939593900002,3.0808161339999742,17/11/2025,E11. SRI PJS 8 MENTARI COURT,SELANGOR,47,9,84,27.8,11.4
101.60939593900002,3.0808161339999742,18/11/2025,E11. SRI PJS 8 MENTARI COURT,SELANGOR,49,9,86,27.3,10.0
101.60939593900002,3.0808161339999742,18/11/2025,E11. SRI PJS 8 MENTARI COURT,SELANGOR,48,9,86,27.3,10.0
101.60939593900002,3.0808161339999742,18/11/2025,E11. SRI PJS 8 MENTARI COURT,SELANGOR,47,9,86,27.3,10.0
101.67335070899998,3.124403431000019,20/11/2025,ASRAMA UNIKL ( JLN TANDUK ),WILAYAH PERSEKUTUAN,31,5,87,26.6,10.0
101.67335070899998,3.124403431000019,21/11/2025,ASRAMA UNIKL ( JLN TANDUK ),WILAYAH PERSEKUTUAN,31,5,85,27.3,8.2
101.67335070899998,3.124403431000019,22/11/2025,ASRAMA UNIKL ( JLN TANDUK ),WILAYAH PERSEKUTUAN,31,5,88,26.6,15.9
101.67335070899998,3.124403431000019,23/11/2025,ASRAMA UNIKL ( JLN TANDUK ),WILAYAH PERSEKUTUAN,34,5,85,26.7,20.6
101.67335070899998,3.124403431000019,23/11/2025,ASRAMA UNIKL ( JLN TANDUK ),WILAYAH PERSEKUTUAN,31,5,85,26.7,20.6
101.67335070899998,3.124403431000019,23/11/2025,ASRAMA UNIKL ( JLN TANDUK ),WILAYAH PERSEKUTUAN,33,5,85,26.7,20.6
101.67335070899998,3.124403431000019,24/11/2025,ASRAMA UNIKL ( JLN TANDUK ),WILAYAH PERSEKUTUAN,35,5,89,26.4,64.0
101.67335070899998,3.124403431000019,24/11/2025,ASRAMA UNIKL ( JLN TANDUK ),WILAYAH PERSEKUTUAN,34,5,89,26.4,64.0
101.67335070899998,3.124403431000019,24/11/2025,ASRAMA UNIKL ( JLN TANDUK ),WILAYAH PERSEKUTUAN,31,5,89,26.4,64.0
101.67335070899998,3.124403431000019,24/11/2025,ASRAMA UNIKL ( JLN TANDUK ),WILAYAH PERSEKUTUAN,33,5,89,26.4,64.0
101.67335070899998,3.124403431000019,25/11/2025,ASRAMA UNIKL ( JLN TANDUK ),WILAYAH PERSEKUTUAN,35,5,90,25.9,28.0
101.67335070899998,3.124403431000019,25/11/2025,ASRAMA UNIKL ( JLN TANDUK ),WILAYAH PERSEKUTUAN,36,5,90,25.9,28.0
101.67335070899998,3.124403431000019,25/11/2025,ASRAMA UNIKL ( JLN TANDUK ),WILAYAH PERSEKUTUAN,34,5,90,25.9,28.0
101.67335070899998,3.124403431000019,25/11/2025,ASRAMA UNIKL ( JLN TANDUK ),WILAYAH PERSEKUTUAN,31,5,90,25.9,28.0
101.67335070899998,3.124403431000019,25/11/2025,ASRAMA UNIKL ( JLN TANDUK ),WILAYAH PERSEKUTUAN,33,5,90,25.9,28.0
101.67335070899998,3.124403431000019,26/11/2025,ASRAMA UNIKL ( JLN TANDUK ),WILAYAH PERSEKUTUAN,37,5,78,27.6,16.3
101.67335070899998,3.124403431000019,27/11/2025,ASRAMA UNIKL ( JLN TANDUK ),WILAYAH PERSEKUTUAN,37,5,86,25.7,61.4
101.67335070899998,3.124403431000019,28/11/2025,ASRAMA UNIKL ( JLN TANDUK ),WILAYAH PERSEKUTUAN,37,5,92,23.8,93.5
101.67335070899998,3.124403431000019,29/11/2025,ASRAMA UNIKL ( JLN TANDUK ),WILAYAH PERSEKUTUAN,37,5,82,26.1,0.2
101.67335070899998,3.124403431000019,30/11/2025,ASRAMA UNIKL ( JLN TANDUK ),WILAYAH PERSEKUTUAN,37,5,76,27.7,0.0
101.67335070899998,3.124403431000019,01/12/2025,ASRAMA UNIKL ( JLN TANDUK ),WILAYAH PERSEKUTUAN,37,5,76,28.1,0.0
101.69070815999999,3.091279030999999,01/12/2025,"KUCHAI ENTREPRENEURS PARK (JLN KUCHAI MAJU 13,14,15,18 & JLN 6/116B)",WILAYAH PERSEKUTUAN,31,7,76,28.3,0.0
101.67335070899998,3.124403431000019,02/12/2025,ASRAMA UNIKL ( JLN TANDUK ),WILAYAH PERSEKUTUAN,37,5,77,27.9,0.5
101.69070815999999,3.091279030999999,02/12/2025,"KUCHAI ENTREPRENEURS PARK (JLN KUCHAI MAJU 13,14,15,18 & JLN 6/116B)",WILAYAH PERSEKUTUAN,31,7,77,28.0,0.5
101.69070815999999,3.091279030999999,02/12/2025,"KUCHAI ENTREPRENEURS PARK (JLN KUCHAI MAJU 13,14,15,18 & JLN 6/116B)",WILAYAH PERSEKUTUAN,32,7,77,28.0,0.5
101.67335070899998,3.124403431000019,03/12/2025,ASRAMA UNIKL ( JLN TANDUK ),WILAYAH PERSEKUTUAN,37,5,83,27.5,37.4
101.69070815999999,3.091279030999999,03/12/2025,"KUCHAI ENTREPRENEURS PARK (JLN KUCHAI MAJU 13,14,15,18 & JLN 6/116B)",WILAYAH PERSEKUTUAN,31,7,83,27.7,37.4
101.69070815999999,3.091279030999999,03/12/2025,"KUCHAI ENTREPRENEURS PARK (JLN KUCHAI MAJU 13,14,15,18 & JLN 6/116B)",WILAYAH PERSEKUTUAN,32,7,83,27.7,37.4
101.691320109,3.0877016630000185,04/12/2025,FLAT K.E.P (1-5),WILAYAH PERSEKUTUAN,31,6,88,26.2,44.7
101.69070815999999,3.091279030999999,04/12/2025,"KUCHAI ENTREPRENEURS PARK (JLN KUCHAI MAJU 13,14,15,18 & JLN 6/116B)",WILAYAH PERSEKUTUAN,34,8,88,26.3,44.7
101.691320109,3.0877016630000185,05/12/2025,FLAT K.E.P (1-5),WILAYAH PERSEKUTUAN,31,6,82,27.7,16.0
101.69070815999999,3.091279030999999,05/12/2025,"KUCHAI ENTREPRENEURS PARK (JLN KUCHAI MAJU 13,14,15,18 & JLN 6/116B)",WILAYAH PERSEKUTUAN,34,8,82,27.8,16.0
101.691320109,3.0877016630000185,06/12/2025,FLAT K.E.P (1-5),WILAYAH PERSEKUTUAN,31,6,84,27.4,30.7
101.691320109,3.0877016630000185,06/12/2025,FLAT K.E.P (1-5),WILAYAH PERSEKUTUAN,33,6,84,27.4,30.7
101.69070815999999,3.091279030999999,06/12/2025,"KUCHAI ENTREPRENEURS PARK (JLN KUCHAI MAJU 13,14,15,18 & JLN 6/116B)",WILAYAH PERSEKUTUAN,34,8,84,27.5,30.7
101.69070815999999,3.091279030999999,06/12/2025,"KUCHAI ENTREPRENEURS PARK (JLN KUCHAI MAJU 13,14,15,18 & JLN 6/116B)",WILAYAH PERSEKUTUAN,36,8,84,27.5,30.7
101.691320109,3.0877016630000185,07/12/2025,FLAT K.E.P (1-5),WILAYAH PERSEKUTUAN,31,6,79,28.2,0.1
101.691320109,3.0877016630000185,07/12/2025,FLAT K.E.P (1-5),WILAYAH PERSEKUTUAN,33,6,79,28.2,0.1
101.691320109,3.0877016630000185,07/12/2025,FLAT K.E.P (1-5),WILAYAH PERSEKUTUAN,34,6,79,28.2,0.1
101.69070815999999,3.091279030999999,07/12/2025,"KUCHAI ENTREPRENEURS PARK (JLN KUCHAI MAJU 13,14,15,18 & JLN 6/116B)",WILAYAH PERSEKUTUAN,34,8,79,28.2,0.1
101.69070815999999,3.091279030999999,07/12/2025,"KUCHAI ENTREPRENEURS PARK (JLN KUCHAI MAJU 13,14,15,18 & JLN 6/116B)",WILAYAH PERSEKUTUAN,36,8,79,28.2,0.1
101.69070815999999,3.091279030999999,07/12/2025,"KUCHAI ENTREPRENEURS PARK (JLN KUCHAI MAJU 13,14,15,18 & JLN 6/116B)",WILAYAH PERSEKUTUAN,37,8,79,28.2,0.1
101.691320109,3.0877016630000185,08/12/2025,FLAT K.E.P (1-5),WILAYAH PERSEKUTUAN,31,6,81,27.4,13.3
101.691320109,3.0877016630000185,08/12/2025,FLAT K.E.P (1-5),WILAYAH PERSEKUTUAN,33,6,81,27.4,13.3
101.691320109,3.0877016630000185,08/12/2025,FLAT K.E.P (1-5),WILAYAH PERSEKUTUAN,34,6,81,27.4,13.3
101.691320109,3.0877016630000185,08/12/2025,FLAT K.E.P (1-5),WILAYAH PERSEKUTUAN,35,6,81,27.4,13.3
101.69070815999999,3.091279030999999,08/12/2025,"KUCHAI ENTREPRENEURS PARK (JLN KUCHAI MAJU 13,14,15,18 & JLN 6/116B)",WILAYAH PERSEKUTUAN,34,8,81,27.4,13.3
101.69070815999999,3.091279030999999,08/12/2025,"KUCHAI ENTREPRENEURS PARK (JLN KUCHAI MAJU 13,14,15,18 & JLN 6/116B)",WILAYAH PERSEKUTUAN,36,8,81,27.4,13.3
101.69070815999999,3.091279030999999,08/12/2025,"KUCHAI ENTREPRENEURS PARK (JLN KUCHAI MAJU 13,14,15,18 & JLN 6/116B)",WILAYAH PERSEKUTUAN,37,8,81,27.4,13.3
101.69070815999999,3.091279030999999,08/12/2025,"KUCHAI ENTREPRENEURS PARK (JLN KUCHAI MAJU 13,14,15,18 & JLN 6/116B)",WILAYAH PERSEKUTUAN,38,8,81,27.4,13.3
101.691320109,3.0877016630000185,09/12/2025,FLAT K.E.P (1-5),WILAYAH PERSEKUTUAN,31,6,80,27.2,2.5
101.691320109,3.0877016630000185,09/12/2025,FLAT K.E.P (1-5),WILAYAH PERSEKUTUAN,36,6,80,27.2,2.5
101.691320109,3.0877016630000185,09/12/2025,FLAT K.E.P (1-5),WILAYAH PERSEKUTUAN,33,6,80,27.2,2.5
101.691320109,3.0877016630000185,09/12/2025,FLAT K.E.P (1-5),WILAYAH PERSEKUTUAN,34,6,80,27.2,2.5
101.691320109,3.0877016630000185,09/12/2025,FLAT K.E.P (1-5),WILAYAH PERSEKUTUAN,35,6,80,27.2,2.5
101.69070815999999,3.091279030999999,09/12/2025,"KUCHAI ENTREPRENEURS PARK (JLN KUCHAI MAJU 13,14,15,18 & JLN 6/116B)",WILAYAH PERSEKUTUAN,34,8,80,27.2,2.5
101.69070815999999,3.091279030999999,09/12/2025,"KUCHAI ENTREPRENEURS PARK (JLN KUCHAI MAJU 13,14,15,18 & JLN 6/116B)",WILAYAH PERSEKUTUAN,39,8,80,27.2,2.5
101.69070815999999,3.091279030999999,09/12/2025,"KUCHAI ENTREPRENEURS PARK (JLN KUCHAI MAJU 13,14,15,18 & JLN 6/116B)",WILAYAH PERSEKUTUAN,36,8,80,27.2,2.5
101.69070815999999,3.091279030999999,09/12/2025,"KUCHAI ENTREPRENEURS PARK (JLN KUCHAI MAJU 13,14,15,18 & JLN 6/116B)",WILAYAH PERSEKUTUAN,37,8,80,27.2,2.5
101.69070815999999,3.091279030999999,09/12/2025,"KUCHAI ENTREPRENEURS PARK (JLN KUCHAI MAJU 13,14,15,18 & JLN 6/116B)",WILAYAH PERSEKUTUAN,38,8,80,27.2,2.5
101.691320109,3.0877016630000185,10/12/2025,FLAT K.E.P (1-5),WILAYAH PERSEKUTUAN,37,6,76,27.1,1.0
101.69070815999999,3.091279030999999,10/12/2025,"KUCHAI ENTREPRENEURS PARK (JLN KUCHAI MAJU 13,14,15,18 & JLN 6/116B)",WILAYAH PERSEKUTUAN,40,8,76,27.2,1.0
101.691320109,3.0877016630000185,11/12/2025,FLAT K.E.P (1-5),WILAYAH PERSEKUTUAN,37,6,81,26.7,2.7
101.69070815999999,3.091279030999999,11/12/2025,"KUCHAI ENTREPRENEURS PARK (JLN KUCHAI MAJU 13,14,15,18 & JLN 6/116B)",WILAYAH PERSEKUTUAN,40,8,81,26.8,2.7
101.69070815999999,3.091279030999999,11/12/2025,"KUCHAI ENTREPRENEURS PARK (JLN KUCHAI MAJU 13,14,15,18 & JLN 6/116B)",WILAYAH PERSEKUTUAN,41,8,81,26.8,2.7
101.691320109,3.0877016630000185,12/12/2025,FLAT K.E.P (1-5),WILAYAH PERSEKUTUAN,37,6,75,28.3,9.2
101.69070815999999,3.091279030999999,12/12/2025,"KUCHAI ENTREPRENEURS PARK (JLN KUCHAI MAJU 13,14,15,18 & JLN 6/116B)",WILAYAH PERSEKUTUAN,42,8,75,28.3,9.2
101.69070815999999,3.091279030999999,12/12/2025,"KUCHAI ENTREPRENEURS PARK (JLN KUCHAI MAJU 13,14,15,18 & JLN 6/116B)",WILAYAH PERSEKUTUAN,40,8,75,28.3,9.2
101.69070815999999,3.091279030999999,12/12/2025,"KUCHAI ENTREPRENEURS PARK (JLN KUCHAI MAJU 13,14,15,18 & JLN 6/116B)",WILAYAH PERSEKUTUAN,41,8,75,28.3,9.2
101.691320109,3.0877016630000185,13/12/2025,FLAT K.E.P (1-5),WILAYAH PERSEKUTUAN,37,6,87,26.5,46.5
101.69070815999999,3.091279030999999,13/12/2025,"KUCHAI ENTREPRENEURS PARK (JLN KUCHAI MAJU 13,14,15,18 & JLN 6/116B)",WILAYAH PERSEKUTUAN,42,8,87,26.6,46.5
101.69070815999999,3.091279030999999,13/12/2025,"KUCHAI ENTREPRENEURS PARK (JLN KUCHAI MAJU 13,14,15,18 & JLN 6/116B)",WILAYAH PERSEKUTUAN,40,8,87,26.6,46.5
101.69070815999999,3.091279030999999,13/12/2025,"KUCHAI ENTREPRENEURS PARK (JLN KUCHAI MAJU 13,14,15,18 & JLN 6/116B)",WILAYAH PERSEKUTUAN,41,8,87,26.6,46.5
101.691320109,3.0877016630000185,14/12/2025,FLAT K.E.P (1-5),WILAYAH PERSEKUTUAN,37,6,86,26.7,33.6
101.69070815999999,3.091279030999999,14/12/2025,"KUCHAI ENTREPRENEURS PARK (JLN KUCHAI MAJU 13,14,15,18 & JLN 6/116B)",WILAYAH PERSEKUTUAN,42,8,86,26.7,33.6
101.69070815999999,3.091279030999999,14/12/2025,"KUCHAI ENTREPRENEURS PARK (JLN KUCHAI MAJU 13,14,15,18 & JLN 6/116B)",WILAYAH PERSEKUTUAN,40,8,86,26.7,33.6
101.69070815999999,3.091279030999999,14/12/2025,"KUCHAI ENTREPRENEURS PARK (JLN KUCHAI MAJU 13,14,15,18 & JLN 6/116B)",WILAYAH PERSEKUTUAN,41,8,86,26.7,33.6
101.69070815999999,3.091279030999999,14/12/2025,"KUCHAI ENTREPRENEURS PARK (JLN KUCHAI MAJU 13,14,15,18 & JLN 6/116B)",WILAYAH PERSEKUTUAN,44,8,86,26.7,33.6
101.691320109,3.0877016630000185,15/12/2025,FLAT K.E.P (1-5),WILAYAH PERSEKUTUAN,37,6,91,25.4,21.3
101.69070815999999,3.091279030999999,15/12/2025,"KUCHAI ENTREPRENEURS PARK (JLN KUCHAI MAJU 13,14,15,18 & JLN 6/116B)",WILAYAH PERSEKUTUAN,42,8,91,25.5,21.3
101.69070815999999,3.091279030999999,15/12/2025,"KUCHAI ENTREPRENEURS PARK (JLN KUCHAI MAJU 13,14,15,18 & JLN 6/116B)",WILAYAH PERSEKUTUAN,40,8,91,25.5,21.3
101.69070815999999,3.091279030999999,15/12/2025,"KUCHAI ENTREPRENEURS PARK (JLN KUCHAI MAJU 13,14,15,18 & JLN 6/116B)",WILAYAH PERSEKUTUAN,41,8,91,25.5,21.3
101.69070815999999,3.091279030999999,15/12/2025,"KUCHAI ENTREPRENEURS PARK (JLN KUCHAI MAJU 13,14,15,18 & JLN 6/116B)",WILAYAH PERSEKUTUAN,44,8,91,25.5,21.3
101.691320109,3.0877016630000185,16/12/2025,FLAT K.E.P (1-5),WILAYAH PERSEKUTUAN,37,6,91,25.4,11.9
101.69070815999999,3.091279030999999,16/12/2025,"KUCHAI ENTREPRENEURS PARK (JLN KUCHAI MAJU 13,14,15,18 & JLN 6/116B)",WILAYAH PERSEKUTUAN,42,8,91,25.4,11.9
101.69070815999999,3.091279030999999,16/12/2025,"KUCHAI ENTREPRENEURS PARK (JLN KUCHAI MAJU 13,14,15,18 & JLN 6/116B)",WILAYAH PERSEKUTUAN,40,8,91,25.4,11.9
101.69070815999999,3.091279030999999,16/12/2025,"KUCHAI ENTREPRENEURS PARK (JLN KUCHAI MAJU 13,14,15,18 & JLN 6/116B)",WILAYAH PERSEKUTUAN,41,8,91,25.4,11.9
101.69070815999999,3.091279030999999,16/12/2025,"KUCHAI ENTREPRENEURS PARK (JLN KUCHAI MAJU 13,14,15,18 & JLN 6/116B)",WILAYAH PERSEKUTUAN,44,8,91,25.4,11.9
101.691320109,3.0877016630000185,17/12/2025,FLAT K.E.P (1-5),WILAYAH PERSEKUTUAN,37,6,93,25.0,18.6
101.69070815999999,3.091279030999999,17/12/2025,"KUCHAI ENTREPRENEURS PARK (JLN KUCHAI MAJU 13,14,15,18 & JLN 6/116B)",WILAYAH PERSEKUTUAN,42,8,93,25.0,18.6
101.69070815999999,3.091279030999999,17/12/2025,"KUCHAI ENTREPRENEURS PARK (JLN KUCHAI MAJU 13,14,15,18 & JLN 6/116B)",WILAYAH PERSEKUTUAN,40,8,93,25.0,18.6
101.69070815999999,3.091279030999999,17/12/2025,"KUCHAI ENTREPRENEURS PARK (JLN KUCHAI MAJU 13,14,15,18 & JLN 6/116B)",WILAYAH PERSEKUTUAN,41,8,93,25.0,18.6
101.69070815999999,3.091279030999999,17/12/2025,"KUCHAI ENTREPRENEURS PARK (JLN KUCHAI MAJU 13,14,15,18 & JLN 6/116B)",WILAYAH PERSEKUTUAN,44,8,93,25.0,18.6
103.65680637899999,1.5080404619999968,18/12/2025,TMN SUTERA UTAMA_PULAI 2/,JOHOR,33,14,91,25.3,17.9
100.30268372400002,5.352389039000002,18/12/2025,UNIVERSITY HEIGHT,PULAU PINANG,37,24,79,28.1,3.6
100.30830893299998,5.340919699999972,18/12/2025,PUTRA PLACE CONDOMINIUM,PULAU PINANG,39,23,79,28.1,3.6
101.77149312099999,3.205667525000024,18/12/2025,APPT SRI BAIDURI UP,SELANGOR,51,9,91,24.7,15.9
101.52530608900003,3.0711581369999976,18/12/2025,E1. SEKSYEN 14 (PANGSAPURI VISTA ALAM),SELANGOR,50,27,92,25.7,12.8
101.77735742200002,2.9643135420000135,18/12/2025,JALAN 4/12 SEKSYEN 4 BANDAR BARU BANGI,SELANGOR,31,10,90,25.6,12.9
101.79969370200001,2.99750929999999,18/12/2025,TAMAN SAGA EMAS,SELANGOR,35,7,90,25.5,12.9
101.60841880200002,2.9861052969999946,18/12/2025,"E15. TMN PUCHONG UTAMA 7 (COURT 1) BLOK A, B, C, D, E, F, G, H, J, K, L, M, N, P",SELANGOR,38,6,90,25.8,15.4
101.61112832200001,2.985246838000023,18/12/2025,E15. TMN PUCHONG UTAMA (JLN PU 10),SELANGOR,33,4,90,25.8,15.4
101.801723789,3.0110220529999765,18/12/2025,JALAN JENARIS A-G TAMAN DESA SERI JENARIS,SELANGOR,32,10,90,25.5,12.9
101.646089002,3.1780625819999955,18/12/2025,BOUGAINVILLA APARTMENT,WILAYAH PERSEKUTUAN,51,21,91,24.9,15.9
116.044597619,5.896894664000001,18/12/2025,KG. PASIR PUTIH,SABAH,33,7,80,28.1,6.9
101.662932237,2.7973246199999835,18/12/2025,PANGSAPURI LANGAT UTAMA,SELANGOR,35,42,88,26.3,33.0
101.60399246200001,3.077885985000023,18/12/2025,"E11. SRI PJS 10 (TERES 3) [JLN PJS 10/7C , 10/9A , 10/11A - 10/11D]",SELANGOR,40,9,91,25.4,15.9
101.712787628,3.025972963000015,18/12/2025,E17. TMN MUHIBBAH SRI KEMBANGAN,SELANGOR,56,9,90,25.5,12.9
116.09201812699996,5.957944870000006,18/12/2025,KONDOMINIUM PUNCAK LUYANG,SABAH,34,9,81,27.5,0.2
101.60240391100001,3.1945028229999934,18/12/2025,"E6. BL PJU 9 SD 13 APT SRI MERANTI (1) [A,B,C,D,E,F,G]",SELANGOR,42,18,94,25.7,20.2
101.65486526500001,3.049239875000012,18/12/2025,"PPR PINGGIRAN 2(BLOK G,H,J,K,L,M)",WILAYAH PERSEKUTUAN,31,12,90,25.5,15.4
101.61672701499998,3.067438256999992,18/12/2025,"E13. PJS 7/15 (FLAT KOS RENDAH) BLOK A, B, C, D, E, F, G, H, K",SELANGOR,43,11,91,25.4,15.9
101.52359008799999,3.2150260220000177,18/12/2025,E5. SEKSYEN U17 (AMAN PUTRI : TERES JLN U17/43 - U17/51),SELANGOR,31,11,92,25.5,18.4
101.51005172700002,3.0751249799999982,18/12/2025,E1. SEKSYEN 3 (KOMPLEKS MAIS),SELANGOR,63,23,92,25.7,12.8
101.57379433599999,3.1720262420000154,18/12/2025,E7. KD PJU 5 SEK 7 APT MILIA,SELANGOR,53,12,91,25.1,15.9
101.57404113500002,3.1725872979999963,18/12/2025,E7. KD PJU 5 SEK 7 APT LILY,SELANGOR,34,7,91,25.2,15.9
101.60886383000002,2.883585929999981,18/12/2025,"PALMA SANDS, GAMUDA COVE",SELANGOR,45,8,92,25.4,18.4
103.65680637899999,1.5080404619999968,19/12/2025,TMN SUTERA UTAMA_PULAI 2/,JOHOR,34,14,89,25.6,6.3
103.65680637899999,1.5080404619999968,19/12/2025,TMN SUTERA UTAMA_PULAI 2/,JOHOR,33,14,89,25.6,6.3
100.30268372400002,5.352389039000002,19/12/2025,UNIVERSITY HEIGHT,PULAU PINANG,38,24,75,28.4,3.3
100.30268372400002,5.352389039000002,19/12/2025,UNIVERSITY HEIGHT,PULAU PINANG,37,24,75,28.4,3.3
100.30830893299998,5.340919699999972,19/12/2025,PUTRA PLACE CONDOMINIUM,PULAU PINANG,40,25,75,28.4,3.3
100.30830893299998,5.340919699999972,19/12/2025,PUTRA PLACE CONDOMINIUM,PULAU PINANG,39,23,75,28.4,3.3
101.77149312099999,3.205667525000024,19/12/2025,APPT SRI BAIDURI UP,SELANGOR,52,9,87,25.8,10.0
101.77149312099999,3.205667525000024,19/12/2025,APPT SRI BAIDURI UP,SELANGOR,51,9,87,25.8,10.0
101.52530608900003,3.0711581369999976,19/12/2025,E1. SEKSYEN 14 (PANGSAPURI VISTA ALAM),SELANGOR,51,27,87,26.8,4.6
101.52530608900003,3.0711581369999976,19/12/2025,E1. SEKSYEN 14 (PANGSAPURI VISTA ALAM),SELANGOR,50,27,87,26.8,4.6
101.77735742200002,2.9643135420000135,19/12/2025,JALAN 4/12 SEKSYEN 4 BANDAR BARU BANGI,SELANGOR,32,10,88,26.4,14.1
101.77735742200002,2.9643135420000135,19/12/2025,JALAN 4/12 SEKSYEN 4 BANDAR BARU BANGI,SELANGOR,31,10,88,26.4,14.1
101.79969370200001,2.99750929999999,19/12/2025,TAMAN SAGA EMAS,SELANGOR,36,7,88,26.3,14.1
101.79969370200001,2.99750929999999,19/12/2025,TAMAN SAGA EMAS,SELANGOR,35,7,88,26.3,14.1
101.60841880200002,2.9861052969999946,19/12/2025,"E15. TMN PUCHONG UTAMA 7 (COURT 1) BLOK A, B, C, D, E, F, G, H, J, K, L, M, N, P",SELANGOR,39,6,87,26.5,8.6
101.60841880200002,2.9861052969999946,19/12/2025,"E15. TMN PUCHONG UTAMA 7 (COURT 1) BLOK A, B, C, D, E, F, G, H, J, K, L, M, N, P",SELANGOR,38,6,87,26.5,8.6
101.61112832200001,2.985246838000023,19/12/2025,E15. TMN PUCHONG UTAMA (JLN PU 10),SELANGOR,34,4,87,26.5,8.6
101.61112832200001,2.985246838000023,19/12/2025,E15. TMN PUCHONG UTAMA (JLN PU 10),SELANGOR,33,4,87,26.5,8.6
101.801723789,3.0110220529999765,19/12/2025,JALAN JENARIS A-G TAMAN DESA SERI JENARIS,SELANGOR,33,10,88,26.3,14.1
101.801723789,3.0110220529999765,19/12/2025,JALAN JENARIS A-G TAMAN DESA SERI JENARIS,SELANGOR,32,10,88,26.3,14.1
101.646089002,3.1780625819999955,19/12/2025,BOUGAINVILLA APARTMENT,WILAYAH PERSEKUTUAN,52,21,87,26.0,10.0
101.646089002,3.1780625819999955,19/12/2025,BOUGAINVILLA APARTMENT,WILAYAH PERSEKUTUAN,51,21,87,26.0,10.0
116.044597619,5.896894664000001,19/12/2025,KG. PASIR PUTIH,SABAH,34,7,78,28.8,0.8
116.044597619,5.896894664000001,19/12/2025,KG. PASIR PUTIH,SABAH,33,7,78,28.8,0.8
101.662932237,2.7973246199999835,19/12/2025,PANGSAPURI LANGAT UTAMA,SELANGOR,36,42,85,27.0,10.7
101.662932237,2.7973246199999835,19/12/2025,PANGSAPURI LANGAT UTAMA,SELANGOR,35,42,85,27.0,10.7
101.60399246200001,3.077885985000023,19/12/2025,"E11. SRI PJS 10 (TERES 3) [JLN PJS 10/7C , 10/9A , 10/11A - 10/11D]",SELANGOR,41,9,87,26.5,10.0
101.60399246200001,3.077885985000023,19/12/2025,"E11. SRI PJS 10 (TERES 3) [JLN PJS 10/7C , 10/9A , 10/11A - 10/11D]",SELANGOR,40,9,87,26.5,10.0
101.712787628,3.025972963000015,19/12/2025,E17. TMN MUHIBBAH SRI KEMBANGAN,SELANGOR,57,9,88,26.3,14.1
101.712787628,3.025972963000015,19/12/2025,E17. TMN MUHIBBAH SRI KEMBANGAN,SELANGOR,56,9,88,26.3,14.1
116.09201812699996,5.957944870000006,19/12/2025,KONDOMINIUM PUNCAK LUYANG,SABAH,35,9,80,28.2,0.2
116.09201812699996,5.957944870000006,19/12/2025,KONDOMINIUM PUNCAK LUYANG,SABAH,34,9,80,28.2,0.2
101.60240391100001,3.1945028229999934,19/12/2025,"E6. BL PJU 9 SD 13 APT SRI MERANTI (1) [A,B,C,D,E,F,G]",SELANGOR,43,18,89,27.0,7.3
101.60240391100001,3.1945028229999934,19/12/2025,"E6. BL PJU 9 SD 13 APT SRI MERANTI (1) [A,B,C,D,E,F,G]",SELANGOR,42,18,89,27.0,7.3
101.65486526500001,3.049239875000012,19/12/2025,"PPR PINGGIRAN 2(BLOK G,H,J,K,L,M)",WILAYAH PERSEKUTUAN,32,12,87,26.2,8.6
101.65486526500001,3.049239875000012,19/12/2025,"PPR PINGGIRAN 2(BLOK G,H,J,K,L,M)",WILAYAH PERSEKUTUAN,31,12,87,26.2,8.6
101.61672701499998,3.067438256999992,19/12/2025,"E13. PJS 7/15 (FLAT KOS RENDAH) BLOK A, B, C, D, E, F, G, H, K",SELANGOR,44,11,87,26.5,10.0
101.61672701499998,3.067438256999992,19/12/2025,"E13. PJS 7/15 (FLAT KOS RENDAH) BLOK A, B, C, D, E, F, G, H, K",SELANGOR,43,11,87,26.5,10.0
101.52359008799999,3.2150260220000177,19/12/2025,E5. SEKSYEN U17 (AMAN PUTRI : TERES JLN U17/43 - U17/51),SELANGOR,32,11,86,26.8,6.9
101.52359008799999,3.2150260220000177,19/12/2025,E5. SEKSYEN U17 (AMAN PUTRI : TERES JLN U17/43 - U17/51),SELANGOR,31,11,86,26.8,6.9
101.51005172700002,3.0751249799999982,19/12/2025,E1. SEKSYEN 3 (KOMPLEKS MAIS),SELANGOR,64,23,87,26.8,4.6
101.51005172700002,3.0751249799999982,19/12/2025,E1. SEKSYEN 3 (KOMPLEKS MAIS),SELANGOR,63,23,87,26.8,4.6
101.57379433599999,3.1720262420000154,19/12/2025,E7. KD PJU 5 SEK 7 APT MILIA,SELANGOR,54,12,87,26.2,10.0
101.57379433599999,3.1720262420000154,19/12/2025,E7. KD PJU 5 SEK 7 APT MILIA,SELANGOR,53,12,87,26.2,10.0
101.57404113500002,3.1725872979999963,19/12/2025,E7. KD PJU 5 SEK 7 APT LILY,SELANGOR,35,7,87,26.3,10.0
101.57404113500002,3.1725872979999963,19/12/2025,E7. KD PJU 5 SEK 7 APT LILY,SELANGOR,34,7,87,26.3,10.0
101.60886383000002,2.883585929999981,19/12/2025,"PALMA SANDS, GAMUDA COVE",SELANGOR,46,8,89,26.1,8.2
101.60886383000002,2.883585929999981,19/12/2025,"PALMA SANDS, GAMUDA COVE",SELANGOR,45,8,89,26.1,8.2
101.72534089300001,3.166078734999985,19/12/2025,"KG. DATO KERAMAT ( LORONG KERAMAT 1,2,3)",WILAYAH PERSEKUTUAN,31,6,87,26.6,10.0
103.65680637899999,1.5080404619999968,20/12/2025,TMN SUTERA UTAMA_PULAI 2/,JOHOR,35,14,83,26.8,3.5
103.65680637899999,1.5080404619999968,20/12/2025,TMN SUTERA UTAMA_PULAI 2/,JOHOR,34,14,83,26.8,3.5
103.65680637899999,1.5080404619999968,20/12/2025,TMN SUTERA UTAMA_PULAI 2/,JOHOR,33,14,83,26.8,3.5
100.30268372400002,5.352389039000002,20/12/2025,UNIVERSITY HEIGHT,PULAU PINANG,39,24,77,28.7,3.5
100.30268372400002,5.352389039000002,20/12/2025,UNIVERSITY HEIGHT,PULAU PINANG,38,24,77,28.7,3.5
100.30268372400002,5.352389039000002,20/12/2025,UNIVERSITY HEIGHT,PULAU PINANG,37,24,77,28.7,3.5
100.30830893299998,5.340919699999972,20/12/2025,PUTRA PLACE CONDOMINIUM,PULAU PINANG,41,25,77,28.7,3.5
100.30830893299998,5.340919699999972,20/12/2025,PUTRA PLACE CONDOMINIUM,PULAU PINANG,40,25,77,28.7,3.5
100.30830893299998,5.340919699999972,20/12/2025,PUTRA PLACE CONDOMINIUM,PULAU PINANG,39,23,77,28.7,3.5
101.77149312099999,3.205667525000024,20/12/2025,APPT SRI BAIDURI UP,SELANGOR,52,9,83,26.3,17.3
101.77149312099999,3.205667525000024,20/12/2025,APPT SRI BAIDURI UP,SELANGOR,51,9,83,26.3,17.3
101.52530608900003,3.0711581369999976,20/12/2025,E1. SEKSYEN 14 (PANGSAPURI VISTA ALAM),SELANGOR,52,27,84,27.3,9.1
101.52530608900003,3.0711581369999976,20/12/2025,E1. SEKSYEN 14 (PANGSAPURI VISTA ALAM),SELANGOR,51,27,84,27.3,9.1
101.52530608900003,3.0711581369999976,20/12/2025,E1. SEKSYEN 14 (PANGSAPURI VISTA ALAM),SELANGOR,50,27,84,27.3,9.1
101.77735742200002,2.9643135420000135,20/12/2025,JALAN 4/12 SEKSYEN 4 BANDAR BARU BANGI,SELANGOR,33,10,84,27.1,12.8
101.77735742200002,2.9643135420000135,20/12/2025,JALAN 4/12 SEKSYEN 4 BANDAR BARU BANGI,SELANGOR,32,10,84,27.1,12.8
101.77735742200002,2.9643135420000135,20/12/2025,JALAN 4/12 SEKSYEN 4 BANDAR BARU BANGI,SELANGOR,31,10,84,27.1,12.8
101.79969370200001,2.99750929999999,20/12/2025,TAMAN SAGA EMAS,SELANGOR,37,7,84,27.0,12.8
101.79969370200001,2.99750929999999,20/12/2025,TAMAN SAGA EMAS,SELANGOR,36,7,84,27.0,12.8
101.79969370200001,2.99750929999999,20/12/2025,TAMAN SAGA EMAS,SELANGOR,35,7,84,27.0,12.8
101.60841880200002,2.9861052969999946,20/12/2025,"E15. TMN PUCHONG UTAMA 7 (COURT 1) BLOK A, B, C, D, E, F, G, H, J, K, L, M, N, P",SELANGOR,40,6,83,27.3,12.9
101.60841880200002,2.9861052969999946,20/12/2025,"E15. TMN PUCHONG UTAMA 7 (COURT 1) BLOK A, B, C, D, E, F, G, H, J, K, L, M, N, P",SELANGOR,39,6,83,27.3,12.9
101.60841880200002,2.9861052969999946,20/12/2025,"E15. TMN PUCHONG UTAMA 7 (COURT 1) BLOK A, B, C, D, E, F, G, H, J, K, L, M, N, P",SELANGOR,38,6,83,27.3,12.9
101.61112832200001,2.985246838000023,20/12/2025,E15. TMN PUCHONG UTAMA (JLN PU 10),SELANGOR,35,4,83,27.3,12.9
101.61112832200001,2.985246838000023,20/12/2025,E15. TMN PUCHONG UTAMA (JLN PU 10),SELANGOR,34,4,83,27.3,12.9
101.61112832200001,2.985246838000023,20/12/2025,E15. TMN PUCHONG UTAMA (JLN PU 10),SELANGOR,33,4,83,27.3,12.9
118.06537060100004,5.865935443000012,20/12/2025,TAMAN TYNG BT.5,SABAH,31,14,83,27.6,0.4
101.801723789,3.0110220529999765,20/12/2025,JALAN JENARIS A-G TAMAN DESA SERI JENARIS,SELANGOR,34,10,84,26.9,12.8
101.801723789,3.0110220529999765,20/12/2025,JALAN JENARIS A-G TAMAN DESA SERI JENARIS,SELANGOR,33,10,84,26.9,12.8
101.801723789,3.0110220529999765,20/12/2025,JALAN JENARIS A-G TAMAN DESA SERI JENARIS,SELANGOR,32,10,84,26.9,12.8
101.646089002,3.1780625819999955,20/12/2025,BOUGAINVILLA APARTMENT,WILAYAH PERSEKUTUAN,53,21,83,26.5,17.3
101.646089002,3.1780625819999955,20/12/2025,BOUGAINVILLA APARTMENT,WILAYAH PERSEKUTUAN,52,21,83,26.5,17.3
101.646089002,3.1780625819999955,20/12/2025,BOUGAINVILLA APARTMENT,WILAYAH PERSEKUTUAN,51,21,83,26.5,17.3
116.044597619,5.896894664000001,20/12/2025,KG. PASIR PUTIH,SABAH,35,8,79,29.0,11.5
116.044597619,5.896894664000001,20/12/2025,KG. PASIR PUTIH,SABAH,34,7,79,29.0,11.5
116.044597619,5.896894664000001,20/12/2025,KG. PASIR PUTIH,SABAH,33,7,79,29.0,11.5
101.55522155800003,3.443031311000027,20/12/2025,APT TERATAI TBR BB,SELANGOR,31,8,84,26.8,17.0
101.662932237,2.7973246199999835,20/12/2025,PANGSAPURI LANGAT UTAMA,SELANGOR,37,42,85,27.2,11.6
101.662932237,2.7973246199999835,20/12/2025,PANGSAPURI LANGAT UTAMA,SELANGOR,36,42,85,27.2,11.6
101.662932237,2.7973246199999835,20/12/2025,PANGSAPURI LANGAT UTAMA,SELANGOR,35,42,85,27.2,11.6
101.60213905400002,3.1926946940000107,20/12/2025,"E6. BL PJU 9 SD 13 APT SRI MERANTI (2) [H,J,K,L,M,N,P,Q,R]",SELANGOR,31,10,85,27.7,12.9
101.60399246200001,3.077885985000023,20/12/2025,"E11. SRI PJS 10 (TERES 3) [JLN PJS 10/7C , 10/9A , 10/11A - 10/11D]",SELANGOR,42,9,83,27.0,17.3
101.60399246200001,3.077885985000023,20/12/2025,"E11. SRI PJS 10 (TERES 3) [JLN PJS 10/7C , 10/9A , 10/11A - 10/11D]",SELANGOR,41,9,83,27.0,17.3
101.60399246200001,3.077885985000023,20/12/2025,"E11. SRI PJS 10 (TERES 3) [JLN PJS 10/7C , 10/9A , 10/11A - 10/11D]",SELANGOR,40,9,83,27.0,17.3
101.57530593799999,3.1756490480000252,20/12/2025,"E7. KD PJU 5 SEK 8 GUGUSAN KEMUNING (A,B) PPRT",SELANGOR,31,6,83,26.8,17.3
101.712787628,3.025972963000015,20/12/2025,E17. TMN MUHIBBAH SRI KEMBANGAN,SELANGOR,58,9,84,27.0,12.8
101.712787628,3.025972963000015,20/12/2025,E17. TMN MUHIBBAH SRI KEMBANGAN,SELANGOR,57,9,84,27.0,12.8
101.712787628,3.025972963000015,20/12/2025,E17. TMN MUHIBBAH SRI KEMBANGAN,SELANGOR,56,9,84,27.0,12.8
116.09201812699996,5.957944870000006,20/12/2025,KONDOMINIUM PUNCAK LUYANG,SABAH,36,9,82,28.2,6.0
116.09201812699996,5.957944870000006,20/12/2025,KONDOMINIUM PUNCAK LUYANG,SABAH,35,9,82,28.2,6.0
116.09201812699996,5.957944870000006,20/12/2025,KONDOMINIUM PUNCAK LUYANG,SABAH,34,9,82,28.2,6.0
101.60240391100001,3.1945028229999934,20/12/2025,"E6. BL PJU 9 SD 13 APT SRI MERANTI (1) [A,B,C,D,E,F,G]",SELANGOR,44,18,85,27.7,12.9
101.60240391100001,3.1945028229999934,20/12/2025,"E6. BL PJU 9 SD 13 APT SRI MERANTI (1) [A,B,C,D,E,F,G]",SELANGOR,43,18,85,27.7,12.9
101.60240391100001,3.1945028229999934,20/12/2025,"E6. BL PJU 9 SD 13 APT SRI MERANTI (1) [A,B,C,D,E,F,G]",SELANGOR,42,18,85,27.7,12.9
101.65486526500001,3.049239875000012,20/12/2025,"PPR PINGGIRAN 2(BLOK G,H,J,K,L,M)",WILAYAH PERSEKUTUAN,33,12,83,27.0,12.9
101.65486526500001,3.049239875000012,20/12/2025,"PPR PINGGIRAN 2(BLOK G,H,J,K,L,M)",WILAYAH PERSEKUTUAN,32,12,83,27.0,12.9
101.65486526500001,3.049239875000012,20/12/2025,"PPR PINGGIRAN 2(BLOK G,H,J,K,L,M)",WILAYAH PERSEKUTUAN,31,12,83,27.0,12.9
101.61672701499998,3.067438256999992,20/12/2025,"E13. PJS 7/15 (FLAT KOS RENDAH) BLOK A, B, C, D, E, F, G, H, K",SELANGOR,45,11,83,27.0,17.3
101.61672701499998,3.067438256999992,20/12/2025,"E13. PJS 7/15 (FLAT KOS RENDAH) BLOK A, B, C, D, E, F, G, H, K",SELANGOR,44,11,83,27.0,17.3
101.61672701499998,3.067438256999992,20/12/2025,"E13. PJS 7/15 (FLAT KOS RENDAH) BLOK A, B, C, D, E, F, G, H, K",SELANGOR,43,11,83,27.0,17.3
101.52359008799999,3.2150260220000177,20/12/2025,E5. SEKSYEN U17 (AMAN PUTRI : TERES JLN U17/43 - U17/51),SELANGOR,33,11,84,27.2,11.4
101.52359008799999,3.2150260220000177,20/12/2025,E5. SEKSYEN U17 (AMAN PUTRI : TERES JLN U17/43 - U17/51),SELANGOR,32,11,84,27.2,11.4
101.52359008799999,3.2150260220000177,20/12/2025,E5. SEKSYEN U17 (AMAN PUTRI : TERES JLN U17/43 - U17/51),SELANGOR,31,11,84,27.2,11.4
101.51005172700002,3.0751249799999982,20/12/2025,E1. SEKSYEN 3 (KOMPLEKS MAIS),SELANGOR,65,23,84,27.4,9.1
101.51005172700002,3.0751249799999982,20/12/2025,E1. SEKSYEN 3 (KOMPLEKS MAIS),SELANGOR,64,23,84,27.4,9.1
101.51005172700002,3.0751249799999982,20/12/2025,E1. SEKSYEN 3 (KOMPLEKS MAIS),SELANGOR,63,23,84,27.4,9.1
101.57379433599999,3.1720262420000154,20/12/2025,E7. KD PJU 5 SEK 7 APT MILIA,SELANGOR,54,12,83,26.8,17.3
101.57379433599999,3.1720262420000154,20/12/2025,E7. KD PJU 5 SEK 7 APT MILIA,SELANGOR,53,12,83,26.8,17.3
101.57404113500002,3.1725872979999963,20/12/2025,E7. KD PJU 5 SEK 7 APT LILY,SELANGOR,36,7,83,26.8,17.3
101.57404113500002,3.1725872979999963,20/12/2025,E7. KD PJU 5 SEK 7 APT LILY,SELANGOR,35,7,83,26.8,17.3
101.57404113500002,3.1725872979999963,20/12/2025,E7. KD PJU 5 SEK 7 APT LILY,SELANGOR,34,7,83,26.8,17.3
101.60886383000002,2.883585929999981,20/12/2025,"PALMA SANDS, GAMUDA COVE",SELANGOR,47,8,85,26.8,12.0
101.60886383000002,2.883585929999981,20/12/2025,"PALMA SANDS, GAMUDA COVE",SELANGOR,46,8,85,26.8,12.0
101.60886383000002,2.883585929999981,20/12/2025,"PALMA SANDS, GAMUDA COVE",SELANGOR,45,8,85,26.8,12.0
101.72534089300001,3.166078734999985,20/12/2025,"KG. DATO KERAMAT ( LORONG KERAMAT 1,2,3)",WILAYAH PERSEKUTUAN,32,6,83,27.1,17.3
101.72534089300001,3.166078734999985,20/12/2025,"KG. DATO KERAMAT ( LORONG KERAMAT 1,2,3)",WILAYAH PERSEKUTUAN,31,6,83,27.1,17.3
110.36675289499999,1.5496464619999983,20/12/2025,JALAN TAN SRI DATUK WILLIAM TAN,SARAWAK,31,15,85,27.0,2.0
103.65680637899999,1.5080404619999968,21/12/2025,TMN SUTERA UTAMA_PULAI 2/,JOHOR,35,14,79,27.3,0.6
103.65680637899999,1.5080404619999968,21/12/2025,TMN SUTERA UTAMA_PULAI 2/,JOHOR,36,14,79,27.3,0.6
103.65680637899999,1.5080404619999968,21/12/2025,TMN SUTERA UTAMA_PULAI 2/,JOHOR,34,14,79,27.3,0.6
103.65680637899999,1.5080404619999968,21/12/2025,TMN SUTERA UTAMA_PULAI 2/,JOHOR,33,14,79,27.3,0.6
100.30268372400002,5.352389039000002,21/12/2025,UNIVERSITY HEIGHT,PULAU PINANG,39,24,74,28.9,0.0
100.30268372400002,5.352389039000002,21/12/2025,UNIVERSITY HEIGHT,PULAU PINANG,40,24,74,28.9,0.0
100.30268372400002,5.352389039000002,21/12/2025,UNIVERSITY HEIGHT,PULAU PINANG,38,24,74,28.9,0.0
100.30268372400002,5.352389039000002,21/12/2025,UNIVERSITY HEIGHT,PULAU PINANG,37,24,74,28.9,0.0
100.30830893299998,5.340919699999972,21/12/2025,PUTRA PLACE CONDOMINIUM,PULAU PINANG,41,25,74,28.9,0.0
100.30830893299998,5.340919699999972,21/12/2025,PUTRA PLACE CONDOMINIUM,PULAU PINANG,42,25,74,28.9,0.0
100.30830893299998,5.340919699999972,21/12/2025,PUTRA PLACE CONDOMINIUM,PULAU PINANG,40,25,74,28.9,0.0
100.30830893299998,5.340919699999972,21/12/2025,PUTRA PLACE CONDOMINIUM,PULAU PINANG,39,23,74,28.9,0.0
101.77149312099999,3.205667525000024,21/12/2025,APPT SRI BAIDURI UP,SELANGOR,52,9,82,26.9,20.6
101.77149312099999,3.205667525000024,21/12/2025,APPT SRI BAIDURI UP,SELANGOR,51,9,82,26.9,20.6
101.52530608900003,3.0711581369999976,21/12/2025,E1. SEKSYEN 14 (PANGSAPURI VISTA ALAM),SELANGOR,52,27,82,27.8,13.2
101.52530608900003,3.0711581369999976,21/12/2025,E1. SEKSYEN 14 (PANGSAPURI VISTA ALAM),SELANGOR,53,27,82,27.8,13.2
101.52530608900003,3.0711581369999976,21/12/2025,E1. SEKSYEN 14 (PANGSAPURI VISTA ALAM),SELANGOR,51,27,82,27.8,13.2
101.52530608900003,3.0711581369999976,21/12/2025,E1. SEKSYEN 14 (PANGSAPURI VISTA ALAM),SELANGOR,50,27,82,27.8,13.2
101.77735742200002,2.9643135420000135,21/12/2025,JALAN 4/12 SEKSYEN 4 BANDAR BARU BANGI,SELANGOR,33,10,83,27.6,14.9
101.77735742200002,2.9643135420000135,21/12/2025,JALAN 4/12 SEKSYEN 4 BANDAR BARU BANGI,SELANGOR,34,10,83,27.6,14.9
101.77735742200002,2.9643135420000135,21/12/2025,JALAN 4/12 SEKSYEN 4 BANDAR BARU BANGI,SELANGOR,32,10,83,27.6,14.9
101.77735742200002,2.9643135420000135,21/12/2025,JALAN 4/12 SEKSYEN 4 BANDAR BARU BANGI,SELANGOR,31,10,83,27.6,14.9
101.60939593900002,3.0808161339999742,21/12/2025,E11. SRI PJS 8 MENTARI COURT,SELANGOR,31,6,82,27.6,20.6
101.79969370200001,2.99750929999999,21/12/2025,TAMAN SAGA EMAS,SELANGOR,37,7,83,27.5,14.9
101.79969370200001,2.99750929999999,21/12/2025,TAMAN SAGA EMAS,SELANGOR,36,7,83,27.5,14.9
101.79969370200001,2.99750929999999,21/12/2025,TAMAN SAGA EMAS,SELANGOR,35,7,83,27.5,14.9
101.628348701,3.0835091150000267,21/12/2025,"E12. TM PJS 2C FLAT DESA MENTARI (BLOK 9 , 10)",SELANGOR,31,4,82,27.6,20.6
101.60841880200002,2.9861052969999946,21/12/2025,"E15. TMN PUCHONG UTAMA 7 (COURT 1) BLOK A, B, C, D, E, F, G, H, J, K, L, M, N, P",SELANGOR,40,6,81,27.8,19.7
101.60841880200002,2.9861052969999946,21/12/2025,"E15. TMN PUCHONG UTAMA 7 (COURT 1) BLOK A, B, C, D, E, F, G, H, J, K, L, M, N, P",SELANGOR,39,6,81,27.8,19.7
101.60841880200002,2.9861052969999946,21/12/2025,"E15. TMN PUCHONG UTAMA 7 (COURT 1) BLOK A, B, C, D, E, F, G, H, J, K, L, M, N, P",SELANGOR,38,6,81,27.8,19.7
101.61112832200001,2.985246838000023,21/12/2025,E15. TMN PUCHONG UTAMA (JLN PU 10),SELANGOR,35,4,81,27.8,19.7
101.61112832200001,2.985246838000023,21/12/2025,E15. TMN PUCHONG UTAMA (JLN PU 10),SELANGOR,36,4,81,27.8,19.7
101.61112832200001,2.985246838000023,21/12/2025,E15. TMN PUCHONG UTAMA (JLN PU 10),SELANGOR,34,4,81,27.8,19.7
101.61112832200001,2.985246838000023,21/12/2025,E15. TMN PUCHONG UTAMA (JLN PU 10),SELANGOR,33,4,81,27.8,19.7
118.06537060100004,5.865935443000012,21/12/2025,TAMAN TYNG BT.5,SABAH,31,14,83,27.5,10.7
118.06537060100004,5.865935443000012,21/12/2025,TAMAN TYNG BT.5,SABAH,32,16,83,27.5,10.7
101.801723789,3.0110220529999765,21/12/2025,JALAN JENARIS A-G TAMAN DESA SERI JENARIS,SELANGOR,34,10,83,27.4,14.9
101.801723789,3.0110220529999765,21/12/2025,JALAN JENARIS A-G TAMAN DESA SERI JENARIS,SELANGOR,35,10,83,27.4,14.9
101.801723789,3.0110220529999765,21/12/2025,JALAN JENARIS A-G TAMAN DESA SERI JENARIS,SELANGOR,33,10,83,27.4,14.9
101.801723789,3.0110220529999765,21/12/2025,JALAN JENARIS A-G TAMAN DESA SERI JENARIS,SELANGOR,32,10,83,27.4,14.9
101.646089002,3.1780625819999955,21/12/2025,BOUGAINVILLA APARTMENT,WILAYAH PERSEKUTUAN,53,21,82,27.1,20.6
101.646089002,3.1780625819999955,21/12/2025,BOUGAINVILLA APARTMENT,WILAYAH PERSEKUTUAN,54,21,82,27.1,20.6
101.646089002,3.1780625819999955,21/12/2025,BOUGAINVILLA APARTMENT,WILAYAH PERSEKUTUAN,52,21,82,27.1,20.6
101.646089002,3.1780625819999955,21/12/2025,BOUGAINVILLA APARTMENT,WILAYAH PERSEKUTUAN,51,21,82,27.1,20.6
116.044597619,5.896894664000001,21/12/2025,KG. PASIR PUTIH,SABAH,35,8,82,28.5,14.6
116.044597619,5.896894664000001,21/12/2025,KG. PASIR PUTIH,SABAH,36,8,82,28.5,14.6
116.044597619,5.896894664000001,21/12/2025,KG. PASIR PUTIH,SABAH,34,7,82,28.5,14.6
116.044597619,5.896894664000001,21/12/2025,KG. PASIR PUTIH,SABAH,33,7,82,28.5,14.6
101.55522155800003,3.443031311000027,21/12/2025,APT TERATAI TBR BB,SELANGOR,31,8,83,27.2,16.0
101.662932237,2.7973246199999835,21/12/2025,PANGSAPURI LANGAT UTAMA,SELANGOR,37,42,84,27.3,13.8
101.662932237,2.7973246199999835,21/12/2025,PANGSAPURI LANGAT UTAMA,SELANGOR,38,42,84,27.3,13.8
101.662932237,2.7973246199999835,21/12/2025,PANGSAPURI LANGAT UTAMA,SELANGOR,36,42,84,27.3,13.8
101.662932237,2.7973246199999835,21/12/2025,PANGSAPURI LANGAT UTAMA,SELANGOR,35,42,84,27.3,13.8
101.60213905400002,3.1926946940000107,21/12/2025,"E6. BL PJU 9 SD 13 APT SRI MERANTI (2) [H,J,K,L,M,N,P,Q,R]",SELANGOR,31,10,83,28.2,13.2
101.60213905400002,3.1926946940000107,21/12/2025,"E6. BL PJU 9 SD 13 APT SRI MERANTI (2) [H,J,K,L,M,N,P,Q,R]",SELANGOR,32,11,83,28.2,13.2
101.60399246200001,3.077885985000023,21/12/2025,"E11. SRI PJS 10 (TERES 3) [JLN PJS 10/7C , 10/9A , 10/11A - 10/11D]",SELANGOR,42,9,82,27.6,20.6
101.60399246200001,3.077885985000023,21/12/2025,"E11. SRI PJS 10 (TERES 3) [JLN PJS 10/7C , 10/9A , 10/11A - 10/11D]",SELANGOR,43,9,82,27.6,20.6
101.60399246200001,3.077885985000023,21/12/2025,"E11. SRI PJS 10 (TERES 3) [JLN PJS 10/7C , 10/9A , 10/11A - 10/11D]",SELANGOR,41,9,82,27.6,20.6
101.60399246200001,3.077885985000023,21/12/2025,"E11. SRI PJS 10 (TERES 3) [JLN PJS 10/7C , 10/9A , 10/11A - 10/11D]",SELANGOR,40,9,82,27.6,20.6
101.57530593799999,3.1756490480000252,21/12/2025,"E7. KD PJU 5 SEK 8 GUGUSAN KEMUNING (A,B) PPRT",SELANGOR,31,6,82,27.4,20.6
101.57530593799999,3.1756490480000252,21/12/2025,"E7. KD PJU 5 SEK 8 GUGUSAN KEMUNING (A,B) PPRT",SELANGOR,32,6,82,27.4,20.6
101.712787628,3.025972963000015,21/12/2025,E17. TMN MUHIBBAH SRI KEMBANGAN,SELANGOR,58,9,83,27.5,14.9
101.712787628,3.025972963000015,21/12/2025,E17. TMN MUHIBBAH SRI KEMBANGAN,SELANGOR,59,9,83,27.5,14.9
101.712787628,3.025972963000015,21/12/2025,E17. TMN MUHIBBAH SRI KEMBANGAN,SELANGOR,57,9,83,27.5,14.9
101.712787628,3.025972963000015,21/12/2025,E17. TMN MUHIBBAH SRI KEMBANGAN,SELANGOR,56,9,83,27.5,14.9
116.09201812699996,5.957944870000006,21/12/2025,KONDOMINIUM PUNCAK LUYANG,SABAH,36,9,83,27.9,10.4
116.09201812699996,5.957944870000006,21/12/2025,KONDOMINIUM PUNCAK LUYANG,SABAH,37,9,83,27.9,10.4
116.09201812699996,5.957944870000006,21/12/2025,KONDOMINIUM PUNCAK LUYANG,SABAH,35,9,83,27.9,10.4
116.09201812699996,5.957944870000006,21/12/2025,KONDOMINIUM PUNCAK LUYANG,SABAH,34,9,83,27.9,10.4
101.60240391100001,3.1945028229999934,21/12/2025,"E6. BL PJU 9 SD 13 APT SRI MERANTI (1) [A,B,C,D,E,F,G]",SELANGOR,44,18,83,28.3,13.2
101.60240391100001,3.1945028229999934,21/12/2025,"E6. BL PJU 9 SD 13 APT SRI MERANTI (1) [A,B,C,D,E,F,G]",SELANGOR,45,18,83,28.3,13.2
101.60240391100001,3.1945028229999934,21/12/2025,"E6. BL PJU 9 SD 13 APT SRI MERANTI (1) [A,B,C,D,E,F,G]",SELANGOR,43,18,83,28.3,13.2
101.60240391100001,3.1945028229999934,21/12/2025,"E6. BL PJU 9 SD 13 APT SRI MERANTI (1) [A,B,C,D,E,F,G]",SELANGOR,42,18,83,28.3,13.2
101.65486526500001,3.049239875000012,21/12/2025,"PPR PINGGIRAN 2(BLOK G,H,J,K,L,M)",WILAYAH PERSEKUTUAN,33,12,81,27.5,19.7
101.65486526500001,3.049239875000012,21/12/2025,"PPR PINGGIRAN 2(BLOK G,H,J,K,L,M)",WILAYAH PERSEKUTUAN,34,12,81,27.5,19.7
101.65486526500001,3.049239875000012,21/12/2025,"PPR PINGGIRAN 2(BLOK G,H,J,K,L,M)",WILAYAH PERSEKUTUAN,32,12,81,27.5,19.7
101.65486526500001,3.049239875000012,21/12/2025,"PPR PINGGIRAN 2(BLOK G,H,J,K,L,M)",WILAYAH PERSEKUTUAN,31,12,81,27.5,19.7
101.61672701499998,3.067438256999992,21/12/2025,"E13. PJS 7/15 (FLAT KOS RENDAH) BLOK A, B, C, D, E, F, G, H, K",SELANGOR,45,11,82,27.6,20.6
101.61672701499998,3.067438256999992,21/12/2025,"E13. PJS 7/15 (FLAT KOS RENDAH) BLOK A, B, C, D, E, F, G, H, K",SELANGOR,46,11,82,27.6,20.6
101.61672701499998,3.067438256999992,21/12/2025,"E13. PJS 7/15 (FLAT KOS RENDAH) BLOK A, B, C, D, E, F, G, H, K",SELANGOR,44,11,82,27.6,20.6
101.61672701499998,3.067438256999992,21/12/2025,"E13. PJS 7/15 (FLAT KOS RENDAH) BLOK A, B, C, D, E, F, G, H, K",SELANGOR,43,11,82,27.6,20.6
101.52359008799999,3.2150260220000177,21/12/2025,E5. SEKSYEN U17 (AMAN PUTRI : TERES JLN U17/43 - U17/51),SELANGOR,33,11,82,27.7,12.9
101.52359008799999,3.2150260220000177,21/12/2025,E5. SEKSYEN U17 (AMAN PUTRI : TERES JLN U17/43 - U17/51),SELANGOR,34,11,82,27.7,12.9
101.52359008799999,3.2150260220000177,21/12/2025,E5. SEKSYEN U17 (AMAN PUTRI : TERES JLN U17/43 - U17/51),SELANGOR,32,11,82,27.7,12.9
101.52359008799999,3.2150260220000177,21/12/2025,E5. SEKSYEN U17 (AMAN PUTRI : TERES JLN U17/43 - U17/51),SELANGOR,31,11,82,27.7,12.9
101.51005172700002,3.0751249799999982,21/12/2025,E1. SEKSYEN 3 (KOMPLEKS MAIS),SELANGOR,65,23,82,27.8,13.2
101.51005172700002,3.0751249799999982,21/12/2025,E1. SEKSYEN 3 (KOMPLEKS MAIS),SELANGOR,64,23,82,27.8,13.2
101.51005172700002,3.0751249799999982,21/12/2025,E1. SEKSYEN 3 (KOMPLEKS MAIS),SELANGOR,63,23,82,27.8,13.2
101.57379433599999,3.1720262420000154,21/12/2025,E7. KD PJU 5 SEK 7 APT MILIA,SELANGOR,54,12,82,27.4,20.6
101.57379433599999,3.1720262420000154,21/12/2025,E7. KD PJU 5 SEK 7 APT MILIA,SELANGOR,53,12,82,27.4,20.6
101.57404113500002,3.1725872979999963,21/12/2025,E7. KD PJU 5 SEK 7 APT LILY,SELANGOR,36,7,82,27.4,20.6
101.57404113500002,3.1725872979999963,21/12/2025,E7. KD PJU 5 SEK 7 APT LILY,SELANGOR,37,7,82,27.4,20.6
101.57404113500002,3.1725872979999963,21/12/2025,E7. KD PJU 5 SEK 7 APT LILY,SELANGOR,35,7,82,27.4,20.6
101.57404113500002,3.1725872979999963,21/12/2025,E7. KD PJU 5 SEK 7 APT LILY,SELANGOR,34,7,82,27.4,20.6
101.60886383000002,2.883585929999981,21/12/2025,"PALMA SANDS, GAMUDA COVE",SELANGOR,47,8,84,27.3,18.3
101.60886383000002,2.883585929999981,21/12/2025,"PALMA SANDS, GAMUDA COVE",SELANGOR,48,8,84,27.3,18.3
101.60886383000002,2.883585929999981,21/12/2025,"PALMA SANDS, GAMUDA COVE",SELANGOR,46,8,84,27.3,18.3
101.60886383000002,2.883585929999981,21/12/2025,"PALMA SANDS, GAMUDA COVE",SELANGOR,45,8,84,27.3,18.3
101.72534089300001,3.166078734999985,21/12/2025,"KG. DATO KERAMAT ( LORONG KERAMAT 1,2,3)",WILAYAH PERSEKUTUAN,32,6,82,27.7,20.6
101.72534089300001,3.166078734999985,21/12/2025,"KG. DATO KERAMAT ( LORONG KERAMAT 1,2,3)",WILAYAH PERSEKUTUAN,33,6,82,27.7,20.6
101.72534089300001,3.166078734999985,21/12/2025,"KG. DATO KERAMAT ( LORONG KERAMAT 1,2,3)",WILAYAH PERSEKUTUAN,31,6,82,27.7,20.6
110.36675289499999,1.5496464619999983,21/12/2025,JALAN TAN SRI DATUK WILLIAM TAN,SARAWAK,31,15,90,26.1,4.9
110.36675289499999,1.5496464619999983,21/12/2025,JALAN TAN SRI DATUK WILLIAM TAN,SARAWAK,32,15,90,26.1,4.9
